# vehicle f_0.0
0.29 5.10 -10.00
0.30 5.41 -10.00
0.31 5.71 -10.00
0.32 6.02 -10.00
0.33 6.32 -10.00
0.34 6.63 -10.00
0.35 6.93 -10.00
0.36 7.24 -10.00
0.37 7.55 -10.00
0.38 7.85 -10.00
0.39 8.16 -10.00
0.40 8.46 -10.00
0.41 8.77 -10.00
0.42 9.08 -10.00
0.43 9.38 -10.00
0.44 9.69 -10.00
0.45 10.00 -10.00
0.46 10.30 -10.00
0.47 10.61 -10.00
0.48 10.91 -10.00
0.49 11.22 -10.00
0.50 11.53 -10.00
0.51 11.83 -10.00
0.52 12.14 -10.00
0.53 12.45 -10.00
0.54 12.75 -10.00
0.55 13.06 -10.00
0.56 13.37 -10.00
0.57 13.68 -10.00
0.58 13.98 -10.00
0.59 14.29 -10.00
0.60 14.60 -10.00
0.61 14.90 -10.00
0.62 15.21 -10.00
0.63 15.52 -10.00
0.64 15.83 -10.00
0.65 16.13 -10.00
0.66 16.44 -10.00
0.67 16.75 -10.00
0.68 17.06 -10.00
0.69 17.36 -10.00
0.70 17.67 -10.00
0.71 17.98 -10.00
0.72 18.29 -10.00
0.73 18.59 -10.00
0.74 18.90 -10.00
0.75 19.21 -10.00
0.76 19.52 -10.00
0.77 19.82 -10.00
0.78 20.13 -10.00
0.79 20.44 -10.00
0.80 20.75 -10.00
0.81 21.06 -10.00
0.82 21.37 -10.00
0.83 21.67 -10.00
0.84 21.98 -10.00
0.85 22.29 -10.00
0.86 22.60 -10.00
0.87 22.91 -10.00
0.88 23.22 -10.00
0.89 23.52 -10.00
0.90 23.83 -10.00
0.91 24.14 -10.00
0.92 24.45 -10.00
0.93 24.76 -10.00
0.94 25.07 -10.00
0.95 25.38 -9.99
0.96 25.68 -9.99
0.97 25.99 -9.99
0.98 26.30 -9.99
0.99 26.61 -9.99
1.00 26.92 -9.99
1.01 27.23 -9.99
1.02 27.54 -9.98
1.03 27.85 -9.98
1.04 28.16 -9.98
1.05 28.47 -9.98
1.06 28.78 -9.98
1.07 29.08 -9.97
1.08 29.39 -9.97
1.09 29.70 -9.97
1.10 30.01 -9.97
1.11 30.32 -9.96
1.12 30.63 -9.96
1.13 30.94 -9.96
1.14 31.25 -9.96
1.15 31.56 -9.95
1.16 31.87 -9.95
1.17 32.18 -9.95
1.18 32.49 -9.94
1.19 32.80 -9.94
1.20 33.11 -9.94
1.21 33.42 -9.93
1.22 33.73 -9.93
1.23 34.04 -9.93
1.24 34.35 -9.92
1.25 34.66 -9.92
1.26 34.97 -9.91
1.27 35.28 -9.91
1.28 35.59 -9.91
1.29 35.90 -9.90
1.30 36.21 -9.90
1.31 36.52 -9.89
1.32 36.83 -9.89
1.33 37.14 -9.88
1.34 37.45 -9.88
1.35 37.76 -9.87
1.36 38.07 -9.87
1.37 38.38 -9.86
1.38 38.69 -9.86
1.39 39.00 -9.85
1.40 39.32 -9.85
1.41 39.63 -9.84
1.42 39.94 -9.83
1.43 40.25 -9.83
1.44 40.56 -9.82
1.45 40.87 -9.82
1.46 41.18 -9.81
1.47 41.49 -9.80
1.48 41.80 -9.80
1.49 42.11 -9.79
1.50 42.42 -9.79
1.51 42.74 -9.78
1.52 43.05 -9.77
1.53 43.36 -9.77
1.54 43.67 -9.76
1.55 43.98 -9.75
1.56 44.29 -9.74
1.57 44.60 -9.74
1.58 44.91 -9.73
1.59 45.23 -9.72
1.60 45.54 -9.71
1.61 45.85 -9.71
1.62 46.16 -9.70
1.63 46.47 -9.69
1.64 46.78 -9.68
1.65 47.09 -9.68
1.66 47.41 -9.67
1.67 47.72 -9.66
1.68 48.03 -9.65
1.69 48.34 -9.64
1.70 48.65 -9.63
1.71 48.97 -9.63
1.72 49.28 -9.62
1.73 49.59 -9.61
1.74 49.90 -9.60
1.75 50.21 -9.59
1.76 50.53 -9.58
1.77 50.84 -9.57
1.78 51.15 -9.56
1.79 51.46 -9.55
1.80 51.77 -9.54
1.81 52.09 -9.53
1.82 52.40 -9.52
1.83 52.71 -9.51
1.84 53.02 -9.50
1.85 53.34 -9.49
1.86 53.65 -9.48
1.87 53.96 -9.47
1.88 54.27 -9.46
1.89 54.58 -9.45
1.90 54.90 -9.44
1.91 55.21 -9.43
1.92 55.52 -9.42
1.93 55.84 -9.41
1.94 56.15 -9.40
1.95 56.46 -9.39
1.96 56.77 -9.38
1.97 57.09 -9.37
1.98 57.40 -9.36
1.99 57.71 -9.34
2.00 58.02 -9.33
2.01 58.34 -9.32
2.02 58.65 -9.31
2.03 58.96 -9.30
2.04 59.28 -9.29
2.05 59.59 -9.27
2.06 59.90 -9.26
2.07 60.22 -9.25
2.08 60.53 -9.24
2.09 60.84 -9.22
2.10 61.16 -9.21
2.11 61.47 -9.20
2.12 61.78 -9.19
2.13 62.10 -9.17
2.14 62.41 -9.16
2.15 62.72 -9.15
2.16 63.04 -9.14
2.17 63.35 -9.12
2.18 63.66 -9.11
2.19 63.98 -9.10
2.20 64.29 -9.08
2.21 64.60 -9.07
2.22 64.92 -9.05
2.23 65.23 -9.04
2.24 65.54 -9.03
2.25 65.86 -9.01
2.26 66.17 -9.00
2.27 66.48 -8.98
2.28 66.80 -8.97
2.29 67.11 -8.96
2.30 67.43 -8.94
2.31 67.74 -8.93
2.32 68.05 -8.91
2.33 68.37 -8.90
2.34 68.68 -8.88
2.35 69.00 -8.87
2.36 69.31 -8.85
2.37 69.62 -8.84
2.38 69.94 -8.82
2.39 70.25 -8.81
2.40 70.57 -8.79
2.41 70.88 -8.78
2.42 71.19 -8.76
2.43 71.51 -8.74
2.44 71.82 -8.73
2.45 72.14 -8.71
2.46 72.45 -8.70
2.47 72.77 -8.68
2.48 73.08 -8.66
2.49 73.39 -8.65
2.50 73.71 -8.63
2.51 74.02 -8.61
2.52 74.34 -8.60
2.53 74.65 -8.58
2.54 74.97 -8.56
2.55 75.28 -8.55
2.56 75.60 -8.53
2.57 75.91 -8.51
2.58 76.23 -8.49
2.59 76.54 -8.48
2.60 76.85 -8.46
2.61 77.17 -8.44
2.62 77.48 -8.42
2.63 77.80 -8.41
2.64 78.11 -8.39
2.65 78.43 -8.37
2.66 78.74 -8.35
2.67 79.06 -8.33
2.68 79.37 -8.32
2.69 79.69 -8.30
2.70 80.00 -8.28
2.71 80.32 -8.26
2.72 80.63 -8.24
2.73 80.95 -8.22
2.74 81.26 -8.20
2.75 81.58 -8.19
2.76 81.89 -8.17
2.77 82.21 -8.15
2.78 82.52 -8.13
2.79 82.84 -8.11
2.80 83.15 -8.09
2.81 83.47 -8.07
2.82 83.79 -8.05
2.83 84.10 -8.03
2.84 84.42 -8.01
2.85 84.73 -7.99
2.86 85.05 -7.97
2.87 85.36 -7.95
2.88 85.68 -7.93
2.89 86.00 -7.91
2.90 86.31 -7.89
2.91 86.63 -7.87
2.92 86.94 -7.85
2.93 87.26 -7.83
2.94 87.58 -7.81
2.95 87.90 -7.78
2.96 88.21 -7.76
2.97 88.53 -7.74
2.98 88.85 -7.72
2.99 89.17 -7.70
3.00 89.49 -7.68
3.01 89.80 -7.66
3.02 90.12 -7.63
3.03 90.44 -7.61
3.04 90.76 -7.59
3.05 91.08 -7.57
3.06 91.40 -7.55
3.07 91.72 -7.52
3.08 92.04 -7.50
3.09 92.36 -7.48
3.10 92.68 -7.46
3.11 93.00 -7.44
3.12 93.32 -7.41
3.13 93.64 -7.39
3.14 93.96 -7.37
3.15 94.28 -7.35
3.16 94.60 -7.33
3.17 94.92 -7.31
3.18 95.25 -7.28
3.19 95.57 -7.26
3.20 95.89 -7.24
3.21 96.21 -7.22
3.22 96.53 -7.20
3.23 96.86 -7.18
3.24 97.18 -7.16
3.25 97.50 -7.14
3.26 97.83 -7.12
3.27 98.15 -7.10
3.28 98.47 -7.08
3.29 98.80 -7.05
3.30 99.12 -7.03
3.31 99.44 -7.01
3.32 99.77 -6.99
3.33 100.09 -6.97
3.34 100.42 -6.95
3.35 100.74 -6.93
3.36 101.07 -6.91
3.37 101.39 -6.89
3.38 101.72 -6.86
3.39 102.04 -6.84
3.40 102.37 -6.82
3.41 102.70 -6.80
3.42 103.02 -6.78
3.43 103.35 -6.75
3.44 103.67 -6.73
3.45 104.00 -6.71
3.46 104.33 -6.69
3.47 104.65 -6.66
3.48 104.98 -6.64
3.49 105.31 -6.62
3.50 105.64 -6.60
3.51 105.96 -6.57
3.52 106.29 -6.55
3.53 106.62 -6.53
3.54 106.95 -6.50
3.55 107.28 -6.48
3.56 107.61 -6.46
3.57 107.93 -6.43
3.58 108.26 -6.41
3.59 108.59 -6.39
3.60 108.92 -6.36
3.61 109.25 -6.34
3.62 109.58 -6.32
3.63 109.91 -6.29
3.64 110.24 -6.27
3.65 110.57 -6.24
3.66 110.90 -6.22
3.67 111.23 -6.19
3.68 111.56 -6.17
3.69 111.89 -6.14
3.70 112.22 -6.12
3.71 112.56 -6.09
3.72 112.89 -6.07
3.73 113.22 -6.04
3.74 113.55 -6.02
3.75 113.88 -5.99
3.76 114.21 -5.97
3.77 114.55 -5.94
3.78 114.88 -5.92
3.79 115.21 -5.89
3.80 115.55 -5.87
3.81 115.88 -5.84
3.82 116.21 -5.81
3.83 116.54 -5.79
3.84 116.88 -5.76
3.85 117.21 -5.74
3.86 117.55 -5.71
3.87 117.88 -5.68
3.88 118.21 -5.66
3.89 118.55 -5.63
3.90 118.88 -5.60
3.91 119.22 -5.58
3.92 119.55 -5.55
3.93 119.89 -5.52
3.94 120.22 -5.49
3.95 120.56 -5.47
3.96 120.89 -5.44
3.97 121.23 -5.41
3.98 121.57 -5.38
3.99 121.90 -5.36
4.00 122.24 -5.33
4.01 122.58 -5.30
4.02 122.91 -5.27
4.03 123.25 -5.25
4.04 123.59 -5.22
4.05 123.92 -5.19
4.06 124.26 -5.16
4.07 124.60 -5.13
4.08 124.94 -5.10
4.09 125.27 -5.07
4.10 125.61 -5.05
4.11 125.95 -5.02
4.12 126.29 -4.99
4.13 126.63 -4.96
4.14 126.97 -4.93
4.15 127.30 -4.91
4.16 127.64 -4.88
4.17 127.98 -4.85
4.18 128.32 -4.82
4.19 128.66 -4.79
4.20 129.00 -4.77
4.21 129.34 -4.74
4.22 129.68 -4.71
4.23 130.02 -4.68
4.24 130.36 -4.66
4.25 130.70 -4.63
4.26 131.04 -4.60
4.27 131.38 -4.58
4.28 131.73 -4.55
4.29 132.07 -4.52
4.30 132.41 -4.50
4.31 132.75 -4.47
4.32 133.09 -4.44
4.33 133.43 -4.42
4.34 133.78 -4.39
4.35 134.12 -4.37
4.36 134.46 -4.34
4.37 134.80 -4.31
4.38 135.15 -4.29
4.39 135.49 -4.26
4.40 135.83 -4.24
4.41 136.18 -4.21
4.42 136.52 -4.19
4.43 136.86 -4.16
4.44 137.21 -4.14
4.45 137.55 -4.11
4.46 137.89 -4.09
4.47 138.24 -4.06
4.48 138.58 -4.04
4.49 138.93 -4.01
4.50 139.27 -3.99
4.51 139.62 -3.96
4.52 139.96 -3.94
4.53 140.31 -3.92
4.54 140.65 -3.89
4.55 141.00 -3.87
4.56 141.34 -3.84
4.57 141.69 -3.82
4.58 142.04 -3.80
4.59 142.38 -3.77
4.60 142.73 -3.75
4.61 143.08 -3.73
4.62 143.42 -3.70
4.63 143.77 -3.68
4.64 144.12 -3.66
4.65 144.47 -3.63
4.66 144.81 -3.61
4.67 145.16 -3.59
4.68 145.51 -3.56
4.69 145.86 -3.54
4.70 146.21 -3.52
4.71 146.56 -3.50
4.72 146.91 -3.47
4.73 147.26 -3.45
4.74 147.61 -3.43
4.75 147.96 -3.41
4.76 148.30 -3.39
4.77 148.66 -3.36
4.78 149.01 -3.34
4.79 149.36 -3.32
4.80 149.71 -3.30
4.81 150.06 -3.28
4.82 150.41 -3.26
4.83 150.76 -3.24
4.84 151.11 -3.21
4.85 151.46 -3.19
4.86 151.81 -3.17
4.87 152.17 -3.15
4.88 152.52 -3.13
4.89 152.87 -3.11
4.90 153.22 -3.09
4.91 153.58 -3.07
4.92 153.93 -3.05
4.93 154.28 -3.03
4.94 154.64 -3.01
4.95 154.99 -2.99
4.96 155.34 -2.97
4.97 155.70 -2.95
4.98 156.05 -2.93
4.99 156.41 -2.91
5.00 156.76 -2.89
5.01 157.12 -2.87
5.02 157.47 -2.85
5.03 157.83 -2.83
5.04 158.18 -2.81
5.05 158.54 -2.79
5.06 158.89 -2.78
5.07 159.25 -2.76
5.08 159.61 -2.74
5.09 159.96 -2.72
5.10 160.32 -2.70
5.11 160.68 -2.68
5.12 161.03 -2.66
5.13 161.39 -2.65
5.14 161.75 -2.63
5.15 162.10 -2.61
5.16 162.46 -2.59
5.17 162.82 -2.57
5.18 163.18 -2.56
5.19 163.54 -2.54
5.20 163.89 -2.52
5.21 164.25 -2.50
5.22 164.61 -2.49
5.23 164.97 -2.47
5.24 165.33 -2.45
5.25 165.69 -2.44
5.26 166.05 -2.42
5.27 166.41 -2.40
5.28 166.77 -2.39
5.29 167.13 -2.37
5.30 167.49 -2.35
5.31 167.85 -2.34
5.32 168.21 -2.32
5.33 168.57 -2.30
5.34 168.93 -2.29
5.35 169.29 -2.27
5.36 169.66 -2.26
5.37 170.02 -2.24
5.38 170.38 -2.22
5.39 170.74 -2.21
5.40 171.10 -2.19
5.41 171.47 -2.18
5.42 171.83 -2.16
5.43 172.19 -2.15
5.44 172.56 -2.13
5.45 172.92 -2.12
5.46 173.28 -2.10
5.47 173.65 -2.09
5.48 174.01 -2.07
5.49 174.37 -2.06
5.50 174.74 -2.04
5.51 175.10 -2.03
5.52 175.47 -2.01
5.53 175.83 -2.00
5.54 176.20 -1.99
5.55 176.56 -1.97
5.56 176.93 -1.96
5.57 177.29 -1.94
5.58 177.66 -1.93
5.59 178.02 -1.92
5.60 178.39 -1.90
5.61 178.76 -1.89
5.62 179.12 -1.88
5.63 179.49 -1.86
5.64 179.85 -1.85
5.65 180.22 -1.84
5.66 180.59 -1.82
5.67 180.96 -1.81
5.68 181.32 -1.80
5.69 181.69 -1.79
5.70 182.06 -1.77
5.71 182.43 -1.76
5.72 182.80 -1.75
5.73 183.16 -1.74
5.74 183.53 -1.73
5.75 183.90 -1.71
5.76 184.27 -1.70
5.77 184.64 -1.69
5.78 185.01 -1.68
5.79 185.38 -1.67
5.80 185.75 -1.65
5.81 186.12 -1.64
5.82 186.49 -1.63
5.83 186.86 -1.62
5.84 187.23 -1.61
5.85 187.60 -1.60
5.86 187.97 -1.59
5.87 188.34 -1.58
5.88 188.71 -1.57
5.89 189.08 -1.56
5.90 189.45 -1.55
5.91 189.83 -1.53
5.92 190.20 -1.52
5.93 190.57 -1.51
5.94 190.94 -1.50
5.95 191.31 -1.49
5.96 191.69 -1.48
5.97 192.06 -1.47
5.98 192.43 -1.46
5.99 192.81 -1.46
6.00 193.18 -1.45
6.01 193.55 -1.44
6.02 193.93 -1.43
6.03 194.30 -1.42
6.04 194.67 -1.41
6.05 195.05 -1.40
6.06 195.42 -1.39
6.07 195.80 -1.38
6.08 196.17 -1.37
6.09 196.55 -1.36
6.10 196.92 -1.36
6.11 197.30 -1.35
6.12 197.67 -1.34
6.13 198.05 -1.33
6.14 198.42 -1.32
6.15 198.80 -1.32
6.16 199.18 -1.31
6.17 199.55 -1.30
6.18 199.93 -1.29
6.19 200.31 -1.28
6.20 200.68 -1.28
6.21 201.06 -1.27
6.22 201.44 -1.26
6.23 201.81 -1.25
6.24 202.19 -1.25
6.25 202.57 -1.24
6.26 202.95 -1.23
6.27 203.33 -1.23
6.28 203.70 -1.22
6.29 204.08 -1.21
6.30 204.46 -1.21
6.31 204.84 -1.20
6.32 205.22 -1.19
6.33 205.60 -1.19
6.34 205.98 -1.18
6.35 206.36 -1.18
6.36 206.74 -1.17
6.37 207.12 -1.16
6.38 207.50 -1.16
6.39 207.88 -1.15
6.40 208.26 -1.15
6.41 208.64 -1.14
6.42 209.02 -1.14
6.43 209.40 -1.13
6.44 209.78 -1.13
6.45 210.16 -1.12
6.46 210.54 -1.12
6.47 210.92 -1.11
6.48 211.31 -1.11
6.49 211.69 -1.10
6.50 212.07 -1.10
6.51 212.45 -1.09
6.52 212.83 -1.09
6.53 213.22 -1.09
6.54 213.60 -1.08
6.55 213.98 -1.08
6.56 214.37 -1.07
6.57 214.75 -1.07
6.58 215.13 -1.07
6.59 215.52 -1.06
6.60 215.90 -1.06
6.61 216.28 -1.06
6.62 216.67 -1.05
6.63 217.05 -1.05
6.64 217.44 -1.05
6.65 217.82 -1.04
6.66 218.21 -1.04
6.67 218.59 -1.04
6.68 218.98 -1.03
6.69 219.36 -1.03
6.70 219.75 -1.03
6.71 220.13 -1.03
6.72 220.52 -1.02
6.73 220.90 -1.02
6.74 221.29 -1.02
6.75 221.68 -1.02
6.76 222.06 -1.02
6.77 222.45 -1.01
6.78 222.84 -1.01
6.79 223.22 -1.01
6.80 223.61 -1.01
6.81 224.00 -1.01
6.82 224.39 -1.01
6.83 224.77 -1.01
6.84 225.16 -1.00
6.85 225.55 -1.00
6.86 225.94 -1.00
6.87 226.33 -1.00
6.88 226.71 -1.00
6.89 227.10 -1.00
6.90 227.49 -1.00
6.91 227.88 -1.00
6.92 228.27 -1.00
6.93 228.66 -1.00
6.94 229.05 -1.00
6.95 229.44 -1.00
6.96 229.83 -1.00
6.97 230.22 -1.00
6.98 230.61 -1.00
6.99 231.00 -1.00
7.00 231.39 -1.00
7.01 231.78 -1.00
7.02 232.17 -1.00
7.03 232.56 -1.00
7.04 232.95 -1.00
7.05 233.34 -1.00
7.06 233.73 -1.01
7.07 234.13 -1.01
7.08 234.52 -1.01
7.09 234.91 -1.01
7.10 235.30 -1.01
7.11 235.69 -1.01
7.12 236.09 -1.01
7.13 236.48 -1.02
7.14 236.87 -1.02
7.15 237.26 -1.02
7.16 237.66 -1.02
7.17 238.05 -1.02
7.18 238.44 -1.03
7.19 238.84 -1.03
7.20 239.23 -1.03
7.21 239.63 -1.03
7.22 240.02 -1.04
7.23 240.41 -1.04
7.24 240.81 -1.04
7.25 241.20 -1.05
7.26 241.60 -1.05
7.27 241.99 -1.05
7.28 242.39 -1.06
7.29 242.78 -1.06
7.30 243.18 -1.06
7.31 243.57 -1.07
7.32 243.97 -1.07
7.33 244.36 -1.07
7.34 244.76 -1.08
7.35 245.16 -1.08
7.36 245.55 -1.09
7.37 245.95 -1.09
7.38 246.35 -1.09
7.39 246.74 -1.10
7.40 247.14 -1.10
7.41 247.54 -1.11
7.42 247.93 -1.11
7.43 248.33 -1.12
7.44 248.73 -1.12
7.45 249.13 -1.13
7.46 249.52 -1.13
7.47 249.92 -1.14
7.48 250.32 -1.14
7.49 250.72 -1.15
7.50 251.12 -1.15
7.51 251.51 -1.16
7.52 251.91 -1.16
7.53 252.31 -1.17
7.54 252.71 -1.18
7.55 253.11 -1.18
7.56 253.51 -1.19
7.57 253.91 -1.19
7.58 254.31 -1.20
7.59 254.71 -1.21
7.60 255.11 -1.21
7.61 255.51 -1.22
7.62 255.91 -1.23
7.63 256.31 -1.23
7.64 256.71 -1.24
7.65 257.11 -1.25
7.66 257.51 -1.25
7.67 257.91 -1.26
7.68 258.31 -1.27
7.69 258.71 -1.28
7.70 259.12 -1.28
7.71 259.52 -1.29
7.72 259.92 -1.30
7.73 260.32 -1.31
7.74 260.72 -1.32
7.75 261.13 -1.32
7.76 261.53 -1.33
7.77 261.93 -1.34
7.78 262.33 -1.35
7.79 262.74 -1.36
7.80 263.14 -1.36
7.81 263.54 -1.37
7.82 263.95 -1.38
7.83 264.35 -1.39
7.84 264.75 -1.40
7.85 265.16 -1.41
7.86 265.56 -1.42
7.87 265.96 -1.43
7.88 266.37 -1.44
7.89 266.77 -1.45
7.90 267.18 -1.46
7.91 267.58 -1.46
7.92 267.99 -1.47
7.93 268.39 -1.48
7.94 268.80 -1.49
7.95 269.20 -1.50
7.96 269.61 -1.51
7.97 270.01 -1.52
7.98 270.42 -1.53
7.99 270.82 -1.54
8.00 271.23 -1.55
8.01 271.64 -1.56
8.02 272.04 -1.57
8.03 272.45 -1.58
8.04 272.86 -1.59
8.05 273.26 -1.60
8.06 273.67 -1.61
8.07 274.08 -1.62
8.08 274.48 -1.63
8.09 274.89 -1.63
8.10 275.30 -1.64
8.11 275.71 -1.65
8.12 276.11 -1.66
8.13 276.52 -1.67
8.14 276.93 -1.68
8.15 277.34 -1.68
8.16 277.75 -1.69
8.17 278.15 -1.70
8.18 278.56 -1.71
8.19 278.97 -1.71
8.20 279.38 -1.72
8.21 279.79 -1.73
8.22 280.20 -1.74
8.23 280.61 -1.74
8.24 281.02 -1.75
8.25 281.43 -1.76
8.26 281.84 -1.76
8.27 282.25 -1.77
8.28 282.66 -1.78
8.29 283.07 -1.78
8.30 283.48 -1.79
8.31 283.89 -1.80
8.32 284.30 -1.80
8.33 284.71 -1.81
8.34 285.12 -1.82
8.35 285.53 -1.82
8.36 285.94 -1.83
8.37 286.35 -1.83
8.38 286.76 -1.84
8.39 287.18 -1.85
8.40 287.59 -1.85
8.41 288.00 -1.86
8.42 288.41 -1.86
8.43 288.82 -1.87
8.44 289.24 -1.87
8.45 289.65 -1.88
8.46 290.06 -1.88
8.47 290.47 -1.89
8.48 290.89 -1.89
8.49 291.30 -1.90
8.50 291.71 -1.90
8.51 292.13 -1.90
8.52 292.54 -1.91
8.53 292.95 -1.91
8.54 293.37 -1.92
8.55 293.78 -1.92
8.56 294.19 -1.93
8.57 294.61 -1.93
8.58 295.02 -1.93
8.59 295.44 -1.94
8.60 295.85 -1.94
8.61 296.27 -1.94
8.62 296.68 -1.95
8.63 297.10 -1.95
8.64 297.51 -1.95
8.65 297.93 -1.96
8.66 298.34 -1.96
8.67 298.76 -1.96
8.68 299.17 -1.96
8.69 299.59 -1.97
8.70 300.00 -1.97
8.71 300.42 -1.97
8.72 300.84 -1.97
8.73 301.25 -1.98
8.74 301.67 -1.98
8.75 302.09 -1.98
8.76 302.50 -1.98
8.77 302.92 -1.98
8.78 303.34 -1.99
8.79 303.75 -1.99
8.80 304.17 -1.99
8.81 304.59 -1.99
8.82 305.01 -1.99
8.83 305.42 -1.99
8.84 305.84 -1.99
8.85 306.26 -2.00
8.86 306.68 -2.00
8.87 307.09 -2.00
8.88 307.51 -2.00
8.89 307.93 -2.00
8.90 308.35 -2.00
8.91 308.77 -2.00
8.92 309.19 -2.00
8.93 309.61 -2.00
8.94 310.03 -2.00
8.95 310.44 -2.00
8.96 310.86 -2.00
8.97 311.28 -2.00
8.98 311.70 -2.00
8.99 312.12 -2.00
9.00 312.54 -2.00
9.01 312.96 -2.00
9.02 313.38 -2.00
9.03 313.80 -2.00
9.04 314.22 -2.00
9.05 314.64 -2.00
9.06 315.06 -2.00
9.07 315.49 -2.00
9.08 315.91 -2.00
9.09 316.33 -2.00
9.10 316.75 -2.00
9.11 317.17 -2.00
9.12 317.59 -2.00
9.13 318.01 -2.00
9.14 318.43 -2.00
9.15 318.86 -2.00
9.16 319.28 -2.00
9.17 319.70 -2.00
9.18 320.12 -2.00
9.19 320.54 -2.00
9.20 320.97 -2.00
9.21 321.39 -2.00
9.22 321.81 -2.00
9.23 322.24 -2.00
9.24 322.66 -2.00
9.25 323.08 -2.00
9.26 323.50 -2.00
9.27 323.93 -2.00
9.28 324.35 -2.00
9.29 324.77 -2.00
9.30 325.20 -2.00
9.31 325.62 -2.00
9.32 326.05 -2.00
9.33 326.47 -2.00
9.34 326.89 -2.00
9.35 327.32 -2.00
9.36 327.74 -2.00
9.37 328.17 -2.00
9.38 328.59 -2.00
9.39 329.02 -2.00
9.40 329.44 -2.00
9.41 329.87 -2.00
9.42 330.29 -2.00
9.43 330.72 -2.00
9.44 331.14 -2.00
9.45 331.57 -2.00
9.46 332.00 -2.00
9.47 332.42 -2.00
9.48 332.85 -2.00
9.49 333.27 -2.00
9.50 333.70 -2.00
9.51 334.13 -2.00
9.52 334.55 -2.00
9.53 334.98 -2.00
9.54 335.41 -2.00
9.55 335.83 -2.00
9.56 336.26 -2.00
9.57 336.69 -2.00
9.58 337.11 -2.00
9.59 337.54 -2.00
9.60 337.97 -2.00
9.61 338.40 -2.00
9.62 338.82 -2.00
9.63 339.25 -2.00
9.64 339.68 -2.00
9.65 340.11 -2.00
9.66 340.53 -2.00
9.67 340.96 -2.00
9.68 341.39 -2.00
9.69 341.82 -2.00
9.70 342.25 -2.00
9.71 342.68 -2.00
9.72 343.11 -2.00
9.73 343.54 -2.00
9.74 343.96 -2.00
9.75 344.39 -2.00
9.76 344.82 -2.00
9.77 345.25 -2.00
9.78 345.68 -2.00
9.79 346.11 -2.00
9.80 346.54 -2.00
9.81 346.97 -2.00
9.82 347.40 -2.00
9.83 347.83 -2.00
9.84 348.26 -2.00
9.85 348.69 -2.00
9.86 349.12 -2.00
9.87 349.55 -2.00
9.88 349.98 -2.00
9.89 350.42 -2.00
9.90 350.85 -2.00
9.91 351.28 -2.00
9.92 351.71 -2.00
9.93 352.14 -2.00
9.94 352.57 -2.00
9.95 353.00 -2.00
9.96 353.43 -2.00
9.97 353.87 -2.00
9.98 354.30 -2.00
9.99 354.73 -2.00
10.00 355.16 -2.00
10.01 355.59 -2.00
10.02 356.03 -2.00
10.03 356.46 -2.00
10.04 356.89 -2.00
10.05 357.32 -2.00
10.06 357.76 -2.00
10.07 358.19 -2.00
10.08 358.62 -2.00
10.09 359.06 -2.00
10.10 359.49 -2.00
10.11 359.92 -2.00
10.12 360.36 -2.00
10.13 360.79 -2.00
10.14 361.22 -2.00
10.15 361.66 -2.00
10.16 362.09 -2.00
10.17 362.53 -2.00
10.18 362.96 -2.00
10.19 363.39 -2.00
10.20 363.83 -2.00
10.21 364.26 -2.00
10.22 364.70 -2.00
10.23 365.13 -2.00
10.24 365.57 -2.00
10.25 366.00 -2.00
10.26 366.44 -2.00
10.27 366.87 -2.00
10.28 367.31 -2.00
10.29 367.74 -2.00
10.30 368.18 -2.00
10.31 368.62 -2.00
10.32 369.05 -2.00
10.33 369.49 -2.00
10.34 369.92 -2.00
10.35 370.36 -2.00
10.36 370.80 -2.00
10.37 371.23 -2.00
10.38 371.67 -2.00
10.39 372.10 -2.00
10.40 372.54 -2.00
10.41 372.98 -2.00
10.42 373.41 -2.00
10.43 373.85 -2.00
10.44 374.29 -2.00
10.45 374.73 -2.00
10.46 375.16 -2.00
10.47 375.60 -2.00
10.48 376.04 -2.00
10.49 376.48 -2.00
10.50 376.91 -2.00
10.51 377.35 -2.00
10.52 377.79 -2.00
10.53 378.23 -2.00
10.54 378.66 -2.00
10.55 379.10 -2.00
10.56 379.54 -2.00
10.57 379.98 -2.00
10.58 380.42 -2.00
10.59 380.86 -2.00
10.60 381.30 -2.00
10.61 381.73 -2.00
10.62 382.17 -2.00
10.63 382.61 -2.00
10.64 383.05 -2.00
10.65 383.49 -2.00
10.66 383.93 -2.00
10.67 384.37 -2.00
10.68 384.81 -2.00
10.69 385.25 -2.00
10.70 385.69 -2.00
10.71 386.13 -2.00
10.72 386.57 -2.00
10.73 387.01 -2.00
10.74 387.45 -2.00
10.75 387.89 -2.00
10.76 388.33 -2.00
10.77 388.77 -2.00
10.78 389.21 -2.00
10.79 389.65 -2.00
10.80 390.09 -2.00
10.81 390.53 -2.00
10.82 390.98 -2.00
10.83 391.42 -2.00
10.84 391.86 -2.00
10.85 392.30 -2.00
10.86 392.74 -2.00
10.87 393.18 -2.00
10.88 393.62 -2.00
10.89 394.07 -2.00
10.90 394.51 -2.00
10.91 394.95 -2.00
10.92 395.39 -2.00
10.93 395.83 -2.00
10.94 396.28 -2.00
10.95 396.72 -2.00
10.96 397.16 -2.00
10.97 397.60 -2.00
10.98 398.05 -2.00
10.99 398.49 -2.00
11.00 398.93 -2.00
11.01 399.38 -2.00
11.02 399.82 -2.00
11.03 400.26 -2.00
11.04 400.70 -2.00
11.05 401.15 -2.00
11.06 401.59 -2.00
11.07 402.04 -2.00
11.08 402.48 -2.00
11.09 402.92 -2.00
11.10 403.37 -2.00
11.11 403.81 -2.00
11.12 404.25 -2.00
11.13 404.70 -2.00
11.14 405.14 -2.00
11.15 405.59 -2.00
11.16 406.03 -2.00
11.17 406.48 -2.00
11.18 406.92 -2.00
11.19 407.37 -2.00
11.20 407.81 -2.00
11.21 408.26 -2.00
11.22 408.70 -2.00
11.23 409.15 -2.00
11.24 409.59 -2.00
11.25 410.04 -2.00
11.26 410.48 -2.00
11.27 410.93 -2.00
11.28 411.37 -2.00
11.29 411.82 -2.00
11.30 412.26 -2.00
11.31 412.71 -2.00
11.32 413.16 -2.00
11.33 413.60 -2.00
11.34 414.05 -2.00
11.35 414.50 -2.00
11.36 414.94 -2.00
11.37 415.39 -2.00
11.38 415.83 -2.00
11.39 416.28 -2.00
11.40 416.73 -2.00
11.41 417.17 -2.00
11.42 417.62 -2.00
11.43 418.07 -2.00
11.44 418.52 -2.00
11.45 418.96 -2.00
11.46 419.41 -2.00
11.47 419.86 -2.00
11.48 420.31 -2.00
11.49 420.75 -2.00
11.50 421.20 -2.00
11.51 421.65 -2.00
11.52 422.10 -2.00
11.53 422.54 -2.00
11.54 422.99 -2.00
11.55 423.44 -2.00
11.56 423.89 -2.00
11.57 424.34 -2.00
11.58 424.79 -2.00
11.59 425.23 -2.00
11.60 425.68 -2.00
11.61 426.13 -2.00
11.62 426.58 -2.00
11.63 427.03 -2.00
11.64 427.48 -2.00
11.65 427.93 -2.00
11.66 428.38 -2.00
11.67 428.83 -2.00
11.68 429.28 -2.00
11.69 429.72 -2.00
11.70 430.17 -2.00
11.71 430.62 -2.00
11.72 431.07 -2.00
11.73 431.52 -2.00
11.74 431.97 -2.00
11.75 432.42 -2.00
11.76 432.87 -2.00
11.77 433.32 -2.00
11.78 433.77 -2.00
11.79 434.22 -2.00
11.80 434.67 -2.00
11.81 435.13 -2.00
11.82 435.58 -2.00
11.83 436.03 -2.00
11.84 436.48 -2.00
11.85 436.93 -2.00
11.86 437.38 -2.00
11.87 437.83 -2.00
11.88 438.28 -2.00
11.89 438.73 -2.00
11.90 439.18 -2.00
11.91 439.64 -2.00
11.92 440.09 -2.00
11.93 440.54 -2.00
11.94 440.99 -2.00
11.95 441.44 -2.00
11.96 441.89 -2.00
11.97 442.35 -2.00
11.98 442.80 -2.00
11.99 443.25 -2.00
12.00 443.70 -2.00
12.01 444.15 -2.00
12.02 444.61 -2.00
12.03 445.06 -2.00
12.04 445.51 -2.00
12.05 445.96 -2.00
12.06 446.42 -2.00
12.07 446.87 -2.00
12.08 447.32 -2.00
12.09 447.78 -2.00
12.10 448.23 -2.00
12.11 448.68 -2.00
12.12 449.13 -2.00
12.13 449.59 -2.00
12.14 450.04 -2.00
12.15 450.50 -2.00
12.16 450.95 -2.00
12.17 451.40 -2.00
12.18 451.86 -2.00
12.19 452.31 -2.00
12.20 452.76 -2.00
12.21 453.22 -2.00
12.22 453.67 -2.00
12.23 454.13 -2.00
12.24 454.58 -2.00
12.25 455.03 -2.00
12.26 455.49 -2.00
12.27 455.94 -2.00
12.28 456.40 -2.00
12.29 456.85 -2.00
12.30 457.31 -2.00
12.31 457.76 -2.00
12.32 458.22 -2.00
12.33 458.67 -2.00
12.34 459.13 -2.00
12.35 459.58 -2.00
12.36 460.04 -2.00
12.37 460.49 -2.00
12.38 460.95 -2.00
12.39 461.40 -2.00
12.40 461.86 -2.00
12.41 462.31 -2.00
12.42 462.77 -2.00
12.43 463.23 -2.00
12.44 463.68 -2.00
12.45 464.14 -2.00
12.46 464.59 -2.00
12.47 465.05 -2.00
12.48 465.51 -2.00
12.49 465.96 -2.00
12.50 466.42 -2.00
12.51 466.87 -2.00
12.52 467.33 -2.00
12.53 467.79 -2.00
12.54 468.24 -2.00
12.55 468.70 -2.00
12.56 469.16 -2.00
12.57 469.61 -2.00
12.58 470.07 -2.00
12.59 470.53 -2.00
12.60 470.99 -2.00
12.61 471.44 -2.00
12.62 471.90 -2.00
12.63 472.36 -2.00
12.64 472.82 -2.00
12.65 473.27 -2.00
12.66 473.73 -2.00
12.67 474.19 -2.00
12.68 474.65 -2.00
12.69 475.10 -2.00
12.70 475.56 -2.00
12.71 476.02 -2.00
12.72 476.48 -2.00
12.73 476.94 -2.00
12.74 477.39 -2.00
12.75 477.85 -2.00
12.76 478.31 -2.00
12.77 478.77 -2.00
12.78 479.23 -2.00
12.79 479.69 -2.00
12.80 480.14 -2.00
12.81 480.60 -2.00
12.82 481.06 -2.00
12.83 481.52 -2.00
12.84 481.98 -2.00
12.85 482.44 -2.00
12.86 482.90 -2.00
12.87 483.36 -2.00
12.88 483.82 -2.00
12.89 484.28 -2.00
12.90 484.74 -2.00
12.91 485.19 -2.00
12.92 485.65 -2.00
12.93 486.11 -2.00
12.94 486.57 -2.00
12.95 487.03 -2.00
12.96 487.49 -2.00
12.97 487.95 -2.00
12.98 488.41 -2.00
12.99 488.87 -2.00
13.00 489.33 -2.00
13.01 489.79 -2.00
13.02 490.25 -2.00
13.03 490.71 -2.00
13.04 491.18 -2.00
13.05 491.64 -2.00
13.06 492.10 -2.00
13.07 492.56 -2.00
13.08 493.02 -2.00
13.09 493.48 -2.00
13.10 493.94 -2.00
13.11 494.40 -2.00
13.12 494.86 -2.00
13.13 495.32 -2.00
13.14 495.78 -2.00
13.15 496.24 -2.00
13.16 496.71 -2.00
13.17 497.17 -2.00
13.18 497.63 -2.00
13.19 498.09 -2.00
13.20 498.55 -2.00
13.21 499.01 -2.00
13.22 499.48 -2.00
13.23 499.94 -2.00
13.24 500.40 -2.00
13.25 500.86 -2.00
13.26 501.32 -2.00
13.27 501.79 -2.00
13.28 502.25 -2.00
13.29 502.71 -2.00
13.30 503.17 -2.00
13.31 503.63 -2.00
13.32 504.10 -2.00
13.33 504.56 -2.00
13.34 505.02 -2.00
13.35 505.48 -2.00
13.36 505.95 -2.00
13.37 506.41 -2.00
13.38 506.87 -2.00
13.39 507.34 -2.00
13.40 507.80 -2.00
13.41 508.26 -2.00
13.42 508.73 -2.00
13.43 509.19 -2.00
13.44 509.65 -2.00
13.45 510.12 -2.00
13.46 510.58 -2.00
13.47 511.04 -2.00
13.48 511.51 -2.00
13.49 511.97 -2.00
13.50 512.43 -2.00
13.51 512.90 -2.00
13.52 513.36 -2.00
13.53 513.82 -2.00
13.54 514.29 -2.00
13.55 514.75 -2.00
13.56 515.22 -2.00
13.57 515.68 -2.00
13.58 516.14 -2.00
13.59 516.61 -2.00
13.60 517.07 -2.00
13.61 517.54 -2.00
13.62 518.00 -2.00
13.63 518.47 -2.00
13.64 518.93 -2.00
13.65 519.40 -2.00
13.66 519.86 -2.00
13.67 520.33 -2.00
13.68 520.79 -2.00
13.69 521.26 -2.00
13.70 521.72 -2.00
13.71 522.19 -2.00
13.72 522.65 -2.00
13.73 523.12 -2.00
13.74 523.58 -2.00
13.75 524.05 -2.00
13.76 524.51 -2.00
13.77 524.98 -2.00
13.78 525.44 -2.00
13.79 525.91 -2.00
13.80 526.37 -2.00
13.81 526.84 -2.00
13.82 527.31 -2.00
13.83 527.77 -2.00
13.84 528.24 -2.00
13.85 528.70 -2.00
13.86 529.17 -2.00
13.87 529.64 -2.00
13.88 530.10 -2.00
13.89 530.57 -2.00
13.90 531.03 -2.00
13.91 531.50 -2.00
13.92 531.97 -2.00
13.93 532.43 -2.00
13.94 532.90 -2.00
13.95 533.37 -2.00
13.96 533.83 -2.00
13.97 534.30 -2.00
13.98 534.77 -2.00
13.99 535.23 -2.00
14.00 535.70 -2.00
14.01 536.17 -2.00
14.02 536.64 -2.00
14.03 537.10 -2.00
14.04 537.57 -2.00
14.05 538.04 -2.00
14.06 538.50 -2.00
14.07 538.97 -2.00
14.08 539.44 -2.00
14.09 539.91 -2.00
14.10 540.37 -2.00
14.11 540.84 -2.00
14.12 541.31 -2.00
14.13 541.78 -2.00
14.14 542.25 -2.00
14.15 542.71 -2.00
14.16 543.18 -2.00
14.17 543.65 -2.00
14.18 544.12 -2.00
14.19 544.58 -2.00
14.20 545.05 -2.00
14.21 545.52 -2.00
14.22 545.99 -2.00
14.23 546.46 -2.00
14.24 546.93 -2.00
14.25 547.39 -2.00
14.26 547.86 -2.00
14.27 548.33 -2.00
14.28 548.80 -2.00
14.29 549.27 -2.00
14.30 549.74 -2.00
14.31 550.21 -2.00
14.32 550.68 -2.00
14.33 551.14 -2.00
14.34 551.61 -2.00
14.35 552.08 -2.00
14.36 552.55 -2.00
14.37 553.02 -2.00
14.38 553.49 -2.00
14.39 553.96 -2.00
14.40 554.43 -2.00
14.41 554.90 -2.00
14.42 555.37 -2.00
14.43 555.84 -2.00
14.44 556.31 -2.00
14.45 556.78 -2.00
14.46 557.25 -2.00
14.47 557.72 -2.00
14.48 558.19 -2.00
14.49 558.66 -2.00
14.50 559.13 -2.00
14.51 559.60 -2.00
14.52 560.07 -2.00
14.53 560.54 -2.00
14.54 561.01 -2.00
14.55 561.48 -2.00
14.56 561.95 -2.00
14.57 562.42 -2.00
14.58 562.89 -2.00
14.59 563.36 -2.00
14.60 563.83 -2.00
14.61 564.30 -2.00
14.62 564.77 -2.00
14.63 565.24 -2.00
14.64 565.71 -2.00
14.65 566.18 -2.00
14.66 566.65 -2.00
14.67 567.12 -2.00
14.68 567.59 -2.00
14.69 568.06 -2.00
14.70 568.54 -2.00
14.71 569.01 -2.00
14.72 569.48 -2.00
14.73 569.95 -2.00
14.74 570.42 -2.00
14.75 570.89 -2.00
14.76 571.36 -2.00
14.77 571.83 -2.00
14.78 572.31 -2.00
14.79 572.78 -2.00
14.80 573.25 -2.00
14.81 573.72 -2.00
14.82 574.19 -2.00
14.83 574.66 -2.00
14.84 575.14 -2.00
14.85 575.61 -2.00
14.86 576.08 -2.00
14.87 576.55 -2.00
14.88 577.02 -2.00
14.89 577.50 -2.00
14.90 577.97 -2.00
14.91 578.44 -2.00
14.92 578.91 -2.00
14.93 579.39 -2.00
14.94 579.86 -2.00
14.95 580.33 -2.00
14.96 580.80 -2.00
14.97 581.27 -2.00
14.98 581.75 -2.00
14.99 582.22 -2.00
15.00 582.69 -2.00
15.01 583.17 -2.00
15.02 583.64 -2.00
15.03 584.11 -2.00
15.04 584.58 -2.00
15.05 585.06 -2.00
15.06 585.53 -2.00
15.07 586.00 -2.00
15.08 586.48 -2.00
15.09 586.95 -2.00
15.10 587.42 -2.00
15.11 587.90 -2.00
15.12 588.37 -2.00
15.13 588.84 -2.00
15.14 589.32 -2.00
15.15 589.79 -2.00
15.16 590.26 -2.00
15.17 590.74 -2.00
15.18 591.21 -2.00
15.19 591.68 -2.00
15.20 592.16 -2.00
15.21 592.63 -2.00
15.22 593.10 -2.00
15.23 593.58 -2.00
15.24 594.05 -2.00
15.25 594.53 -2.00
15.26 595.00 -2.00
15.27 595.47 -2.00
15.28 595.95 -2.00
15.29 596.42 -2.00
15.30 596.90 -2.00
15.31 597.37 -2.00
15.32 597.85 -2.00
15.33 598.32 -2.00
15.34 598.79 -2.00
15.35 599.27 -2.00
15.36 599.74 -2.00
15.37 600.22 -2.00
15.38 600.69 -2.00
15.39 601.17 -2.00
15.40 601.64 -2.00
15.41 602.12 -2.00
15.42 602.59 -2.00
15.43 603.07 -2.00
15.44 603.54 -2.00
15.45 604.02 -2.00
15.46 604.49 -2.00
15.47 604.97 -2.00
15.48 605.44 -2.00
15.49 605.92 -2.00
15.50 606.39 -2.00
15.51 606.87 -2.00
15.52 607.34 -2.00
15.53 607.82 -2.00
15.54 608.29 -2.00
15.55 608.77 -2.00
15.56 609.24 -2.00
15.57 609.72 -2.00
15.58 610.19 -2.00
15.59 610.67 -2.00
15.60 611.15 -2.00
15.61 611.62 -2.00
15.62 612.10 -2.00
15.63 612.57 -2.00
15.64 613.05 -2.00
15.65 613.52 -2.00
15.66 614.00 -2.00
15.67 614.48 -2.00
15.68 614.95 -2.00
15.69 615.43 -2.00
15.70 615.90 -2.00
15.71 616.38 -2.00
15.72 616.86 -2.00
15.73 617.33 -2.00
15.74 617.81 -2.00
15.75 618.29 -2.00
15.76 618.76 -2.00
15.77 619.24 -2.00
15.78 619.71 -2.00
15.79 620.19 -2.00
15.80 620.67 -2.00
15.81 621.14 -2.00
15.82 621.62 -2.00
15.83 622.10 -2.00
15.84 622.57 -2.00
15.85 623.05 -2.00
15.86 623.53 -2.00
15.87 624.01 -2.00
15.88 624.48 -2.00
15.89 624.96 -2.00
15.90 625.44 -2.00
15.91 625.91 -2.00
15.92 626.39 -2.00
15.93 626.87 -2.00
15.94 627.34 -2.00
15.95 627.82 -2.00
15.96 628.30 -2.00
15.97 628.78 -2.00
15.98 629.25 -2.00
15.99 629.73 -2.00
16.00 630.21 -2.00
16.01 630.69 -2.00
16.02 631.16 -2.00
16.03 631.64 -2.00
16.04 632.12 -2.00
16.05 632.60 -2.00
16.06 633.07 -2.00
16.07 633.55 -2.00
16.08 634.03 -2.00
16.09 634.51 -2.00
16.10 634.99 -2.00
16.11 635.46 -2.00
16.12 635.94 -2.00
16.13 636.42 -2.00
16.14 636.90 -2.00
16.15 637.38 -2.00
16.16 637.85 -2.00
16.17 638.33 -2.00
16.18 638.81 -2.00
16.19 639.29 -2.00
16.20 639.77 -2.00
16.21 640.25 -2.00
16.22 640.72 -2.00
16.23 641.20 -2.00
16.24 641.68 -2.00
16.25 642.16 -2.00
16.26 642.64 -2.00
16.27 643.12 -2.00
16.28 643.60 -2.00
16.29 644.07 -2.00
16.30 644.55 -2.00
16.31 645.03 -2.00
16.32 645.51 -2.00
16.33 645.99 -2.00
16.34 646.47 -2.00
16.35 646.95 -2.00
16.36 647.43 -2.00
16.37 647.91 -2.00
16.38 648.38 -2.00
16.39 648.86 -2.00
16.40 649.34 -2.00
16.41 649.82 -2.00
16.42 650.30 -2.00
16.43 650.78 -2.00
16.44 651.26 -2.00
16.45 651.74 -2.00
16.46 652.22 -2.00
16.47 652.70 -2.00
16.48 653.18 -2.00
16.49 653.66 -2.00
16.50 654.14 -2.00
16.51 654.62 -2.00
16.52 655.10 -2.00
16.53 655.58 -2.00
16.54 656.05 -2.00
16.55 656.53 -2.00
16.56 657.01 -2.00
16.57 657.49 -2.00
16.58 657.97 -2.00
16.59 658.45 -2.00
16.60 658.93 -2.00
16.61 659.41 -2.00
16.62 659.89 -2.00
16.63 660.37 -2.00
16.64 660.85 -2.00
16.65 661.33 -2.00
16.66 661.81 -2.00
16.67 662.29 -2.00
16.68 662.77 -2.00
16.69 663.26 -2.00
16.70 663.74 -2.00
16.71 664.22 -2.00
16.72 664.70 -2.00
16.73 665.18 -2.00
16.74 665.66 -2.00
16.75 666.14 -2.00
16.76 666.62 -2.00
16.77 667.10 -2.00
16.78 667.58 -2.00
16.79 668.06 -2.00
16.80 668.54 -2.00
16.81 669.02 -2.00
16.82 669.50 -2.00
16.83 669.98 -2.00
16.84 670.46 -2.00
16.85 670.95 -2.00
16.86 671.43 -2.00
16.87 671.91 -2.00
16.88 672.39 -2.00
16.89 672.87 -2.00
16.90 673.35 -2.00
16.91 673.83 -2.00
16.92 674.31 -2.00
16.93 674.79 -2.00
16.94 675.28 -2.00
16.95 675.76 -2.00
16.96 676.24 -2.00
16.97 676.72 -2.00
16.98 677.20 -2.00
16.99 677.68 -2.00
17.00 678.16 -2.00
17.01 678.65 -2.00
17.02 679.13 -2.00
17.03 679.61 -2.00
17.04 680.09 -2.00
17.05 680.57 -2.00
17.06 681.05 -2.00
17.07 681.53 -2.00
17.08 682.02 -2.00
17.09 682.50 -2.00
17.10 682.98 -2.00
17.11 683.46 -2.00
17.12 683.94 -2.00
17.13 684.43 -2.00
17.14 684.91 -2.00
17.15 685.39 -2.00
17.16 685.87 -2.00
17.17 686.35 -2.00
17.18 686.84 -2.00
17.19 687.32 -2.00
17.20 687.80 -2.00
17.21 688.28 -2.00
17.22 688.77 -2.00
17.23 689.25 -2.00
17.24 689.73 -2.00
17.25 690.21 -2.00
17.26 690.69 -2.00
17.27 691.18 -2.00
17.28 691.66 -2.00
17.29 692.14 -2.00
17.30 692.62 -2.00
17.31 693.11 -2.00
17.32 693.59 -2.00
17.33 694.07 -2.00
17.34 694.55 -2.00
17.35 695.04 -2.00
17.36 695.52 -2.00
17.37 696.00 -2.00
17.38 696.49 -2.00
17.39 696.97 -2.00
17.40 697.45 -2.00
17.41 697.93 -2.00
17.42 698.42 -2.00
17.43 698.90 -2.00
17.44 699.38 -2.00
17.45 699.87 -2.00
17.46 700.35 -2.00
17.47 700.83 -2.00
17.48 701.32 -2.00
17.49 701.80 -2.00
17.50 702.28 -2.00
17.51 702.77 -2.00
17.52 703.25 -2.00
17.53 703.73 -2.00
17.54 704.22 -2.00
17.55 704.70 -2.00
17.56 705.18 -2.00
17.57 705.67 -2.00
17.58 706.15 -2.00
17.59 706.63 -2.00
17.60 707.12 -2.00
17.61 707.60 -2.00
17.62 708.08 -2.00
17.63 708.57 -2.00
17.64 709.05 -2.00
17.65 709.53 -2.00
17.66 710.02 -2.00
17.67 710.50 -2.00
17.68 710.99 -2.00
17.69 711.47 -2.00
17.70 711.95 -2.00
17.71 712.44 -2.00
17.72 712.92 -2.00
17.73 713.41 -2.00
17.74 713.89 -2.00
17.75 714.37 -2.00
17.76 714.86 -2.00
17.77 715.34 -2.00
17.78 715.83 -2.00
17.79 716.31 -2.00
17.80 716.79 -2.00
17.81 717.28 -2.00
17.82 717.76 -2.00
17.83 718.25 -2.00
17.84 718.73 -2.00
17.85 719.22 -2.00
17.86 719.70 -2.00
17.87 720.18 -2.00
17.88 720.67 -2.00
17.89 721.15 -2.00
17.90 721.64 -2.00
17.91 722.12 -2.00
17.92 722.61 -2.00
17.93 723.09 -2.00
17.94 723.58 -2.00
17.95 724.06 -2.00
17.96 724.55 -2.00
17.97 725.03 -2.00
17.98 725.51 -2.00
17.99 726.00 -2.00
18.00 726.48 -2.00
18.01 726.97 -2.00
18.02 727.45 -2.00
18.03 727.94 -2.00
18.04 728.42 -2.00
18.05 728.91 -2.00
18.06 729.39 -2.00
18.07 729.88 -2.00
18.08 730.36 -2.00
18.09 730.85 -2.00
18.10 731.33 -2.00
18.11 731.82 -2.00
18.12 732.30 -2.00
18.13 732.79 -2.00
18.14 733.27 -2.00
18.15 733.76 -2.00
18.16 734.24 -2.00
18.17 734.73 -2.00
18.18 735.22 -2.00
18.19 735.70 -2.00
18.20 736.19 -2.00
18.21 736.67 -2.00
18.22 737.16 -2.00
18.23 737.64 -2.00
18.24 738.13 -2.00
18.25 738.61 -2.00
18.26 739.10 -2.00
18.27 739.58 -2.00
18.28 740.07 -2.00
18.29 740.56 -2.00
18.30 741.04 -2.00
18.31 741.53 -2.00
18.32 742.01 -2.00
18.33 742.50 -2.00
18.34 742.98 -2.00
18.35 743.47 -2.00
18.36 743.96 -2.00
18.37 744.44 -2.00
18.38 744.93 -2.00
18.39 745.41 -2.00
18.40 745.90 -2.00
18.41 746.39 -2.00
18.42 746.87 -2.00
18.43 747.36 -2.00
18.44 747.84 -2.00
18.45 748.33 -2.00
18.46 748.82 -2.00
18.47 749.30 -2.00
18.48 749.79 -2.00
18.49 750.28 -2.00
18.50 750.76 -2.00
18.51 751.25 -2.00
18.52 751.73 -2.00
18.53 752.22 -2.00
18.54 752.71 -2.00
18.55 753.19 -2.00
18.56 753.68 -2.00
18.57 754.17 -2.00
18.58 754.65 -2.00
18.59 755.14 -2.00
18.60 755.63 -2.00
18.61 756.11 -2.00
18.62 756.60 -2.00
18.63 757.08 -2.00
18.64 757.57 -2.00
18.65 758.06 -2.00
18.66 758.54 -2.00
18.67 759.03 -2.00
18.68 759.52 -2.00
18.69 760.01 -2.00
18.70 760.49 -2.00
18.71 760.98 -2.00
18.72 761.47 -2.00
18.73 761.95 -2.00
18.74 762.44 -2.00
18.75 762.93 -2.00
18.76 763.41 -2.00
18.77 763.90 -2.00
18.78 764.39 -2.00
18.79 764.87 -2.00
18.80 765.36 -2.00
18.81 765.85 -2.00
18.82 766.34 -2.00
18.83 766.82 -2.00
18.84 767.31 -2.00
18.85 767.80 -2.00
18.86 768.28 -2.00
18.87 768.77 -2.00
18.88 769.26 -2.00
18.89 769.75 -2.00
18.90 770.23 -2.00
18.91 770.72 -2.00
18.92 771.21 -2.00
18.93 771.69 -2.00
18.94 772.18 -2.00
18.95 772.67 -2.00
18.96 773.16 -2.00
18.97 773.64 -2.00
18.98 774.13 -2.00
18.99 774.62 -2.00
19.00 775.11 -2.00
19.01 775.59 -2.00
19.02 776.08 -2.00
19.03 776.57 -2.00
19.04 777.06 -2.00
19.05 777.55 -2.00
19.06 778.03 -2.00
19.07 778.52 -2.00
19.08 779.01 -2.00
19.09 779.50 -2.00
19.10 779.98 -2.00
19.11 780.47 -2.00
19.12 780.96 -2.00
19.13 781.45 -2.00
19.14 781.94 -2.00
19.15 782.42 -2.00
19.16 782.91 -2.00
19.17 783.40 -2.00
19.18 783.89 -2.00
19.19 784.38 -2.00
19.20 784.86 -2.00
19.21 785.35 -2.00
19.22 785.84 -2.00
19.23 786.33 -2.00
19.24 786.82 -2.00
19.25 787.30 -2.00
19.26 787.79 -2.00
19.27 788.28 -2.00
19.28 788.77 -2.00
19.29 789.26 -2.00
19.30 789.75 -2.00
19.31 790.23 -2.00
19.32 790.72 -2.00
19.33 791.21 -2.00
19.34 791.70 -2.00
19.35 792.19 -2.00
19.36 792.68 -2.00
19.37 793.16 -2.00
19.38 793.65 -2.00
19.39 794.14 -2.00
19.40 794.63 -2.00
19.41 795.12 -2.00
19.42 795.61 -2.00
19.43 796.09 -2.00
19.44 796.58 -2.00
19.45 797.07 -2.00
19.46 797.56 -2.00
19.47 798.05 -2.00
19.48 798.54 -2.00
19.49 799.03 -2.00
19.50 799.52 -2.00
19.51 800.00 -2.00
19.52 800.49 -2.00
19.53 800.98 -2.00
19.54 801.47 -2.00
19.55 801.96 -2.00
19.56 802.45 -2.00
19.57 802.94 -2.00
19.58 803.43 -2.00
19.59 803.92 -2.00
19.60 804.40 -2.00
19.61 804.89 -2.00
19.62 805.38 -2.00
19.63 805.87 -2.00
19.64 806.36 -2.00
19.65 806.85 -2.00
19.66 807.34 -2.00
19.67 807.83 -2.00
19.68 808.32 -2.00
19.69 808.81 -2.00
19.70 809.30 -2.00
19.71 809.78 -2.00
19.72 810.27 -2.00
19.73 810.76 -2.00
19.74 811.25 -2.00
19.75 811.74 -2.00
19.76 812.23 -2.00
19.77 812.72 -2.00
19.78 813.21 -2.00
19.79 813.70 -2.00
19.80 814.19 -2.00
19.81 814.68 -2.00
19.82 815.17 -2.00
19.83 815.66 -2.00
19.84 816.15 -2.00
19.85 816.64 -2.00
19.86 817.13 -2.00
19.87 817.61 -2.00
19.88 818.10 -2.00
19.89 818.59 -2.00
19.90 819.08 -2.00
19.91 819.57 -2.00
19.92 820.06 -2.00
19.93 820.55 -2.00
19.94 821.04 -2.00
19.95 821.53 -2.00
19.96 822.02 -2.00
19.97 822.51 -2.00
19.98 823.00 -2.00
19.99 823.49 -2.00
20.00 823.98 -2.00
20.01 824.47 -2.00
20.02 824.96 -2.00
20.03 825.45 -2.00
20.04 825.94 -2.00
20.05 826.43 -2.00
20.06 826.92 -2.00
20.07 827.41 -2.00
20.08 827.90 -2.00
20.09 828.39 -2.00
20.10 828.88 -2.00
20.11 829.37 -2.00
20.12 829.86 -2.00
20.13 830.35 -2.00
20.14 830.84 -2.00
20.15 831.33 -2.00
20.16 831.82 -2.00
20.17 832.31 -2.00
20.18 832.80 -2.00
20.19 833.29 -2.00
20.20 833.78 -2.00
20.21 834.27 -2.00
20.22 834.76 -2.00
20.23 835.25 -2.00
20.24 835.74 -2.00
20.25 836.23 -2.00
20.26 836.72 -2.00
20.27 837.21 -2.00
20.28 837.70 -2.00
20.29 838.19 -2.00
20.30 838.68 -2.00
20.31 839.18 -2.00
20.32 839.67 -2.00
20.33 840.16 -2.00
20.34 840.65 -2.00
20.35 841.14 -2.00
20.36 841.63 -2.00
20.37 842.12 -2.00
20.38 842.61 -2.00
20.39 843.10 -2.00
20.40 843.59 -2.00
20.41 844.08 -2.00
20.42 844.57 -2.00
20.43 845.06 -2.00
20.44 845.55 -2.00
20.45 846.04 -2.00
20.46 846.53 -2.00
20.47 847.02 -2.00
20.48 847.52 -2.00
20.49 848.01 -2.00
20.50 848.50 -2.00
20.51 848.99 -2.00
20.52 849.48 -2.00
20.53 849.97 -2.00
20.54 850.46 -2.00
20.55 850.95 -2.00
20.56 851.44 -2.00
20.57 851.93 -2.00
20.58 852.42 -2.00
20.59 852.92 -2.00
20.60 853.41 -2.00
20.61 853.90 -2.00
20.62 854.39 -2.00
20.63 854.88 -2.00
20.64 855.37 -2.00
20.65 855.86 -2.00
20.66 856.35 -2.00
20.67 856.84 -2.00
20.68 857.33 -2.00
20.69 857.83 -2.00
20.70 858.32 -2.00
20.71 858.81 -2.00
20.72 859.30 -2.00
20.73 859.79 -2.00
20.74 860.28 -2.00
20.75 860.77 -2.00
20.76 861.26 -2.00
20.77 861.76 -2.00
20.78 862.25 -2.00
20.79 862.74 -2.00
20.80 863.23 -2.00
20.81 863.72 -2.00
20.82 864.21 -2.00
20.83 864.70 -2.00
20.84 865.20 -2.00
20.85 865.69 -2.00
20.86 866.18 -2.00
20.87 866.67 -2.00
20.88 867.16 -2.00
20.89 867.65 -2.00
20.90 868.14 -2.00
20.91 868.64 -2.00
20.92 869.13 -2.00
20.93 869.62 -2.00
20.94 870.11 -2.00
20.95 870.60 -2.00
20.96 871.09 -2.00
20.97 871.59 -2.00
20.98 872.08 -2.00
20.99 872.57 -2.00
21.00 873.06 -2.00
21.01 873.55 -2.00
21.02 874.04 -2.00
21.03 874.54 -2.00
21.04 875.03 -2.00
21.05 875.52 -2.00
21.06 876.01 -2.00
21.07 876.50 -2.00
21.08 876.99 -2.00
21.09 877.49 -2.00
21.10 877.98 -2.00
21.11 878.47 -2.00
21.12 878.96 -2.00
21.13 879.45 -2.00
21.14 879.95 -2.00
21.15 880.44 -2.00
21.16 880.93 -2.00
21.17 881.42 -2.00
21.18 881.91 -2.00
21.19 882.41 -2.00
21.20 882.90 -2.00
21.21 883.39 -2.00
21.22 883.88 -2.00
21.23 884.37 -2.00
21.24 884.87 -2.00
21.25 885.36 -2.00
21.26 885.85 -2.00
21.27 886.34 -2.00
21.28 886.83 -2.00
21.29 887.33 -2.00
21.30 887.82 -2.00
21.31 888.31 -2.00
21.32 888.80 -2.00
21.33 889.29 -2.00
21.34 889.79 -2.00
21.35 890.28 -2.00
21.36 890.77 -2.00
21.37 891.26 -2.00
21.38 891.76 -2.00
21.39 892.25 -2.00
21.40 892.74 -2.00
21.41 893.23 -2.00
21.42 893.73 -2.00
21.43 894.22 -2.00
21.44 894.71 -2.00
21.45 895.20 -2.00
21.46 895.70 -2.00
21.47 896.19 -2.00
21.48 896.68 -2.00
21.49 897.17 -2.00
21.50 897.67 -2.00
21.51 898.16 -2.00
21.52 898.65 -2.00
21.53 899.14 -2.00
21.54 899.64 -2.00
21.55 900.13 -2.00
21.56 900.62 -2.00
21.57 901.11 -2.00
21.58 901.61 -2.00
21.59 902.10 -2.00
21.60 902.59 -2.00
21.61 903.08 -2.00
21.62 903.58 -2.00
21.63 904.07 -2.00
21.64 904.56 -2.00
21.65 905.05 -2.00
21.66 905.55 -2.00
21.67 906.04 -2.00
21.68 906.53 -2.00
21.69 907.03 -2.00
21.70 907.52 -2.00
21.71 908.01 -2.00
21.72 908.50 -2.00
21.73 909.00 -2.00
21.74 909.49 -2.00
21.75 909.98 -2.00
21.76 910.48 -2.00
21.77 910.97 -2.00
21.78 911.46 -2.00
21.79 911.95 -2.00
21.80 912.45 -2.00
21.81 912.94 -2.00
21.82 913.43 -2.00
21.83 913.93 -2.00
21.84 914.42 -2.00
21.85 914.91 -2.00
21.86 915.40 -2.00
21.87 915.90 -2.00
21.88 916.39 -2.00
21.89 916.88 -2.00
21.90 917.38 -2.00
21.91 917.87 -2.00
21.92 918.36 -2.00
21.93 918.86 -2.00
21.94 919.35 -2.00
21.95 919.84 -2.00
21.96 920.34 -2.00
21.97 920.83 -2.00
21.98 921.32 -2.00
21.99 921.82 -2.00
22.00 922.31 -2.00
22.01 922.80 -2.00
22.02 923.30 -2.00
22.03 923.79 -2.00
22.04 924.28 -2.00
22.05 924.77 -2.00
22.06 925.27 -2.00
22.07 925.76 -2.00
22.08 926.25 -2.00
22.09 926.75 -2.00
22.10 927.24 -2.00
22.11 927.73 -2.00
22.12 928.23 -2.00
22.13 928.72 -2.00
22.14 929.22 -2.00
22.15 929.71 -2.00
22.16 930.20 -2.00
22.17 930.70 -2.00
22.18 931.19 -2.00
22.19 931.68 -2.00
22.20 932.18 -2.00
22.21 932.67 -2.00
22.22 933.16 -2.00
22.23 933.66 -2.00
22.24 934.15 -2.00
22.25 934.64 -2.00
22.26 935.14 -2.00
22.27 935.63 -2.00
22.28 936.12 -2.00
22.29 936.62 -2.00
22.30 937.11 -2.00
22.31 937.61 -2.00
22.32 938.10 -2.00
22.33 938.59 -2.00
22.34 939.09 -2.00
22.35 939.58 -2.00
22.36 940.07 -2.00
22.37 940.57 -2.00
22.38 941.06 -2.00
22.39 941.55 -2.00
22.40 942.05 -2.00
22.41 942.54 -2.00
22.42 943.04 -2.00
22.43 943.53 -2.00
22.44 944.02 -2.00
22.45 944.52 -2.00
22.46 945.01 -2.00
22.47 945.50 -2.00
22.48 946.00 -2.00
22.49 946.49 -2.00
22.50 946.99 -2.00
22.51 947.48 -2.00
22.52 947.97 -2.00
22.53 948.47 -2.00
22.54 948.96 -2.00
22.55 949.46 -2.00
22.56 949.95 -2.00
22.57 950.44 -2.00
22.58 950.94 -2.00
22.59 951.43 -2.00
22.60 951.93 -2.00
22.61 952.42 -2.00
22.62 952.91 -2.00
22.63 953.41 -2.00
22.64 953.90 -2.00
22.65 954.40 -2.00
22.66 954.89 -2.00
22.67 955.38 -2.00
22.68 955.88 -2.00
22.69 956.37 -2.00
22.70 956.87 -2.00
22.71 957.36 -2.00
22.72 957.85 -2.00
22.73 958.35 -2.00
22.74 958.84 -2.00
22.75 959.34 -2.00
22.76 959.83 -2.00
22.77 960.33 -2.00
22.78 960.82 -2.00
22.79 961.31 -2.00
22.80 961.81 -2.00
22.81 962.30 -2.00
22.82 962.80 -2.00
22.83 963.29 -2.00
22.84 963.79 -2.00
22.85 964.28 -2.00
22.86 964.77 -2.00
22.87 965.27 -2.00
22.88 965.76 -2.00
22.89 966.26 -2.00
22.90 966.75 -2.00
22.91 967.25 -2.00
22.92 967.74 -2.00
22.93 968.23 -2.00
22.94 968.73 -2.00
22.95 969.22 -2.00
22.96 969.72 -2.00
22.97 970.21 -2.00
22.98 970.71 -2.00
22.99 971.20 -2.00
23.00 971.70 -2.00
23.01 972.19 -2.00
23.02 972.68 -2.00
23.03 973.18 -2.00
23.04 973.67 -2.00
23.05 974.17 -2.00
23.06 974.66 -2.00
23.07 975.16 -2.00
23.08 975.65 -2.00
23.09 976.15 -2.00
23.10 976.64 -2.00
23.11 977.14 -2.00
23.12 977.63 -2.00
23.13 978.12 -2.00
23.14 978.62 -2.00
23.15 979.11 -2.00
23.16 979.61 -2.00
23.17 980.10 -2.00
23.18 980.60 -2.00
23.19 981.09 -2.00
23.20 981.59 -2.00
23.21 982.08 -2.00
23.22 982.58 -2.00
23.23 983.07 -2.00
23.24 983.57 -2.00
23.25 984.06 -2.00
23.26 984.56 -2.00
23.27 985.05 -2.00
23.28 985.55 -2.00
23.29 986.04 -2.00
23.30 986.54 -2.00
23.31 987.03 -2.00
23.32 987.52 -2.00
23.33 988.02 -2.00
23.34 988.51 -2.00
23.35 989.01 -2.00
23.36 989.50 -2.00
23.37 990.00 -2.00
23.38 990.49 -2.00
23.39 990.99 -2.00
23.40 991.48 -2.00
23.41 991.98 -2.00
23.42 992.47 -2.00
23.43 992.97 -2.00
23.44 993.46 -2.00
23.45 993.96 -2.00
23.46 994.45 -2.00
23.47 994.95 -2.00
23.48 995.44 -2.00
23.49 995.94 -2.00
23.50 996.43 -2.00
23.51 996.93 -2.00
23.52 997.42 -2.00
23.53 997.92 -2.00
23.54 998.41 -2.00
23.55 998.91 -2.00
23.56 999.40 -2.00
23.57 999.90 -2.00
23.58 1000.39 -2.00
23.59 1000.89 -2.00
23.60 1001.38 -2.00
23.61 1001.88 -2.00
23.62 1002.37 -2.00
23.63 1002.87 -2.00
23.64 1003.36 -2.00
23.65 1003.86 -2.00
23.66 1004.35 -2.00
23.67 1004.85 -2.00
23.68 1005.35 -2.00
23.69 1005.84 -2.00
23.70 1006.34 -2.00
23.71 1006.83 -2.00
23.72 1007.33 -2.00
23.73 1007.82 -2.00
23.74 1008.32 -2.00
23.75 1008.81 -2.00
23.76 1009.31 -2.00
23.77 1009.80 -2.00
23.78 1010.30 -2.00
23.79 1010.79 -2.00
23.80 1011.29 -2.00
23.81 1011.78 -2.00
23.82 1012.28 -2.00
23.83 1012.77 -2.00
23.84 1013.27 -2.00
23.85 1013.76 -2.00
23.86 1014.26 -2.00
23.87 1014.76 -2.00
23.88 1015.25 -2.00
23.89 1015.75 -2.00
23.90 1016.24 -2.00
23.91 1016.74 -2.00
23.92 1017.23 -2.00
23.93 1017.73 -2.00
23.94 1018.22 -2.00
23.95 1018.72 -2.00
23.96 1019.21 -2.00
23.97 1019.71 -2.00
23.98 1020.21 -2.00
23.99 1020.70 -2.00
24.00 1021.20 -2.00
24.01 1021.69 -2.00
24.02 1022.19 -2.00
24.03 1022.68 -2.00
24.04 1023.18 -2.00
24.05 1023.67 -2.00
24.06 1024.17 -2.00
24.07 1024.67 -2.00
24.08 1025.16 -2.00
24.09 1025.66 -2.00
24.10 1026.15 -2.00
24.11 1026.65 -2.00
24.12 1027.14 -2.00
24.13 1027.64 -2.00
24.14 1028.13 -2.00
24.15 1028.63 -2.00
24.16 1029.13 -2.00
24.17 1029.62 -2.00
24.18 1030.12 -2.00
24.19 1030.61 -2.00
24.20 1031.11 -2.00
24.21 1031.60 -2.00
24.22 1032.10 -2.00
24.23 1032.60 -2.00
24.24 1033.09 -2.00
24.25 1033.59 -2.00
24.26 1034.08 -2.00
24.27 1034.58 -2.00
24.28 1035.07 -2.00
24.29 1035.57 -2.00
24.30 1036.07 -2.00
24.31 1036.56 -2.00
24.32 1037.06 -2.00
24.33 1037.55 -2.00
24.34 1038.05 -2.00
24.35 1038.54 -2.00
24.36 1039.04 -2.00
24.37 1039.54 -2.00
24.38 1040.03 -2.00
24.39 1040.53 -2.00
24.40 1041.02 -2.00
24.41 1041.52 -2.00
24.42 1042.02 -2.00
24.43 1042.51 -2.00
24.44 1043.01 -2.00
24.45 1043.50 -2.00
24.46 1044.00 -2.00
24.47 1044.49 -2.00
24.48 1044.99 -2.00
24.49 1045.49 -2.00
24.50 1045.98 -2.00
24.51 1046.48 -2.00
24.52 1046.97 -2.00
24.53 1047.47 -2.00
24.54 1047.97 -2.00
24.55 1048.46 -2.00
24.56 1048.96 -2.00
24.57 1049.45 -2.00
24.58 1049.95 -2.00
24.59 1050.45 -2.00
24.60 1050.94 -2.00
24.61 1051.44 -2.00
24.62 1051.93 -2.00
24.63 1052.43 -2.00
24.64 1052.93 -2.00
24.65 1053.42 -2.00
24.66 1053.92 -2.00
24.67 1054.41 -2.00
24.68 1054.91 -2.00
24.69 1055.41 -2.00
24.70 1055.90 -2.00
24.71 1056.40 -2.00
24.72 1056.90 -2.00
24.73 1057.39 -2.00
24.74 1057.89 -2.00
24.75 1058.38 -2.00
24.76 1058.88 -2.00
24.77 1059.38 -2.00
24.78 1059.87 -2.00
24.79 1060.37 -2.00
24.80 1060.86 -2.00
24.81 1061.36 -2.00
24.82 1061.86 -2.00
24.83 1062.35 -2.00
24.84 1062.85 -2.00
24.85 1063.35 -2.00
24.86 1063.84 -2.00
24.87 1064.34 -2.00
24.88 1064.83 -2.00
24.89 1065.33 -2.00
24.90 1065.83 -2.00
24.91 1066.32 -2.00
24.92 1066.82 -2.00
24.93 1067.32 -2.00
24.94 1067.81 -2.00
24.95 1068.31 -2.00
24.96 1068.80 -2.00
24.97 1069.30 -2.00
24.98 1069.80 -2.00
24.99 1070.29 -2.00
25.00 1070.79 -2.00
25.01 1071.29 -2.00
25.02 1071.78 -2.00
25.03 1072.28 -2.00
25.04 1072.78 -2.00
25.05 1073.27 -2.00
25.06 1073.77 -2.00
25.07 1074.26 -2.00
25.08 1074.76 -2.00
25.09 1075.26 -2.00
25.10 1075.75 -2.00
25.11 1076.25 -2.00
25.12 1076.75 -2.00
25.13 1077.24 -2.00
25.14 1077.74 -2.00
25.15 1078.24 -2.00
25.16 1078.73 -2.00
25.17 1079.23 -2.00
25.18 1079.73 -2.00
25.19 1080.22 -2.00
25.20 1080.72 -2.00
25.21 1081.21 -2.00
25.22 1081.71 -2.00
25.23 1082.21 -2.00
25.24 1082.70 -2.00
25.25 1083.20 -2.00
25.26 1083.70 -2.00
25.27 1084.19 -2.00
25.28 1084.69 -2.00
25.29 1085.19 -2.00
25.30 1085.68 -2.00
25.31 1086.18 -2.00
25.32 1086.68 -2.00
25.33 1087.17 -2.00
25.34 1087.67 -2.00
25.35 1088.17 -2.00
25.36 1088.66 -2.00
25.37 1089.16 -2.00
25.38 1089.66 -2.00
25.39 1090.15 -2.00
25.40 1090.65 -2.00
25.41 1091.15 -2.00
25.42 1091.64 -2.00
25.43 1092.14 -2.00
25.44 1092.64 -2.00
25.45 1093.13 -2.00
25.46 1093.63 -2.00
25.47 1094.13 -2.00
25.48 1094.62 -2.00
25.49 1095.12 -2.00
25.50 1095.62 -2.00
25.51 1096.11 -2.00
25.52 1096.61 -2.00
25.53 1097.11 -2.00
25.54 1097.60 -2.00
25.55 1098.10 -2.00
25.56 1098.60 -2.00
25.57 1099.09 -2.00
25.58 1099.59 -2.00
25.59 1100.09 -2.00
25.60 1100.58 -2.00
25.61 1101.08 -2.00
25.62 1101.58 -2.00
25.63 1102.07 -2.00
25.64 1102.57 -2.00
25.65 1103.07 -2.00
25.66 1103.56 -2.00
25.67 1104.06 -2.00
25.68 1104.56 -2.00
25.69 1105.05 -2.00
25.70 1105.55 -2.00
25.71 1106.05 -2.00
25.72 1106.54 -2.00
25.73 1107.04 -2.00
25.74 1107.54 -2.00
25.75 1108.04 -2.00
25.76 1108.53 -2.00
25.77 1109.03 -2.00
25.78 1109.53 -2.00
25.79 1110.02 -2.00
25.80 1110.52 -2.00
25.81 1111.02 -2.00
25.82 1111.51 -2.00
25.83 1112.01 -2.00
25.84 1112.51 -2.00
25.85 1113.00 -2.00
25.86 1113.50 -2.00
25.87 1114.00 -2.00
25.88 1114.50 -2.00
25.89 1114.99 -2.00
25.90 1115.49 -2.00
25.91 1115.99 -2.00
25.92 1116.48 -2.00
25.93 1116.98 -2.00
25.94 1117.48 -2.00
25.95 1117.97 -2.00
25.96 1118.47 -2.00
25.97 1118.97 -2.00
25.98 1119.46 -2.00
25.99 1119.96 -2.00
26.00 1120.46 -2.00
26.01 1120.96 -2.00
26.02 1121.45 -2.00
26.03 1121.95 -2.00
26.04 1122.45 -2.00
26.05 1122.94 -2.00
26.06 1123.44 -2.00
26.07 1123.94 -2.00
26.08 1124.44 -2.00
26.09 1124.93 -2.00
26.10 1125.43 -2.00
26.11 1125.93 -2.00
26.12 1126.42 -2.00
26.13 1126.92 -2.00
26.14 1127.42 -2.00
26.15 1127.91 -2.00
26.16 1128.41 -2.00
26.17 1128.91 -2.00
26.18 1129.41 -2.00
26.19 1129.90 -2.00
26.20 1130.40 -2.00
26.21 1130.90 -2.00
26.22 1131.39 -2.00
26.23 1131.89 -2.00
26.24 1132.39 -2.00
26.25 1132.89 -2.00
26.26 1133.38 -2.00
26.27 1133.88 -2.00
26.28 1134.38 -2.00
26.29 1134.87 -2.00
26.30 1135.37 -2.00
26.31 1135.87 -2.00
26.32 1136.37 -2.00
26.33 1136.86 -2.00
26.34 1137.36 -2.00
26.35 1137.86 -2.00
26.36 1138.36 -2.00
26.37 1138.85 -2.00
26.38 1139.35 -2.00
26.39 1139.85 -2.00
26.40 1140.34 -2.00
26.41 1140.84 -2.00
26.42 1141.34 -2.00
26.43 1141.84 -2.00
26.44 1142.33 -2.00
26.45 1142.83 -2.00
26.46 1143.33 -2.00
26.47 1143.83 -2.00
26.48 1144.32 -2.00
26.49 1144.82 -2.00
26.50 1145.32 -2.00
26.51 1145.81 -2.00
26.52 1146.31 -2.00
26.53 1146.81 -2.00
26.54 1147.31 -2.00
26.55 1147.80 -2.00
26.56 1148.30 -2.00
26.57 1148.80 -2.00
26.58 1149.30 -2.00
26.59 1149.79 -2.00
26.60 1150.29 -2.00
26.61 1150.79 -2.00
26.62 1151.29 -2.00
26.63 1151.78 -2.00
26.64 1152.28 -2.00
26.65 1152.78 -2.00
26.66 1153.28 -2.00
26.67 1153.77 -2.00
26.68 1154.27 -2.00
26.69 1154.77 -2.00
26.70 1155.26 -2.00
26.71 1155.76 -2.00
26.72 1156.26 -2.00
26.73 1156.76 -2.00
26.74 1157.25 -2.00
26.75 1157.75 -2.00
26.76 1158.25 -2.00
26.77 1158.75 -2.00
26.78 1159.24 -2.00
26.79 1159.74 -2.00
26.80 1160.24 -2.00
26.81 1160.74 -2.00
26.82 1161.23 -2.00
26.83 1161.73 -2.00
26.84 1162.23 -2.00
26.85 1162.73 -2.00
26.86 1163.22 -2.00
26.87 1163.72 -2.00
26.88 1164.22 -2.00
26.89 1164.72 -2.00
26.90 1165.21 -2.00
26.91 1165.71 -2.00
26.92 1166.21 -2.00
26.93 1166.71 -2.00
26.94 1167.20 -2.00
26.95 1167.70 -2.00
26.96 1168.20 -2.00
26.97 1168.70 -2.00
26.98 1169.19 -2.00
26.99 1169.69 -2.00
27.00 1170.19 -2.00
27.01 1170.69 -2.00
27.02 1171.18 -2.00
27.03 1171.68 -2.00
27.04 1172.18 -2.00
27.05 1172.68 -2.00
27.06 1173.18 -2.00
27.07 1173.67 -2.00
27.08 1174.17 -2.00
27.09 1174.67 -2.00
27.10 1175.17 -2.00
27.11 1175.66 -2.00
27.12 1176.16 -2.00
27.13 1176.66 -2.00
27.14 1177.16 -2.00
27.15 1177.65 -2.00
27.16 1178.15 -2.00
27.17 1178.65 -2.00
27.18 1179.15 -2.00
27.19 1179.64 -2.00
27.20 1180.14 -2.00
27.21 1180.64 -2.00
27.22 1181.14 -2.00
27.23 1181.64 -2.00
27.24 1182.13 -2.00
27.25 1182.63 -2.00
27.26 1183.13 -2.00
27.27 1183.63 -2.00
27.28 1184.12 -2.00
27.29 1184.62 -2.00
27.30 1185.12 -2.00
27.31 1185.62 -2.00
27.32 1186.11 -2.00
27.33 1186.61 -2.00
27.34 1187.11 -2.00
27.35 1187.61 -2.00
27.36 1188.11 -2.00
27.37 1188.60 -2.00
27.38 1189.10 -2.00
27.39 1189.60 -2.00
27.40 1190.10 -2.00
27.41 1190.59 -2.00
27.42 1191.09 -2.00
27.43 1191.59 -2.00
27.44 1192.09 -2.00
27.45 1192.59 -2.00
27.46 1193.08 -2.00
27.47 1193.58 -2.00
27.48 1194.08 -2.00
27.49 1194.58 -2.00
27.50 1195.07 -2.00
27.51 1195.57 -2.00
27.52 1196.07 -2.00
27.53 1196.57 -2.00
27.54 1197.07 -2.00
27.55 1197.56 -2.00
27.56 1198.06 -2.00
27.57 1198.56 -2.00
27.58 1199.06 -2.00
27.59 1199.56 -2.00
27.60 1200.05 -2.00
27.61 1200.55 -2.00
27.62 1201.05 -2.00
27.63 1201.55 -2.00
27.64 1202.04 -2.00
27.65 1202.54 -2.00
27.66 1203.04 -2.00
27.67 1203.54 -2.00
27.68 1204.04 -2.00
27.69 1204.53 -2.00
27.70 1205.03 -2.00
27.71 1205.53 -2.00
27.72 1206.03 -2.00
27.73 1206.53 -2.00
27.74 1207.02 -2.00
27.75 1207.52 -2.00
27.76 1208.02 -2.00
27.77 1208.52 -2.00
27.78 1209.02 -2.00
27.79 1209.51 -2.00
27.80 1210.01 -2.00
27.81 1210.51 -2.00
27.82 1211.01 -2.00
27.83 1211.50 -2.00
27.84 1212.00 -2.00
27.85 1212.50 -2.00
27.86 1213.00 -2.00
27.87 1213.50 -2.00
27.88 1213.99 -2.00
27.89 1214.49 -2.00
27.90 1214.99 -2.00
27.91 1215.49 -2.00
27.92 1215.99 -2.00
27.93 1216.48 -2.00
27.94 1216.98 -2.00
27.95 1217.48 -2.00
27.96 1217.98 -2.00
27.97 1218.48 -2.00
27.98 1218.97 -2.00
27.99 1219.47 -2.00
28.00 1219.97 -2.00
28.01 1220.47 -2.00
28.02 1220.97 -2.00
28.03 1221.46 -2.00
28.04 1221.96 -2.00
28.05 1222.46 -2.00
28.06 1222.96 -2.00
28.07 1223.46 -2.00
28.08 1223.96 -2.00
28.09 1224.45 -2.00
28.10 1224.95 -2.00
28.11 1225.45 -2.00
28.12 1225.95 -2.00
28.13 1226.45 -2.00
28.14 1226.94 -2.00
28.15 1227.44 -2.00
28.16 1227.94 -2.00
28.17 1228.44 -2.00
28.18 1228.94 -2.00
28.19 1229.43 -2.00
28.20 1229.93 -2.00
28.21 1230.43 -2.00
28.22 1230.93 -2.00
28.23 1231.43 -2.00
28.24 1231.92 -2.00
28.25 1232.42 -2.00
28.26 1232.92 -2.00
28.27 1233.42 -2.00
28.28 1233.92 -2.00
28.29 1234.42 -2.00
28.30 1234.91 -2.00
28.31 1235.41 -2.00
28.32 1235.91 -2.00
28.33 1236.41 -2.00
28.34 1236.91 -2.00
28.35 1237.40 -2.00
28.36 1237.90 -2.00
28.37 1238.40 -2.00
28.38 1238.90 -2.00
28.39 1239.40 -2.00
28.40 1239.90 -2.00
28.41 1240.39 -2.00
28.42 1240.89 -2.00
28.43 1241.39 -2.00
28.44 1241.89 -2.00
28.45 1242.39 -2.00
28.46 1242.88 -2.00
28.47 1243.38 -2.00
28.48 1243.88 -2.00
28.49 1244.38 -2.00
28.50 1244.88 -2.00
28.51 1245.38 -2.00
28.52 1245.87 -2.00
28.53 1246.37 -2.00
28.54 1246.87 -2.00
28.55 1247.37 -2.00
28.56 1247.87 -2.00
28.57 1248.36 -2.00
28.58 1248.86 -2.00
28.59 1249.36 -2.00
28.60 1249.86 -2.00
28.61 1250.36 -2.00
28.62 1250.86 -2.00
28.63 1251.35 -2.00
28.64 1251.85 -2.00
28.65 1252.35 -2.00
28.66 1252.85 -2.00
28.67 1253.35 -2.00
28.68 1253.85 -2.00
28.69 1254.34 -2.00
28.70 1254.84 -2.00
28.71 1255.34 -2.00
28.72 1255.84 -2.00
28.73 1256.34 -2.00
28.74 1256.84 -2.00
28.75 1257.33 -2.00
28.76 1257.83 -2.00
28.77 1258.33 -2.00
28.78 1258.83 -2.00
28.79 1259.33 -2.00
28.80 1259.83 -2.00
28.81 1260.32 -2.00
28.82 1260.82 -2.00
28.83 1261.32 -2.00
28.84 1261.82 -2.00
28.85 1262.32 -2.00
28.86 1262.82 -2.00
28.87 1263.31 -2.00
28.88 1263.81 -2.00
28.89 1264.31 -2.00
28.90 1264.81 -2.00
28.91 1265.31 -2.00
28.92 1265.81 -2.00
28.93 1266.30 -2.00
28.94 1266.80 -2.00
28.95 1267.30 -2.00
28.96 1267.80 -2.00
28.97 1268.30 -2.00
28.98 1268.80 -2.00
28.99 1269.29 -2.00
29.00 1269.79 -2.00
29.01 1270.29 -2.00
29.02 1270.79 -2.00
29.03 1271.29 -2.00
29.04 1271.79 -2.00
29.05 1272.28 -2.00
29.06 1272.78 -2.00
29.07 1273.28 -2.00
29.08 1273.78 -2.00
29.09 1274.28 -2.00
29.10 1274.78 -2.00
29.11 1275.28 -2.00
29.12 1275.77 -2.00
29.13 1276.27 -2.00
29.14 1276.77 -2.00
29.15 1277.27 -2.00
29.16 1277.77 -2.00
29.17 1278.27 -2.00
29.18 1278.76 -2.00
29.19 1279.26 -2.00
29.20 1279.76 -2.00
29.21 1280.26 -2.00
29.22 1280.76 -2.00
29.23 1281.26 -2.00
29.24 1281.76 -2.00
29.25 1282.25 -2.00
29.26 1282.75 -2.00
29.27 1283.25 -2.00
29.28 1283.75 -2.00
29.29 1284.25 -2.00
29.30 1284.75 -2.00
29.31 1285.24 -2.00
29.32 1285.74 -2.00
29.33 1286.24 -2.00
29.34 1286.74 -2.00
29.35 1287.24 -2.00
29.36 1287.74 -2.00
29.37 1288.24 -2.00
29.38 1288.73 -2.00
29.39 1289.23 -2.00
29.40 1289.73 -2.00
29.41 1290.23 -2.00
29.42 1290.73 -2.00
29.43 1291.23 -2.00
29.44 1291.73 -2.00
29.45 1292.22 -2.00
29.46 1292.72 -2.00
29.47 1293.22 -2.00
29.48 1293.72 -2.00
29.49 1294.22 -2.00
29.50 1294.72 -2.00
29.51 1295.22 -2.00
29.52 1295.71 -2.00
29.53 1296.21 -2.00
29.54 1296.71 -2.00
29.55 1297.21 -2.00
29.56 1297.71 -2.00
29.57 1298.21 -2.00
29.58 1298.71 -2.00
29.59 1299.20 -2.00
29.60 1299.70 -2.00
29.61 1300.20 -2.00
29.62 1300.70 -2.00
29.63 1301.20 -2.00
29.64 1301.70 -2.00
29.65 1302.20 -2.00
29.66 1302.69 -2.00
29.67 1303.19 -2.00
29.68 1303.69 -2.00
29.69 1304.19 -2.00
29.70 1304.69 -2.00
29.71 1305.19 -2.00
29.72 1305.69 -2.00
29.73 1306.18 -2.00
29.74 1306.68 -2.00
29.75 1307.18 -2.00
29.76 1307.68 -2.00
29.77 1308.18 -2.00
29.78 1308.68 -2.00
29.79 1309.18 -2.00
29.80 1309.67 -2.00
29.81 1310.17 -2.00
29.82 1310.67 -2.00
29.83 1311.17 -2.00
29.84 1311.67 -2.00
29.85 1312.17 -2.00
29.86 1312.67 -2.00
29.87 1313.17 -2.00
29.88 1313.66 -2.00
29.89 1314.16 -2.00
29.90 1314.66 -2.00
29.91 1315.16 -2.00
29.92 1315.66 -2.00
29.93 1316.16 -2.00
29.94 1316.66 -2.00
29.95 1317.15 -2.00
29.96 1317.65 -2.00
29.97 1318.15 -2.00
29.98 1318.65 -2.00
29.99 1319.15 -2.00
30.00 1319.65 -2.00
30.01 1320.15 -2.00
30.02 1320.65 -2.00
30.03 1321.14 -2.00
30.04 1321.64 -2.00
30.05 1322.14 -2.00
30.06 1322.64 -2.00
30.07 1323.14 -2.00
30.08 1323.64 -2.00
30.09 1324.14 -2.00
30.10 1324.64 -2.00
30.11 1325.13 -2.00
30.12 1325.63 -2.00
30.13 1326.13 -2.00
30.14 1326.63 -2.00
30.15 1327.13 -2.00
30.16 1327.63 -2.00
30.17 1328.13 -2.00
30.18 1328.62 -2.00
30.19 1329.12 -2.00
30.20 1329.62 -2.00
30.21 1330.12 -2.00
30.22 1330.62 -2.00
30.23 1331.12 -2.00
30.24 1331.62 -2.00
30.25 1332.12 -2.00
30.26 1332.61 -2.00
30.27 1333.11 -2.00
30.28 1333.61 -2.00
30.29 1334.11 -2.00
30.30 1334.61 -2.00
30.31 1335.11 -2.00
30.32 1335.61 -2.00
30.33 1336.11 -2.00
30.34 1336.61 -2.00
30.35 1337.10 -2.00
30.36 1337.60 -2.00
30.37 1338.10 -2.00
30.38 1338.60 -2.00
30.39 1339.10 -2.00
30.40 1339.60 -2.00
30.41 1340.10 -2.00
30.42 1340.60 -2.00
30.43 1341.09 -2.00
30.44 1341.59 -2.00
30.45 1342.09 -2.00
30.46 1342.59 -2.00
30.47 1343.09 -2.00
30.48 1343.59 -2.00
30.49 1344.09 -2.00
30.50 1344.59 -2.00
30.51 1345.08 -2.00
30.52 1345.58 -2.00
30.53 1346.08 -2.00
30.54 1346.58 -2.00
30.55 1347.08 -2.00
30.56 1347.58 -2.00
30.57 1348.08 -2.00
30.58 1348.58 -2.00
30.59 1349.08 -2.00
30.60 1349.57 -2.00
30.61 1350.07 -2.00
30.62 1350.57 -2.00
30.63 1351.07 -2.00
30.64 1351.57 -2.00
30.65 1352.07 -2.00
30.66 1352.57 -2.00
30.67 1353.07 -2.00
30.68 1353.57 -2.00
30.69 1354.06 -2.00
30.70 1354.56 -2.00
30.71 1355.06 -2.00
30.72 1355.56 -2.00
30.73 1356.06 -2.00
30.74 1356.56 -2.00
30.75 1357.06 -2.00
30.76 1357.56 -2.00
30.77 1358.06 -2.00
30.78 1358.55 -2.00
30.79 1359.05 -2.00
30.80 1359.55 -2.00
30.81 1360.05 -2.00
30.82 1360.55 -2.00
30.83 1361.05 -2.00
30.84 1361.55 -2.00
30.85 1362.05 -2.00
30.86 1362.55 -2.00
30.87 1363.04 -2.00
30.88 1363.54 -2.00
30.89 1364.04 -2.00
30.90 1364.54 -2.00
30.91 1365.04 -2.00
30.92 1365.54 -2.00
30.93 1366.04 -2.00
30.94 1366.54 -2.00
30.95 1367.04 -2.00
30.96 1367.53 -2.00
30.97 1368.03 -2.00
30.98 1368.53 -2.00
30.99 1369.03 -2.00
31.00 1369.53 -2.00
31.01 1370.03 -2.00
31.02 1370.53 -2.00
31.03 1371.03 -2.00
31.04 1371.53 -2.00
31.05 1372.03 -2.00
31.06 1372.52 -2.00
31.07 1373.02 -2.00
31.08 1373.52 -2.00
31.09 1374.02 -2.00
31.10 1374.52 -2.00
31.11 1375.02 -2.00
31.12 1375.52 -2.00
31.13 1376.02 -2.00
31.14 1376.52 -2.00
31.15 1377.01 -2.00
31.16 1377.51 -2.00
31.17 1378.01 -2.00
31.18 1378.51 -2.00
31.19 1379.01 -2.00
31.20 1379.51 -2.00
31.21 1380.01 -2.00
31.22 1380.51 -2.00
31.23 1381.01 -2.00
31.24 1381.51 -2.00
31.25 1382.00 -2.00
31.26 1382.50 -2.00
31.27 1383.00 -2.00
31.28 1383.50 -2.00
31.29 1384.00 -2.00
31.30 1384.50 -2.00
31.31 1385.00 -2.00
31.32 1385.50 -2.00
31.33 1386.00 -2.00
31.34 1386.50 -2.00
31.35 1386.99 -2.00
31.36 1387.49 -2.00
31.37 1387.99 -2.00
31.38 1388.49 -2.00
31.39 1388.99 -2.00
31.40 1389.49 -2.00
31.41 1389.99 -2.00
31.42 1390.49 -2.00
31.43 1390.99 -2.00
31.44 1391.49 -2.00
31.45 1391.98 -2.00
31.46 1392.48 -2.00
31.47 1392.98 -2.00
31.48 1393.48 -2.00
31.49 1393.98 -2.00
31.50 1394.48 -2.00
31.51 1394.98 -2.00
31.52 1395.48 -2.00
31.53 1395.98 -2.00
31.54 1396.48 -2.00
31.55 1396.98 -2.00
31.56 1397.47 -2.00
31.57 1397.97 -2.00
31.58 1398.47 -2.00
31.59 1398.97 -2.00
31.60 1399.47 -2.00
31.61 1399.97 -2.00
31.62 1400.47 -2.00
31.63 1400.97 -2.00
31.64 1401.47 -2.00
31.65 1401.97 -2.00
31.66 1402.47 -2.00
31.67 1402.96 -2.00
31.68 1403.46 -2.00
31.69 1403.96 -2.00
31.70 1404.46 -2.00
31.71 1404.96 -2.00
31.72 1405.46 -2.00
31.73 1405.96 -2.00
31.74 1406.46 -2.00
31.75 1406.96 -2.00
31.76 1407.46 -2.00
31.77 1407.96 -2.00
31.78 1408.45 -2.00
31.79 1408.95 -2.00
31.80 1409.45 -2.00
31.81 1409.95 -2.00
31.82 1410.45 -2.00
31.83 1410.95 -2.00
31.84 1411.45 -2.00
31.85 1411.95 -2.00
31.86 1412.45 -2.00
31.87 1412.95 -2.00
31.88 1413.45 -2.00
31.89 1413.94 -2.00
31.90 1414.44 -2.00
31.91 1414.94 -2.00
31.92 1415.44 -2.00
31.93 1415.94 -2.00
31.94 1416.44 -2.00
31.95 1416.94 -2.00
31.96 1417.44 -2.00
31.97 1417.94 -2.00
31.98 1418.44 -2.00
31.99 1418.94 -2.00
32.00 1419.43 -2.00
32.01 1419.93 -2.00
32.02 1420.43 -2.00
32.03 1420.93 -2.00
32.04 1421.43 -2.00
32.05 1421.93 -2.00
32.06 1422.43 -2.00
32.07 1422.93 -2.00
32.08 1423.43 -2.00
32.09 1423.93 -2.00
32.10 1424.43 -2.00
32.11 1424.93 -2.00
32.12 1425.42 -2.00
32.13 1425.92 -2.00
32.14 1426.42 -2.00
32.15 1426.92 -2.00
32.16 1427.42 -2.00
32.17 1427.92 -2.00
32.18 1428.42 -2.00
32.19 1428.92 -2.00
32.20 1429.42 -2.00
32.21 1429.92 -2.00
32.22 1430.42 -2.00
32.23 1430.92 -2.00
32.24 1431.41 -2.00
32.25 1431.91 -2.00
32.26 1432.41 -2.00
32.27 1432.91 -2.00
32.28 1433.41 -2.00
32.29 1433.91 -2.00
32.30 1434.41 -2.00
32.31 1434.91 -2.00
32.32 1435.41 -2.00
32.33 1435.91 -2.00
32.34 1436.41 -2.00
32.35 1436.91 -2.00
32.36 1437.40 -2.00
32.37 1437.90 -2.00
32.38 1438.40 -2.00
32.39 1438.90 -2.00
32.40 1439.40 -2.00
32.41 1439.90 -2.00
32.42 1440.40 -2.00
32.43 1440.90 -2.00
32.44 1441.40 -2.00
32.45 1441.90 -2.00
32.46 1442.40 -2.00
32.47 1442.90 -2.00
32.48 1443.40 -2.00
32.49 1443.89 -2.00
32.50 1444.39 -2.00
32.51 1444.89 -2.00
32.52 1445.39 -2.00
32.53 1445.89 -2.00
32.54 1446.39 -2.00
32.55 1446.89 -2.00
32.56 1447.39 -2.00
32.57 1447.89 -2.00
32.58 1448.39 -2.00
32.59 1448.89 -2.00
32.60 1449.39 -2.00
32.61 1449.89 -2.00
32.62 1450.38 -2.00
32.63 1450.88 -2.00
32.64 1451.38 -2.00
32.65 1451.88 -2.00
32.66 1452.38 -2.00
32.67 1452.88 -2.00
32.68 1453.38 -2.00
32.69 1453.88 -2.00
32.70 1454.38 -2.00
32.71 1454.88 -2.00
32.72 1455.38 -2.00
32.73 1455.88 -2.00
32.74 1456.38 -2.00
32.75 1456.88 -2.00
32.76 1457.37 -2.00
32.77 1457.87 -2.00
32.78 1458.37 -2.00
32.79 1458.87 -2.00
32.80 1459.37 -2.00
32.81 1459.87 -2.00
32.82 1460.37 -2.00
32.83 1460.87 -2.00
32.84 1461.37 -2.00
32.85 1461.87 -2.00
32.86 1462.37 -2.00
32.87 1462.87 -2.00
32.88 1463.37 -2.00
32.89 1463.86 -2.00
32.90 1464.36 -2.00
32.91 1464.86 -2.00
32.92 1465.36 -2.00
32.93 1465.86 -2.00
32.94 1466.36 -2.00
32.95 1466.86 -2.00
32.96 1467.36 -2.00
32.97 1467.86 -2.00
32.98 1468.36 -2.00
32.99 1468.86 -2.00
33.00 1469.36 -2.00
33.01 1469.86 -2.00
33.02 1470.36 -2.00
33.03 1470.86 -2.00
33.04 1471.35 -2.00
33.05 1471.85 -2.00
33.06 1472.35 -2.00
33.07 1472.85 -2.00
33.08 1473.35 -2.00
33.09 1473.85 -2.00
33.10 1474.35 -2.00
33.11 1474.85 -2.00
33.12 1475.35 -2.00
33.13 1475.85 -2.00
33.14 1476.35 -2.00
33.15 1476.85 -2.00
33.16 1477.35 -2.00
33.17 1477.85 -2.00
33.18 1478.34 -2.00
33.19 1478.84 -2.00
33.20 1479.34 -2.00
33.21 1479.84 -2.00
33.22 1480.34 -2.00
33.23 1480.84 -2.00
33.24 1481.34 -2.00
33.25 1481.84 -2.00
33.26 1482.34 -2.00
33.27 1482.84 -2.00
33.28 1483.34 -2.00
33.29 1483.84 -2.00
33.30 1484.34 -2.00
33.31 1484.84 -2.00
33.32 1485.34 -2.00
33.33 1485.83 -2.00
33.34 1486.33 -2.00
33.35 1486.83 -2.00
33.36 1487.33 -2.00
33.37 1487.83 -2.00
33.38 1488.33 -2.00
33.39 1488.83 -2.00
33.40 1489.33 -2.00
33.41 1489.83 -2.00
33.42 1490.33 -2.00
33.43 1490.83 -2.00
33.44 1491.33 -2.00
33.45 1491.83 -2.00
33.46 1492.33 -2.00
33.47 1492.83 -2.00
33.48 1493.33 -2.00
33.49 1493.82 -2.00
33.50 1494.32 -2.00
33.51 1494.82 -2.00
33.52 1495.32 -2.00
33.53 1495.82 -2.00
33.54 1496.32 -2.00
33.55 1496.82 -2.00
33.56 1497.32 -2.00
33.57 1497.82 -2.00
33.58 1498.32 -2.00
33.59 1498.82 -2.00
33.60 1499.32 -2.00
33.61 1499.82 -2.00
33.62 1500.32 -2.00
33.63 1500.82 -2.00
33.64 1501.32 -2.00
33.65 1501.81 -2.00
33.66 1502.31 -2.00
33.67 1502.81 -2.00
33.68 1503.31 -2.00
33.69 1503.81 -2.00
33.70 1504.31 -2.00
33.71 1504.81 -2.00
33.72 1505.31 -2.00
33.73 1505.81 -2.00
33.74 1506.31 -2.00
33.75 1506.81 -2.00
33.76 1507.31 -2.00
33.77 1507.81 -2.00
33.78 1508.31 -2.00
33.79 1508.81 -2.00
33.80 1509.31 -2.00
33.81 1509.81 -2.00
33.82 1510.30 -2.00
33.83 1510.80 -2.00
33.84 1511.30 -2.00
33.85 1511.80 -2.00
33.86 1512.30 -2.00
33.87 1512.80 -2.00
33.88 1513.30 -2.00
33.89 1513.80 -2.00
33.90 1514.30 -2.00
33.91 1514.80 -2.00
33.92 1515.30 -2.00
33.93 1515.80 -2.00
33.94 1516.30 -2.00
33.95 1516.80 -2.00
33.96 1517.30 -2.00
33.97 1517.80 -2.00
33.98 1518.30 -2.00
33.99 1518.79 -2.00
34.00 1519.29 -2.00
34.01 1519.79 -2.00
34.02 1520.29 -2.00
34.03 1520.79 -2.00
34.04 1521.29 -2.00
34.05 1521.79 -2.00
34.06 1522.29 -2.00
34.07 1522.79 -2.00
34.08 1523.29 -2.00
34.09 1523.79 -2.00
34.10 1524.29 -2.00
34.11 1524.79 -2.00
34.12 1525.29 -2.00
34.13 1525.79 -2.00
34.14 1526.29 -2.00
34.15 1526.79 -2.00
34.16 1527.29 -2.00
34.17 1527.78 -2.00
34.18 1528.28 -2.00
34.19 1528.78 -2.00
34.20 1529.28 -2.00
34.21 1529.78 -2.00
34.22 1530.28 -2.00
34.23 1530.78 -2.00
34.24 1531.28 -2.00
34.25 1531.78 -2.00
34.26 1532.28 -2.00
34.27 1532.78 -2.00
34.28 1533.28 -2.00
34.29 1533.78 -2.00
34.30 1534.28 -2.00
34.31 1534.78 -2.00
34.32 1535.28 -2.00
34.33 1535.78 -2.00
34.34 1536.28 -2.00
34.35 1536.77 -2.00
34.36 1537.27 -2.00
34.37 1537.77 -2.00
34.38 1538.27 -2.00
34.39 1538.77 -2.00
34.40 1539.27 -2.00
34.41 1539.77 -2.00
34.42 1540.27 -2.00
34.43 1540.77 -2.00
34.44 1541.27 -2.00
34.45 1541.77 -2.00
34.46 1542.27 -2.00
34.47 1542.77 -2.00
34.48 1543.27 -2.00
34.49 1543.77 -2.00
34.50 1544.27 -2.00
34.51 1544.77 -2.00
34.52 1545.27 -2.00
34.53 1545.77 -2.00
34.54 1546.27 -2.00
34.55 1546.76 -2.00
34.56 1547.26 -2.00
34.57 1547.76 -2.00
34.58 1548.26 -2.00
34.59 1548.76 -2.00
34.60 1549.26 -2.00
34.61 1549.76 -2.00
34.62 1550.26 -2.00
34.63 1550.76 -2.00
34.64 1551.26 -2.00
34.65 1551.76 -2.00
34.66 1552.26 -2.00
34.67 1552.76 -2.00
34.68 1553.26 -2.00
34.69 1553.76 -2.00
34.70 1554.26 -2.00
34.71 1554.76 -2.00
34.72 1555.26 -2.00
34.73 1555.76 -2.00
34.74 1556.26 -2.00
34.75 1556.75 -2.00
34.76 1557.25 -2.00
34.77 1557.75 -2.00
34.78 1558.25 -2.00
34.79 1558.75 -2.00
34.80 1559.25 -2.00
34.81 1559.75 -2.00
34.82 1560.25 -2.00
34.83 1560.75 -2.00
34.84 1561.25 -2.00
34.85 1561.75 -2.00
34.86 1562.25 -2.00
34.87 1562.75 -2.00
34.88 1563.25 -2.00
34.89 1563.75 -2.00
34.90 1564.25 -2.00
34.91 1564.75 -2.00
34.92 1565.25 -2.00
34.93 1565.75 -2.00
34.94 1566.25 -2.00
34.95 1566.75 -2.00
34.96 1567.24 -2.00
34.97 1567.74 -2.00
34.98 1568.24 -2.00
34.99 1568.74 -2.00
35.00 1569.24 -2.00
35.01 1569.74 -2.00
35.02 1570.24 -2.00
35.03 1570.74 -2.00
35.04 1571.24 -2.00
35.05 1571.74 -2.00
35.06 1572.24 -2.00
35.07 1572.74 -2.00
35.08 1573.24 -2.00
35.09 1573.74 -2.00
35.10 1574.24 -2.00
35.11 1574.74 -2.00
35.12 1575.24 -2.00
35.13 1575.74 -2.00
35.14 1576.24 -2.00
35.15 1576.74 -2.00
35.16 1577.24 -2.00
35.17 1577.74 -2.00
35.18 1578.23 -2.00
35.19 1578.73 -2.00
35.20 1579.23 -2.00
35.21 1579.73 -2.00
35.22 1580.23 -2.00
35.23 1580.73 -2.00
35.24 1581.23 -2.00
35.25 1581.73 -2.00
35.26 1582.23 -2.00
35.27 1582.73 -2.00
35.28 1583.23 -2.00
35.29 1583.73 -2.00
35.30 1584.23 -2.00
35.31 1584.73 -2.00
35.32 1585.23 -2.00
35.33 1585.73 -2.00
35.34 1586.23 -2.00
35.35 1586.73 -2.00
35.36 1587.23 -2.00
35.37 1587.73 -2.00
35.38 1588.23 -2.00
35.39 1588.73 -2.00
35.40 1589.23 -2.00
35.41 1589.72 -2.00
35.42 1590.22 -2.00
35.43 1590.72 -2.00
35.44 1591.22 -2.00
35.45 1591.72 -2.00
35.46 1592.22 -2.00
35.47 1592.72 -2.00
35.48 1593.22 -2.00
35.49 1593.72 -2.00
35.50 1594.22 -2.00
35.51 1594.72 -2.00
35.52 1595.22 -2.00
35.53 1595.72 -2.00
35.54 1596.22 -2.00
35.55 1596.72 -2.00
35.56 1597.22 -2.00
35.57 1597.72 -2.00
35.58 1598.22 -2.00
35.59 1598.72 -2.00
35.60 1599.22 -2.00
35.61 1599.72 -2.00
35.62 1600.22 -2.00
35.63 1600.72 -2.00
35.64 1601.22 -2.00
35.65 1601.71 -2.00
35.66 1602.21 -2.00
35.67 1602.71 -2.00
35.68 1603.21 -2.00
35.69 1603.71 -2.00
35.70 1604.21 -2.00
35.71 1604.71 -2.00
35.72 1605.21 -2.00
35.73 1605.71 -2.00
35.74 1606.21 -2.00
35.75 1606.71 -2.00
35.76 1607.21 -2.00
35.77 1607.71 -2.00
35.78 1608.21 -2.00
35.79 1608.71 -2.00
35.80 1609.21 -2.00
35.81 1609.71 -2.00
35.82 1610.21 -2.00
35.83 1610.71 -2.00
35.84 1611.21 -2.00
35.85 1611.71 -2.00
35.86 1612.21 -2.00
35.87 1612.71 -2.00
35.88 1613.21 -2.00
35.89 1613.71 -2.00
35.90 1614.20 -2.00
35.91 1614.70 -2.00
35.92 1615.20 -2.00
35.93 1615.70 -2.00
35.94 1616.20 -2.00
35.95 1616.70 -2.00
35.96 1617.20 -2.00
35.97 1617.70 -2.00
35.98 1618.20 -2.00
35.99 1618.70 -2.00
36.00 1619.20 -2.00
36.01 1619.70 -2.00
36.02 1620.20 -2.00
36.03 1620.70 -2.00
36.04 1621.20 -2.00
36.05 1621.70 -2.00
36.06 1622.20 -2.00
36.07 1622.70 -2.00
36.08 1623.20 -2.00
36.09 1623.70 -2.00
36.10 1624.20 -2.00
36.11 1624.70 -2.00
36.12 1625.20 -2.00
36.13 1625.70 -2.00
36.14 1626.20 -2.00
36.15 1626.70 -2.00
36.16 1627.20 -2.00
36.17 1627.69 -2.00
36.18 1628.19 -2.00
36.19 1628.69 -2.00
36.20 1629.19 -2.00
36.21 1629.69 -2.00
36.22 1630.19 -2.00
36.23 1630.69 -2.00
36.24 1631.19 -2.00
36.25 1631.69 -2.00
36.26 1632.19 -2.00
36.27 1632.69 -2.00
36.28 1633.19 -2.00
36.29 1633.69 -2.00
36.30 1634.19 -2.00
36.31 1634.69 -2.00
36.32 1635.19 -2.00
36.33 1635.69 -2.00
36.34 1636.19 -2.00
36.35 1636.69 -2.00
36.36 1637.19 -2.00
36.37 1637.69 -2.00
36.38 1638.19 -2.00
36.39 1638.69 -2.00
36.40 1639.19 -2.00
36.41 1639.69 -2.00
36.42 1640.19 -2.00
36.43 1640.69 -2.00
36.44 1641.19 -2.00
36.45 1641.69 -2.00
36.46 1642.18 -2.00
36.47 1642.68 -2.00
36.48 1643.18 -2.00
36.49 1643.68 -2.00
36.50 1644.18 -2.00
36.51 1644.68 -2.00
36.52 1645.18 -2.00
36.53 1645.68 -2.00
36.54 1646.18 -2.00
36.55 1646.68 -2.00
36.56 1647.18 -2.00
36.57 1647.68 -2.00
36.58 1648.18 -2.00
36.59 1648.68 -2.00
36.60 1649.18 -2.00
36.61 1649.68 -2.00
36.62 1650.18 -2.00
36.63 1650.68 -2.00
36.64 1651.18 -2.00
36.65 1651.68 -2.00
36.66 1652.18 -2.00
36.67 1652.68 -2.00
36.68 1653.18 -2.00
36.69 1653.68 -2.00
36.70 1654.18 -2.00
36.71 1654.68 -2.00
36.72 1655.18 -2.00
36.73 1655.68 -2.00
36.74 1656.18 -2.00
36.75 1656.68 -2.00
36.76 1657.17 -2.00
36.77 1657.67 -2.00
36.78 1658.17 -2.00
36.79 1658.67 -2.00
36.80 1659.17 -2.00
36.81 1659.67 -2.00
36.82 1660.17 -2.00
36.83 1660.67 -2.00
36.84 1661.17 -2.00
36.85 1661.67 -2.00
36.86 1662.17 -2.00
36.87 1662.67 -2.00
36.88 1663.17 -2.00
36.89 1663.67 -2.00
36.90 1664.17 -2.00
36.91 1664.67 -2.00
36.92 1665.17 -2.00
36.93 1665.67 -2.00
36.94 1666.17 -2.00
36.95 1666.67 -2.00
36.96 1667.17 -2.00
36.97 1667.67 -2.00
36.98 1668.17 -2.00
36.99 1668.67 -2.00
37.00 1669.17 -2.00
37.01 1669.67 -2.00
37.02 1670.17 -2.00
37.03 1670.67 -2.00
37.04 1671.17 -2.00
37.05 1671.67 -2.00
37.06 1672.17 -2.00
37.07 1672.67 -2.00
37.08 1673.16 -2.00
37.09 1673.66 -2.00
37.10 1674.16 -2.00
37.11 1674.66 -2.00
37.12 1675.16 -2.00
37.13 1675.66 -2.00
37.14 1676.16 -2.00
37.15 1676.66 -2.00
37.16 1677.16 -2.00
37.17 1677.66 -2.00
37.18 1678.16 -2.00
37.19 1678.66 -2.00
37.20 1679.16 -2.00
37.21 1679.66 -2.00
37.22 1680.16 -2.00
37.23 1680.66 -2.00
37.24 1681.16 -2.00
37.25 1681.66 -2.00
37.26 1682.16 -2.00
37.27 1682.66 -2.00
37.28 1683.16 -2.00
37.29 1683.66 -2.00
37.30 1684.16 -2.00
37.31 1684.66 -2.00
37.32 1685.16 -2.00
37.33 1685.66 -2.00
37.34 1686.16 -2.00
37.35 1686.66 -2.00
37.36 1687.16 -2.00
37.37 1687.66 -2.00
37.38 1688.16 -2.00
37.39 1688.66 -2.00
37.40 1689.16 -2.00
37.41 1689.66 -2.00
37.42 1690.16 -2.00
37.43 1690.65 -2.00
37.44 1691.15 -2.00
37.45 1691.65 -2.00
37.46 1692.15 -2.00
37.47 1692.65 -2.00
37.48 1693.15 -2.00
37.49 1693.65 -2.00
37.50 1694.15 -2.00
37.51 1694.65 -2.00
37.52 1695.15 -2.00
37.53 1695.65 -2.00
37.54 1696.15 -2.00
37.55 1696.65 -2.00
37.56 1697.15 -2.00
37.57 1697.65 -2.00
37.58 1698.15 -2.00
37.59 1698.65 -2.00
37.60 1699.15 -2.00
37.61 1699.65 -2.00
37.62 1700.15 -2.00
37.63 1700.65 -2.00
37.64 1701.15 -2.00
37.65 1701.65 -2.00
37.66 1702.15 -2.00
37.67 1702.65 -2.00
37.68 1703.15 -2.00
37.69 1703.65 -2.00
37.70 1704.15 -2.00
37.71 1704.65 -2.00
37.72 1705.15 -2.00
37.73 1705.65 -2.00
37.74 1706.15 -2.00
37.75 1706.65 -2.00
37.76 1707.15 -2.00
37.77 1707.65 -2.00
37.78 1708.15 -2.00
37.79 1708.65 -2.00
37.80 1709.14 -2.00
37.81 1709.64 -2.00
37.82 1710.14 -2.00
37.83 1710.64 -2.00
37.84 1711.14 -2.00
37.85 1711.64 -2.00
37.86 1712.14 -2.00
37.87 1712.64 -2.00
37.88 1713.14 -2.00
37.89 1713.64 -2.00
37.90 1714.14 -2.00
37.91 1714.64 -2.00
37.92 1715.14 -2.00
37.93 1715.64 -2.00
37.94 1716.14 -2.00
37.95 1716.64 -2.00
37.96 1717.14 -2.00
37.97 1717.64 -2.00
37.98 1718.14 -2.00
37.99 1718.64 -2.00
38.00 1719.14 -2.00
38.01 1719.64 -2.00
38.02 1720.14 -2.00
38.03 1720.64 -2.00
38.04 1721.14 -2.00
38.05 1721.64 -2.00
38.06 1722.14 -2.00
38.07 1722.64 -2.00
38.08 1723.14 -2.00
38.09 1723.64 -2.00
38.10 1724.14 -2.00
38.11 1724.64 -2.00
38.12 1725.14 -2.00
38.13 1725.64 -2.00
38.14 1726.14 -2.00
38.15 1726.64 -2.00
38.16 1727.14 -2.00
38.17 1727.64 -2.00
38.18 1728.14 -2.00
38.19 1728.64 -2.00
38.20 1729.14 -2.00
38.21 1729.63 -2.00
38.22 1730.13 -2.00
38.23 1730.63 -2.00
38.24 1731.13 -2.00
38.25 1731.63 -2.00
38.26 1732.13 -2.00
38.27 1732.63 -2.00
38.28 1733.13 -2.00
38.29 1733.63 -2.00
38.30 1734.13 -2.00
38.31 1734.63 -2.00
38.32 1735.13 -2.00
38.33 1735.63 -2.00
38.34 1736.13 -2.00
38.35 1736.63 -2.00
38.36 1737.13 -2.00
38.37 1737.63 -2.00
38.38 1738.13 -2.00
38.39 1738.63 -2.00
38.40 1739.13 -2.00
38.41 1739.63 -2.00
38.42 1740.13 -2.00
38.43 1740.63 -2.00
38.44 1741.13 -2.00
38.45 1741.63 -2.00
38.46 1742.13 -2.00
38.47 1742.63 -2.00
38.48 1743.13 -2.00
38.49 1743.63 -2.00
38.50 1744.13 -2.00
38.51 1744.63 -2.00
38.52 1745.13 -2.00
38.53 1745.63 -2.00
38.54 1746.13 -2.00
38.55 1746.63 -2.00
38.56 1747.13 -2.00
38.57 1747.63 -2.00
38.58 1748.13 -2.00
38.59 1748.63 -2.00
38.60 1749.13 -2.00
38.61 1749.63 -2.00
38.62 1750.13 -2.00
38.63 1750.63 -2.00
38.64 1751.13 -2.00
38.65 1751.62 -2.00
38.66 1752.12 -2.00
38.67 1752.62 -2.00
38.68 1753.12 -2.00
38.69 1753.62 -2.00
38.70 1754.12 -2.00
38.71 1754.62 -2.00
38.72 1755.12 -2.00
38.73 1755.62 -2.00
38.74 1756.12 -2.00
38.75 1756.62 -2.00
38.76 1757.12 -2.00
38.77 1757.62 -2.00
38.78 1758.12 -2.00
38.79 1758.62 -2.00
38.80 1759.12 -2.00
38.81 1759.62 -2.00
38.82 1760.12 -2.00
38.83 1760.62 -2.00
38.84 1761.12 -2.00
38.85 1761.62 -2.00
38.86 1762.12 -2.00
38.87 1762.62 -2.00
38.88 1763.12 -2.00
38.89 1763.62 -2.00
38.90 1764.12 -2.00
38.91 1764.62 -2.00
38.92 1765.12 -2.00
38.93 1765.62 -2.00
38.94 1766.12 -2.00
38.95 1766.62 -2.00
38.96 1767.12 -2.00
38.97 1767.62 -2.00
38.98 1768.12 -2.00
38.99 1768.62 -2.00
39.00 1769.12 -2.00
39.01 1769.62 -2.00
39.02 1770.12 -2.00
39.03 1770.62 -2.00
39.04 1771.12 -2.00
39.05 1771.62 -2.00
39.06 1772.12 -2.00
39.07 1772.62 -2.00
39.08 1773.12 -2.00
39.09 1773.62 -2.00
39.10 1774.12 -2.00
39.11 1774.62 -2.00
39.12 1775.12 -2.00
39.13 1775.62 -2.00
39.14 1776.11 -2.00
39.15 1776.61 -2.00
39.16 1777.11 -2.00
39.17 1777.61 -2.00
39.18 1778.11 -2.00
39.19 1778.61 -2.00
39.20 1779.11 -2.00
39.21 1779.61 -2.00
39.22 1780.11 -2.00
39.23 1780.61 -2.00
39.24 1781.11 -2.00
39.25 1781.61 -2.00
39.26 1782.11 -2.00
39.27 1782.61 -2.00
39.28 1783.11 -2.00
39.29 1783.61 -2.00
39.30 1784.11 -2.00
39.31 1784.61 -2.00
39.32 1785.11 -2.00
39.33 1785.61 -2.00
39.34 1786.11 -2.00
39.35 1786.61 -2.00
39.36 1787.11 -2.00
39.37 1787.61 -2.00
39.38 1788.11 -2.00
39.39 1788.61 -2.00
39.40 1789.11 -2.00
39.41 1789.61 -2.00
39.42 1790.11 -2.00
39.43 1790.61 -2.00
39.44 1791.11 -2.00
39.45 1791.61 -2.00
39.46 1792.11 -2.00
39.47 1792.61 -2.00
39.48 1793.11 -2.00
39.49 1793.61 -2.00
39.50 1794.11 -2.00
39.51 1794.61 -2.00
39.52 1795.11 -2.00
39.53 1795.61 -2.00
39.54 1796.11 -2.00
39.55 1796.61 -2.00
39.56 1797.11 -2.00
39.57 1797.61 -2.00
39.58 1798.11 -2.00
39.59 1798.61 -2.00
39.60 1799.11 -2.00
39.61 1799.61 -2.00
39.62 1800.11 -2.00
39.63 1800.61 -2.00
39.64 1801.11 -2.00
39.65 1801.61 -2.00
39.66 1802.11 -2.00
39.67 1802.61 -2.00
39.68 1803.10 -2.00
39.69 1803.60 -2.00
39.70 1804.10 -2.00
39.71 1804.60 -2.00
39.72 1805.10 -2.00
39.73 1805.60 -2.00
39.74 1806.10 -2.00
39.75 1806.60 -2.00
39.76 1807.10 -2.00
39.77 1807.60 -2.00
39.78 1808.10 -2.00
39.79 1808.60 -2.00
39.80 1809.10 -2.00
39.81 1809.60 -2.00
39.82 1810.10 -2.00
39.83 1810.60 -2.00
39.84 1811.10 -2.00
39.85 1811.60 -2.00
39.86 1812.10 -2.00
39.87 1812.60 -2.00
39.88 1813.10 -2.00
39.89 1813.60 -2.00
39.90 1814.10 -2.00
39.91 1814.60 -2.00
39.92 1815.10 -2.00
39.93 1815.60 -2.00
39.94 1816.10 -2.00
39.95 1816.60 -2.00
39.96 1817.10 -2.00
39.97 1817.60 -2.00
39.98 1818.10 -2.00
39.99 1818.60 -2.00
40.00 1819.10 -2.00
40.01 1819.60 -2.00
40.02 1820.10 -2.00
40.03 1820.60 -2.00
40.04 1821.10 -2.00
40.05 1821.60 -2.00
40.06 1822.10 -2.00
40.07 1822.60 -2.00
40.08 1823.10 -2.00
40.09 1823.60 -2.00
40.10 1824.10 -2.00
40.11 1824.60 -2.00
40.12 1825.10 -2.00
40.13 1825.60 -2.00
40.14 1826.10 -2.00
40.15 1826.60 -2.00
40.16 1827.10 -2.00
40.17 1827.60 -2.00
40.18 1828.10 -2.00
40.19 1828.60 -2.00
40.20 1829.10 -2.00
40.21 1829.60 -2.00
40.22 1830.10 -2.00
40.23 1830.60 -2.00
40.24 1831.10 -2.00
40.25 1831.60 -2.00
40.26 1832.10 -2.00
40.27 1832.60 -2.00
40.28 1833.10 -2.00
40.29 1833.59 -2.00
40.30 1834.09 -2.00
40.31 1834.59 -2.00
40.32 1835.09 -2.00
40.33 1835.59 -2.00
40.34 1836.09 -2.00
40.35 1836.59 -2.00
40.36 1837.09 -2.00
40.37 1837.59 -2.00
40.38 1838.09 -2.00
40.39 1838.59 -2.00
40.40 1839.09 -2.00
40.41 1839.59 -2.00
40.42 1840.09 -2.00
40.43 1840.59 -2.00
40.44 1841.09 -2.00
40.45 1841.59 -2.00
40.46 1842.09 -2.00
40.47 1842.59 -2.00
40.48 1843.09 -2.00
40.49 1843.59 -2.00
40.50 1844.09 -2.00
40.51 1844.59 -2.00
40.52 1845.09 -2.00
40.53 1845.59 -2.00
40.54 1846.09 -2.00
40.55 1846.59 -2.00
40.56 1847.09 -2.00
40.57 1847.59 -2.00
40.58 1848.09 -2.00
40.59 1848.59 -2.00
40.60 1849.09 -2.00
40.61 1849.59 -2.00
40.62 1850.09 -2.00
40.63 1850.59 -2.00
40.64 1851.09 -2.00
40.65 1851.59 -2.00
40.66 1852.09 -2.00
40.67 1852.59 -2.00
40.68 1853.09 -2.00
40.69 1853.59 -2.00
40.70 1854.09 -2.00
40.71 1854.59 -2.00
40.72 1855.09 -2.00
40.73 1855.59 -2.00
40.74 1856.09 -2.00
40.75 1856.59 -2.00
40.76 1857.09 -2.00
40.77 1857.59 -2.00
40.78 1858.09 -2.00
40.79 1858.59 -2.00
40.80 1859.09 -2.00
40.81 1859.59 -2.00
40.82 1860.09 -2.00
40.83 1860.59 -2.00
40.84 1861.09 -2.00
40.85 1861.59 -2.00
40.86 1862.09 -2.00
40.87 1862.59 -2.00
40.88 1863.09 -2.00
40.89 1863.59 -2.00
40.90 1864.09 -2.00
40.91 1864.59 -2.00
40.92 1865.09 -2.00
40.93 1865.59 -2.00
40.94 1866.09 -2.00
40.95 1866.59 -2.00
40.96 1867.09 -2.00
40.97 1867.59 -2.00
40.98 1868.09 -2.00
40.99 1868.58 -2.00
41.00 1869.08 -2.00
41.01 1869.58 -2.00
41.02 1870.08 -2.00
41.03 1870.58 -2.00
41.04 1871.08 -2.00
41.05 1871.58 -2.00
41.06 1872.08 -2.00
41.07 1872.58 -2.00
41.08 1873.08 -2.00
41.09 1873.58 -2.00
41.10 1874.08 -2.00
41.11 1874.58 -2.00
41.12 1875.08 -2.00
41.13 1875.58 -2.00
41.14 1876.08 -2.00
41.15 1876.58 -2.00
41.16 1877.08 -2.00
41.17 1877.58 -2.00
41.18 1878.08 -2.00
41.19 1878.58 -2.00
41.20 1879.08 -2.00
41.21 1879.58 -2.00
41.22 1880.08 -2.00
41.23 1880.58 -2.00
41.24 1881.08 -2.00
41.25 1881.58 -2.00
41.26 1882.08 -2.00
41.27 1882.58 -2.00
41.28 1883.08 -2.00
41.29 1883.58 -2.00
41.30 1884.08 -2.00
41.31 1884.58 -2.00
41.32 1885.08 -2.00
41.33 1885.58 -2.00
41.34 1886.08 -2.00
41.35 1886.58 -2.00
41.36 1887.08 -2.00
41.37 1887.58 -2.00
41.38 1888.08 -2.00
41.39 1888.58 -2.00
41.40 1889.08 -2.00
41.41 1889.58 -2.00
41.42 1890.08 -2.00
41.43 1890.58 -2.00
41.44 1891.08 -2.00
41.45 1891.58 -2.00
41.46 1892.08 -2.00
41.47 1892.58 -2.00
41.48 1893.08 -2.00
41.49 1893.58 -2.00
41.50 1894.08 -2.00
41.51 1894.58 -2.00
41.52 1895.08 -2.00
41.53 1895.58 -2.00
41.54 1896.08 -2.00
41.55 1896.58 -2.00
41.56 1897.08 -2.00
41.57 1897.58 -2.00
41.58 1898.08 -2.00
41.59 1898.58 -2.00
41.60 1899.08 -2.00
41.61 1899.58 -2.00
41.62 1900.08 -2.00
41.63 1900.58 -2.00
41.64 1901.08 -2.00
41.65 1901.58 -2.00
41.66 1902.08 -2.00
41.67 1902.58 -2.00
41.68 1903.08 -2.00
41.69 1903.58 -2.00
41.70 1904.08 -2.00
41.71 1904.58 -2.00
41.72 1905.08 -2.00
41.73 1905.58 -2.00
41.74 1906.08 -2.00
41.75 1906.58 -2.00
41.76 1907.08 -2.00
41.77 1907.58 -2.00
41.78 1908.08 -2.00
41.79 1908.58 -2.00
41.80 1909.08 -2.00
41.81 1909.57 -2.00
41.82 1910.07 -2.00
41.83 1910.57 -2.00
41.84 1911.07 -2.00
41.85 1911.57 -2.00
41.86 1912.07 -2.00
41.87 1912.57 -2.00
41.88 1913.07 -2.00
41.89 1913.57 -2.00
41.90 1914.07 -2.00
41.91 1914.57 -2.00
41.92 1915.07 -2.00
41.93 1915.57 -2.00
41.94 1916.07 -2.00
41.95 1916.57 -2.00
41.96 1917.07 -2.00
41.97 1917.57 -2.00
41.98 1918.07 -2.00
41.99 1918.57 -2.00
42.00 1919.07 -2.00
42.01 1919.57 -2.00
42.02 1920.07 -2.00
42.03 1920.57 -2.00
42.04 1921.07 -2.00
42.05 1921.57 -2.00
42.06 1922.07 -2.00
42.07 1922.57 -2.00
42.08 1923.07 -2.00
42.09 1923.57 -2.00
42.10 1924.07 -2.00
42.11 1924.57 -2.00
42.12 1925.07 -2.00
42.13 1925.57 -2.00
42.14 1926.07 -2.00
42.15 1926.57 -2.00
42.16 1927.07 -2.00
42.17 1927.57 -2.00
42.18 1928.07 -2.00
42.19 1928.57 -2.00
42.20 1929.07 -2.00
42.21 1929.57 -2.00
42.22 1930.07 -2.00
42.23 1930.57 -2.00
42.24 1931.07 -2.00
42.25 1931.57 -2.00
42.26 1932.07 -2.00
42.27 1932.57 -2.00
42.28 1933.07 -2.00
42.29 1933.57 -2.00
42.30 1934.07 -2.00
42.31 1934.57 -2.00
42.32 1935.07 -2.00
42.33 1935.57 -2.00
42.34 1936.07 -2.00
42.35 1936.57 -2.00
42.36 1937.07 -2.00
42.37 1937.57 -2.00
42.38 1938.07 -2.00
42.39 1938.57 -2.00
42.40 1939.07 -2.00
42.41 1939.57 -2.00
42.42 1940.07 -2.00
42.43 1940.57 -2.00
42.44 1941.07 -2.00
42.45 1941.57 -2.00
42.46 1942.07 -2.00
42.47 1942.57 -2.00
42.48 1943.07 -2.00
42.49 1943.57 -2.00
42.50 1944.07 -2.00
42.51 1944.57 -2.00
42.52 1945.07 -2.00
42.53 1945.57 -2.00
42.54 1946.07 -2.00
42.55 1946.57 -2.00
42.56 1947.07 -2.00
42.57 1947.57 -2.00
42.58 1948.07 -2.00
42.59 1948.57 -2.00
42.60 1949.07 -2.00
42.61 1949.57 -2.00
42.62 1950.07 -2.00
42.63 1950.57 -2.00
42.64 1951.07 -2.00
42.65 1951.57 -2.00
42.66 1952.07 -2.00
42.67 1952.57 -2.00
42.68 1953.07 -2.00
42.69 1953.57 -2.00
42.70 1954.07 -2.00
42.71 1954.57 -2.00
42.72 1955.07 -2.00
42.73 1955.57 -2.00
42.74 1956.07 -2.00
42.75 1956.57 -2.00
42.76 1957.07 -2.00
42.77 1957.57 -2.00
42.78 1958.07 -2.00
42.79 1958.57 -2.00
42.80 1959.06 -2.00
42.81 1959.56 -2.00
42.82 1960.06 -2.00
42.83 1960.56 -2.00
42.84 1961.06 -2.00
42.85 1961.56 -2.00
42.86 1962.06 -2.00
42.87 1962.56 -2.00
42.88 1963.06 -2.00
42.89 1963.56 -2.00
42.90 1964.06 -2.00
42.91 1964.56 -2.00
42.92 1965.06 -2.00
42.93 1965.56 -2.00
42.94 1966.06 -2.00
42.95 1966.56 -2.00
42.96 1967.06 -2.00
42.97 1967.56 -2.00
42.98 1968.06 -2.00
42.99 1968.56 -2.00
43.00 1969.06 -2.00
43.01 1969.56 -2.00
43.02 1970.06 -2.00
43.03 1970.56 -2.00
43.04 1971.06 -2.00
43.05 1971.56 -2.00
43.06 1972.06 -2.00
43.07 1972.56 -2.00
43.08 1973.06 -2.00
43.09 1973.56 -2.00
43.10 1974.06 -2.00
43.11 1974.56 -2.00
43.12 1975.06 -2.00
43.13 1975.56 -2.00
43.14 1976.06 -2.00
43.15 1976.56 -2.00
43.16 1977.06 -2.00
43.17 1977.56 -2.00
43.18 1978.06 -2.00
43.19 1978.56 -2.00
43.20 1979.06 -2.00
43.21 1979.56 -2.00
43.22 1980.06 -2.00
43.23 1980.56 -2.00
43.24 1981.06 -2.00
43.25 1981.56 -2.00
43.26 1982.06 -2.00
43.27 1982.56 -2.00
43.28 1983.06 -2.00
43.29 1983.56 -2.00
43.30 1984.06 -2.00
43.31 1984.56 -2.00
43.32 1985.06 -2.00
43.33 1985.56 -2.00
43.34 1986.06 -2.00
43.35 1986.56 -2.00
43.36 1987.06 -2.00
43.37 1987.56 -2.00
43.38 1988.06 -2.00
43.39 1988.56 -2.00
43.40 1989.06 -2.00
43.41 1989.56 -2.00
43.42 1990.06 -2.00
43.43 1990.56 -2.00
43.44 1991.06 -2.00
43.45 1991.56 -2.00
43.46 1992.06 -2.00
43.47 1992.56 -2.00
43.48 1993.06 -2.00
43.49 1993.56 -2.00
43.50 1994.06 -2.00
43.51 1994.56 -2.00
43.52 1995.06 -2.00
43.53 1995.56 -2.00
43.54 1996.06 -2.00
43.55 1996.56 -2.00
43.56 1997.06 -2.00
43.57 1997.56 -2.00
43.58 1998.06 -2.00
43.59 1998.56 -2.00
43.60 1999.06 -2.00
43.61 1999.56 -2.00

# vehicle f_0.1
8.02 5.10 -10.00
8.03 5.41 -10.00
8.04 5.71 -10.00
8.05 6.02 -10.00
8.06 6.32 -10.00
8.07 6.63 -10.00
8.08 6.93 -10.00
8.09 7.24 -10.00
8.10 7.55 -10.00
8.11 7.85 -10.00
8.12 8.16 -10.00
8.13 8.46 -10.00
8.14 8.77 -10.00
8.15 9.07 -10.00
8.16 9.38 -10.00
8.17 9.69 -10.00
8.18 9.99 -10.00
8.19 10.30 -10.00
8.20 10.60 -10.00
8.21 10.91 -10.00
8.22 11.22 -10.00
8.23 11.52 -10.00
8.24 11.83 -10.00
8.25 12.13 -10.00
8.26 12.44 -10.00
8.27 12.75 -10.00
8.28 13.05 -10.00
8.29 13.36 -10.00
8.30 13.67 -10.00
8.31 13.97 -10.00
8.32 14.28 -10.00
8.33 14.58 -10.00
8.34 14.89 -10.00
8.35 15.20 -10.00
8.36 15.50 -10.00
8.37 15.81 -10.00
8.38 16.12 -10.00
8.39 16.42 -10.00
8.40 16.73 -10.00
8.41 17.04 -10.00
8.42 17.34 -10.00
8.43 17.65 -10.00
8.44 17.96 -10.00
8.45 18.26 -10.00
8.46 18.57 -10.00
8.47 18.88 -10.00
8.48 19.18 -10.00
8.49 19.49 -10.00
8.50 19.80 -10.00
8.51 20.10 -10.00
8.52 20.41 -10.00
8.53 20.72 -10.00
8.54 21.02 -10.00
8.55 21.33 -10.00
8.56 21.64 -10.00
8.57 21.95 -10.00
8.58 22.25 -10.00
8.59 22.56 -10.00
8.60 22.87 -10.00
8.61 23.17 -10.00
8.62 23.48 -10.00
8.63 23.79 -10.00
8.64 24.09 -10.00
8.65 24.40 -9.99
8.66 24.71 -9.99
8.67 25.02 -9.99
8.68 25.32 -9.99
8.69 25.63 -9.99
8.70 25.94 -9.99
8.71 26.25 -9.99
8.72 26.55 -9.98
8.73 26.86 -9.98
8.74 27.17 -9.98
8.75 27.48 -9.98
8.76 27.78 -9.98
8.77 28.09 -9.98
8.78 28.40 -9.98
8.79 28.70 -9.98
8.80 29.01 -9.98
8.81 29.32 -9.98
8.82 29.63 -9.98
8.83 29.94 -9.98
8.84 30.24 -9.98
8.85 30.55 -9.98
8.86 30.86 -9.98
8.87 31.17 -9.98
8.88 31.47 -9.98
8.89 31.78 -9.98
8.90 32.09 -9.98
8.91 32.40 -9.98
8.92 32.70 -9.98
8.93 33.01 -9.98
8.94 33.32 -9.98
8.95 33.63 -9.98
8.96 33.94 -9.98
8.97 34.24 -9.98
8.98 34.55 -9.98
8.99 34.86 -9.98
9.00 35.17 -9.98
9.01 35.48 -9.98
9.02 35.78 -9.98
9.03 36.09 -9.98
9.04 36.40 -9.98
9.05 36.71 -9.98
9.06 37.02 -9.98
9.07 37.32 -9.98
9.08 37.63 -9.98
9.09 37.94 -9.98
9.10 38.25 -9.98
9.11 38.56 -9.98
9.12 38.87 -9.98
9.13 39.17 -9.98
9.14 39.48 -9.98
9.15 39.79 -9.98
9.16 40.10 -9.98
9.17 40.41 -9.98
9.18 40.72 -9.98
9.19 41.02 -9.98
9.20 41.33 -9.98
9.21 41.64 -9.98
9.22 41.95 -9.98
9.23 42.26 -9.98
9.24 42.57 -9.98
9.25 42.87 -9.98
9.26 43.18 -9.98
9.27 43.49 -9.98
9.28 43.80 -9.98
9.29 44.11 -9.98
9.30 44.42 -9.98
9.31 44.73 -9.98
9.32 45.03 -9.98
9.33 45.34 -9.98
9.34 45.65 -9.98
9.35 45.96 -9.98
9.36 46.27 -9.98
9.37 46.58 -9.98
9.38 46.89 -9.98
9.39 47.20 -9.98
9.40 47.50 -9.98
9.41 47.81 -9.98
9.42 48.12 -9.98
9.43 48.43 -9.98
9.44 48.74 -9.98
9.45 49.05 -9.98
9.46 49.36 -9.98
9.47 49.67 -9.98
9.48 49.98 -9.98
9.49 50.28 -9.98
9.50 50.59 -9.98
9.51 50.90 -9.98
9.52 51.21 -9.98
9.53 51.52 -9.98
9.54 51.83 -9.98
9.55 52.14 -9.98
9.56 52.45 -9.98
9.57 52.76 -9.98
9.58 53.07 -9.98
9.59 53.38 -9.98
9.60 53.68 -9.98
9.61 53.99 -9.98
9.62 54.30 -9.98
9.63 54.61 -9.98
9.64 54.92 -9.98
9.65 55.23 -9.98
9.66 55.54 -9.98
9.67 55.85 -9.98
9.68 56.16 -9.98
9.69 56.47 -9.98
9.70 56.78 -9.98
9.71 57.09 -9.98
9.72 57.40 -9.98
9.73 57.71 -9.98
9.74 58.01 -9.98
9.75 58.32 -9.98
9.76 58.63 -9.98
9.77 58.94 -9.98
9.78 59.25 -9.98
9.79 59.56 -9.98
9.80 59.87 -9.98
9.81 60.18 -9.98
9.82 60.49 -9.98
9.83 60.80 -9.98
9.84 61.11 -9.98
9.85 61.42 -9.98
9.86 61.73 -9.98
9.87 62.04 -9.98
9.88 62.35 -9.98
9.89 62.66 -9.98
9.90 62.97 -9.98
9.91 63.28 -9.98
9.92 63.59 -9.98
9.93 63.90 -9.98
9.94 64.21 -9.98
9.95 64.52 -9.98
9.96 64.83 -9.98
9.97 65.14 -9.98
9.98 65.45 -9.98
9.99 65.76 -9.98
10.00 66.07 -9.98
10.01 66.38 -9.98
10.02 66.68 -9.98
10.03 66.99 -9.98
10.04 67.30 -9.98
10.05 67.61 -9.98
10.06 67.92 -9.98
10.07 68.23 -9.98
10.08 68.54 -9.98
10.09 68.85 -9.98
10.10 69.16 -9.98
10.11 69.47 -9.98
10.12 69.78 -9.98
10.13 70.09 -9.98
10.14 70.40 -9.98
10.15 70.71 -9.98
10.16 71.02 -9.98
10.17 71.33 -9.98
10.18 71.65 -9.98
10.19 71.96 -9.98
10.20 72.27 -9.98
10.21 72.58 -9.98
10.22 72.89 -9.98
10.23 73.20 -9.98
10.24 73.51 -9.98
10.25 73.82 -9.98
10.26 74.13 -9.98
10.27 74.44 -9.98
10.28 74.75 -9.98
10.29 75.06 -9.98
10.30 75.37 -9.98
10.31 75.68 -9.98
10.32 75.99 -9.98
10.33 76.30 -9.98
10.34 76.61 -9.98
10.35 76.92 -9.98
10.36 77.23 -9.98
10.37 77.54 -9.98
10.38 77.85 -9.98
10.39 78.16 -9.98
10.40 78.47 -9.98
10.41 78.78 -9.98
10.42 79.09 -9.98
10.43 79.40 -9.98
10.44 79.71 -9.98
10.45 80.02 -9.98
10.46 80.33 -9.98
10.47 80.65 -9.98
10.48 80.96 -9.98
10.49 81.27 -9.98
10.50 81.58 -9.98
10.51 81.89 -9.98
10.52 82.20 -9.98
10.53 82.51 -9.98
10.54 82.82 -9.98
10.55 83.13 -9.98
10.56 83.44 -9.98
10.57 83.75 -9.98
10.58 84.06 -9.98
10.59 84.37 -9.98
10.60 84.68 -9.98
10.61 84.99 -9.98
10.62 85.30 -9.98
10.63 85.62 -9.98
10.64 85.93 -9.98
10.65 86.24 -9.98
10.66 86.55 -9.98
10.67 86.86 -9.98
10.68 87.17 -9.98
10.69 87.48 -9.98
10.70 87.79 -9.98
10.71 88.10 -9.98
10.72 88.41 -9.98
10.73 88.72 -9.98
10.74 89.03 -9.98
10.75 89.35 -9.98
10.76 89.66 -9.98
10.77 89.97 -9.98
10.78 90.28 -9.98
10.79 90.59 -9.98
10.80 90.90 -9.98
10.81 91.21 -9.98
10.82 91.52 -9.98
10.83 91.83 -9.98
10.84 92.14 -9.98
10.85 92.46 -9.98
10.86 92.77 -9.98
10.87 93.08 -9.98
10.88 93.39 -9.98
10.89 93.70 -9.98
10.90 94.01 -9.98
10.91 94.32 -9.98
10.92 94.63 -9.98
10.93 94.94 -9.98
10.94 95.26 -9.98
10.95 95.57 -9.98
10.96 95.88 -9.98
10.97 96.19 -9.98
10.98 96.50 -9.98
10.99 96.81 -9.98
11.00 97.12 -9.98
11.01 97.43 -9.98
11.02 97.74 -9.98
11.03 98.06 -9.98
11.04 98.37 -9.98
11.05 98.68 -9.98
11.06 98.99 -9.98
11.07 99.30 -9.98
11.08 99.61 -9.98
11.09 99.92 -9.98
11.10 100.23 -9.98
11.11 100.55 -9.98
11.12 100.86 -9.98
11.13 101.17 -9.98
11.14 101.48 -9.98
11.15 101.79 -9.98
11.16 102.10 -9.98
11.17 102.41 -9.98
11.18 102.73 -9.98
11.19 103.04 -9.98
11.20 103.35 -9.98
11.21 103.66 -9.98
11.22 103.97 -9.98
11.23 104.28 -9.98
11.24 104.59 -9.98
11.25 104.91 -9.98
11.26 105.22 -9.98
11.27 105.53 -9.98
11.28 105.84 -9.98
11.29 106.15 -9.98
11.30 106.46 -9.98
11.31 106.78 -9.98
11.32 107.09 -9.98
11.33 107.40 -9.98
11.34 107.71 -9.98
11.35 108.02 -9.98
11.36 108.33 -9.98
11.37 108.64 -9.98
11.38 108.96 -9.98
11.39 109.27 -9.98
11.40 109.58 -9.98
11.41 109.89 -9.98
11.42 110.20 -9.98
11.43 110.51 -9.98
11.44 110.83 -9.98
11.45 111.14 -9.98
11.46 111.45 -9.98
11.47 111.76 -9.98
11.48 112.07 -9.98
11.49 112.38 -9.98
11.50 112.70 -9.98
11.51 113.01 -9.98
11.52 113.32 -9.98
11.53 113.63 -9.98
11.54 113.94 -9.98
11.55 114.26 -9.98
11.56 114.57 -9.98
11.57 114.88 -9.98
11.58 115.19 -9.98
11.59 115.50 -9.98
11.60 115.81 -9.98
11.61 116.13 -9.98
11.62 116.44 -9.98
11.63 116.75 -9.98
11.64 117.06 -9.98
11.65 117.37 -9.98
11.66 117.69 -9.98
11.67 118.00 -9.98
11.68 118.31 -9.98
11.69 118.62 -9.98
11.70 118.93 -9.98
11.71 119.25 -9.98
11.72 119.56 -9.98
11.73 119.87 -9.98
11.74 120.18 -9.98
11.75 120.49 -9.98
11.76 120.81 -9.98
11.77 121.12 -9.98
11.78 121.43 -9.98
11.79 121.74 -9.98
11.80 122.05 -9.98
11.81 122.37 -9.98
11.82 122.68 -9.98
11.83 122.99 -9.98
11.84 123.30 -9.98
11.85 123.61 -9.98
11.86 123.93 -9.98
11.87 124.24 -9.98
11.88 124.55 -9.98
11.89 124.86 -9.98
11.90 125.17 -9.98
11.91 125.49 -9.98
11.92 125.80 -9.98
11.93 126.11 -9.98
11.94 126.42 -9.98
11.95 126.73 -9.98
11.96 127.05 -9.98
11.97 127.36 -9.98
11.98 127.67 -9.98
11.99 127.98 -9.98
12.00 128.30 -9.98
12.01 128.61 -9.98
12.02 128.92 -9.98
12.03 129.23 -9.98
12.04 129.54 -9.98
12.05 129.86 -9.98
12.06 130.17 -9.98
12.07 130.48 -9.98
12.08 130.79 -9.98
12.09 131.11 -9.98
12.10 131.42 -9.98
12.11 131.73 -9.98
12.12 132.04 -9.98
12.13 132.35 -9.98
12.14 132.67 -9.98
12.15 132.98 -9.98
12.16 133.29 -9.98
12.17 133.60 -9.98
12.18 133.92 -9.98
12.19 134.23 -9.98
12.20 134.54 -9.98
12.21 134.85 -9.98
12.22 135.17 -9.98
12.23 135.48 -9.98
12.24 135.79 -9.98
12.25 136.10 -9.98
12.26 136.42 -9.98
12.27 136.73 -9.98
12.28 137.04 -9.98
12.29 137.35 -9.98
12.30 137.67 -9.98
12.31 137.98 -9.98
12.32 138.29 -9.98
12.33 138.60 -9.98
12.34 138.91 -9.98
12.35 139.23 -9.98
12.36 139.54 -9.98
12.37 139.85 -9.98
12.38 140.16 -9.98
12.39 140.48 -9.98
12.40 140.79 -9.98
12.41 141.10 -9.98
12.42 141.41 -9.98
12.43 141.73 -9.98
12.44 142.04 -9.98
12.45 142.35 -9.98
12.46 142.67 -9.98
12.47 142.98 -9.98
12.48 143.29 -9.98
12.49 143.60 -9.98
12.50 143.92 -9.98
12.51 144.23 -9.98
12.52 144.54 -9.97
12.53 144.85 -9.97
12.54 145.17 -9.97
12.55 145.48 -9.97
12.56 145.79 -9.97
12.57 146.10 -9.97
12.58 146.42 -9.97
12.59 146.73 -9.97
12.60 147.04 -9.97
12.61 147.35 -9.96
12.62 147.67 -9.96
12.63 147.98 -9.96
12.64 148.29 -9.96
12.65 148.60 -9.96
12.66 148.92 -9.96
12.67 149.23 -9.95
12.68 149.54 -9.95
12.69 149.86 -9.95
12.70 150.17 -9.95
12.71 150.48 -9.94
12.72 150.79 -9.94
12.73 151.11 -9.94
12.74 151.42 -9.94
12.75 151.73 -9.93
12.76 152.04 -9.93
12.77 152.36 -9.93
12.78 152.67 -9.92
12.79 152.98 -9.92
12.80 153.30 -9.92
12.81 153.61 -9.91
12.82 153.92 -9.91
12.83 154.23 -9.91
12.84 154.55 -9.90
12.85 154.86 -9.90
12.86 155.17 -9.89
12.87 155.49 -9.89
12.88 155.80 -9.89
12.89 156.11 -9.88
12.90 156.42 -9.88
12.91 156.74 -9.87
12.92 157.05 -9.87
12.93 157.36 -9.86
12.94 157.68 -9.86
12.95 157.99 -9.85
12.96 158.30 -9.85
12.97 158.61 -9.84
12.98 158.93 -9.84
12.99 159.24 -9.83
13.00 159.55 -9.83
13.01 159.87 -9.82
13.02 160.18 -9.82
13.03 160.49 -9.81
13.04 160.80 -9.81
13.05 161.12 -9.80
13.06 161.43 -9.79
13.07 161.74 -9.79
13.08 162.06 -9.78
13.09 162.37 -9.78
13.10 162.68 -9.77
13.11 163.00 -9.76
13.12 163.31 -9.76
13.13 163.62 -9.75
13.14 163.93 -9.74
13.15 164.25 -9.74
13.16 164.56 -9.73
13.17 164.87 -9.72
13.18 165.19 -9.71
13.19 165.50 -9.71
13.20 165.81 -9.70
13.21 166.13 -9.69
13.22 166.44 -9.68
13.23 166.75 -9.68
13.24 167.06 -9.67
13.25 167.38 -9.66
13.26 167.69 -9.65
13.27 168.00 -9.64
13.28 168.32 -9.64
13.29 168.63 -9.63
13.30 168.94 -9.62
13.31 169.26 -9.61
13.32 169.57 -9.60
13.33 169.88 -9.59
13.34 170.20 -9.59
13.35 170.51 -9.58
13.36 170.82 -9.57
13.37 171.13 -9.56
13.38 171.45 -9.55
13.39 171.76 -9.54
13.40 172.07 -9.53
13.41 172.39 -9.52
13.42 172.70 -9.51
13.43 173.01 -9.50
13.44 173.33 -9.49
13.45 173.64 -9.48
13.46 173.95 -9.47
13.47 174.27 -9.46
13.48 174.58 -9.45
13.49 174.89 -9.44
13.50 175.21 -9.43
13.51 175.52 -9.42
13.52 175.83 -9.41
13.53 176.15 -9.40
13.54 176.46 -9.39
13.55 176.77 -9.38
13.56 177.09 -9.37
13.57 177.40 -9.36
13.58 177.71 -9.34
13.59 178.02 -9.33
13.60 178.34 -9.32
13.61 178.65 -9.31
13.62 178.96 -9.30
13.63 179.28 -9.29
13.64 179.59 -9.27
13.65 179.90 -9.26
13.66 180.22 -9.25
13.67 180.53 -9.24
13.68 180.84 -9.23
13.69 181.16 -9.21
13.70 181.47 -9.20
13.71 181.78 -9.19
13.72 182.10 -9.18
13.73 182.41 -9.16
13.74 182.72 -9.15
13.75 183.04 -9.14
13.76 183.35 -9.13
13.77 183.66 -9.11
13.78 183.98 -9.10
13.79 184.29 -9.09
13.80 184.60 -9.07
13.81 184.92 -9.06
13.82 185.23 -9.05
13.83 185.54 -9.03
13.84 185.86 -9.02
13.85 186.17 -9.00
13.86 186.48 -8.99
13.87 186.80 -8.98
13.88 187.11 -8.96
13.89 187.42 -8.95
13.90 187.74 -8.93
13.91 188.05 -8.92
13.92 188.36 -8.90
13.93 188.68 -8.89
13.94 188.99 -8.87
13.95 189.30 -8.86
13.96 189.62 -8.84
13.97 189.93 -8.83
13.98 190.24 -8.81
13.99 190.56 -8.80
14.00 190.87 -8.78
14.01 191.18 -8.77
14.02 191.50 -8.75
14.03 191.81 -8.74
14.04 192.13 -8.72
14.05 192.44 -8.70
14.06 192.75 -8.69
14.07 193.07 -8.67
14.08 193.38 -8.66
14.09 193.69 -8.64
14.10 194.01 -8.62
14.11 194.32 -8.61
14.12 194.63 -8.59
14.13 194.95 -8.57
14.14 195.26 -8.56
14.15 195.57 -8.54
14.16 195.89 -8.52
14.17 196.20 -8.51
14.18 196.51 -8.49
14.19 196.83 -8.47
14.20 197.14 -8.45
14.21 197.45 -8.44
14.22 197.77 -8.42
14.23 198.08 -8.40
14.24 198.40 -8.38
14.25 198.71 -8.37
14.26 199.02 -8.35
14.27 199.34 -8.33
14.28 199.65 -8.31
14.29 199.96 -8.29
14.30 200.28 -8.27
14.31 200.59 -8.26
14.32 200.90 -8.24
14.33 201.22 -8.22
14.34 201.53 -8.20
14.35 201.84 -8.18
14.36 202.16 -8.16
14.37 202.47 -8.14
14.38 202.78 -8.12
14.39 203.10 -8.10
14.40 203.41 -8.09
14.41 203.73 -8.07
14.42 204.04 -8.05
14.43 204.35 -8.03
14.44 204.67 -8.01
14.45 204.98 -7.99
14.46 205.29 -7.97
14.47 205.61 -7.95
14.48 205.92 -7.93
14.49 206.24 -7.91
14.50 206.55 -7.89
14.51 206.87 -7.87
14.52 207.18 -7.84
14.53 207.50 -7.82
14.54 207.81 -7.80
14.55 208.13 -7.78
14.56 208.44 -7.76
14.57 208.76 -7.74
14.58 209.07 -7.72
14.59 209.39 -7.70
14.60 209.71 -7.68
14.61 210.02 -7.65
14.62 210.34 -7.63
14.63 210.66 -7.61
14.64 210.97 -7.59
14.65 211.29 -7.57
14.66 211.61 -7.55
14.67 211.93 -7.52
14.68 212.24 -7.50
14.69 212.56 -7.48
14.70 212.88 -7.46
14.71 213.20 -7.43
14.72 213.52 -7.41
14.73 213.84 -7.39
14.74 214.15 -7.37
14.75 214.47 -7.35
14.76 214.79 -7.33
14.77 215.11 -7.30
14.78 215.43 -7.28
14.79 215.75 -7.26
14.80 216.07 -7.24
14.81 216.39 -7.22
14.82 216.71 -7.20
14.83 217.03 -7.18
14.84 217.35 -7.16
14.85 217.67 -7.14
14.86 218.00 -7.12
14.87 218.32 -7.09
14.88 218.64 -7.09
14.89 218.96 -7.09
14.90 219.28 -7.09
14.91 219.60 -7.09
14.92 219.93 -7.09
14.93 220.25 -7.09
14.94 220.57 -7.09
14.95 220.89 -7.09
14.96 221.22 -7.09
14.97 221.54 -7.09
14.98 221.86 -7.09
14.99 222.19 -7.09
15.00 222.51 -7.09
15.01 222.83 -7.09
15.02 223.16 -7.08
15.03 223.48 -7.08
15.04 223.81 -7.08
15.05 224.13 -7.08
15.06 224.45 -7.08
15.07 224.78 -7.08
15.08 225.10 -7.07
15.09 225.43 -7.07
15.10 225.75 -7.07
15.11 226.08 -7.07
15.12 226.41 -7.06
15.13 226.73 -7.06
15.14 227.06 -7.06
15.15 227.38 -7.06
15.16 227.71 -7.05
15.17 228.04 -7.05
15.18 228.36 -7.05
15.19 228.69 -7.05
15.20 229.02 -7.04
15.21 229.34 -7.04
15.22 229.67 -7.04
15.23 230.00 -7.03
15.24 230.33 -7.03
15.25 230.65 -7.02
15.26 230.98 -7.02
15.27 231.31 -7.02
15.28 231.64 -7.01
15.29 231.97 -7.01
15.30 232.30 -7.00
15.31 232.63 -7.00
15.32 232.95 -7.00
15.33 233.28 -6.99
15.34 233.61 -6.99
15.35 233.94 -6.98
15.36 234.27 -6.98
15.37 234.60 -6.97
15.38 234.93 -6.97
15.39 235.26 -6.96
15.40 235.59 -6.96
15.41 235.92 -6.95
15.42 236.25 -6.95
15.43 236.59 -6.94
15.44 236.92 -6.94
15.45 237.25 -6.93
15.46 237.58 -6.92
15.47 237.91 -6.92
15.48 238.24 -6.91
15.49 238.57 -6.91
15.50 238.91 -6.90
15.51 239.24 -6.89
15.52 239.57 -6.89
15.53 239.90 -6.88
15.54 240.24 -6.87
15.55 240.57 -6.87
15.56 240.90 -6.86
15.57 241.24 -6.85
15.58 241.57 -6.85
15.59 241.90 -6.84
15.60 242.24 -6.83
15.61 242.57 -6.82
15.62 242.90 -6.82
15.63 243.24 -6.81
15.64 243.57 -6.80
15.65 243.91 -6.79
15.66 244.24 -6.79
15.67 244.58 -6.78
15.68 244.91 -6.77
15.69 245.25 -6.76
15.70 245.58 -6.75
15.71 245.92 -6.75
15.72 246.25 -6.74
15.73 246.59 -6.73
15.74 246.93 -6.72
15.75 247.26 -6.71
15.76 247.60 -6.70
15.77 247.94 -6.69
15.78 248.27 -6.69
15.79 248.61 -6.68
15.80 248.95 -6.67
15.81 249.28 -6.66
15.82 249.62 -6.65
15.83 249.96 -6.64
15.84 250.30 -6.63
15.85 250.63 -6.62
15.86 250.97 -6.61
15.87 251.31 -6.60
15.88 251.65 -6.59
15.89 251.99 -6.58
15.90 252.32 -6.57
15.91 252.66 -6.56
15.92 253.00 -6.55
15.93 253.34 -6.54
15.94 253.68 -6.53
15.95 254.02 -6.52
15.96 254.36 -6.51
15.97 254.70 -6.50
15.98 255.04 -6.49
15.99 255.38 -6.48
16.00 255.72 -6.47
16.01 256.06 -6.46
16.02 256.40 -6.45
16.03 256.74 -6.44
16.04 257.08 -6.43
16.05 257.42 -6.42
16.06 257.76 -6.41
16.07 258.11 -6.40
16.08 258.45 -6.39
16.09 258.79 -6.39
16.10 259.13 -6.38
16.11 259.47 -6.37
16.12 259.81 -6.36
16.13 260.16 -6.35
16.14 260.50 -6.34
16.15 260.84 -6.34
16.16 261.18 -6.33
16.17 261.53 -6.32
16.18 261.87 -6.31
16.19 262.21 -6.30
16.20 262.56 -6.30
16.21 262.90 -6.29
16.22 263.24 -6.28
16.23 263.59 -6.27
16.24 263.93 -6.27
16.25 264.27 -6.26
16.26 264.62 -6.25
16.27 264.96 -6.24
16.28 265.31 -6.24
16.29 265.65 -6.23
16.30 266.00 -6.22
16.31 266.34 -6.22
16.32 266.69 -6.21
16.33 267.03 -6.20
16.34 267.38 -6.20
16.35 267.72 -6.19
16.36 268.07 -6.19
16.37 268.41 -6.18
16.38 268.76 -6.17
16.39 269.11 -6.17
16.40 269.45 -6.16
16.41 269.80 -6.16
16.42 270.15 -6.15
16.43 270.49 -6.15
16.44 270.84 -6.14
16.45 271.19 -6.14
16.46 271.53 -6.13
16.47 271.88 -6.13
16.48 272.23 -6.12
16.49 272.58 -6.12
16.50 272.92 -6.11
16.51 273.27 -6.11
16.52 273.62 -6.10
16.53 273.97 -6.10
16.54 274.32 -6.09
16.55 274.67 -6.09
16.56 275.01 -6.08
16.57 275.36 -6.08
16.58 275.71 -6.08
16.59 276.06 -6.07
16.60 276.41 -6.07
16.61 276.76 -6.07
16.62 277.11 -6.06
16.63 277.46 -6.06
16.64 277.81 -6.06
16.65 278.16 -6.05
16.66 278.51 -6.05
16.67 278.86 -6.05
16.68 279.21 -6.04
16.69 279.56 -6.04
16.70 279.91 -6.04
16.71 280.26 -6.03
16.72 280.61 -6.03
16.73 280.96 -6.03
16.74 281.32 -6.03
16.75 281.67 -6.02
16.76 282.02 -6.02
16.77 282.37 -6.02
16.78 282.72 -6.02
16.79 283.07 -6.02
16.80 283.43 -6.01
16.81 283.78 -6.01
16.82 284.13 -6.01
16.83 284.48 -6.01
16.84 284.84 -6.01
16.85 285.19 -6.01
16.86 285.54 -6.01
16.87 285.89 -6.00
16.88 286.25 -6.00
16.89 286.60 -6.00
16.90 286.95 -6.00
16.91 287.31 -6.00
16.92 287.66 -6.00
16.93 288.02 -6.00
16.94 288.37 -6.00
16.95 288.72 -6.00
16.96 289.08 -6.00
16.97 289.43 -6.00
16.98 289.79 -6.00
16.99 290.14 -6.00
17.00 290.50 -6.00
17.01 290.85 -6.00
17.02 291.21 -6.00
17.03 291.56 -6.00
17.04 291.92 -6.00
17.05 292.27 -6.00
17.06 292.63 -6.00
17.07 292.99 -6.00
17.08 293.34 -6.00
17.09 293.70 -6.00
17.10 294.05 -6.00
17.11 294.41 -6.00
17.12 294.77 -6.00
17.13 295.12 -6.00
17.14 295.48 -6.00
17.15 295.84 -6.00
17.16 296.20 -6.00
17.17 296.55 -6.00
17.18 296.91 -6.00
17.19 297.27 -6.00
17.20 297.62 -6.00
17.21 297.98 -6.00
17.22 298.34 -6.00
17.23 298.70 -6.00
17.24 299.06 -6.00
17.25 299.42 -6.00
17.26 299.77 -6.00
17.27 300.13 -6.00
17.28 300.49 -6.00
17.29 300.85 -6.00
17.30 301.21 -6.00
17.31 301.57 -6.00
17.32 301.93 -6.00
17.33 302.29 -6.00
17.34 302.65 -6.00
17.35 303.01 -6.00
17.36 303.37 -6.00
17.37 303.73 -6.00
17.38 304.09 -6.00
17.39 304.45 -6.00
17.40 304.81 -6.00
17.41 305.17 -6.00
17.42 305.53 -6.00
17.43 305.89 -6.00
17.44 306.25 -6.00
17.45 306.61 -6.00
17.46 306.97 -6.00
17.47 307.33 -6.00
17.48 307.69 -6.00
17.49 308.05 -6.00
17.50 308.42 -6.00
17.51 308.78 -6.00
17.52 309.14 -6.00
17.53 309.50 -6.00
17.54 309.86 -6.00
17.55 310.23 -6.00
17.56 310.59 -6.00
17.57 310.95 -6.00
17.58 311.31 -6.00
17.59 311.68 -6.00
17.60 312.04 -6.00
17.61 312.40 -6.00
17.62 312.76 -6.00
17.63 313.13 -6.00
17.64 313.49 -6.00
17.65 313.85 -6.00
17.66 314.22 -6.00
17.67 314.58 -6.00
17.68 314.95 -6.00
17.69 315.31 -6.00
17.70 315.67 -6.00
17.71 316.04 -6.00
17.72 316.40 -6.00
17.73 316.77 -6.00
17.74 317.13 -6.00
17.75 317.50 -6.00
17.76 317.86 -6.00
17.77 318.23 -6.00
17.78 318.59 -6.00
17.79 318.96 -6.00
17.80 319.32 -6.00
17.81 319.69 -6.00
17.82 320.05 -6.00
17.83 320.42 -6.00
17.84 320.78 -6.00
17.85 321.15 -6.00
17.86 321.52 -6.00
17.87 321.88 -6.00
17.88 322.25 -6.00
17.89 322.62 -6.00
17.90 322.98 -6.00
17.91 323.35 -6.00
17.92 323.72 -6.00
17.93 324.08 -6.00
17.94 324.45 -6.00
17.95 324.82 -6.00
17.96 325.18 -6.00
17.97 325.55 -6.00
17.98 325.92 -6.00
17.99 326.29 -6.00
18.00 326.65 -6.00
18.01 327.02 -6.00
18.02 327.39 -6.00
18.03 327.76 -6.00
18.04 328.13 -6.00
18.05 328.49 -6.00
18.06 328.86 -6.00
18.07 329.23 -6.00
18.08 329.60 -6.00
18.09 329.97 -6.00
18.10 330.34 -6.00
18.11 330.71 -6.00
18.12 331.08 -6.00
18.13 331.45 -6.00
18.14 331.81 -6.00
18.15 332.18 -6.00
18.16 332.55 -6.00
18.17 332.92 -6.00
18.18 333.29 -6.00
18.19 333.66 -6.00
18.20 334.03 -6.00
18.21 334.40 -6.00
18.22 334.77 -6.00
18.23 335.14 -6.00
18.24 335.52 -6.00
18.25 335.89 -6.00
18.26 336.26 -6.00
18.27 336.63 -6.00
18.28 337.00 -6.00
18.29 337.37 -6.00
18.30 337.74 -6.00
18.31 338.11 -6.00
18.32 338.48 -6.00
18.33 338.86 -6.00
18.34 339.23 -6.00
18.35 339.60 -6.00
18.36 339.97 -6.00
18.37 340.34 -6.00
18.38 340.72 -6.00
18.39 341.09 -6.00
18.40 341.46 -6.00
18.41 341.83 -6.00
18.42 342.21 -6.00
18.43 342.58 -6.00
18.44 342.95 -6.00
18.45 343.32 -6.00
18.46 343.70 -6.00
18.47 344.07 -6.00
18.48 344.44 -6.00
18.49 344.82 -6.00
18.50 345.19 -6.00
18.51 345.56 -6.00
18.52 345.94 -6.00
18.53 346.31 -6.00
18.54 346.69 -6.00
18.55 347.06 -6.00
18.56 347.43 -6.00
18.57 347.81 -6.00
18.58 348.18 -6.00
18.59 348.56 -6.00
18.60 348.93 -6.00
18.61 349.31 -6.00
18.62 349.68 -6.00
18.63 350.06 -6.00
18.64 350.43 -6.00
18.65 350.81 -6.00
18.66 351.18 -6.00
18.67 351.56 -6.00
18.68 351.93 -6.00
18.69 352.31 -6.00
18.70 352.68 -6.00
18.71 353.06 -6.00
18.72 353.43 -6.00
18.73 353.81 -6.00
18.74 354.19 -6.00
18.75 354.56 -6.00
18.76 354.94 -6.00
18.77 355.32 -6.00
18.78 355.69 -6.00
18.79 356.07 -6.00
18.80 356.45 -6.00
18.81 356.82 -6.00
18.82 357.20 -6.00
18.83 357.58 -6.00
18.84 357.95 -6.00
18.85 358.33 -6.00
18.86 358.71 -6.00
18.87 359.09 -6.00
18.88 359.46 -6.00
18.89 359.84 -6.00
18.90 360.22 -6.00
18.91 360.60 -6.00
18.92 360.97 -6.00
18.93 361.35 -6.00
18.94 361.73 -6.00
18.95 362.11 -6.00
18.96 362.49 -6.00
18.97 362.87 -6.00
18.98 363.24 -6.00
18.99 363.62 -6.00
19.00 364.00 -6.00
19.01 364.38 -6.00
19.02 364.76 -6.00
19.03 365.14 -6.00
19.04 365.52 -6.00
19.05 365.90 -6.00
19.06 366.28 -6.00
19.07 366.66 -6.00
19.08 367.04 -6.00
19.09 367.42 -6.00
19.10 367.79 -6.00
19.11 368.17 -6.00
19.12 368.55 -6.00
19.13 368.93 -6.00
19.14 369.31 -6.00
19.15 369.70 -6.00
19.16 370.08 -6.00
19.17 370.46 -6.00
19.18 370.84 -6.00
19.19 371.22 -6.00
19.20 371.60 -6.00
19.21 371.98 -6.00
19.22 372.36 -6.00
19.23 372.74 -6.00
19.24 373.12 -6.00
19.25 373.50 -6.00
19.26 373.88 -6.00
19.27 374.27 -6.00
19.28 374.65 -6.00
19.29 375.03 -6.00
19.30 375.41 -6.00
19.31 375.79 -6.00
19.32 376.18 -6.00
19.33 376.56 -6.00
19.34 376.94 -6.00
19.35 377.32 -6.00
19.36 377.70 -6.00
19.37 378.09 -6.00
19.38 378.47 -6.00
19.39 378.85 -6.00
19.40 379.23 -6.00
19.41 379.62 -6.00
19.42 380.00 -6.00
19.43 380.38 -6.00
19.44 380.77 -6.00
19.45 381.15 -6.00
19.46 381.53 -6.00
19.47 381.92 -6.00
19.48 382.30 -6.00
19.49 382.68 -6.00
19.50 383.07 -6.00
19.51 383.45 -6.00
19.52 383.83 -6.00
19.53 384.22 -6.00
19.54 384.60 -6.00
19.55 384.99 -6.00
19.56 385.37 -6.00
19.57 385.75 -6.00
19.58 386.14 -6.00
19.59 386.52 -6.00
19.60 386.91 -6.00
19.61 387.29 -6.00
19.62 387.68 -6.00
19.63 388.06 -6.00
19.64 388.45 -6.00
19.65 388.83 -6.00
19.66 389.22 -6.00
19.67 389.60 -6.00
19.68 389.99 -6.00
19.69 390.37 -6.00
19.70 390.76 -6.00
19.71 391.14 -6.00
19.72 391.53 -6.00
19.73 391.92 -6.00
19.74 392.30 -6.00
19.75 392.69 -6.00
19.76 393.07 -6.00
19.77 393.46 -6.00
19.78 393.85 -6.00
19.79 394.23 -6.00
19.80 394.62 -6.00
19.81 395.00 -6.00
19.82 395.39 -6.00
19.83 395.78 -6.00
19.84 396.16 -6.00
19.85 396.55 -6.00
19.86 396.94 -6.00
19.87 397.33 -6.00
19.88 397.71 -6.00
19.89 398.10 -6.00
19.90 398.49 -6.00
19.91 398.87 -6.00
19.92 399.26 -6.00
19.93 399.65 -6.00
19.94 400.04 -6.00
19.95 400.42 -6.00
19.96 400.81 -6.00
19.97 401.20 -6.00
19.98 401.59 -6.00
19.99 401.98 -6.00
20.00 402.36 -6.00
20.01 402.75 -6.00
20.02 403.14 -6.00
20.03 403.53 -6.00
20.04 403.92 -6.00
20.05 404.31 -6.00
20.06 404.69 -6.00
20.07 405.08 -6.00
20.08 405.47 -6.00
20.09 405.86 -6.00
20.10 406.25 -6.00
20.11 406.64 -6.00
20.12 407.03 -6.00
20.13 407.42 -6.00
20.14 407.81 -6.00
20.15 408.20 -6.00
20.16 408.59 -6.00
20.17 408.97 -6.00
20.18 409.36 -6.00
20.19 409.75 -6.00
20.20 410.14 -6.00
20.21 410.53 -6.00
20.22 410.92 -6.00
20.23 411.31 -6.00
20.24 411.70 -6.00
20.25 412.09 -6.00
20.26 412.48 -6.00
20.27 412.87 -6.00
20.28 413.27 -6.00
20.29 413.66 -6.00
20.30 414.05 -6.00
20.31 414.44 -6.00
20.32 414.83 -6.00
20.33 415.22 -6.00
20.34 415.61 -6.00
20.35 416.00 -6.00
20.36 416.39 -6.00
20.37 416.78 -6.00
20.38 417.17 -6.00
20.39 417.57 -6.00
20.40 417.96 -6.00
20.41 418.35 -6.00
20.42 418.74 -6.00
20.43 419.13 -6.00
20.44 419.52 -6.00
20.45 419.91 -6.00
20.46 420.31 -6.00
20.47 420.70 -6.00
20.48 421.09 -6.00
20.49 421.48 -6.00
20.50 421.88 -6.00
20.51 422.27 -6.00
20.52 422.66 -6.00
20.53 423.05 -6.00
20.54 423.44 -6.00
20.55 423.84 -6.00
20.56 424.23 -6.00
20.57 424.62 -6.00
20.58 425.02 -6.00
20.59 425.41 -6.00
20.60 425.80 -6.00
20.61 426.19 -6.00
20.62 426.59 -6.00
20.63 426.98 -6.00
20.64 427.37 -6.00
20.65 427.77 -6.00
20.66 428.16 -6.00
20.67 428.55 -6.00
20.68 428.95 -6.00
20.69 429.34 -6.00
20.70 429.73 -6.00
20.71 430.13 -6.00
20.72 430.52 -6.00
20.73 430.92 -6.00
20.74 431.31 -6.00
20.75 431.70 -6.00
20.76 432.10 -6.00
20.77 432.49 -6.00
20.78 432.89 -6.00
20.79 433.28 -6.00
20.80 433.68 -6.00
20.81 434.07 -6.00
20.82 434.47 -6.00
20.83 434.86 -6.00
20.84 435.25 -6.00
20.85 435.65 -6.00
20.86 436.04 -6.00
20.87 436.44 -6.00
20.88 436.83 -6.00
20.89 437.23 -6.00
20.90 437.62 -6.00
20.91 438.02 -6.00
20.92 438.42 -6.00
20.93 438.81 -6.00
20.94 439.21 -6.00
20.95 439.60 -6.00
20.96 440.00 -6.00
20.97 440.39 -6.00
20.98 440.79 -6.00
20.99 441.18 -6.00
21.00 441.58 -6.00
21.01 441.98 -6.00
21.02 442.37 -6.00
21.03 442.77 -6.00
21.04 443.16 -6.00
21.05 443.56 -6.00
21.06 443.96 -6.00
21.07 444.35 -6.00
21.08 444.75 -6.00
21.09 445.15 -6.00
21.10 445.54 -6.00
21.11 445.94 -6.00
21.12 446.34 -6.00
21.13 446.73 -6.00
21.14 447.13 -6.00
21.15 447.53 -6.00
21.16 447.92 -6.00
21.17 448.32 -6.00
21.18 448.72 -6.00
21.19 449.12 -6.00
21.20 449.51 -6.00
21.21 449.91 -6.00
21.22 450.31 -6.00
21.23 450.71 -6.00
21.24 451.10 -6.00
21.25 451.50 -6.00
21.26 451.90 -6.00
21.27 452.30 -6.00
21.28 452.69 -6.00
21.29 453.09 -6.00
21.30 453.49 -6.00
21.31 453.89 -6.00
21.32 454.29 -6.00
21.33 454.68 -6.00
21.34 455.08 -6.00
21.35 455.48 -6.00
21.36 455.88 -6.00
21.37 456.28 -6.00
21.38 456.68 -6.00
21.39 457.07 -6.00
21.40 457.47 -6.00
21.41 457.87 -6.00
21.42 458.27 -6.00
21.43 458.67 -6.00
21.44 459.07 -6.00
21.45 459.47 -6.00
21.46 459.87 -6.00
21.47 460.26 -6.00
21.48 460.66 -6.00
21.49 461.06 -6.00
21.50 461.46 -6.00
21.51 461.86 -6.00
21.52 462.26 -6.00
21.53 462.66 -6.00
21.54 463.06 -6.00
21.55 463.46 -6.00
21.56 463.86 -6.00
21.57 464.26 -6.00
21.58 464.66 -6.00
21.59 465.06 -6.00
21.60 465.46 -6.00
21.61 465.86 -6.00
21.62 466.26 -6.00
21.63 466.66 -6.00
21.64 467.06 -6.00
21.65 467.46 -6.00
21.66 467.86 -6.00
21.67 468.26 -6.00
21.68 468.66 -6.00
21.69 469.06 -6.00
21.70 469.46 -6.00
21.71 469.86 -6.00
21.72 470.26 -6.00
21.73 470.66 -6.00
21.74 471.06 -6.00
21.75 471.46 -6.00
21.76 471.87 -6.00
21.77 472.27 -6.00
21.78 472.67 -6.00
21.79 473.07 -6.00
21.80 473.47 -6.00
21.81 473.87 -6.00
21.82 474.27 -6.00
21.83 474.67 -6.00
21.84 475.08 -6.00
21.85 475.48 -6.00
21.86 475.88 -6.00
21.87 476.28 -6.00
21.88 476.68 -6.00
21.89 477.08 -6.00
21.90 477.48 -6.00
21.91 477.89 -6.00
21.92 478.29 -6.00
21.93 478.69 -6.00
21.94 479.09 -6.00
21.95 479.49 -6.00
21.96 479.90 -6.00
21.97 480.30 -6.00
21.98 480.70 -6.00
21.99 481.10 -6.00
22.00 481.51 -6.00
22.01 481.91 -6.00
22.02 482.31 -6.00
22.03 482.71 -6.00
22.04 483.12 -6.00
22.05 483.52 -6.00
22.06 483.92 -6.00
22.07 484.32 -6.00
22.08 484.73 -6.00
22.09 485.13 -6.00
22.10 485.53 -6.00
22.11 485.93 -6.00
22.12 486.34 -6.00
22.13 486.74 -6.00
22.14 487.14 -6.00
22.15 487.55 -6.00
22.16 487.95 -6.00
22.17 488.35 -6.00
22.18 488.76 -6.00
22.19 489.16 -6.00
22.20 489.56 -6.00
22.21 489.97 -6.00
22.22 490.37 -6.00
22.23 490.77 -6.00
22.24 491.18 -6.00
22.25 491.58 -6.00
22.26 491.99 -6.00
22.27 492.39 -6.00
22.28 492.79 -6.00
22.29 493.20 -6.00
22.30 493.60 -6.00
22.31 494.01 -6.00
22.32 494.41 -6.00
22.33 494.81 -6.00
22.34 495.22 -6.00
22.35 495.62 -6.00
22.36 496.03 -6.00
22.37 496.43 -6.00
22.38 496.84 -6.00
22.39 497.24 -6.00
22.40 497.65 -6.00
22.41 498.05 -6.00
22.42 498.45 -6.00
22.43 498.86 -6.00
22.44 499.26 -6.00
22.45 499.67 -6.00
22.46 500.07 -6.00
22.47 500.48 -6.00
22.48 500.88 -6.00
22.49 501.29 -6.00
22.50 501.69 -6.00
22.51 502.10 -6.00
22.52 502.50 -6.00
22.53 502.91 -6.00
22.54 503.31 -6.00
22.55 503.72 -6.00
22.56 504.13 -6.00
22.57 504.53 -6.00
22.58 504.94 -6.00
22.59 505.34 -6.00
22.60 505.75 -6.00
22.61 506.15 -6.00
22.62 506.56 -6.00
22.63 506.96 -6.00
22.64 507.37 -6.00
22.65 507.78 -6.00
22.66 508.18 -6.00
22.67 508.59 -6.00
22.68 508.99 -6.00
22.69 509.40 -6.00
22.70 509.81 -6.00
22.71 510.21 -6.00
22.72 510.62 -6.00
22.73 511.03 -6.00
22.74 511.43 -6.00
22.75 511.84 -6.00
22.76 512.24 -6.00
22.77 512.65 -6.00
22.78 513.06 -6.00
22.79 513.46 -6.00
22.80 513.87 -6.00
22.81 514.28 -6.00
22.82 514.68 -6.00
22.83 515.09 -6.00
22.84 515.50 -6.00
22.85 515.90 -6.00
22.86 516.31 -6.00
22.87 516.72 -6.00
22.88 517.13 -6.00
22.89 517.53 -6.00
22.90 517.94 -6.00
22.91 518.35 -6.00
22.92 518.75 -6.00
22.93 519.16 -6.00
22.94 519.57 -6.00
22.95 519.98 -6.00
22.96 520.38 -6.00
22.97 520.79 -6.00
22.98 521.20 -6.00
22.99 521.61 -6.00
23.00 522.01 -6.00
23.01 522.42 -6.00
23.02 522.83 -6.00
23.03 523.24 -6.00
23.04 523.64 -6.00
23.05 524.05 -6.00
23.06 524.46 -6.00
23.07 524.87 -6.00
23.08 525.28 -6.00
23.09 525.68 -6.00
23.10 526.09 -6.00
23.11 526.50 -6.00
23.12 526.91 -6.00
23.13 527.32 -6.00
23.14 527.72 -6.00
23.15 528.13 -6.00
23.16 528.54 -6.00
23.17 528.95 -6.00
23.18 529.36 -6.00
23.19 529.77 -6.00
23.20 530.17 -6.00
23.21 530.58 -6.00
23.22 530.99 -6.00
23.23 531.40 -6.00
23.24 531.81 -6.00
23.25 532.22 -6.00
23.26 532.63 -6.00
23.27 533.04 -6.00
23.28 533.44 -6.00
23.29 533.85 -6.00
23.30 534.26 -6.00
23.31 534.67 -6.00
23.32 535.08 -6.00
23.33 535.49 -6.00
23.34 535.90 -6.00
23.35 536.31 -6.00
23.36 536.72 -6.00
23.37 537.13 -6.00
23.38 537.54 -6.00
23.39 537.95 -6.00
23.40 538.35 -6.00
23.41 538.76 -6.00
23.42 539.17 -6.00
23.43 539.58 -6.00
23.44 539.99 -6.00
23.45 540.40 -6.00
23.46 540.81 -6.00
23.47 541.22 -6.00
23.48 541.63 -6.00
23.49 542.04 -6.00
23.50 542.45 -6.00
23.51 542.86 -6.00
23.52 543.27 -6.00
23.53 543.68 -6.00
23.54 544.09 -6.00
23.55 544.50 -6.00
23.56 544.91 -6.00
23.57 545.32 -6.00
23.58 545.73 -6.00
23.59 546.14 -6.00
23.60 546.55 -6.00
23.61 546.96 -6.00
23.62 547.37 -6.00
23.63 547.78 -6.00
23.64 548.19 -6.00
23.65 548.60 -6.00
23.66 549.01 -6.00
23.67 549.43 -6.00
23.68 549.84 -6.00
23.69 550.25 -6.00
23.70 550.66 -6.00
23.71 551.07 -6.00
23.72 551.48 -6.00
23.73 551.89 -6.00
23.74 552.30 -6.00
23.75 552.71 -6.00
23.76 553.12 -6.00
23.77 553.53 -6.00
23.78 553.94 -6.00
23.79 554.36 -6.00
23.80 554.77 -6.00
23.81 555.18 -6.00
23.82 555.59 -6.00
23.83 556.00 -6.00
23.84 556.41 -6.00
23.85 556.82 -6.00
23.86 557.23 -6.00
23.87 557.64 -6.00
23.88 558.06 -6.00
23.89 558.47 -6.00
23.90 558.88 -6.00
23.91 559.29 -6.00
23.92 559.70 -6.00
23.93 560.11 -6.00
23.94 560.53 -6.00
23.95 560.94 -6.00
23.96 561.35 -6.00
23.97 561.76 -6.00
23.98 562.17 -6.00
23.99 562.58 -6.00
24.00 563.00 -6.00
24.01 563.41 -6.00
24.02 563.82 -6.00
24.03 564.23 -6.00
24.04 564.64 -6.00
24.05 565.06 -6.00
24.06 565.47 -6.00
24.07 565.88 -6.00
24.08 566.29 -6.00
24.09 566.70 -6.00
24.10 567.12 -6.00
24.11 567.53 -6.00
24.12 567.94 -6.00
24.13 568.35 -6.00
24.14 568.77 -6.00
24.15 569.18 -6.00
24.16 569.59 -6.00
24.17 570.00 -6.00
24.18 570.42 -6.00
24.19 570.83 -6.00
24.20 571.24 -6.00
24.21 571.65 -6.00
24.22 572.07 -6.00
24.23 572.48 -6.00
24.24 572.89 -6.00
24.25 573.31 -6.00
24.26 573.72 -6.00
24.27 574.13 -6.00
24.28 574.54 -6.00
24.29 574.96 -6.00
24.30 575.37 -6.00
24.31 575.78 -6.00
24.32 576.20 -6.00
24.33 576.61 -6.00
24.34 577.02 -6.00
24.35 577.43 -6.00
24.36 577.85 -6.00
24.37 578.26 -6.00
24.38 578.67 -6.00
24.39 579.09 -6.00
24.40 579.50 -6.00
24.41 579.91 -6.00
24.42 580.33 -6.00
24.43 580.74 -6.00
24.44 581.16 -6.00
24.45 581.57 -6.00
24.46 581.98 -6.00
24.47 582.40 -6.00
24.48 582.81 -6.00
24.49 583.22 -6.00
24.50 583.64 -6.00
24.51 584.05 -6.00
24.52 584.46 -6.00
24.53 584.88 -6.00
24.54 585.29 -6.00
24.55 585.71 -6.00
24.56 586.12 -6.00
24.57 586.53 -6.00
24.58 586.95 -6.00
24.59 587.36 -6.00
24.60 587.78 -6.00
24.61 588.19 -6.00
24.62 588.60 -6.00
24.63 589.02 -6.00
24.64 589.43 -6.00
24.65 589.85 -6.00
24.66 590.26 -6.00
24.67 590.67 -6.00
24.68 591.09 -6.00
24.69 591.50 -6.00
24.70 591.92 -6.00
24.71 592.33 -6.00
24.72 592.75 -6.00
24.73 593.16 -6.00
24.74 593.58 -6.00
24.75 593.99 -6.00
24.76 594.40 -6.00
24.77 594.82 -6.00
24.78 595.23 -6.00
24.79 595.65 -6.00
24.80 596.06 -6.00
24.81 596.48 -6.00
24.82 596.89 -6.00
24.83 597.31 -6.00
24.84 597.72 -6.00
24.85 598.14 -6.00
24.86 598.55 -6.00
24.87 598.97 -6.00
24.88 599.38 -6.00
24.89 599.80 -6.00
24.90 600.21 -6.00
24.91 600.63 -6.00
24.92 601.04 -6.00
24.93 601.46 -6.00
24.94 601.87 -6.00
24.95 602.29 -6.00
24.96 602.70 -6.00
24.97 603.12 -6.00
24.98 603.53 -6.00
24.99 603.95 -6.00
25.00 604.36 -6.00
25.01 604.78 -6.00
25.02 605.19 -6.00
25.03 605.61 -6.00
25.04 606.02 -6.00
25.05 606.44 -6.00
25.06 606.86 -6.00
25.07 607.27 -6.00
25.08 607.69 -6.00
25.09 608.10 -6.00
25.10 608.52 -6.00
25.11 608.93 -6.00
25.12 609.35 -6.00
25.13 609.76 -6.00
25.14 610.18 -6.00
25.15 610.60 -6.00
25.16 611.01 -6.00
25.17 611.43 -6.00
25.18 611.84 -6.00
25.19 612.26 -6.00
25.20 612.68 -6.00
25.21 613.09 -6.00
25.22 613.51 -6.00
25.23 613.92 -6.00
25.24 614.34 -6.00
25.25 614.76 -6.00
25.26 615.17 -6.00
25.27 615.59 -6.00
25.28 616.00 -6.00
25.29 616.42 -6.00
25.30 616.84 -6.00
25.31 617.25 -6.00
25.32 617.67 -6.00
25.33 618.09 -6.00
25.34 618.50 -6.00
25.35 618.92 -6.00
25.36 619.33 -6.00
25.37 619.75 -6.00
25.38 620.17 -6.00
25.39 620.58 -6.00
25.40 621.00 -6.00
25.41 621.42 -6.00
25.42 621.83 -6.00
25.43 622.25 -6.00
25.44 622.67 -6.00
25.45 623.08 -6.00
25.46 623.50 -6.00
25.47 623.92 -6.00
25.48 624.33 -6.00
25.49 624.75 -6.00
25.50 625.17 -6.00
25.51 625.58 -6.00
25.52 626.00 -6.00
25.53 626.42 -6.00
25.54 626.83 -6.00
25.55 627.25 -6.00
25.56 627.67 -6.00
25.57 628.08 -6.00
25.58 628.50 -6.00
25.59 628.92 -6.00
25.60 629.34 -6.00
25.61 629.75 -6.00
25.62 630.17 -6.00
25.63 630.59 -6.00
25.64 631.00 -6.00
25.65 631.42 -6.00
25.66 631.84 -6.00
25.67 632.26 -6.00
25.68 632.67 -6.00
25.69 633.09 -6.00
25.70 633.51 -6.00
25.71 633.93 -6.00
25.72 634.34 -6.00
25.73 634.76 -6.00
25.74 635.18 -6.00
25.75 635.59 -6.00
25.76 636.01 -6.00
25.77 636.43 -6.00
25.78 636.85 -6.00
25.79 637.26 -6.00
25.80 637.68 -6.00
25.81 638.10 -6.00
25.82 638.52 -6.00
25.83 638.94 -6.00
25.84 639.35 -6.00
25.85 639.77 -6.00
25.86 640.19 -6.00
25.87 640.61 -6.00
25.88 641.02 -6.00
25.89 641.44 -6.00
25.90 641.86 -6.00
25.91 642.28 -6.00
25.92 642.70 -6.00
25.93 643.11 -6.00
25.94 643.53 -6.00
25.95 643.95 -6.00
25.96 644.37 -6.00
25.97 644.78 -6.00
25.98 645.20 -6.00
25.99 645.62 -6.00
26.00 646.04 -6.00
26.01 646.46 -6.00
26.02 646.88 -6.00
26.03 647.29 -6.00
26.04 647.71 -6.00
26.05 648.13 -6.00
26.06 648.55 -6.00
26.07 648.97 -6.00
26.08 649.38 -6.00
26.09 649.80 -6.00
26.10 650.22 -6.00
26.11 650.64 -6.00
26.12 651.06 -6.00
26.13 651.48 -6.00
26.14 651.89 -6.00
26.15 652.31 -6.00
26.16 652.73 -6.00
26.17 653.15 -6.00
26.18 653.57 -6.00
26.19 653.99 -6.00
26.20 654.41 -6.00
26.21 654.82 -6.00
26.22 655.24 -6.00
26.23 655.66 -6.00
26.24 656.08 -6.00
26.25 656.50 -6.00
26.26 656.92 -6.00
26.27 657.34 -6.00
26.28 657.76 -6.00
26.29 658.17 -6.00
26.30 658.59 -6.00
26.31 659.01 -6.00
26.32 659.43 -6.00
26.33 659.85 -6.00
26.34 660.27 -6.00
26.35 660.69 -6.00
26.36 661.11 -6.00
26.37 661.52 -6.00
26.38 661.94 -6.00
26.39 662.36 -6.00
26.40 662.78 -6.00
26.41 663.20 -6.00
26.42 663.62 -6.00
26.43 664.04 -6.00
26.44 664.46 -6.00
26.45 664.88 -6.00
26.46 665.30 -6.00
26.47 665.72 -6.00
26.48 666.13 -6.00
26.49 666.55 -6.00
26.50 666.97 -6.00
26.51 667.39 -6.00
26.52 667.81 -6.00
26.53 668.23 -6.00
26.54 668.65 -6.00
26.55 669.07 -6.00
26.56 669.49 -6.00
26.57 669.91 -6.00
26.58 670.33 -6.00
26.59 670.75 -6.00
26.60 671.17 -6.00
26.61 671.59 -6.00
26.62 672.01 -6.00
26.63 672.43 -6.00
26.64 672.84 -6.00
26.65 673.26 -6.00
26.66 673.68 -6.00
26.67 674.10 -6.00
26.68 674.52 -6.00
26.69 674.94 -6.00
26.70 675.36 -6.00
26.71 675.78 -6.00
26.72 676.20 -6.00
26.73 676.62 -6.00
26.74 677.04 -6.00
26.75 677.46 -6.00
26.76 677.88 -6.00
26.77 678.30 -6.00
26.78 678.72 -6.00
26.79 679.14 -6.00
26.80 679.56 -6.00
26.81 679.98 -6.00
26.82 680.40 -6.00
26.83 680.82 -6.00
26.84 681.24 -6.00
26.85 681.66 -6.00
26.86 682.08 -6.00
26.87 682.50 -6.00
26.88 682.92 -6.00
26.89 683.34 -6.00
26.90 683.76 -6.00
26.91 684.18 -6.00
26.92 684.60 -6.00
26.93 685.02 -6.00
26.94 685.44 -6.00
26.95 685.86 -6.00
26.96 686.28 -6.00
26.97 686.70 -6.00
26.98 687.12 -6.00
26.99 687.54 -6.00
27.00 687.96 -6.00
27.01 688.38 -6.00
27.02 688.80 -6.00
27.03 689.22 -6.00
27.04 689.64 -6.00
27.05 690.06 -6.00
27.06 690.48 -6.00
27.07 690.90 -6.00
27.08 691.33 -6.00
27.09 691.75 -6.00
27.10 692.17 -6.00
27.11 692.59 -6.00
27.12 693.01 -6.00
27.13 693.43 -6.00
27.14 693.85 -6.00
27.15 694.27 -6.00
27.16 694.69 -6.00
27.17 695.11 -6.00
27.18 695.53 -6.00
27.19 695.95 -6.00
27.20 696.37 -6.00
27.21 696.79 -6.00
27.22 697.21 -6.00
27.23 697.63 -6.00
27.24 698.05 -6.00
27.25 698.48 -6.00
27.26 698.90 -6.00
27.27 699.32 -6.00
27.28 699.74 -6.00
27.29 700.16 -6.00
27.30 700.58 -6.00
27.31 701.00 -6.00
27.32 701.42 -6.00
27.33 701.84 -6.00
27.34 702.26 -6.00
27.35 702.68 -6.00
27.36 703.11 -6.00
27.37 703.53 -6.00
27.38 703.95 -6.00
27.39 704.37 -6.00
27.40 704.79 -6.00
27.41 705.21 -6.00
27.42 705.63 -6.00
27.43 706.05 -6.00
27.44 706.47 -6.00
27.45 706.89 -6.00
27.46 707.32 -6.00
27.47 707.74 -6.00
27.48 708.16 -6.00
27.49 708.58 -6.00
27.50 709.00 -6.00
27.51 709.42 -6.00
27.52 709.84 -6.00
27.53 710.26 -6.00
27.54 710.69 -6.00
27.55 711.11 -6.00
27.56 711.53 -6.00
27.57 711.95 -6.00
27.58 712.37 -6.00
27.59 712.79 -6.00
27.60 713.21 -6.00
27.61 713.63 -6.00
27.62 714.06 -6.00
27.63 714.48 -6.00
27.64 714.90 -6.00
27.65 715.32 -6.00
27.66 715.74 -6.00
27.67 716.16 -6.00
27.68 716.59 -6.00
27.69 717.01 -6.00
27.70 717.43 -6.00
27.71 717.85 -6.00
27.72 718.27 -6.00
27.73 718.69 -6.00
27.74 719.11 -6.00
27.75 719.54 -6.00
27.76 719.96 -6.00
27.77 720.38 -6.00
27.78 720.80 -6.00
27.79 721.22 -6.00
27.80 721.64 -6.00
27.81 722.07 -6.00
27.82 722.49 -6.00
27.83 722.91 -6.00
27.84 723.33 -6.00
27.85 723.75 -6.00
27.86 724.18 -6.00
27.87 724.60 -6.00
27.88 725.02 -6.00
27.89 725.44 -6.00
27.90 725.86 -6.00
27.91 726.28 -6.00
27.92 726.71 -6.00
27.93 727.13 -6.00
27.94 727.55 -6.00
27.95 727.97 -6.00
27.96 728.39 -6.00
27.97 728.82 -6.00
27.98 729.24 -6.00
27.99 729.66 -6.00
28.00 730.08 -6.00
28.01 730.50 -6.00
28.02 730.93 -6.00
28.03 731.35 -6.00
28.04 731.77 -6.00
28.05 732.19 -6.00
28.06 732.61 -6.00
28.07 733.04 -6.00
28.08 733.46 -6.00
28.09 733.88 -6.00
28.10 734.30 -6.00
28.11 734.73 -6.00
28.12 735.15 -6.00
28.13 735.57 -6.00
28.14 735.99 -6.00
28.15 736.41 -6.00
28.16 736.84 -6.00
28.17 737.26 -6.00
28.18 737.68 -6.00
28.19 738.10 -6.00
28.20 738.53 -6.00
28.21 738.95 -6.00
28.22 739.37 -6.00
28.23 739.79 -6.00
28.24 740.22 -6.00
28.25 740.64 -6.00
28.26 741.06 -6.00
28.27 741.48 -6.00
28.28 741.91 -6.00
28.29 742.33 -6.00
28.30 742.75 -6.00
28.31 743.17 -6.00
28.32 743.60 -6.00
28.33 744.02 -6.00
28.34 744.44 -6.00
28.35 744.86 -6.00
28.36 745.29 -6.00
28.37 745.71 -6.00
28.38 746.13 -6.00
28.39 746.55 -6.00
28.40 746.98 -6.00
28.41 747.40 -6.00
28.42 747.82 -6.00
28.43 748.24 -6.00
28.44 748.67 -6.00
28.45 749.09 -6.00
28.46 749.51 -6.00
28.47 749.94 -6.00
28.48 750.36 -6.00
28.49 750.78 -6.00
28.50 751.20 -6.00
28.51 751.63 -6.00
28.52 752.05 -6.00
28.53 752.47 -6.00
28.54 752.89 -6.00
28.55 753.32 -6.00
28.56 753.74 -6.00
28.57 754.16 -6.00
28.58 754.59 -6.00
28.59 755.01 -6.00
28.60 755.43 -6.00
28.61 755.85 -6.00
28.62 756.28 -6.00
28.63 756.70 -6.00
28.64 757.12 -6.00
28.65 757.55 -6.00
28.66 757.97 -6.00
28.67 758.39 -6.00
28.68 758.82 -6.00
28.69 759.24 -6.00
28.70 759.66 -6.00
28.71 760.08 -6.00
28.72 760.51 -6.00
28.73 760.93 -6.00
28.74 761.35 -6.00
28.75 761.78 -6.00
28.76 762.20 -6.00
28.77 762.62 -6.00
28.78 763.05 -6.00
28.79 763.47 -6.00
28.80 763.89 -6.00
28.81 764.32 -6.00
28.82 764.74 -6.00
28.83 765.16 -6.00
28.84 765.59 -6.00
28.85 766.01 -6.00
28.86 766.43 -6.00
28.87 766.86 -6.00
28.88 767.28 -6.00
28.89 767.70 -6.00
28.90 768.13 -6.00
28.91 768.55 -6.00
28.92 768.97 -6.00
28.93 769.40 -6.00
28.94 769.82 -6.00
28.95 770.24 -6.00
28.96 770.67 -6.00
28.97 771.09 -6.00
28.98 771.51 -6.00
28.99 771.94 -6.00
29.00 772.36 -6.00
29.01 772.78 -6.00
29.02 773.21 -6.00
29.03 773.63 -6.00
29.04 774.05 -6.00
29.05 774.48 -6.00
29.06 774.90 -6.00
29.07 775.32 -6.00
29.08 775.75 -6.00
29.09 776.17 -6.00
29.10 776.59 -6.00
29.11 777.02 -6.00
29.12 777.44 -6.00
29.13 777.86 -6.00
29.14 778.29 -6.00
29.15 778.71 -6.00
29.16 779.14 -6.00
29.17 779.56 -6.00
29.18 779.98 -6.00
29.19 780.41 -6.00
29.20 780.83 -6.00
29.21 781.25 -6.00
29.22 781.68 -6.00
29.23 782.10 -6.00
29.24 782.52 -6.00
29.25 782.95 -6.00
29.26 783.37 -6.00
29.27 783.80 -6.00
29.28 784.22 -6.00
29.29 784.64 -6.00
29.30 785.07 -6.00
29.31 785.49 -6.00
29.32 785.92 -6.00
29.33 786.34 -6.00
29.34 786.76 -6.00
29.35 787.19 -6.00
29.36 787.61 -6.00
29.37 788.03 -6.00
29.38 788.46 -6.00
29.39 788.88 -6.00
29.40 789.31 -6.00
29.41 789.73 -6.00
29.42 790.15 -6.00
29.43 790.58 -6.00
29.44 791.00 -6.00
29.45 791.43 -6.00
29.46 791.85 -6.00
29.47 792.27 -6.00
29.48 792.70 -6.00
29.49 793.12 -6.00
29.50 793.55 -6.00
29.51 793.97 -6.00
29.52 794.39 -6.00
29.53 794.82 -6.00
29.54 795.24 -6.00
29.55 795.67 -6.00
29.56 796.09 -6.00
29.57 796.51 -6.00
29.58 796.94 -6.00
29.59 797.36 -6.00
29.60 797.79 -6.00
29.61 798.21 -6.00
29.62 798.63 -6.00
29.63 799.06 -6.00
29.64 799.48 -6.00
29.65 799.91 -6.00
29.66 800.33 -6.00
29.67 800.76 -6.00
29.68 801.18 -6.00
29.69 801.60 -6.00
29.70 802.03 -6.00
29.71 802.45 -6.00
29.72 802.88 -6.00
29.73 803.30 -6.00
29.74 803.72 -6.00
29.75 804.15 -6.00
29.76 804.57 -6.00
29.77 805.00 -6.00
29.78 805.42 -6.00
29.79 805.85 -6.00
29.80 806.27 -6.00
29.81 806.70 -6.00
29.82 807.12 -6.00
29.83 807.54 -6.00
29.84 807.97 -6.00
29.85 808.39 -6.00
29.86 808.82 -6.00
29.87 809.24 -6.00
29.88 809.67 -6.00
29.89 810.09 -6.00
29.90 810.51 -6.00
29.91 810.94 -6.00
29.92 811.36 -6.00
29.93 811.79 -6.00
29.94 812.21 -6.00
29.95 812.64 -6.00
29.96 813.06 -6.00
29.97 813.49 -6.00
29.98 813.91 -6.00
29.99 814.33 -6.00
30.00 814.76 -6.00
30.01 815.18 -6.00
30.02 815.61 -6.00
30.03 816.03 -6.00
30.04 816.46 -6.00
30.05 816.88 -6.00
30.06 817.31 -6.00
30.07 817.73 -6.00
30.08 818.16 -6.00
30.09 818.58 -6.00
30.10 819.01 -6.00
30.11 819.43 -6.00
30.12 819.85 -6.00
30.13 820.28 -6.00
30.14 820.70 -6.00
30.15 821.13 -6.00
30.16 821.55 -6.00
30.17 821.98 -6.00
30.18 822.40 -6.00
30.19 822.83 -6.00
30.20 823.25 -6.00
30.21 823.68 -6.00
30.22 824.10 -6.00
30.23 824.53 -6.00
30.24 824.95 -6.00
30.25 825.38 -6.00
30.26 825.80 -6.00
30.27 826.23 -6.00
30.28 826.65 -6.00
30.29 827.07 -6.00
30.30 827.50 -6.00
30.31 827.92 -6.00
30.32 828.35 -6.00
30.33 828.77 -6.00
30.34 829.20 -6.00
30.35 829.62 -6.00
30.36 830.05 -6.00
30.37 830.47 -6.00
30.38 830.90 -6.00
30.39 831.32 -6.00
30.40 831.75 -6.00
30.41 832.17 -6.00
30.42 832.60 -6.00
30.43 833.02 -6.00
30.44 833.45 -6.00
30.45 833.87 -6.00
30.46 834.30 -6.00
30.47 834.72 -6.00
30.48 835.15 -6.00
30.49 835.57 -6.00
30.50 836.00 -6.00
30.51 836.42 -6.00
30.52 836.85 -6.00
30.53 837.27 -6.00
30.54 837.70 -6.00
30.55 838.12 -6.00
30.56 838.55 -6.00
30.57 838.97 -6.00
30.58 839.40 -6.00
30.59 839.82 -6.00
30.60 840.25 -6.00
30.61 840.67 -6.00
30.62 841.10 -6.00
30.63 841.52 -6.00
30.64 841.95 -6.00
30.65 842.37 -6.00
30.66 842.80 -6.00
30.67 843.22 -6.00
30.68 843.65 -6.00
30.69 844.07 -6.00
30.70 844.50 -6.00
30.71 844.92 -6.00
30.72 845.35 -6.00
30.73 845.77 -6.00
30.74 846.20 -6.00
30.75 846.63 -6.00
30.76 847.05 -6.00
30.77 847.48 -6.00
30.78 847.90 -6.00
30.79 848.33 -6.00
30.80 848.75 -6.00
30.81 849.18 -6.00
30.82 849.60 -6.00
30.83 850.03 -6.00
30.84 850.45 -6.00
30.85 850.88 -6.00
30.86 851.30 -6.00
30.87 851.73 -6.00
30.88 852.15 -6.00
30.89 852.58 -6.00
30.90 853.00 -6.00
30.91 853.43 -6.00
30.92 853.85 -6.00
30.93 854.28 -6.00
30.94 854.71 -6.00
30.95 855.13 -6.00
30.96 855.56 -6.00
30.97 855.98 -6.00
30.98 856.41 -6.00
30.99 856.83 -6.00
31.00 857.26 -6.00
31.01 857.68 -6.00
31.02 858.11 -6.00
31.03 858.53 -6.00
31.04 858.96 -6.00
31.05 859.39 -6.00
31.06 859.81 -6.00
31.07 860.24 -6.00
31.08 860.66 -6.00
31.09 861.09 -6.00
31.10 861.51 -6.00
31.11 861.94 -6.00
31.12 862.36 -6.00
31.13 862.79 -6.00
31.14 863.21 -6.00
31.15 863.64 -6.00
31.16 864.07 -6.00
31.17 864.49 -6.00
31.18 864.92 -6.00
31.19 865.34 -6.00
31.20 865.77 -6.00
31.21 866.19 -6.00
31.22 866.62 -6.00
31.23 867.04 -6.00
31.24 867.47 -6.00
31.25 867.90 -6.00
31.26 868.32 -6.00
31.27 868.75 -6.00
31.28 869.17 -6.00
31.29 869.60 -6.00
31.30 870.02 -6.00
31.31 870.45 -6.00
31.32 870.87 -6.00
31.33 871.30 -6.00
31.34 871.73 -6.00
31.35 872.15 -6.00
31.36 872.58 -6.00
31.37 873.00 -6.00
31.38 873.43 -6.00
31.39 873.85 -6.00
31.40 874.28 -6.00
31.41 874.71 -6.00
31.42 875.13 -6.00
31.43 875.56 -6.00
31.44 875.98 -6.00
31.45 876.41 -6.00
31.46 876.83 -6.00
31.47 877.26 -6.00
31.48 877.69 -6.00
31.49 878.11 -6.00
31.50 878.54 -6.00
31.51 878.96 -6.00
31.52 879.39 -6.00
31.53 879.81 -6.00
31.54 880.24 -6.00
31.55 880.67 -6.00
31.56 881.09 -6.00
31.57 881.52 -6.00
31.58 881.94 -6.00
31.59 882.37 -6.00
31.60 882.80 -6.00
31.61 883.22 -6.00
31.62 883.65 -6.00
31.63 884.07 -6.00
31.64 884.50 -6.00
31.65 884.92 -6.00
31.66 885.35 -6.00
31.67 885.78 -6.00
31.68 886.20 -6.00
31.69 886.63 -6.00
31.70 887.05 -6.00
31.71 887.48 -6.00
31.72 887.91 -6.00
31.73 888.33 -6.00
31.74 888.76 -6.00
31.75 889.18 -6.00
31.76 889.61 -6.00
31.77 890.04 -6.00
31.78 890.46 -6.00
31.79 890.89 -6.00
31.80 891.31 -6.00
31.81 891.74 -6.00
31.82 892.17 -6.00
31.83 892.59 -6.00
31.84 893.02 -6.00
31.85 893.44 -6.00
31.86 893.87 -6.00
31.87 894.30 -6.00
31.88 894.72 -6.00
31.89 895.15 -6.00
31.90 895.57 -6.00
31.91 896.00 -6.00
31.92 896.43 -6.00
31.93 896.85 -6.00
31.94 897.28 -6.00
31.95 897.70 -6.00
31.96 898.13 -6.00
31.97 898.56 -6.00
31.98 898.98 -6.00
31.99 899.41 -6.00
32.00 899.83 -6.00
32.01 900.26 -6.00
32.02 900.69 -6.00
32.03 901.11 -6.00
32.04 901.54 -6.00
32.05 901.96 -6.00
32.06 902.39 -6.00
32.07 902.82 -6.00
32.08 903.24 -6.00
32.09 903.67 -6.00
32.10 904.09 -6.00
32.11 904.52 -6.00
32.12 904.95 -6.00
32.13 905.37 -6.00
32.14 905.80 -6.00
32.15 906.23 -6.00
32.16 906.65 -6.00
32.17 907.08 -6.00
32.18 907.50 -6.00
32.19 907.93 -6.00
32.20 908.36 -6.00
32.21 908.78 -6.00
32.22 909.21 -6.00
32.23 909.64 -6.00
32.24 910.06 -6.00
32.25 910.49 -6.00
32.26 910.91 -6.00
32.27 911.34 -6.00
32.28 911.77 -6.00
32.29 912.19 -6.00
32.30 912.62 -6.00
32.31 913.05 -6.00
32.32 913.47 -6.00
32.33 913.90 -6.00
32.34 914.32 -6.00
32.35 914.75 -6.00
32.36 915.18 -6.00
32.37 915.60 -6.00
32.38 916.03 -6.00
32.39 916.46 -6.00
32.40 916.88 -6.00
32.41 917.31 -6.00
32.42 917.73 -6.00
32.43 918.16 -6.00
32.44 918.59 -6.00
32.45 919.01 -6.00
32.46 919.44 -6.00
32.47 919.87 -6.00
32.48 920.29 -6.00
32.49 920.72 -6.00
32.50 921.15 -6.00
32.51 921.57 -6.00
32.52 922.00 -6.00
32.53 922.42 -6.00
32.54 922.85 -6.00
32.55 923.28 -6.00
32.56 923.70 -6.00
32.57 924.13 -6.00
32.58 924.56 -6.00
32.59 924.98 -6.00
32.60 925.41 -6.00
32.61 925.84 -6.00
32.62 926.26 -6.00
32.63 926.69 -6.00
32.64 927.11 -6.00
32.65 927.54 -6.00
32.66 927.97 -6.00
32.67 928.39 -6.00
32.68 928.82 -6.00
32.69 929.25 -6.00
32.70 929.67 -6.00
32.71 930.10 -6.00
32.72 930.53 -6.00
32.73 930.95 -6.00
32.74 931.38 -6.00
32.75 931.81 -6.00
32.76 932.23 -6.00
32.77 932.66 -6.00
32.78 933.09 -6.00
32.79 933.51 -6.00
32.80 933.94 -6.00
32.81 934.37 -6.00
32.82 934.79 -6.00
32.83 935.22 -6.00
32.84 935.64 -6.00
32.85 936.07 -6.00
32.86 936.50 -6.00
32.87 936.92 -6.00
32.88 937.35 -6.00
32.89 937.78 -6.00
32.90 938.20 -6.00
32.91 938.63 -6.00
32.92 939.06 -6.00
32.93 939.48 -6.00
32.94 939.91 -6.00
32.95 940.34 -6.00
32.96 940.76 -6.00
32.97 941.19 -6.00
32.98 941.62 -6.00
32.99 942.04 -6.00
33.00 942.47 -6.00
33.01 942.90 -6.00
33.02 943.32 -6.00
33.03 943.75 -6.00
33.04 944.18 -6.00
33.05 944.60 -6.00
33.06 945.03 -6.00
33.07 945.46 -6.00
33.08 945.88 -6.00
33.09 946.31 -6.00
33.10 946.74 -6.00
33.11 947.16 -6.00
33.12 947.59 -6.00
33.13 948.02 -6.00
33.14 948.44 -6.00
33.15 948.87 -6.00
33.16 949.30 -6.00
33.17 949.72 -6.00
33.18 950.15 -6.00
33.19 950.58 -6.00
33.20 951.00 -6.00
33.21 951.43 -6.00
33.22 951.86 -6.00
33.23 952.28 -6.00
33.24 952.71 -6.00
33.25 953.14 -6.00
33.26 953.56 -6.00
33.27 953.99 -6.00
33.28 954.42 -6.00
33.29 954.84 -6.00
33.30 955.27 -6.00
33.31 955.70 -6.00
33.32 956.12 -6.00
33.33 956.55 -6.00
33.34 956.98 -6.00
33.35 957.41 -6.00
33.36 957.83 -6.00
33.37 958.26 -6.00
33.38 958.69 -6.00
33.39 959.11 -6.00
33.40 959.54 -6.00
33.41 959.97 -6.00
33.42 960.39 -6.00
33.43 960.82 -6.00
33.44 961.25 -6.00
33.45 961.67 -6.00
33.46 962.10 -6.00
33.47 962.53 -6.00
33.48 962.95 -6.00
33.49 963.38 -6.00
33.50 963.81 -6.00
33.51 964.23 -6.00
33.52 964.66 -6.00
33.53 965.09 -6.00
33.54 965.51 -6.00
33.55 965.94 -6.00
33.56 966.37 -6.00
33.57 966.80 -6.00
33.58 967.22 -6.00
33.59 967.65 -6.00
33.60 968.08 -6.00
33.61 968.50 -6.00
33.62 968.93 -6.00
33.63 969.36 -6.00
33.64 969.78 -6.00
33.65 970.21 -6.00
33.66 970.64 -6.00
33.67 971.06 -6.00
33.68 971.49 -6.00
33.69 971.92 -6.00
33.70 972.35 -6.00
33.71 972.77 -6.00
33.72 973.20 -6.00
33.73 973.63 -6.00
33.74 974.05 -6.00
33.75 974.48 -6.00
33.76 974.91 -6.00
33.77 975.33 -6.00
33.78 975.76 -6.00
33.79 976.19 -6.00
33.80 976.61 -6.00
33.81 977.04 -6.00
33.82 977.47 -6.00
33.83 977.90 -6.00
33.84 978.32 -6.00
33.85 978.75 -6.00
33.86 979.18 -6.00
33.87 979.60 -6.00
33.88 980.03 -6.00
33.89 980.46 -6.00
33.90 980.88 -6.00
33.91 981.31 -6.00
33.92 981.74 -6.00
33.93 982.17 -6.00
33.94 982.59 -6.00
33.95 983.02 -6.00
33.96 983.45 -6.00
33.97 983.87 -6.00
33.98 984.30 -6.00
33.99 984.73 -6.00
34.00 985.15 -6.00
34.01 985.58 -6.00
34.02 986.01 -6.00
34.03 986.44 -6.00
34.04 986.86 -6.00
34.05 987.29 -6.00
34.06 987.72 -6.00
34.07 988.14 -6.00
34.08 988.57 -6.00
34.09 989.00 -6.00
34.10 989.43 -6.00
34.11 989.85 -6.00
34.12 990.28 -6.00
34.13 990.71 -6.00
34.14 991.13 -6.00
34.15 991.56 -6.00
34.16 991.99 -6.00
34.17 992.42 -6.00
34.18 992.84 -6.00
34.19 993.27 -6.00
34.20 993.70 -6.00
34.21 994.12 -6.00
34.22 994.55 -6.00
34.23 994.98 -6.00
34.24 995.41 -6.00
34.25 995.83 -6.00
34.26 996.26 -6.00
34.27 996.69 -6.00
34.28 997.11 -6.00
34.29 997.54 -6.00
34.30 997.97 -6.00
34.31 998.40 -6.00
34.32 998.82 -6.00
34.33 999.25 -6.00
34.34 999.68 -6.00
34.35 1000.10 -6.00
34.36 1000.53 -6.00
34.37 1000.96 -6.00
34.38 1001.39 -6.00
34.39 1001.81 -6.00
34.40 1002.24 -6.00
34.41 1002.67 -6.00
34.42 1003.09 -6.00
34.43 1003.52 -6.00
34.44 1003.95 -6.00
34.45 1004.38 -6.00
34.46 1004.80 -6.00
34.47 1005.23 -6.00
34.48 1005.66 -6.00
34.49 1006.08 -6.00
34.50 1006.51 -6.00
34.51 1006.94 -6.00
34.52 1007.37 -6.00
34.53 1007.79 -6.00
34.54 1008.22 -6.00
34.55 1008.65 -6.00
34.56 1009.08 -6.00
34.57 1009.50 -6.00
34.58 1009.93 -6.00
34.59 1010.36 -6.00
34.60 1010.78 -6.00
34.61 1011.21 -6.00
34.62 1011.64 -6.00
34.63 1012.07 -6.00
34.64 1012.49 -6.00
34.65 1012.92 -6.00
34.66 1013.35 -6.00
34.67 1013.78 -6.00
34.68 1014.20 -6.00
34.69 1014.63 -6.00
34.70 1015.06 -6.00
34.71 1015.48 -6.00
34.72 1015.91 -6.00
34.73 1016.34 -6.00
34.74 1016.77 -6.00
34.75 1017.19 -6.00
34.76 1017.62 -6.00
34.77 1018.05 -6.00
34.78 1018.48 -6.00
34.79 1018.90 -6.00
34.80 1019.33 -6.00
34.81 1019.76 -6.00
34.82 1020.18 -6.00
34.83 1020.61 -6.00
34.84 1021.04 -6.00
34.85 1021.47 -6.00
34.86 1021.89 -6.00
34.87 1022.32 -6.00
34.88 1022.75 -6.00
34.89 1023.18 -6.00
34.90 1023.60 -6.00
34.91 1024.03 -6.00
34.92 1024.46 -6.00
34.93 1024.89 -6.00
34.94 1025.31 -6.00
34.95 1025.74 -6.00
34.96 1026.17 -6.00
34.97 1026.60 -6.00
34.98 1027.02 -6.00
34.99 1027.45 -6.00
35.00 1027.88 -6.00
35.01 1028.30 -6.00
35.02 1028.73 -6.00
35.03 1029.16 -6.00
35.04 1029.59 -6.00
35.05 1030.01 -6.00
35.06 1030.44 -6.00
35.07 1030.87 -6.00
35.08 1031.30 -6.00
35.09 1031.72 -6.00
35.10 1032.15 -6.00
35.11 1032.58 -6.00
35.12 1033.01 -6.00
35.13 1033.43 -6.00
35.14 1033.86 -6.00
35.15 1034.29 -6.00
35.16 1034.72 -6.00
35.17 1035.14 -6.00
35.18 1035.57 -6.00
35.19 1036.00 -6.00
35.20 1036.43 -6.00
35.21 1036.85 -6.00
35.22 1037.28 -6.00
35.23 1037.71 -6.00
35.24 1038.14 -6.00
35.25 1038.56 -6.00
35.26 1038.99 -6.00
35.27 1039.42 -6.00
35.28 1039.85 -6.00
35.29 1040.27 -6.00
35.30 1040.70 -6.00
35.31 1041.13 -6.00
35.32 1041.56 -6.00
35.33 1041.98 -6.00
35.34 1042.41 -6.00
35.35 1042.84 -6.00
35.36 1043.27 -6.00
35.37 1043.69 -6.00
35.38 1044.12 -6.00
35.39 1044.55 -6.00
35.40 1044.97 -6.00
35.41 1045.40 -6.00
35.42 1045.83 -6.00
35.43 1046.26 -6.00
35.44 1046.69 -6.00
35.45 1047.11 -6.00
35.46 1047.54 -6.00
35.47 1047.97 -6.00
35.48 1048.40 -6.00
35.49 1048.82 -6.00
35.50 1049.25 -6.00
35.51 1049.68 -6.00
35.52 1050.11 -6.00
35.53 1050.53 -6.00
35.54 1050.96 -6.00
35.55 1051.39 -6.00
35.56 1051.82 -6.00
35.57 1052.24 -6.00
35.58 1052.67 -6.00
35.59 1053.10 -6.00
35.60 1053.53 -6.00
35.61 1053.95 -6.00
35.62 1054.38 -6.00
35.63 1054.81 -6.00
35.64 1055.24 -6.00
35.65 1055.66 -6.00
35.66 1056.09 -6.00
35.67 1056.52 -6.00
35.68 1056.95 -6.00
35.69 1057.37 -6.00
35.70 1057.80 -6.00
35.71 1058.23 -6.00
35.72 1058.66 -6.00
35.73 1059.08 -6.00
35.74 1059.51 -6.00
35.75 1059.94 -6.00
35.76 1060.37 -6.00
35.77 1060.79 -6.00
35.78 1061.22 -6.00
35.79 1061.65 -6.00
35.80 1062.08 -6.00
35.81 1062.50 -6.00
35.82 1062.93 -6.00
35.83 1063.36 -6.00
35.84 1063.79 -6.00
35.85 1064.21 -6.00
35.86 1064.64 -6.00
35.87 1065.07 -6.00
35.88 1065.50 -6.00
35.89 1065.93 -6.00
35.90 1066.35 -6.00
35.91 1066.78 -6.00
35.92 1067.21 -6.00
35.93 1067.64 -6.00
35.94 1068.06 -6.00
35.95 1068.49 -6.00
35.96 1068.92 -6.00
35.97 1069.35 -6.00
35.98 1069.77 -6.00
35.99 1070.20 -6.00
36.00 1070.63 -6.00
36.01 1071.06 -6.00
36.02 1071.48 -6.00
36.03 1071.91 -6.00
36.04 1072.34 -6.00
36.05 1072.77 -6.00
36.06 1073.20 -6.00
36.07 1073.62 -6.00
36.08 1074.05 -6.00
36.09 1074.48 -6.00
36.10 1074.91 -6.00
36.11 1075.33 -6.00
36.12 1075.76 -6.00
36.13 1076.19 -6.00
36.14 1076.62 -6.00
36.15 1077.04 -6.00
36.16 1077.47 -6.00
36.17 1077.90 -6.00
36.18 1078.33 -6.00
36.19 1078.76 -6.00
36.20 1079.18 -6.00
36.21 1079.61 -6.00
36.22 1080.04 -6.00
36.23 1080.47 -6.00
36.24 1080.89 -6.00
36.25 1081.32 -6.00
36.26 1081.75 -6.00
36.27 1082.18 -6.00
36.28 1082.60 -6.00
36.29 1083.03 -6.00
36.30 1083.46 -6.00
36.31 1083.89 -6.00
36.32 1084.32 -6.00
36.33 1084.74 -6.00
36.34 1085.17 -6.00
36.35 1085.60 -6.00
36.36 1086.03 -6.00
36.37 1086.45 -6.00
36.38 1086.88 -6.00
36.39 1087.31 -6.00
36.40 1087.74 -6.00
36.41 1088.16 -6.00
36.42 1088.59 -6.00
36.43 1089.02 -6.00
36.44 1089.45 -6.00
36.45 1089.88 -6.00
36.46 1090.30 -6.00
36.47 1090.73 -6.00
36.48 1091.16 -6.00
36.49 1091.59 -6.00
36.50 1092.01 -6.00
36.51 1092.44 -6.00
36.52 1092.87 -6.00
36.53 1093.30 -6.00
36.54 1093.73 -6.00
36.55 1094.15 -6.00
36.56 1094.58 -6.00
36.57 1095.01 -6.00
36.58 1095.44 -6.00
36.59 1095.86 -6.00
36.60 1096.29 -6.00
36.61 1096.72 -6.00
36.62 1097.15 -6.00
36.63 1097.58 -6.00
36.64 1098.00 -6.00
36.65 1098.43 -6.00
36.66 1098.86 -6.00
36.67 1099.29 -6.00
36.68 1099.71 -6.00
36.69 1100.14 -6.00
36.70 1100.57 -6.00
36.71 1101.00 -6.00
36.72 1101.43 -6.00
36.73 1101.85 -6.00
36.74 1102.28 -6.00
36.75 1102.71 -6.00
36.76 1103.14 -6.00
36.77 1103.56 -6.00
36.78 1103.99 -6.00
36.79 1104.42 -6.00
36.80 1104.85 -6.00
36.81 1105.28 -6.00
36.82 1105.70 -6.00
36.83 1106.13 -6.00
36.84 1106.56 -6.00
36.85 1106.99 -6.00
36.86 1107.42 -6.00
36.87 1107.84 -6.00
36.88 1108.27 -6.00
36.89 1108.70 -6.00
36.90 1109.13 -6.00
36.91 1109.55 -6.00
36.92 1109.98 -6.00
36.93 1110.41 -6.00
36.94 1110.84 -6.00
36.95 1111.27 -6.00
36.96 1111.69 -6.00
36.97 1112.12 -6.00
36.98 1112.55 -6.00
36.99 1112.98 -6.00
37.00 1113.40 -6.00
37.01 1113.83 -6.00
37.02 1114.26 -6.00
37.03 1114.69 -6.00
37.04 1115.12 -6.00
37.05 1115.54 -6.00
37.06 1115.97 -6.00
37.07 1116.40 -6.00
37.08 1116.83 -6.00
37.09 1117.26 -6.00
37.10 1117.68 -6.00
37.11 1118.11 -6.00
37.12 1118.54 -6.00
37.13 1118.97 -6.00
37.14 1119.39 -6.00
37.15 1119.82 -6.00
37.16 1120.25 -6.00
37.17 1120.68 -6.00
37.18 1121.11 -6.00
37.19 1121.53 -6.00
37.20 1121.96 -6.00
37.21 1122.39 -6.00
37.22 1122.82 -6.00
37.23 1123.25 -6.00
37.24 1123.67 -6.00
37.25 1124.10 -6.00
37.26 1124.53 -6.00
37.27 1124.96 -6.00
37.28 1125.39 -6.00
37.29 1125.81 -6.00
37.30 1126.24 -6.00
37.31 1126.67 -6.00
37.32 1127.10 -6.00
37.33 1127.52 -6.00
37.34 1127.95 -6.00
37.35 1128.38 -6.00
37.36 1128.81 -6.00
37.37 1129.24 -6.00
37.38 1129.66 -6.00
37.39 1130.09 -6.00
37.40 1130.52 -6.00
37.41 1130.95 -6.00
37.42 1131.38 -6.00
37.43 1131.80 -6.00
37.44 1132.23 -6.00
37.45 1132.66 -6.00
37.46 1133.09 -6.00
37.47 1133.52 -6.00
37.48 1133.94 -6.00
37.49 1134.37 -6.00
37.50 1134.80 -6.00
37.51 1135.23 -6.00
37.52 1135.66 -6.00
37.53 1136.08 -6.00
37.54 1136.51 -6.00
37.55 1136.94 -6.00
37.56 1137.37 -6.00
37.57 1137.80 -6.00
37.58 1138.22 -6.00
37.59 1138.65 -6.00
37.60 1139.08 -6.00
37.61 1139.51 -6.00
37.62 1139.93 -6.00
37.63 1140.36 -6.00
37.64 1140.79 -6.00
37.65 1141.22 -6.00
37.66 1141.65 -6.00
37.67 1142.07 -6.00
37.68 1142.50 -6.00
37.69 1142.93 -6.00
37.70 1143.36 -6.00
37.71 1143.79 -6.00
37.72 1144.21 -6.00
37.73 1144.64 -6.00
37.74 1145.07 -6.00
37.75 1145.50 -6.00
37.76 1145.93 -6.00
37.77 1146.35 -6.00
37.78 1146.78 -6.00
37.79 1147.21 -6.00
37.80 1147.64 -6.00
37.81 1148.07 -6.00
37.82 1148.49 -6.00
37.83 1148.92 -6.00
37.84 1149.35 -6.00
37.85 1149.78 -6.00
37.86 1150.21 -6.00
37.87 1150.63 -6.00
37.88 1151.06 -6.00
37.89 1151.49 -6.00
37.90 1151.92 -6.00
37.91 1152.35 -6.00
37.92 1152.77 -6.00
37.93 1153.20 -6.00
37.94 1153.63 -6.00
37.95 1154.06 -6.00
37.96 1154.49 -6.00
37.97 1154.91 -6.00
37.98 1155.34 -6.00
37.99 1155.77 -6.00
38.00 1156.20 -6.00
38.01 1156.63 -6.00
38.02 1157.05 -6.00
38.03 1157.48 -6.00
38.04 1157.91 -6.00
38.05 1158.34 -6.00
38.06 1158.77 -6.00
38.07 1159.19 -6.00
38.08 1159.62 -6.00
38.09 1160.05 -6.00
38.10 1160.48 -6.00
38.11 1160.91 -6.00
38.12 1161.33 -6.00
38.13 1161.76 -6.00
38.14 1162.19 -6.00
38.15 1162.62 -6.00
38.16 1163.05 -6.00
38.17 1163.47 -6.00
38.18 1163.90 -6.00
38.19 1164.33 -6.00
38.20 1164.76 -6.00
38.21 1165.19 -6.00
38.22 1165.62 -6.00
38.23 1166.04 -6.00
38.24 1166.47 -6.00
38.25 1166.90 -6.00
38.26 1167.33 -6.00
38.27 1167.76 -6.00
38.28 1168.18 -6.00
38.29 1168.61 -6.00
38.30 1169.04 -6.00
38.31 1169.47 -6.00
38.32 1169.90 -6.00
38.33 1170.32 -6.00
38.34 1170.75 -6.00
38.35 1171.18 -6.00
38.36 1171.61 -6.00
38.37 1172.04 -6.00
38.38 1172.46 -6.00
38.39 1172.89 -6.00
38.40 1173.32 -6.00
38.41 1173.75 -6.00
38.42 1174.18 -6.00
38.43 1174.60 -6.00
38.44 1175.03 -6.00
38.45 1175.46 -6.00
38.46 1175.89 -6.00
38.47 1176.32 -6.00
38.48 1176.74 -6.00
38.49 1177.17 -6.00
38.50 1177.60 -6.00
38.51 1178.03 -6.00
38.52 1178.46 -6.00
38.53 1178.89 -6.00
38.54 1179.31 -6.00
38.55 1179.74 -6.00
38.56 1180.17 -6.00
38.57 1180.60 -6.00
38.58 1181.03 -6.00
38.59 1181.45 -6.00
38.60 1181.88 -6.00
38.61 1182.31 -6.00
38.62 1182.74 -6.00
38.63 1183.17 -6.00
38.64 1183.59 -6.00
38.65 1184.02 -6.00
38.66 1184.45 -6.00
38.67 1184.88 -6.00
38.68 1185.31 -6.00
38.69 1185.73 -6.00
38.70 1186.16 -6.00
38.71 1186.59 -6.00
38.72 1187.02 -6.00
38.73 1187.45 -6.00
38.74 1187.88 -6.00
38.75 1188.30 -6.00
38.76 1188.73 -6.00
38.77 1189.16 -6.00
38.78 1189.59 -6.00
38.79 1190.02 -6.00
38.80 1190.44 -6.00
38.81 1190.87 -6.00
38.82 1191.30 -6.00
38.83 1191.73 -6.00
38.84 1192.16 -6.00
38.85 1192.58 -6.00
38.86 1193.01 -6.00
38.87 1193.44 -6.00
38.88 1193.87 -6.00
38.89 1194.30 -6.00
38.90 1194.73 -6.00
38.91 1195.15 -6.00
38.92 1195.58 -6.00
38.93 1196.01 -6.00
38.94 1196.44 -6.00
38.95 1196.87 -6.00
38.96 1197.29 -6.00
38.97 1197.72 -6.00
38.98 1198.15 -6.00
38.99 1198.58 -6.00
39.00 1199.01 -6.00
39.01 1199.43 -6.00
39.02 1199.86 -6.00
39.03 1200.29 -6.00
39.04 1200.72 -6.00
39.05 1201.15 -6.00
39.06 1201.58 -6.00
39.07 1202.00 -6.00
39.08 1202.43 -6.00
39.09 1202.86 -6.00
39.10 1203.29 -6.00
39.11 1203.72 -6.00
39.12 1204.14 -6.00
39.13 1204.57 -6.00
39.14 1205.00 -6.00
39.15 1205.43 -6.00
39.16 1205.86 -6.00
39.17 1206.29 -6.00
39.18 1206.71 -6.00
39.19 1207.14 -6.00
39.20 1207.57 -6.00
39.21 1208.00 -6.00
39.22 1208.43 -6.00
39.23 1208.85 -6.00
39.24 1209.28 -6.00
39.25 1209.71 -6.00
39.26 1210.14 -6.00
39.27 1210.57 -6.00
39.28 1210.99 -6.00
39.29 1211.42 -6.00
39.30 1211.85 -6.00
39.31 1212.28 -6.00
39.32 1212.71 -6.00
39.33 1213.14 -6.00
39.34 1213.56 -6.00
39.35 1213.99 -6.00
39.36 1214.42 -6.00
39.37 1214.85 -6.00
39.38 1215.28 -6.00
39.39 1215.70 -6.00
39.40 1216.13 -6.00
39.41 1216.56 -6.00
39.42 1216.99 -6.00
39.43 1217.42 -6.00
39.44 1217.85 -6.00
39.45 1218.27 -6.00
39.46 1218.70 -6.00
39.47 1219.13 -6.00
39.48 1219.56 -6.00
39.49 1219.99 -6.00
39.50 1220.41 -6.00
39.51 1220.84 -6.00
39.52 1221.27 -6.00
39.53 1221.70 -6.00
39.54 1222.13 -6.00
39.55 1222.56 -6.00
39.56 1222.98 -6.00
39.57 1223.41 -6.00
39.58 1223.84 -6.00
39.59 1224.27 -6.00
39.60 1224.70 -6.00
39.61 1225.13 -6.00
39.62 1225.55 -6.00
39.63 1225.98 -6.00
39.64 1226.41 -6.00
39.65 1226.84 -6.00
39.66 1227.27 -6.00
39.67 1227.69 -6.00
39.68 1228.12 -6.00
39.69 1228.55 -6.00
39.70 1228.98 -6.00
39.71 1229.41 -6.00
39.72 1229.84 -6.00
39.73 1230.26 -6.00
39.74 1230.69 -6.00
39.75 1231.12 -6.00
39.76 1231.55 -6.00
39.77 1231.98 -6.00
39.78 1232.40 -6.00
39.79 1232.83 -6.00
39.80 1233.26 -6.00
39.81 1233.69 -6.00
39.82 1234.12 -6.00
39.83 1234.55 -6.00
39.84 1234.97 -6.00
39.85 1235.40 -6.00
39.86 1235.83 -6.00
39.87 1236.26 -6.00
39.88 1236.69 -6.00
39.89 1237.12 -6.00
39.90 1237.54 -6.00
39.91 1237.97 -6.00
39.92 1238.40 -6.00
39.93 1238.83 -6.00
39.94 1239.26 -6.00
39.95 1239.68 -6.00
39.96 1240.11 -6.00
39.97 1240.54 -6.00
39.98 1240.97 -6.00
39.99 1241.40 -6.00
40.00 1241.83 -6.00
40.01 1242.25 -6.00
40.02 1242.68 -6.00
40.03 1243.11 -6.00
40.04 1243.54 -6.00
40.05 1243.97 -6.00
40.06 1244.40 -6.00
40.07 1244.82 -6.00
40.08 1245.25 -6.00
40.09 1245.68 -6.00
40.10 1246.11 -6.00
40.11 1246.54 -6.00
40.12 1246.96 -6.00
40.13 1247.39 -6.00
40.14 1247.82 -6.00
40.15 1248.25 -6.00
40.16 1248.68 -6.00
40.17 1249.11 -6.00
40.18 1249.53 -6.00
40.19 1249.96 -6.00
40.20 1250.39 -6.00
40.21 1250.82 -6.00
40.22 1251.25 -6.00
40.23 1251.68 -6.00
40.24 1252.10 -6.00
40.25 1252.53 -6.00
40.26 1252.96 -6.00
40.27 1253.39 -6.00
40.28 1253.82 -6.00
40.29 1254.25 -6.00
40.30 1254.67 -6.00
40.31 1255.10 -6.00
40.32 1255.53 -6.00
40.33 1255.96 -6.00
40.34 1256.39 -6.00
40.35 1256.81 -6.00
40.36 1257.24 -6.00
40.37 1257.67 -6.00
40.38 1258.10 -6.00
40.39 1258.53 -6.00
40.40 1258.96 -6.00
40.41 1259.38 -6.00
40.42 1259.81 -6.00
40.43 1260.24 -6.00
40.44 1260.67 -6.00
40.45 1261.10 -6.00
40.46 1261.53 -6.00
40.47 1261.95 -6.00
40.48 1262.38 -6.00
40.49 1262.81 -6.00
40.50 1263.24 -6.00
40.51 1263.67 -6.00
40.52 1264.10 -6.00
40.53 1264.52 -6.00
40.54 1264.95 -6.00
40.55 1265.38 -6.00
40.56 1265.81 -6.00
40.57 1266.24 -6.00
40.58 1266.67 -6.00
40.59 1267.09 -6.00
40.60 1267.52 -6.00
40.61 1267.95 -6.00
40.62 1268.38 -6.00
40.63 1268.81 -6.00
40.64 1269.24 -6.00
40.65 1269.66 -6.00
40.66 1270.09 -6.00
40.67 1270.52 -6.00
40.68 1270.95 -6.00
40.69 1271.38 -6.00
40.70 1271.80 -6.00
40.71 1272.23 -6.00
40.72 1272.66 -6.00
40.73 1273.09 -6.00
40.74 1273.52 -6.00
40.75 1273.95 -6.00
40.76 1274.37 -6.00
40.77 1274.80 -6.00
40.78 1275.23 -6.00
40.79 1275.66 -6.00
40.80 1276.09 -6.00
40.81 1276.52 -6.00
40.82 1276.94 -6.00
40.83 1277.37 -6.00
40.84 1277.80 -6.00
40.85 1278.23 -6.00
40.86 1278.66 -6.00
40.87 1279.09 -6.00
40.88 1279.51 -6.00
40.89 1279.94 -6.00
40.90 1280.37 -6.00
40.91 1280.80 -6.00
40.92 1281.23 -6.00
40.93 1281.66 -6.00
40.94 1282.08 -6.00
40.95 1282.51 -6.00
40.96 1282.94 -6.00
40.97 1283.37 -6.00
40.98 1283.80 -6.00
40.99 1284.23 -6.00
41.00 1284.65 -6.00
41.01 1285.08 -6.00
41.02 1285.51 -6.00
41.03 1285.94 -6.00
41.04 1286.37 -6.00
41.05 1286.80 -6.00
41.06 1287.22 -6.00
41.07 1287.65 -6.00
41.08 1288.08 -6.00
41.09 1288.51 -6.00
41.10 1288.94 -6.00
41.11 1289.37 -6.00
41.12 1289.79 -6.00
41.13 1290.22 -6.00
41.14 1290.65 -6.00
41.15 1291.08 -6.00
41.16 1291.51 -6.00
41.17 1291.94 -6.00
41.18 1292.36 -6.00
41.19 1292.79 -6.00
41.20 1293.22 -6.00
41.21 1293.65 -6.00
41.22 1294.08 -6.00
41.23 1294.51 -6.00
41.24 1294.93 -6.00
41.25 1295.36 -6.00
41.26 1295.79 -6.00
41.27 1296.22 -6.00
41.28 1296.65 -6.00
41.29 1297.08 -6.00
41.30 1297.50 -6.00
41.31 1297.93 -6.00
41.32 1298.36 -6.00
41.33 1298.79 -6.00
41.34 1299.22 -6.00
41.35 1299.65 -6.00
41.36 1300.07 -6.00
41.37 1300.50 -6.00
41.38 1300.93 -6.00
41.39 1301.36 -6.00
41.40 1301.79 -6.00
41.41 1302.22 -6.00
41.42 1302.64 -6.00
41.43 1303.07 -6.00
41.44 1303.50 -6.00
41.45 1303.93 -6.00
41.46 1304.36 -6.00
41.47 1304.79 -6.00
41.48 1305.21 -6.00
41.49 1305.64 -6.00
41.50 1306.07 -6.00
41.51 1306.50 -6.00
41.52 1306.93 -6.00
41.53 1307.36 -6.00
41.54 1307.78 -6.00
41.55 1308.21 -6.00
41.56 1308.64 -6.00
41.57 1309.07 -6.00
41.58 1309.50 -6.00
41.59 1309.93 -6.00
41.60 1310.35 -6.00
41.61 1310.78 -6.00
41.62 1311.21 -6.00
41.63 1311.64 -6.00
41.64 1312.07 -6.00
41.65 1312.50 -6.00
41.66 1312.92 -6.00
41.67 1313.35 -6.00
41.68 1313.78 -6.00
41.69 1314.21 -6.00
41.70 1314.64 -6.00
41.71 1315.07 -6.00
41.72 1315.49 -6.00
41.73 1315.92 -6.00
41.74 1316.35 -6.00
41.75 1316.78 -6.00
41.76 1317.21 -6.00
41.77 1317.64 -6.00
41.78 1318.07 -6.00
41.79 1318.49 -6.00
41.80 1318.92 -6.00
41.81 1319.35 -6.00
41.82 1319.78 -6.00
41.83 1320.21 -6.00
41.84 1320.64 -6.00
41.85 1321.06 -6.00
41.86 1321.49 -6.00
41.87 1321.92 -6.00
41.88 1322.35 -6.00
41.89 1322.78 -6.00
41.90 1323.21 -6.00
41.91 1323.63 -6.00
41.92 1324.06 -6.00
41.93 1324.49 -6.00
41.94 1324.92 -6.00
41.95 1325.35 -6.00
41.96 1325.78 -6.00
41.97 1326.20 -6.00
41.98 1326.63 -6.00
41.99 1327.06 -6.00
42.00 1327.49 -6.00
42.01 1327.92 -6.00
42.02 1328.35 -6.00
42.03 1328.77 -6.00
42.04 1329.20 -6.00
42.05 1329.63 -6.00
42.06 1330.06 -6.00
42.07 1330.49 -6.00
42.08 1330.92 -6.00
42.09 1331.34 -6.00
42.10 1331.77 -6.00
42.11 1332.20 -6.00
42.12 1332.63 -6.00
42.13 1333.06 -6.00
42.14 1333.49 -6.00
42.15 1333.92 -6.00
42.16 1334.34 -6.00
42.17 1334.77 -6.00
42.18 1335.20 -6.00
42.19 1335.63 -6.00
42.20 1336.06 -6.00
42.21 1336.49 -6.00
42.22 1336.91 -6.00
42.23 1337.34 -6.00
42.24 1337.77 -6.00
42.25 1338.20 -6.00
42.26 1338.63 -6.00
42.27 1339.06 -6.00
42.28 1339.48 -6.00
42.29 1339.91 -6.00
42.30 1340.34 -6.00
42.31 1340.77 -6.00
42.32 1341.20 -6.00
42.33 1341.63 -6.00
42.34 1342.05 -6.00
42.35 1342.48 -6.00
42.36 1342.91 -6.00
42.37 1343.34 -6.00
42.38 1343.77 -6.00
42.39 1344.20 -6.00
42.40 1344.62 -6.00
42.41 1345.05 -6.00
42.42 1345.48 -6.00
42.43 1345.91 -6.00
42.44 1346.34 -6.00
42.45 1346.77 -6.00
42.46 1347.20 -6.00
42.47 1347.62 -6.00
42.48 1348.05 -6.00
42.49 1348.48 -6.00
42.50 1348.91 -6.00
42.51 1349.34 -6.00
42.52 1349.77 -6.00
42.53 1350.19 -6.00
42.54 1350.62 -6.00
42.55 1351.05 -6.00
42.56 1351.48 -6.00
42.57 1351.91 -6.00
42.58 1352.34 -6.00
42.59 1352.76 -6.00
42.60 1353.19 -6.00
42.61 1353.62 -6.00
42.62 1354.05 -6.00
42.63 1354.48 -6.00
42.64 1354.91 -6.00
42.65 1355.34 -6.00
42.66 1355.76 -6.00
42.67 1356.19 -6.00
42.68 1356.62 -6.00
42.69 1357.05 -6.00
42.70 1357.48 -6.00
42.71 1357.91 -6.00
42.72 1358.33 -6.00
42.73 1358.76 -6.00
42.74 1359.19 -6.00
42.75 1359.62 -6.00
42.76 1360.05 -6.00
42.77 1360.48 -6.00
42.78 1360.90 -6.00
42.79 1361.33 -6.00
42.80 1361.76 -6.00
42.81 1362.19 -6.00
42.82 1362.62 -6.00
42.83 1363.05 -6.00
42.84 1363.48 -6.00
42.85 1363.90 -6.00
42.86 1364.33 -6.00
42.87 1364.76 -6.00
42.88 1365.19 -6.00
42.89 1365.62 -6.00
42.90 1366.05 -6.00
42.91 1366.47 -6.00
42.92 1366.90 -6.00
42.93 1367.33 -6.00
42.94 1367.76 -6.00
42.95 1368.19 -6.00
42.96 1368.62 -6.00
42.97 1369.04 -6.00
42.98 1369.47 -6.00
42.99 1369.90 -6.00
43.00 1370.33 -6.00
43.01 1370.76 -6.00
43.02 1371.19 -6.00
43.03 1371.62 -6.00
43.04 1372.04 -6.00
43.05 1372.47 -6.00
43.06 1372.90 -6.00
43.07 1373.33 -6.00
43.08 1373.76 -6.00
43.09 1374.19 -6.00
43.10 1374.61 -6.00
43.11 1375.04 -6.00
43.12 1375.47 -6.00
43.13 1375.90 -6.00
43.14 1376.33 -6.00
43.15 1376.76 -6.00
43.16 1377.18 -6.00
43.17 1377.61 -6.00
43.18 1378.04 -6.00
43.19 1378.47 -6.00
43.20 1378.90 -6.00
43.21 1379.33 -6.00
43.22 1379.76 -6.00
43.23 1380.18 -6.00
43.24 1380.61 -6.00
43.25 1381.04 -6.00
43.26 1381.47 -6.00
43.27 1381.90 -6.00
43.28 1382.33 -6.00
43.29 1382.75 -6.00
43.30 1383.18 -6.00
43.31 1383.61 -6.00
43.32 1384.04 -6.00
43.33 1384.47 -6.00
43.34 1384.90 -6.00
43.35 1385.33 -6.00
43.36 1385.75 -6.00
43.37 1386.18 -6.00
43.38 1386.61 -6.00
43.39 1387.04 -6.00
43.40 1387.47 -6.00
43.41 1387.90 -6.00
43.42 1388.32 -6.00
43.43 1388.75 -6.00
43.44 1389.18 -6.00
43.45 1389.61 -6.00
43.46 1390.04 -6.00
43.47 1390.47 -6.00
43.48 1390.89 -6.00
43.49 1391.32 -6.00
43.50 1391.75 -6.00
43.51 1392.18 -6.00
43.52 1392.61 -6.00
43.53 1393.04 -6.00
43.54 1393.47 -6.00
43.55 1393.89 -6.00
43.56 1394.32 -6.00
43.57 1394.75 -6.00
43.58 1395.18 -6.00
43.59 1395.61 -6.00
43.60 1396.04 -6.00
43.61 1396.46 -6.00
43.62 1396.89 -6.00
43.63 1397.32 -6.00
43.64 1397.75 -6.00
43.65 1398.18 -6.00
43.66 1398.61 -6.00
43.67 1399.04 -6.00
43.68 1399.46 -6.00
43.69 1399.89 -6.00
43.70 1400.32 -6.00
43.71 1400.75 -6.00
43.72 1401.18 -6.00
43.73 1401.61 -6.00
43.74 1402.03 -6.00
43.75 1402.46 -6.00
43.76 1402.89 -6.00
43.77 1403.32 -6.00
43.78 1403.75 -6.00
43.79 1404.18 -6.00
43.80 1404.61 -6.00
43.81 1405.03 -6.00
43.82 1405.46 -6.00
43.83 1405.89 -6.00
43.84 1406.32 -6.00
43.85 1406.75 -6.00
43.86 1407.18 -6.00
43.87 1407.60 -6.00
43.88 1408.03 -6.00
43.89 1408.46 -6.00
43.90 1408.89 -6.00
43.91 1409.32 -6.00
43.92 1409.75 -6.00
43.93 1410.18 -6.00
43.94 1410.60 -6.00
43.95 1411.03 -6.00
43.96 1411.46 -6.00
43.97 1411.89 -6.00
43.98 1412.32 -6.00
43.99 1412.75 -6.00
44.00 1413.17 -6.00
44.01 1413.60 -6.00
44.02 1414.03 -6.00
44.03 1414.46 -6.00
44.04 1414.89 -6.00
44.05 1415.32 -6.00
44.06 1415.75 -6.00
44.07 1416.17 -6.00
44.08 1416.60 -6.00
44.09 1417.03 -6.00
44.10 1417.46 -6.00
44.11 1417.89 -6.00
44.12 1418.32 -6.00
44.13 1418.74 -6.00
44.14 1419.17 -6.00
44.15 1419.60 -6.00
44.16 1420.03 -6.00
44.17 1420.46 -6.00
44.18 1420.89 -6.00
44.19 1421.32 -6.00
44.20 1421.74 -6.00
44.21 1422.17 -6.00
44.22 1422.60 -6.00
44.23 1423.03 -6.00
44.24 1423.46 -6.00
44.25 1423.89 -6.00
44.26 1424.32 -6.00
44.27 1424.74 -6.00
44.28 1425.17 -6.00
44.29 1425.60 -6.00
44.30 1426.03 -6.00
44.31 1426.46 -6.00
44.32 1426.89 -6.00
44.33 1427.31 -6.00
44.34 1427.74 -6.00
44.35 1428.17 -6.00
44.36 1428.60 -6.00
44.37 1429.03 -6.00
44.38 1429.46 -6.00
44.39 1429.89 -6.00
44.40 1430.31 -6.00
44.41 1430.74 -6.00
44.42 1431.17 -6.00
44.43 1431.60 -6.00
44.44 1432.03 -6.00
44.45 1432.46 -6.00
44.46 1432.88 -6.00
44.47 1433.31 -6.00
44.48 1433.74 -6.00
44.49 1434.17 -6.00
44.50 1434.60 -6.00
44.51 1435.03 -6.00
44.52 1435.46 -6.00
44.53 1435.88 -6.00
44.54 1436.31 -6.00
44.55 1436.74 -6.00
44.56 1437.17 -6.00
44.57 1437.60 -6.00
44.58 1438.03 -6.00
44.59 1438.45 -6.00
44.60 1438.88 -6.00
44.61 1439.31 -6.00
44.62 1439.74 -6.00
44.63 1440.17 -6.00
44.64 1440.60 -6.00
44.65 1441.03 -6.00
44.66 1441.45 -6.00
44.67 1441.88 -6.00
44.68 1442.31 -6.00
44.69 1442.74 -6.00
44.70 1443.17 -6.00
44.71 1443.60 -6.00
44.72 1444.03 -6.00
44.73 1444.45 -6.00
44.74 1444.88 -6.00
44.75 1445.31 -6.00
44.76 1445.74 -6.00
44.77 1446.17 -6.00
44.78 1446.60 -6.00
44.79 1447.02 -6.00
44.80 1447.45 -6.00
44.81 1447.88 -6.00
44.82 1448.31 -6.00
44.83 1448.74 -6.00
44.84 1449.17 -6.00
44.85 1449.60 -6.00
44.86 1450.02 -6.00
44.87 1450.45 -6.00
44.88 1450.88 -6.00
44.89 1451.31 -6.00
44.90 1451.74 -6.00
44.91 1452.17 -6.00
44.92 1452.60 -6.00
44.93 1453.02 -6.00
44.94 1453.45 -6.00
44.95 1453.88 -6.00
44.96 1454.31 -6.00
44.97 1454.74 -6.00
44.98 1455.17 -6.00
44.99 1455.59 -6.00
45.00 1456.02 -6.00
45.01 1456.45 -6.00
45.02 1456.88 -6.00
45.03 1457.31 -6.00
45.04 1457.74 -6.00
45.05 1458.17 -6.00
45.06 1458.59 -6.00
45.07 1459.02 -6.00
45.08 1459.45 -6.00
45.09 1459.88 -6.00
45.10 1460.31 -6.00
45.11 1460.74 -6.00
45.12 1461.17 -6.00
45.13 1461.59 -6.00
45.14 1462.02 -6.00
45.15 1462.45 -6.00
45.16 1462.88 -6.00
45.17 1463.31 -6.00
45.18 1463.74 -6.00
45.19 1464.16 -6.00
45.20 1464.59 -6.00
45.21 1465.02 -6.00
45.22 1465.45 -6.00
45.23 1465.88 -6.00
45.24 1466.31 -6.00
45.25 1466.74 -6.00
45.26 1467.16 -6.00
45.27 1467.59 -6.00
45.28 1468.02 -6.00
45.29 1468.45 -6.00
45.30 1468.88 -6.00
45.31 1469.31 -6.00
45.32 1469.74 -6.00
45.33 1470.16 -6.00
45.34 1470.59 -6.00
45.35 1471.02 -6.00
45.36 1471.45 -6.00
45.37 1471.88 -6.00
45.38 1472.31 -6.00
45.39 1472.73 -6.00
45.40 1473.16 -6.00
45.41 1473.59 -6.00
45.42 1474.02 -6.00
45.43 1474.45 -6.00
45.44 1474.88 -6.00
45.45 1475.31 -6.00
45.46 1475.73 -6.00
45.47 1476.16 -6.00
45.48 1476.59 -6.00
45.49 1477.02 -6.00
45.50 1477.45 -6.00
45.51 1477.88 -6.00
45.52 1478.31 -6.00
45.53 1478.73 -6.00
45.54 1479.16 -6.00
45.55 1479.59 -6.00
45.56 1480.02 -6.00
45.57 1480.45 -6.00
45.58 1480.88 -6.00
45.59 1481.30 -6.00
45.60 1481.73 -6.00
45.61 1482.16 -6.00
45.62 1482.59 -6.00
45.63 1483.02 -6.00
45.64 1483.45 -6.00
45.65 1483.88 -6.00
45.66 1484.30 -6.00
45.67 1484.73 -6.00
45.68 1485.16 -6.00
45.69 1485.59 -6.00
45.70 1486.02 -6.00
45.71 1486.45 -6.00
45.72 1486.88 -6.00
45.73 1487.30 -6.00
45.74 1487.73 -6.00
45.75 1488.16 -6.00
45.76 1488.59 -6.00
45.77 1489.02 -6.00
45.78 1489.45 -6.00
45.79 1489.88 -6.00
45.80 1490.30 -6.00
45.81 1490.73 -6.00
45.82 1491.16 -6.00
45.83 1491.59 -6.00
45.84 1492.02 -6.00
45.85 1492.45 -6.00
45.86 1492.87 -6.00
45.87 1493.30 -6.00
45.88 1493.73 -6.00
45.89 1494.16 -6.00
45.90 1494.59 -6.00
45.91 1495.02 -6.00
45.92 1495.45 -6.00
45.93 1495.87 -6.00
45.94 1496.30 -6.00
45.95 1496.73 -6.00
45.96 1497.16 -6.00
45.97 1497.59 -6.00
45.98 1498.02 -6.00
45.99 1498.45 -6.00
46.00 1498.87 -6.00
46.01 1499.30 -6.00
46.02 1499.73 -6.00
46.03 1500.16 -6.00
46.04 1500.59 -6.00
46.05 1501.02 -6.00
46.06 1501.45 -6.00
46.07 1501.87 -6.00
46.08 1502.30 -6.00
46.09 1502.73 -6.00
46.10 1503.16 -6.00
46.11 1503.59 -6.00
46.12 1504.02 -6.00
46.13 1504.44 -6.00
46.14 1504.87 -6.00
46.15 1505.30 -6.00
46.16 1505.73 -6.00
46.17 1506.16 -6.00
46.18 1506.59 -6.00
46.19 1507.02 -6.00
46.20 1507.44 -6.00
46.21 1507.87 -6.00
46.22 1508.30 -6.00
46.23 1508.73 -6.00
46.24 1509.16 -6.00
46.25 1509.59 -6.00
46.26 1510.02 -6.00
46.27 1510.44 -6.00
46.28 1510.87 -6.00
46.29 1511.30 -6.00
46.30 1511.73 -6.00
46.31 1512.16 -6.00
46.32 1512.59 -6.00
46.33 1513.02 -6.00
46.34 1513.44 -6.00
46.35 1513.87 -6.00
46.36 1514.30 -6.00
46.37 1514.73 -6.00
46.38 1515.16 -6.00
46.39 1515.59 -6.00
46.40 1516.01 -6.00
46.41 1516.44 -6.00
46.42 1516.87 -6.00
46.43 1517.30 -6.00
46.44 1517.73 -6.00
46.45 1518.16 -6.00
46.46 1518.59 -6.00
46.47 1519.01 -6.00
46.48 1519.44 -6.00
46.49 1519.87 -6.00
46.50 1520.30 -6.00
46.51 1520.73 -6.00
46.52 1521.16 -6.00
46.53 1521.59 -6.00
46.54 1522.01 -6.00
46.55 1522.44 -6.00
46.56 1522.87 -6.00
46.57 1523.30 -6.00
46.58 1523.73 -6.00
46.59 1524.16 -6.00
46.60 1524.59 -6.00
46.61 1525.01 -6.00
46.62 1525.44 -6.00
46.63 1525.87 -6.00
46.64 1526.30 -6.00
46.65 1526.73 -6.00
46.66 1527.16 -6.00
46.67 1527.59 -6.00
46.68 1528.01 -6.00
46.69 1528.44 -6.00
46.70 1528.87 -6.00
46.71 1529.30 -6.00
46.72 1529.73 -6.00
46.73 1530.16 -6.00
46.74 1530.58 -6.00
46.75 1531.01 -6.00
46.76 1531.44 -6.00
46.77 1531.87 -6.00
46.78 1532.30 -6.00
46.79 1532.73 -6.00
46.80 1533.16 -6.00
46.81 1533.58 -6.00
46.82 1534.01 -6.00
46.83 1534.44 -6.00
46.84 1534.87 -6.00
46.85 1535.30 -6.00
46.86 1535.73 -6.00
46.87 1536.16 -6.00
46.88 1536.58 -6.00
46.89 1537.01 -6.00
46.90 1537.44 -6.00
46.91 1537.87 -6.00
46.92 1538.30 -6.00
46.93 1538.73 -6.00
46.94 1539.16 -6.00
46.95 1539.58 -6.00
46.96 1540.01 -6.00
46.97 1540.44 -6.00
46.98 1540.87 -6.00
46.99 1541.30 -6.00
47.00 1541.73 -6.00
47.01 1542.16 -6.00
47.02 1542.58 -6.00
47.03 1543.01 -6.00
47.04 1543.44 -6.00
47.05 1543.87 -6.00
47.06 1544.30 -6.00
47.07 1544.73 -6.00
47.08 1545.16 -6.00
47.09 1545.58 -6.00
47.10 1546.01 -6.00
47.11 1546.44 -6.00
47.12 1546.87 -6.00
47.13 1547.30 -6.00
47.14 1547.73 -6.00
47.15 1548.15 -6.00
47.16 1548.58 -6.00
47.17 1549.01 -6.00
47.18 1549.44 -6.00
47.19 1549.87 -6.00
47.20 1550.30 -6.00
47.21 1550.73 -6.00
47.22 1551.15 -6.00
47.23 1551.58 -6.00
47.24 1552.01 -6.00
47.25 1552.44 -6.00
47.26 1552.87 -6.00
47.27 1553.30 -6.00
47.28 1553.73 -6.00
47.29 1554.15 -6.00
47.30 1554.58 -6.00
47.31 1555.01 -6.00
47.32 1555.44 -6.00
47.33 1555.87 -6.00
47.34 1556.30 -6.00
47.35 1556.73 -6.00
47.36 1557.15 -6.00
47.37 1557.58 -6.00
47.38 1558.01 -6.00
47.39 1558.44 -6.00
47.40 1558.87 -6.00
47.41 1559.30 -6.00
47.42 1559.73 -6.00
47.43 1560.15 -6.00
47.44 1560.58 -6.00
47.45 1561.01 -6.00
47.46 1561.44 -6.00
47.47 1561.87 -6.00
47.48 1562.30 -6.00
47.49 1562.73 -6.00
47.50 1563.15 -6.00
47.51 1563.58 -6.00
47.52 1564.01 -6.00
47.53 1564.44 -6.00
47.54 1564.87 -6.00
47.55 1565.30 -6.00
47.56 1565.73 -6.00
47.57 1566.15 -6.00
47.58 1566.58 -6.00
47.59 1567.01 -6.00
47.60 1567.44 -6.00
47.61 1567.87 -6.00
47.62 1568.30 -6.00
47.63 1568.73 -6.00
47.64 1569.15 -6.00
47.65 1569.58 -6.00
47.66 1570.01 -6.00
47.67 1570.44 -6.00
47.68 1570.87 -6.00
47.69 1571.30 -6.00
47.70 1571.72 -6.00
47.71 1572.15 -6.00
47.72 1572.58 -6.00
47.73 1573.01 -6.00
47.74 1573.44 -6.00
47.75 1573.87 -6.00
47.76 1574.30 -6.00
47.77 1574.72 -6.00
47.78 1575.15 -6.00
47.79 1575.58 -6.00
47.80 1576.01 -6.00
47.81 1576.44 -6.00
47.82 1576.87 -6.00
47.83 1577.30 -6.00
47.84 1577.72 -6.00
47.85 1578.15 -6.00
47.86 1578.58 -6.00
47.87 1579.01 -6.00
47.88 1579.44 -6.00
47.89 1579.87 -6.00
47.90 1580.30 -6.00
47.91 1580.72 -6.00
47.92 1581.15 -6.00
47.93 1581.58 -6.00
47.94 1582.01 -6.00
47.95 1582.44 -6.00
47.96 1582.87 -6.00
47.97 1583.30 -6.00
47.98 1583.72 -6.00
47.99 1584.15 -6.00
48.00 1584.58 -6.00
48.01 1585.01 -6.00
48.02 1585.44 -6.00
48.03 1585.87 -6.00
48.04 1586.30 -6.00
48.05 1586.72 -6.00
48.06 1587.15 -6.00
48.07 1587.58 -6.00
48.08 1588.01 -6.00
48.09 1588.44 -6.00
48.10 1588.87 -6.00
48.11 1589.30 -6.00
48.12 1589.72 -6.00
48.13 1590.15 -6.00
48.14 1590.58 -6.00
48.15 1591.01 -6.00
48.16 1591.44 -6.00
48.17 1591.87 -6.00
48.18 1592.30 -6.00
48.19 1592.72 -6.00
48.20 1593.15 -6.00
48.21 1593.58 -6.00
48.22 1594.01 -6.00
48.23 1594.44 -6.00
48.24 1594.87 -6.00
48.25 1595.30 -6.00
48.26 1595.72 -6.00
48.27 1596.15 -6.00
48.28 1596.58 -6.00
48.29 1597.01 -6.00
48.30 1597.44 -6.00
48.31 1597.87 -6.00
48.32 1598.30 -6.00
48.33 1598.72 -6.00
48.34 1599.15 -6.00
48.35 1599.58 -6.00
48.36 1600.01 -6.00
48.37 1600.44 -6.00
48.38 1600.87 -6.00
48.39 1601.30 -6.00
48.40 1601.72 -6.00
48.41 1602.15 -6.00
48.42 1602.58 -6.00
48.43 1603.01 -6.00
48.44 1603.44 -6.00
48.45 1603.87 -6.00
48.46 1604.30 -6.00
48.47 1604.72 -6.00
48.48 1605.15 -6.00
48.49 1605.58 -6.00
48.50 1606.01 -6.00
48.51 1606.44 -6.00
48.52 1606.87 -6.00
48.53 1607.29 -6.00
48.54 1607.72 -6.00
48.55 1608.15 -6.00
48.56 1608.58 -6.00
48.57 1609.01 -6.00
48.58 1609.44 -6.00
48.59 1609.87 -6.00
48.60 1610.29 -6.00
48.61 1610.72 -6.00
48.62 1611.15 -6.00
48.63 1611.58 -6.00
48.64 1612.01 -6.00
48.65 1612.44 -6.00
48.66 1612.87 -6.00
48.67 1613.29 -6.00
48.68 1613.72 -6.00
48.69 1614.15 -6.00
48.70 1614.58 -6.00
48.71 1615.01 -6.00
48.72 1615.44 -6.00
48.73 1615.87 -6.00
48.74 1616.29 -6.00
48.75 1616.72 -6.00
48.76 1617.15 -6.00
48.77 1617.58 -6.00
48.78 1618.01 -6.00
48.79 1618.44 -6.00
48.80 1618.87 -6.00
48.81 1619.29 -6.00
48.82 1619.72 -6.00
48.83 1620.15 -6.00
48.84 1620.58 -6.00
48.85 1621.01 -6.00
48.86 1621.44 -6.00
48.87 1621.87 -6.00
48.88 1622.29 -6.00
48.89 1622.72 -6.00
48.90 1623.15 -6.00
48.91 1623.58 -6.00
48.92 1624.01 -6.00
48.93 1624.44 -6.00
48.94 1624.87 -6.00
48.95 1625.29 -6.00
48.96 1625.72 -6.00
48.97 1626.15 -6.00
48.98 1626.58 -6.00
48.99 1627.01 -6.00
49.00 1627.44 -6.00
49.01 1627.87 -6.00
49.02 1628.29 -6.00
49.03 1628.72 -6.00
49.04 1629.15 -6.00
49.05 1629.58 -6.00
49.06 1630.01 -6.00
49.07 1630.44 -6.00
49.08 1630.87 -6.00
49.09 1631.29 -6.00
49.10 1631.72 -6.00
49.11 1632.15 -6.00
49.12 1632.58 -6.00
49.13 1633.01 -6.00
49.14 1633.44 -6.00
49.15 1633.87 -6.00
49.16 1634.29 -6.00
49.17 1634.72 -6.00
49.18 1635.15 -6.00
49.19 1635.58 -6.00
49.20 1636.01 -6.00
49.21 1636.44 -6.00
49.22 1636.87 -6.00
49.23 1637.29 -6.00
49.24 1637.72 -6.00
49.25 1638.15 -6.00
49.26 1638.58 -6.00
49.27 1639.01 -6.00
49.28 1639.44 -6.00
49.29 1639.87 -6.00
49.30 1640.29 -6.00
49.31 1640.72 -6.00
49.32 1641.15 -6.00
49.33 1641.58 -6.00
49.34 1642.01 -6.00
49.35 1642.44 -6.00
49.36 1642.87 -6.00
49.37 1643.29 -6.00
49.38 1643.72 -6.00
49.39 1644.15 -6.00
49.40 1644.58 -6.00
49.41 1645.01 -6.00
49.42 1645.44 -6.00
49.43 1645.87 -6.00
49.44 1646.29 -6.00
49.45 1646.72 -6.00
49.46 1647.15 -6.00
49.47 1647.58 -6.00
49.48 1648.01 -6.00
49.49 1648.44 -6.00
49.50 1648.87 -6.00
49.51 1649.29 -6.00
49.52 1649.72 -6.00
49.53 1650.15 -6.00
49.54 1650.58 -6.00
49.55 1651.01 -6.00
49.56 1651.44 -6.00
49.57 1651.87 -6.00
49.58 1652.29 -6.00
49.59 1652.72 -6.00
49.60 1653.15 -6.00
49.61 1653.58 -6.00
49.62 1654.01 -6.00
49.63 1654.44 -6.00
49.64 1654.87 -6.00
49.65 1655.29 -6.00
49.66 1655.72 -6.00
49.67 1656.15 -6.00
49.68 1656.58 -6.00
49.69 1657.01 -6.00
49.70 1657.44 -6.00
49.71 1657.87 -6.00
49.72 1658.29 -6.00
49.73 1658.72 -6.00
49.74 1659.15 -6.00
49.75 1659.58 -6.00
49.76 1660.01 -6.00
49.77 1660.44 -6.00
49.78 1660.87 -6.00
49.79 1661.29 -6.00
49.80 1661.72 -6.00
49.81 1662.15 -6.00
49.82 1662.58 -6.00
49.83 1663.01 -6.00
49.84 1663.44 -6.00
49.85 1663.87 -6.00
49.86 1664.29 -6.00
49.87 1664.72 -6.00
49.88 1665.15 -6.00
49.89 1665.58 -6.00
49.90 1666.01 -6.00
49.91 1666.44 -6.00
49.92 1666.87 -6.00
49.93 1667.29 -6.00
49.94 1667.72 -6.00
49.95 1668.15 -6.00
49.96 1668.58 -6.00
49.97 1669.01 -6.00
49.98 1669.44 -6.00
49.99 1669.87 -6.00
50.00 1670.29 -6.00
50.01 1670.72 -6.00
50.02 1671.15 -6.00
50.03 1671.58 -6.00
50.04 1672.01 -6.00
50.05 1672.44 -6.00
50.06 1672.87 -6.00
50.07 1673.29 -6.00
50.08 1673.72 -6.00
50.09 1674.15 -6.00
50.10 1674.58 -6.00
50.11 1675.01 -6.00
50.12 1675.44 -6.00
50.13 1675.87 -6.00
50.14 1676.29 -6.00
50.15 1676.72 -6.00
50.16 1677.15 -6.00
50.17 1677.58 -6.00
50.18 1678.01 -6.00
50.19 1678.44 -6.00
50.20 1678.87 -6.00
50.21 1679.29 -6.00
50.22 1679.72 -6.00
50.23 1680.15 -6.00
50.24 1680.58 -6.00
50.25 1681.01 -6.00
50.26 1681.44 -6.00
50.27 1681.87 -6.00
50.28 1682.29 -6.00
50.29 1682.72 -6.00
50.30 1683.15 -6.00
50.31 1683.58 -6.00
50.32 1684.01 -6.00
50.33 1684.44 -6.00
50.34 1684.87 -6.00
50.35 1685.29 -6.00
50.36 1685.72 -6.00
50.37 1686.15 -6.00
50.38 1686.58 -6.00
50.39 1687.01 -6.00
50.40 1687.44 -6.00
50.41 1687.87 -6.00
50.42 1688.29 -6.00
50.43 1688.72 -6.00
50.44 1689.15 -6.00
50.45 1689.58 -6.00
50.46 1690.01 -6.00
50.47 1690.44 -6.00
50.48 1690.87 -6.00
50.49 1691.29 -6.00
50.50 1691.72 -6.00
50.51 1692.15 -6.00
50.52 1692.58 -6.00
50.53 1693.01 -6.00
50.54 1693.44 -6.00
50.55 1693.87 -6.00
50.56 1694.29 -6.00
50.57 1694.72 -6.00
50.58 1695.15 -6.00
50.59 1695.58 -6.00
50.60 1696.01 -6.00
50.61 1696.44 -6.00
50.62 1696.87 -6.00
50.63 1697.29 -6.00
50.64 1697.72 -6.00
50.65 1698.15 -6.00
50.66 1698.58 -6.00
50.67 1699.01 -6.00
50.68 1699.44 -6.00
50.69 1699.87 -6.00
50.70 1700.29 -6.00
50.71 1700.72 -6.00
50.72 1701.15 -6.00
50.73 1701.58 -6.00
50.74 1702.01 -6.00
50.75 1702.44 -6.00
50.76 1702.87 -6.00
50.77 1703.29 -6.00
50.78 1703.72 -6.00
50.79 1704.15 -6.00
50.80 1704.58 -6.00
50.81 1705.01 -6.00
50.82 1705.44 -6.00
50.83 1705.87 -6.00
50.84 1706.29 -6.00
50.85 1706.72 -6.00
50.86 1707.15 -6.00
50.87 1707.58 -6.00
50.88 1708.01 -6.00
50.89 1708.44 -6.00
50.90 1708.87 -6.00
50.91 1709.29 -6.00
50.92 1709.72 -6.00
50.93 1710.15 -6.00
50.94 1710.58 -6.00
50.95 1711.01 -6.00
50.96 1711.44 -6.00
50.97 1711.87 -6.00
50.98 1712.29 -6.00
50.99 1712.72 -6.00
51.00 1713.15 -6.00
51.01 1713.58 -6.00
51.02 1714.01 -6.00
51.03 1714.44 -6.00
51.04 1714.87 -6.00
51.05 1715.29 -6.00
51.06 1715.72 -6.00
51.07 1716.15 -6.00
51.08 1716.58 -6.00
51.09 1717.01 -6.00
51.10 1717.44 -6.00
51.11 1717.87 -6.00
51.12 1718.29 -6.00
51.13 1718.72 -6.00
51.14 1719.15 -6.00
51.15 1719.58 -6.00
51.16 1720.01 -6.00
51.17 1720.44 -6.00
51.18 1720.87 -6.00
51.19 1721.29 -6.00
51.20 1721.72 -6.00
51.21 1722.15 -6.00
51.22 1722.58 -6.00
51.23 1723.01 -6.00
51.24 1723.44 -6.00
51.25 1723.87 -6.00
51.26 1724.29 -6.00
51.27 1724.72 -6.00
51.28 1725.15 -6.00
51.29 1725.58 -6.00
51.30 1726.01 -6.00
51.31 1726.44 -6.00
51.32 1726.87 -6.00
51.33 1727.29 -6.00
51.34 1727.72 -6.00
51.35 1728.15 -6.00
51.36 1728.58 -6.00
51.37 1729.01 -6.00
51.38 1729.44 -6.00
51.39 1729.87 -6.00
51.40 1730.30 -6.00
51.41 1730.72 -6.00
51.42 1731.15 -6.00
51.43 1731.58 -6.00
51.44 1732.01 -6.00
51.45 1732.44 -6.00
51.46 1732.87 -6.00
51.47 1733.30 -6.00
51.48 1733.72 -6.00
51.49 1734.15 -6.00
51.50 1734.58 -6.00
51.51 1735.01 -6.00
51.52 1735.44 -6.00
51.53 1735.87 -6.00
51.54 1736.30 -6.00
51.55 1736.72 -6.00
51.56 1737.15 -6.00
51.57 1737.58 -6.00
51.58 1738.01 -6.00
51.59 1738.44 -6.00
51.60 1738.87 -6.00
51.61 1739.30 -6.00
51.62 1739.72 -6.00
51.63 1740.15 -6.00
51.64 1740.58 -6.00
51.65 1741.01 -6.00
51.66 1741.44 -6.00
51.67 1741.87 -6.00
51.68 1742.30 -6.00
51.69 1742.72 -6.00
51.70 1743.15 -6.00
51.71 1743.58 -6.00
51.72 1744.01 -6.00
51.73 1744.44 -6.00
51.74 1744.87 -6.00
51.75 1745.30 -6.00
51.76 1745.72 -6.00
51.77 1746.15 -6.00
51.78 1746.58 -6.00
51.79 1747.01 -6.00
51.80 1747.44 -6.00
51.81 1747.87 -6.00
51.82 1748.30 -6.00
51.83 1748.72 -6.00
51.84 1749.15 -6.00
51.85 1749.58 -6.00
51.86 1750.01 -6.00
51.87 1750.44 -6.00
51.88 1750.87 -6.00
51.89 1751.30 -6.00
51.90 1751.72 -6.00
51.91 1752.15 -6.00
51.92 1752.58 -6.00
51.93 1753.01 -6.00
51.94 1753.44 -6.00
51.95 1753.87 -6.00
51.96 1754.30 -6.00
51.97 1754.72 -6.00
51.98 1755.15 -6.00
51.99 1755.58 -6.00
52.00 1756.01 -6.00
52.01 1756.44 -6.00
52.02 1756.87 -6.00
52.03 1757.30 -6.00
52.04 1757.72 -6.00
52.05 1758.15 -6.00
52.06 1758.58 -6.00
52.07 1759.01 -6.00
52.08 1759.44 -6.00
52.09 1759.87 -6.00
52.10 1760.30 -6.00
52.11 1760.72 -6.00
52.12 1761.15 -6.00
52.13 1761.58 -6.00
52.14 1762.01 -6.00
52.15 1762.44 -6.00
52.16 1762.87 -6.00
52.17 1763.30 -6.00
52.18 1763.72 -6.00
52.19 1764.15 -6.00
52.20 1764.58 -6.00
52.21 1765.01 -6.00
52.22 1765.44 -6.00
52.23 1765.87 -6.00
52.24 1766.30 -6.00
52.25 1766.72 -6.00
52.26 1767.15 -6.00
52.27 1767.58 -6.00
52.28 1768.01 -6.00
52.29 1768.44 -6.00
52.30 1768.87 -6.00
52.31 1769.30 -6.00
52.32 1769.72 -6.00
52.33 1770.15 -6.00
52.34 1770.58 -6.00
52.35 1771.01 -6.00
52.36 1771.44 -6.00
52.37 1771.87 -6.00
52.38 1772.30 -6.00
52.39 1772.72 -6.00
52.40 1773.15 -6.00
52.41 1773.58 -6.00
52.42 1774.01 -6.00
52.43 1774.44 -6.00
52.44 1774.87 -6.00
52.45 1775.30 -6.00
52.46 1775.73 -6.00
52.47 1776.15 -6.00
52.48 1776.58 -6.00
52.49 1777.01 -6.00
52.50 1777.44 -6.00
52.51 1777.87 -6.00
52.52 1778.30 -6.00
52.53 1778.73 -6.00
52.54 1779.15 -6.00
52.55 1779.58 -6.00
52.56 1780.01 -6.00
52.57 1780.44 -6.00
52.58 1780.87 -6.00
52.59 1781.30 -6.00
52.60 1781.73 -6.00
52.61 1782.15 -6.00
52.62 1782.58 -6.00
52.63 1783.01 -6.00
52.64 1783.44 -6.00
52.65 1783.87 -6.00
52.66 1784.30 -6.00
52.67 1784.73 -6.00
52.68 1785.15 -6.00
52.69 1785.58 -6.00
52.70 1786.01 -6.00
52.71 1786.44 -6.00
52.72 1786.87 -6.00
52.73 1787.30 -6.00
52.74 1787.73 -6.00
52.75 1788.15 -6.00
52.76 1788.58 -6.00
52.77 1789.01 -6.00
52.78 1789.44 -6.00
52.79 1789.87 -6.00
52.80 1790.30 -6.00
52.81 1790.73 -6.00
52.82 1791.15 -6.00
52.83 1791.58 -6.00
52.84 1792.01 -6.00
52.85 1792.44 -6.00
52.86 1792.87 -6.00
52.87 1793.30 -6.00
52.88 1793.73 -6.00
52.89 1794.15 -6.00
52.90 1794.58 -6.00
52.91 1795.01 -6.00
52.92 1795.44 -6.00
52.93 1795.87 -6.00
52.94 1796.30 -6.00
52.95 1796.73 -6.00
52.96 1797.15 -6.00
52.97 1797.58 -6.00
52.98 1798.01 -6.00
52.99 1798.44 -6.00
53.00 1798.87 -6.00
53.01 1799.30 -6.00
53.02 1799.73 -6.00
53.03 1800.15 -6.00
53.04 1800.58 -6.00
53.05 1801.01 -6.00
53.06 1801.44 -6.00
53.07 1801.87 -6.00
53.08 1802.30 -6.00
53.09 1802.73 -6.00
53.10 1803.15 -6.00
53.11 1803.58 -6.00
53.12 1804.01 -6.00
53.13 1804.44 -6.00
53.14 1804.87 -6.00
53.15 1805.30 -6.00
53.16 1805.73 -6.00
53.17 1806.15 -6.00
53.18 1806.58 -6.00
53.19 1807.01 -6.00
53.20 1807.44 -6.00
53.21 1807.87 -6.00
53.22 1808.30 -6.00
53.23 1808.73 -6.00
53.24 1809.15 -6.00
53.25 1809.58 -6.00
53.26 1810.01 -6.00
53.27 1810.44 -6.00
53.28 1810.87 -6.00
53.29 1811.30 -6.00
53.30 1811.73 -6.00
53.31 1812.16 -6.00
53.32 1812.58 -6.00
53.33 1813.01 -6.00
53.34 1813.44 -6.00
53.35 1813.87 -6.00
53.36 1814.30 -6.00
53.37 1814.73 -6.00
53.38 1815.16 -6.00
53.39 1815.58 -6.00
53.40 1816.01 -6.00
53.41 1816.44 -6.00
53.42 1816.87 -6.00
53.43 1817.30 -6.00
53.44 1817.73 -6.00
53.45 1818.16 -6.00
53.46 1818.58 -6.00
53.47 1819.01 -6.00
53.48 1819.44 -6.00
53.49 1819.87 -6.00
53.50 1820.30 -6.00
53.51 1820.73 -6.00
53.52 1821.16 -6.00
53.53 1821.58 -6.00
53.54 1822.01 -6.00
53.55 1822.44 -6.00
53.56 1822.87 -6.00
53.57 1823.30 -6.00
53.58 1823.73 -6.00
53.59 1824.16 -6.00
53.60 1824.58 -6.00
53.61 1825.01 -6.00
53.62 1825.44 -6.00
53.63 1825.87 -6.00
53.64 1826.30 -6.00
53.65 1826.73 -6.00
53.66 1827.16 -6.00
53.67 1827.58 -6.00
53.68 1828.01 -6.00
53.69 1828.44 -6.00
53.70 1828.87 -6.00
53.71 1829.30 -6.00
53.72 1829.73 -6.00
53.73 1830.16 -6.00
53.74 1830.58 -6.00
53.75 1831.01 -6.00
53.76 1831.44 -6.00
53.77 1831.87 -6.00
53.78 1832.30 -6.00
53.79 1832.73 -6.00
53.80 1833.16 -6.00
53.81 1833.58 -6.00
53.82 1834.01 -6.00
53.83 1834.44 -6.00
53.84 1834.87 -6.00
53.85 1835.30 -6.00
53.86 1835.73 -6.00
53.87 1836.16 -6.00
53.88 1836.58 -6.00
53.89 1837.01 -6.00
53.90 1837.44 -6.00
53.91 1837.87 -6.00
53.92 1838.30 -6.00
53.93 1838.73 -6.00
53.94 1839.16 -6.00
53.95 1839.58 -6.00
53.96 1840.01 -6.00
53.97 1840.44 -6.00
53.98 1840.87 -6.00
53.99 1841.30 -6.00
54.00 1841.73 -6.00
54.01 1842.16 -6.00
54.02 1842.59 -6.00
54.03 1843.01 -6.00
54.04 1843.44 -6.00
54.05 1843.87 -6.00
54.06 1844.30 -6.00
54.07 1844.73 -6.00
54.08 1845.16 -6.00
54.09 1845.59 -6.00
54.10 1846.01 -6.00
54.11 1846.44 -6.00
54.12 1846.87 -6.00
54.13 1847.30 -6.00
54.14 1847.73 -6.00
54.15 1848.16 -6.00
54.16 1848.59 -6.00
54.17 1849.01 -6.00
54.18 1849.44 -6.00
54.19 1849.87 -6.00
54.20 1850.30 -6.00
54.21 1850.73 -6.00
54.22 1851.16 -6.00
54.23 1851.59 -6.00
54.24 1852.01 -6.00
54.25 1852.44 -6.00
54.26 1852.87 -6.00
54.27 1853.30 -6.00
54.28 1853.73 -6.00
54.29 1854.16 -6.00
54.30 1854.59 -6.00
54.31 1855.01 -6.00
54.32 1855.44 -6.00
54.33 1855.87 -6.00
54.34 1856.30 -6.00
54.35 1856.73 -6.00
54.36 1857.16 -6.00
54.37 1857.59 -6.00
54.38 1858.01 -6.00
54.39 1858.44 -6.00
54.40 1858.87 -6.00
54.41 1859.30 -6.00
54.42 1859.73 -6.00
54.43 1860.16 -6.00
54.44 1860.59 -6.00
54.45 1861.01 -6.00
54.46 1861.44 -6.00
54.47 1861.87 -6.00
54.48 1862.30 -6.00
54.49 1862.73 -6.00
54.50 1863.16 -6.00
54.51 1863.59 -6.00
54.52 1864.01 -6.00
54.53 1864.44 -6.00
54.54 1864.87 -6.00
54.55 1865.30 -6.00
54.56 1865.73 -6.00
54.57 1866.16 -6.00
54.58 1866.59 -6.00
54.59 1867.01 -6.00
54.60 1867.44 -6.00
54.61 1867.87 -6.00
54.62 1868.30 -6.00
54.63 1868.73 -6.00
54.64 1869.16 -6.00
54.65 1869.59 -6.00
54.66 1870.02 -6.00
54.67 1870.44 -6.00
54.68 1870.87 -6.00
54.69 1871.30 -6.00
54.70 1871.73 -6.00
54.71 1872.16 -6.00
54.72 1872.59 -6.00
54.73 1873.02 -6.00
54.74 1873.44 -6.00
54.75 1873.87 -6.00
54.76 1874.30 -6.00
54.77 1874.73 -6.00
54.78 1875.16 -6.00
54.79 1875.59 -6.00
54.80 1876.02 -6.00
54.81 1876.44 -6.00
54.82 1876.87 -6.00
54.83 1877.30 -6.00
54.84 1877.73 -6.00
54.85 1878.16 -6.00
54.86 1878.59 -6.00
54.87 1879.02 -6.00
54.88 1879.44 -6.00
54.89 1879.87 -6.00
54.90 1880.30 -6.00
54.91 1880.73 -6.00
54.92 1881.16 -6.00
54.93 1881.59 -6.00
54.94 1882.02 -6.00
54.95 1882.44 -6.00
54.96 1882.87 -6.00
54.97 1883.30 -6.00
54.98 1883.73 -6.00
54.99 1884.16 -6.00
55.00 1884.59 -6.00
55.01 1885.02 -6.00
55.02 1885.44 -6.00
55.03 1885.87 -6.00
55.04 1886.30 -6.00
55.05 1886.73 -6.00
55.06 1887.16 -6.00
55.07 1887.59 -6.00
55.08 1888.02 -6.00
55.09 1888.44 -6.00
55.10 1888.87 -6.00
55.11 1889.30 -6.00
55.12 1889.73 -6.00
55.13 1890.16 -6.00
55.14 1890.59 -6.00
55.15 1891.02 -6.00
55.16 1891.44 -6.00
55.17 1891.87 -6.00
55.18 1892.30 -6.00
55.19 1892.73 -6.00
55.20 1893.16 -6.00
55.21 1893.59 -6.00
55.22 1894.02 -6.00
55.23 1894.45 -6.00
55.24 1894.87 -6.00
55.25 1895.30 -6.00
55.26 1895.73 -6.00
55.27 1896.16 -6.00
55.28 1896.59 -6.00
55.29 1897.02 -6.00
55.30 1897.45 -6.00
55.31 1897.87 -6.00
55.32 1898.30 -6.00
55.33 1898.73 -6.00
55.34 1899.16 -6.00
55.35 1899.59 -6.00
55.36 1900.02 -6.00
55.37 1900.45 -6.00
55.38 1900.87 -6.00
55.39 1901.30 -6.00
55.40 1901.73 -6.00
55.41 1902.16 -6.00
55.42 1902.59 -6.00
55.43 1903.02 -6.00
55.44 1903.45 -6.00
55.45 1903.87 -6.00
55.46 1904.30 -6.00
55.47 1904.73 -6.00
55.48 1905.16 -6.00
55.49 1905.59 -6.00
55.50 1906.02 -6.00
55.51 1906.45 -6.00
55.52 1906.87 -6.00
55.53 1907.30 -6.00
55.54 1907.73 -6.00
55.55 1908.16 -6.00
55.56 1908.59 -6.00
55.57 1909.02 -6.00
55.58 1909.45 -6.00
55.59 1909.87 -6.00
55.60 1910.30 -6.00
55.61 1910.73 -6.00
55.62 1911.16 -6.00
55.63 1911.59 -6.00
55.64 1912.02 -6.00
55.65 1912.45 -6.00
55.66 1912.87 -6.00
55.67 1913.30 -6.00
55.68 1913.73 -6.00
55.69 1914.16 -6.00
55.70 1914.59 -6.00
55.71 1915.02 -6.00
55.72 1915.45 -6.00
55.73 1915.87 -6.00
55.74 1916.30 -6.00
55.75 1916.73 -6.00
55.76 1917.16 -6.00
55.77 1917.59 -6.00
55.78 1918.02 -6.00
55.79 1918.45 -6.00
55.80 1918.88 -6.00
55.81 1919.30 -6.00
55.82 1919.73 -6.00
55.83 1920.16 -6.00
55.84 1920.59 -6.00
55.85 1921.02 -6.00
55.86 1921.45 -6.00
55.87 1921.88 -6.00
55.88 1922.30 -6.00
55.89 1922.73 -6.00
55.90 1923.16 -6.00
55.91 1923.59 -6.00
55.92 1924.02 -6.00
55.93 1924.45 -6.00
55.94 1924.88 -6.00
55.95 1925.30 -6.00
55.96 1925.73 -6.00
55.97 1926.16 -6.00
55.98 1926.59 -6.00
55.99 1927.02 -6.00
56.00 1927.45 -6.00
56.01 1927.88 -6.00
56.02 1928.30 -6.00
56.03 1928.73 -6.00
56.04 1929.16 -6.00
56.05 1929.59 -6.00
56.06 1930.02 -6.00
56.07 1930.45 -6.00
56.08 1930.88 -6.00
56.09 1931.30 -6.00
56.10 1931.73 -6.00
56.11 1932.16 -6.00
56.12 1932.59 -6.00
56.13 1933.02 -6.00
56.14 1933.45 -6.00
56.15 1933.88 -6.00
56.16 1934.30 -6.00
56.17 1934.73 -6.00
56.18 1935.16 -6.00
56.19 1935.59 -6.00
56.20 1936.02 -6.00
56.21 1936.45 -6.00
56.22 1936.88 -6.00
56.23 1937.30 -6.00
56.24 1937.73 -6.00
56.25 1938.16 -6.00
56.26 1938.59 -6.00
56.27 1939.02 -6.00
56.28 1939.45 -6.00
56.29 1939.88 -6.00
56.30 1940.30 -6.00
56.31 1940.73 -6.00
56.32 1941.16 -6.00
56.33 1941.59 -6.00
56.34 1942.02 -6.00
56.35 1942.45 -6.00
56.36 1942.88 -6.00
56.37 1943.31 -6.00
56.38 1943.73 -6.00
56.39 1944.16 -6.00
56.40 1944.59 -6.00
56.41 1945.02 -6.00
56.42 1945.45 -6.00
56.43 1945.88 -6.00
56.44 1946.31 -6.00
56.45 1946.73 -6.00
56.46 1947.16 -6.00
56.47 1947.59 -6.00
56.48 1948.02 -6.00
56.49 1948.45 -6.00
56.50 1948.88 -6.00
56.51 1949.31 -6.00
56.52 1949.73 -6.00
56.53 1950.16 -6.00
56.54 1950.59 -6.00
56.55 1951.02 -6.00
56.56 1951.45 -6.00
56.57 1951.88 -6.00
56.58 1952.31 -6.00
56.59 1952.73 -6.00
56.60 1953.16 -6.00
56.61 1953.59 -6.00
56.62 1954.02 -6.00
56.63 1954.45 -6.00
56.64 1954.88 -6.00
56.65 1955.31 -6.00
56.66 1955.73 -6.00
56.67 1956.16 -6.00
56.68 1956.59 -6.00
56.69 1957.02 -6.00
56.70 1957.45 -6.00
56.71 1957.88 -6.00
56.72 1958.31 -6.00
56.73 1958.73 -6.00
56.74 1959.16 -6.00
56.75 1959.59 -6.00
56.76 1960.02 -6.00
56.77 1960.45 -6.00
56.78 1960.88 -6.00
56.79 1961.31 -6.00
56.80 1961.73 -6.00
56.81 1962.16 -6.00
56.82 1962.59 -6.00
56.83 1963.02 -6.00
56.84 1963.45 -6.00
56.85 1963.88 -6.00
56.86 1964.31 -6.00
56.87 1964.73 -6.00
56.88 1965.16 -6.00
56.89 1965.59 -6.00
56.90 1966.02 -6.00
56.91 1966.45 -6.00
56.92 1966.88 -6.00
56.93 1967.31 -6.00
56.94 1967.74 -6.00
56.95 1968.16 -6.00
56.96 1968.59 -6.00
56.97 1969.02 -6.00
56.98 1969.45 -6.00
56.99 1969.88 -6.00
57.00 1970.31 -6.00
57.01 1970.74 -6.00
57.02 1971.16 -6.00
57.03 1971.59 -6.00
57.04 1972.02 -6.00
57.05 1972.45 -6.00
57.06 1972.88 -6.00
57.07 1973.31 -6.00
57.08 1973.74 -6.00
57.09 1974.16 -6.00
57.10 1974.59 -6.00
57.11 1975.02 -6.00
57.12 1975.45 -6.00
57.13 1975.88 -6.00
57.14 1976.31 -6.00
57.15 1976.74 -6.00
57.16 1977.16 -6.00
57.17 1977.59 -6.00
57.18 1978.02 -6.00
57.19 1978.45 -6.00
57.20 1978.88 -6.00
57.21 1979.31 -6.00
57.22 1979.74 -6.00
57.23 1980.16 -6.00
57.24 1980.59 -6.00
57.25 1981.02 -6.00
57.26 1981.45 -6.00
57.27 1981.88 -6.00
57.28 1982.31 -6.00
57.29 1982.74 -6.00
57.30 1983.16 -6.00
57.31 1983.59 -6.00
57.32 1984.02 -6.00
57.33 1984.45 -6.00
57.34 1984.88 -6.00
57.35 1985.31 -6.00
57.36 1985.74 -6.00
57.37 1986.16 -6.00
57.38 1986.59 -6.00
57.39 1987.02 -6.00
57.40 1987.45 -6.00
57.41 1987.88 -6.00
57.42 1988.31 -6.00
57.43 1988.74 -6.00
57.44 1989.17 -6.00
57.45 1989.59 -6.00
57.46 1990.02 -6.00
57.47 1990.45 -6.00
57.48 1990.88 -6.00
57.49 1991.31 -6.00
57.50 1991.74 -6.00
57.51 1992.17 -6.00
57.52 1992.59 -6.00
57.53 1993.02 -6.00
57.54 1993.45 -6.00
57.55 1993.88 -6.00
57.56 1994.31 -6.00
57.57 1994.74 -6.00
57.58 1995.17 -6.00
57.59 1995.59 -6.00
57.60 1996.02 -6.00
57.61 1996.45 -6.00
57.62 1996.88 -6.00
57.63 1997.31 -6.00
57.64 1997.74 -6.00
57.65 1998.17 -6.00
57.66 1998.59 -6.00
57.67 1999.02 -6.00
57.68 1999.45 -6.00
57.69 1999.88 -6.00

# vehicle f_0.2
8.76 5.10 -6.00
8.77 5.45 -6.00
8.78 5.79 -6.00
8.79 6.14 -6.00
8.80 6.48 -6.00
8.81 6.83 -6.00
8.82 7.17 -6.00
8.83 7.52 -6.00
8.84 7.87 -6.00
8.85 8.21 -6.00
8.86 8.56 -6.00
8.87 8.90 -6.00
8.88 9.25 -6.00
8.89 9.59 -6.00
8.90 9.94 -6.00
8.91 10.29 -6.00
8.92 10.63 -6.00
8.93 10.98 -6.00
8.94 11.32 -6.00
8.95 11.67 -6.00
8.96 12.01 -6.00
8.97 12.36 -6.00
8.98 12.71 -6.00
8.99 13.05 -6.00
9.00 13.40 -6.00
9.01 13.74 -6.00
9.02 14.09 -6.00
9.03 14.43 -6.00
9.04 14.78 -6.00
9.05 15.13 -6.00
9.06 15.47 -6.00
9.07 15.82 -6.00
9.08 16.16 -6.00
9.09 16.51 -6.00
9.10 16.85 -6.00
9.11 17.20 -6.00
9.12 17.55 -6.00
9.13 17.89 -6.00
9.14 18.24 -6.00
9.15 18.58 -6.00
9.16 18.93 -6.00
9.17 19.27 -6.00
9.18 19.62 -6.00
9.19 19.96 -6.00
9.20 20.31 -6.00
9.21 20.66 -6.00
9.22 21.00 -6.00
9.23 21.35 -6.00
9.24 21.69 -6.00
9.25 22.04 -6.00
9.26 22.38 -6.00
9.27 22.73 -6.00
9.28 23.08 -6.00
9.29 23.42 -6.00
9.30 23.77 -6.00
9.31 24.11 -6.00
9.32 24.46 -6.00
9.33 24.80 -6.00
9.34 25.15 -6.00
9.35 25.50 -6.00
9.36 25.84 -6.00
9.37 26.19 -6.00
9.38 26.53 -6.00
9.39 26.88 -6.00
9.40 27.22 -6.00
9.41 27.57 -6.00
9.42 27.92 -6.00
9.43 28.26 -6.00
9.44 28.61 -6.00
9.45 28.95 -6.00
9.46 29.30 -6.00
9.47 29.64 -6.00
9.48 29.99 -6.00
9.49 30.34 -6.00
9.50 30.68 -6.00
9.51 31.03 -6.00
9.52 31.37 -6.00
9.53 31.72 -6.00
9.54 32.06 -6.00
9.55 32.41 -6.00
9.56 32.76 -6.00
9.57 33.10 -6.00
9.58 33.45 -6.00
9.59 33.79 -6.00
9.60 34.14 -6.00
9.61 34.48 -6.00
9.62 34.83 -6.00
9.63 35.18 -6.00
9.64 35.52 -6.00
9.65 35.87 -6.00
9.66 36.21 -6.00
9.67 36.56 -6.00
9.68 36.90 -6.00
9.69 37.25 -6.00
9.70 37.60 -6.00
9.71 37.94 -6.00
9.72 38.29 -6.00
9.73 38.63 -6.00
9.74 38.98 -6.00
9.75 39.32 -6.00
9.76 39.67 -6.00
9.77 40.02 -6.00
9.78 40.36 -6.00
9.79 40.71 -6.00
9.80 41.05 -6.00
9.81 41.40 -6.00
9.82 41.74 -6.00
9.83 42.09 -6.00
9.84 42.44 -6.00
9.85 42.78 -6.00
9.86 43.13 -6.00
9.87 43.47 -6.00
9.88 43.82 -6.00
9.89 44.16 -6.00
9.90 44.51 -6.00
9.91 44.86 -6.00
9.92 45.20 -6.00
9.93 45.55 -6.00
9.94 45.89 -6.00
9.95 46.24 -6.00
9.96 46.58 -6.00
9.97 46.93 -6.00
9.98 47.27 -6.00
9.99 47.62 -6.00
10.00 47.97 -6.00
10.01 48.31 -6.00
10.02 48.66 -6.00
10.03 49.00 -6.00
10.04 49.35 -5.99
10.05 49.69 -5.99
10.06 50.04 -5.99
10.07 50.39 -5.99
10.08 50.73 -5.99
10.09 51.08 -5.99
10.10 51.42 -5.99
10.11 51.77 -5.98
10.12 52.11 -5.98
10.13 52.46 -5.98
10.14 52.81 -5.98
10.15 53.15 -5.98
10.16 53.50 -5.97
10.17 53.84 -5.97
10.18 54.19 -5.97
10.19 54.53 -5.97
10.20 54.88 -5.96
10.21 55.23 -5.96
10.22 55.57 -5.96
10.23 55.92 -5.96
10.24 56.26 -5.95
10.25 56.61 -5.95
10.26 56.95 -5.95
10.27 57.30 -5.94
10.28 57.65 -5.94
10.29 57.99 -5.94
10.30 58.34 -5.93
10.31 58.68 -5.93
10.32 59.03 -5.93
10.33 59.37 -5.92
10.34 59.72 -5.92
10.35 60.07 -5.91
10.36 60.41 -5.91
10.37 60.76 -5.91
10.38 61.10 -5.90
10.39 61.45 -5.90
10.40 61.79 -5.89
10.41 62.14 -5.89
10.42 62.49 -5.88
10.43 62.83 -5.88
10.44 63.18 -5.87
10.45 63.52 -5.87
10.46 63.87 -5.86
10.47 64.21 -5.86
10.48 64.56 -5.85
10.49 64.91 -5.85
10.50 65.25 -5.84
10.51 65.60 -5.83
10.52 65.94 -5.83
10.53 66.29 -5.82
10.54 66.63 -5.82
10.55 66.98 -5.81
10.56 67.33 -5.80
10.57 67.67 -5.80
10.58 68.02 -5.79
10.59 68.36 -5.79
10.60 68.71 -5.78
10.61 69.05 -5.77
10.62 69.40 -5.77
10.63 69.75 -5.76
10.64 70.09 -5.75
10.65 70.44 -5.74
10.66 70.78 -5.74
10.67 71.13 -5.73
10.68 71.47 -5.72
10.69 71.82 -5.71
10.70 72.17 -5.71
10.71 72.51 -5.70
10.72 72.86 -5.69
10.73 73.20 -5.68
10.74 73.55 -5.68
10.75 73.89 -5.67
10.76 74.24 -5.66
10.77 74.58 -5.65
10.78 74.93 -5.64
10.79 75.28 -5.63
10.80 75.62 -5.63
10.81 75.97 -5.62
10.82 76.31 -5.61
10.83 76.66 -5.60
10.84 77.00 -5.59
10.85 77.35 -5.58
10.86 77.70 -5.57
10.87 78.04 -5.56
10.88 78.39 -5.55
10.89 78.73 -5.54
10.90 79.08 -5.53
10.91 79.42 -5.52
10.92 79.77 -5.51
10.93 80.12 -5.50
10.94 80.46 -5.49
10.95 80.81 -5.48
10.96 81.15 -5.47
10.97 81.50 -5.46
10.98 81.84 -5.45
10.99 82.19 -5.44
11.00 82.54 -5.43
11.01 82.88 -5.42
11.02 83.23 -5.41
11.03 83.57 -5.40
11.04 83.92 -5.39
11.05 84.26 -5.38
11.06 84.61 -5.37
11.07 84.96 -5.36
11.08 85.30 -5.34
11.09 85.65 -5.33
11.10 85.99 -5.32
11.11 86.34 -5.31
11.12 86.68 -5.30
11.13 87.03 -5.29
11.14 87.38 -5.27
11.15 87.72 -5.26
11.16 88.07 -5.25
11.17 88.41 -5.24
11.18 88.76 -5.22
11.19 89.10 -5.21
11.20 89.45 -5.20
11.21 89.80 -5.19
11.22 90.14 -5.17
11.23 90.49 -5.16
11.24 90.83 -5.15
11.25 91.18 -5.14
11.26 91.52 -5.12
11.27 91.87 -5.11
11.28 92.22 -5.10
11.29 92.56 -5.08
11.30 92.91 -5.07
11.31 93.25 -5.05
11.32 93.60 -5.04
11.33 93.94 -5.03
11.34 94.29 -5.01
11.35 94.64 -5.00
11.36 94.98 -4.98
11.37 95.33 -4.97
11.38 95.67 -4.96
11.39 96.02 -4.94
11.40 96.36 -4.93
11.41 96.71 -4.91
11.42 97.06 -4.90
11.43 97.40 -4.88
11.44 97.75 -4.87
11.45 98.09 -4.85
11.46 98.44 -4.84
11.47 98.78 -4.82
11.48 99.13 -4.81
11.49 99.48 -4.79
11.50 99.82 -4.78
11.51 100.17 -4.76
11.52 100.51 -4.74
11.53 100.86 -4.73
11.54 101.20 -4.71
11.55 101.55 -4.70
11.56 101.89 -4.68
11.57 102.24 -4.66
11.58 102.59 -4.65
11.59 102.93 -4.63
11.60 103.28 -4.61
11.61 103.62 -4.60
11.62 103.97 -4.58
11.63 104.31 -4.56
11.64 104.66 -4.55
11.65 105.01 -4.53
11.66 105.35 -4.51
11.67 105.70 -4.49
11.68 106.04 -4.48
11.69 106.39 -4.46
11.70 106.73 -4.44
11.71 107.08 -4.42
11.72 107.43 -4.41
11.73 107.77 -4.39
11.74 108.12 -4.37
11.75 108.46 -4.35
11.76 108.81 -4.33
11.77 109.15 -4.32
11.78 109.50 -4.30
11.79 109.85 -4.28
11.80 110.19 -4.26
11.81 110.54 -4.24
11.82 110.88 -4.22
11.83 111.23 -4.20
11.84 111.57 -4.19
11.85 111.92 -4.17
11.86 112.27 -4.15
11.87 112.61 -4.13
11.88 112.96 -4.11
11.89 113.30 -4.09
11.90 113.65 -4.07
11.91 113.99 -4.05
11.92 114.34 -4.03
11.93 114.69 -4.01
11.94 115.03 -3.99
11.95 115.38 -3.97
11.96 115.72 -3.95
11.97 116.07 -3.93
11.98 116.42 -3.91
11.99 116.76 -3.89
12.00 117.11 -3.87
12.01 117.45 -3.85
12.02 117.80 -3.83
12.03 118.15 -3.81
12.04 118.50 -3.80
12.05 118.84 -3.78
12.06 119.19 -3.76
12.07 119.54 -3.74
12.08 119.89 -3.72
12.09 120.23 -3.70
12.10 120.58 -3.68
12.11 120.93 -3.67
12.12 121.28 -3.65
12.13 121.63 -3.63
12.14 121.97 -3.61
12.15 122.32 -3.59
12.16 122.67 -3.58
12.17 123.02 -3.56
12.18 123.37 -3.54
12.19 123.72 -3.52
12.20 124.07 -3.51
12.21 124.42 -3.49
12.22 124.77 -3.47
12.23 125.11 -3.45
12.24 125.46 -3.44
12.25 125.81 -3.42
12.26 126.16 -3.40
12.27 126.51 -3.39
12.28 126.86 -3.37
12.29 127.21 -3.35
12.30 127.57 -3.34
12.31 127.92 -3.32
12.32 128.27 -3.30
12.33 128.62 -3.29
12.34 128.97 -3.27
12.35 129.32 -3.26
12.36 129.67 -3.24
12.37 130.02 -3.22
12.38 130.37 -3.21
12.39 130.72 -3.19
12.40 131.08 -3.18
12.41 131.43 -3.16
12.42 131.78 -3.15
12.43 132.13 -3.13
12.44 132.48 -3.12
12.45 132.84 -3.10
12.46 133.19 -3.09
12.47 133.54 -3.07
12.48 133.89 -3.06
12.49 134.25 -3.04
12.50 134.60 -3.03
12.51 134.95 -3.02
12.52 135.31 -3.00
12.53 135.66 -2.99
12.54 136.01 -2.97
12.55 136.37 -2.96
12.56 136.72 -2.95
12.57 137.08 -2.93
12.58 137.43 -2.92
12.59 137.78 -2.90
12.60 138.14 -2.89
12.61 138.49 -2.88
12.62 138.85 -2.86
12.63 139.20 -2.85
12.64 139.56 -2.84
12.65 139.91 -2.83
12.66 140.27 -2.81
12.67 140.62 -2.80
12.68 140.98 -2.79
12.69 141.33 -2.77
12.70 141.69 -2.76
12.71 142.04 -2.75
12.72 142.40 -2.74
12.73 142.75 -2.73
12.74 143.11 -2.71
12.75 143.47 -2.70
12.76 143.82 -2.69
12.77 144.18 -2.68
12.78 144.53 -2.67
12.79 144.89 -2.66
12.80 145.25 -2.64
12.81 145.60 -2.63
12.82 145.96 -2.62
12.83 146.32 -2.61
12.84 146.67 -2.60
12.85 147.03 -2.59
12.86 147.39 -2.58
12.87 147.75 -2.57
12.88 148.10 -2.56
12.89 148.46 -2.55
12.90 148.82 -2.54
12.91 149.18 -2.53
12.92 149.54 -2.52
12.93 149.89 -2.50
12.94 150.25 -2.49
12.95 150.61 -2.49
12.96 150.97 -2.48
12.97 151.33 -2.47
12.98 151.69 -2.46
12.99 152.05 -2.45
13.00 152.40 -2.44
13.01 152.76 -2.43
13.02 153.12 -2.42
13.03 153.48 -2.41
13.04 153.84 -2.40
13.05 154.20 -2.39
13.06 154.56 -2.38
13.07 154.92 -2.37
13.08 155.28 -2.37
13.09 155.64 -2.36
13.10 156.00 -2.35
13.11 156.36 -2.34
13.12 156.72 -2.33
13.13 157.08 -2.32
13.14 157.44 -2.32
13.15 157.80 -2.31
13.16 158.16 -2.30
13.17 158.52 -2.29
13.18 158.89 -2.28
13.19 159.25 -2.28
13.20 159.61 -2.27
13.21 159.97 -2.26
13.22 160.33 -2.26
13.23 160.69 -2.25
13.24 161.05 -2.24
13.25 161.42 -2.23
13.26 161.78 -2.23
13.27 162.14 -2.22
13.28 162.50 -2.21
13.29 162.86 -2.21
13.30 163.23 -2.20
13.31 163.59 -2.20
13.32 163.95 -2.19
13.33 164.31 -2.18
13.34 164.68 -2.18
13.35 165.04 -2.17
13.36 165.40 -2.17
13.37 165.77 -2.16
13.38 166.13 -2.15
13.39 166.49 -2.15
13.40 166.86 -2.14
13.41 167.22 -2.14
13.42 167.58 -2.13
13.43 167.95 -2.13
13.44 168.31 -2.12
13.45 168.67 -2.12
13.46 169.04 -2.11
13.47 169.40 -2.11
13.48 169.77 -2.10
13.49 170.13 -2.10
13.50 170.50 -2.09
13.51 170.86 -2.09
13.52 171.23 -2.09
13.53 171.59 -2.08
13.54 171.96 -2.08
13.55 172.32 -2.07
13.56 172.69 -2.07
13.57 173.05 -2.07
13.58 173.42 -2.06
13.59 173.78 -2.06
13.60 174.15 -2.06
13.61 174.51 -2.05
13.62 174.88 -2.05
13.63 175.24 -2.05
13.64 175.61 -2.04
13.65 175.98 -2.04
13.66 176.34 -2.04
13.67 176.71 -2.04
13.68 177.08 -2.03
13.69 177.44 -2.03
13.70 177.81 -2.03
13.71 178.18 -2.03
13.72 178.54 -2.02
13.73 178.91 -2.02
13.74 179.28 -2.02
13.75 179.64 -2.02
13.76 180.01 -2.02
13.77 180.38 -2.01
13.78 180.74 -2.01
13.79 181.11 -2.01
13.80 181.48 -2.01
13.81 181.85 -2.01
13.82 182.22 -2.01
13.83 182.58 -2.01
13.84 182.95 -2.00
13.85 183.32 -2.00
13.86 183.69 -2.00
13.87 184.06 -2.00
13.88 184.42 -2.00
13.89 184.79 -2.00
13.90 185.16 -2.00
13.91 185.53 -2.00
13.92 185.90 -2.00
13.93 186.27 -2.00
13.94 186.64 -2.00
13.95 187.01 -2.00
13.96 187.38 -2.00
13.97 187.74 -2.00
13.98 188.11 -2.00
13.99 188.48 -2.00
14.00 188.85 -2.00
14.01 189.22 -2.00
14.02 189.59 -2.00
14.03 189.96 -2.00
14.04 190.33 -2.00
14.05 190.70 -2.00
14.06 191.07 -2.00
14.07 191.44 -2.00
14.08 191.81 -2.00
14.09 192.18 -2.00
14.10 192.55 -2.00
14.11 192.92 -2.00
14.12 193.30 -2.00
14.13 193.67 -2.00
14.14 194.04 -2.00
14.15 194.41 -2.00
14.16 194.78 -2.00
14.17 195.15 -2.00
14.18 195.52 -2.00
14.19 195.89 -2.00
14.20 196.26 -2.00
14.21 196.64 -2.00
14.22 197.01 -2.00
14.23 197.38 -2.00
14.24 197.75 -2.00
14.25 198.12 -2.00
14.26 198.50 -2.00
14.27 198.87 -2.00
14.28 199.24 -2.00
14.29 199.61 -2.00
14.30 199.99 -2.00
14.31 200.36 -2.00
14.32 200.73 -2.00
14.33 201.10 -2.00
14.34 201.48 -2.00
14.35 201.85 -2.00
14.36 202.22 -2.00
14.37 202.59 -2.00
14.38 202.97 -2.00
14.39 203.34 -2.00
14.40 203.71 -2.00
14.41 204.09 -2.00
14.42 204.46 -2.00
14.43 204.84 -2.00
14.44 205.21 -2.00
14.45 205.58 -2.00
14.46 205.96 -2.00
14.47 206.33 -2.00
14.48 206.70 -2.00
14.49 207.08 -2.00
14.50 207.45 -2.00
14.51 207.83 -2.00
14.52 208.20 -2.00
14.53 208.58 -2.00
14.54 208.95 -2.00
14.55 209.33 -2.00
14.56 209.70 -2.00
14.57 210.08 -2.00
14.58 210.45 -2.00
14.59 210.83 -2.00
14.60 211.20 -2.00
14.61 211.58 -2.00
14.62 211.95 -2.00
14.63 212.33 -2.00
14.64 212.70 -2.00
14.65 213.08 -2.00
14.66 213.45 -2.00
14.67 213.83 -2.00
14.68 214.20 -2.00
14.69 214.58 -2.00
14.70 214.96 -2.00
14.71 215.33 -2.00
14.72 215.71 -2.00
14.73 216.08 -2.00
14.74 216.46 -2.00
14.75 216.84 -2.00
14.76 217.21 -2.00
14.77 217.59 -2.00
14.78 217.97 -2.00
14.79 218.34 -2.00
14.80 218.72 -2.00
14.81 219.10 -2.00
14.82 219.47 -2.00
14.83 219.85 -2.00
14.84 220.23 -2.00
14.85 220.61 -2.00
14.86 220.98 -2.00
14.87 221.36 -2.00
14.88 221.74 -2.00
14.89 222.12 -2.00
14.90 222.49 -2.00
14.91 222.87 -2.00
14.92 223.25 -2.00
14.93 223.63 -2.00
14.94 224.01 -2.00
14.95 224.38 -2.00
14.96 224.76 -2.00
14.97 225.14 -2.00
14.98 225.52 -2.00
14.99 225.90 -2.00
15.00 226.28 -2.00
15.01 226.65 -2.00
15.02 227.03 -2.00
15.03 227.41 -2.00
15.04 227.79 -2.00
15.05 228.17 -2.00
15.06 228.55 -2.00
15.07 228.93 -2.00
15.08 229.31 -2.00
15.09 229.69 -2.00
15.10 230.06 -2.00
15.11 230.44 -2.00
15.12 230.82 -2.00
15.13 231.20 -2.00
15.14 231.58 -2.00
15.15 231.96 -2.00
15.16 232.34 -2.00
15.17 232.72 -2.00
15.18 233.10 -2.00
15.19 233.48 -2.00
15.20 233.86 -2.00
15.21 234.24 -2.00
15.22 234.62 -2.00
15.23 235.00 -2.00
15.24 235.38 -2.00
15.25 235.76 -2.00
15.26 236.14 -2.00
15.27 236.52 -2.00
15.28 236.91 -2.00
15.29 237.29 -2.00
15.30 237.67 -2.00
15.31 238.05 -2.00
15.32 238.43 -2.00
15.33 238.81 -2.00
15.34 239.19 -2.00
15.35 239.57 -2.00
15.36 239.95 -2.00
15.37 240.33 -2.00
15.38 240.72 -2.00
15.39 241.10 -2.00
15.40 241.48 -2.00
15.41 241.86 -2.00
15.42 242.24 -2.00
15.43 242.62 -2.00
15.44 243.01 -2.00
15.45 243.39 -2.00
15.46 243.77 -2.00
15.47 244.15 -2.00
15.48 244.54 -2.00
15.49 244.92 -2.00
15.50 245.30 -2.00
15.51 245.68 -2.00
15.52 246.06 -2.00
15.53 246.45 -2.00
15.54 246.83 -2.00
15.55 247.21 -2.00
15.56 247.60 -2.00
15.57 247.98 -2.00
15.58 248.36 -2.00
15.59 248.74 -2.00
15.60 249.13 -2.00
15.61 249.51 -2.00
15.62 249.89 -2.00
15.63 250.28 -2.00
15.64 250.66 -2.00
15.65 251.04 -2.00
15.66 251.43 -2.00
15.67 251.81 -2.00
15.68 252.19 -2.00
15.69 252.58 -2.00
15.70 252.96 -2.00
15.71 253.35 -2.00
15.72 253.73 -2.00
15.73 254.11 -2.00
15.74 254.50 -2.00
15.75 254.88 -2.00
15.76 255.27 -2.00
15.77 255.65 -2.00
15.78 256.04 -2.00
15.79 256.42 -2.00
15.80 256.80 -2.00
15.81 257.19 -2.00
15.82 257.57 -2.00
15.83 257.96 -2.00
15.84 258.34 -2.00
15.85 258.73 -2.00
15.86 259.11 -2.00
15.87 259.50 -2.00
15.88 259.88 -2.00
15.89 260.27 -2.00
15.90 260.65 -2.00
15.91 261.04 -2.00
15.92 261.42 -2.00
15.93 261.81 -2.00
15.94 262.19 -2.00
15.95 262.58 -2.00
15.96 262.97 -2.00
15.97 263.35 -2.00
15.98 263.74 -2.00
15.99 264.12 -2.00
16.00 264.51 -2.00
16.01 264.89 -2.00
16.02 265.28 -2.00
16.03 265.67 -2.00
16.04 266.05 -2.00
16.05 266.44 -2.00
16.06 266.82 -2.00
16.07 267.21 -2.00
16.08 267.60 -2.00
16.09 267.98 -2.00
16.10 268.37 -2.00
16.11 268.76 -2.00
16.12 269.14 -2.00
16.13 269.53 -2.00
16.14 269.92 -2.00
16.15 270.30 -2.00
16.16 270.69 -2.00
16.17 271.08 -2.00
16.18 271.47 -2.00
16.19 271.85 -2.00
16.20 272.24 -2.00
16.21 272.63 -2.00
16.22 273.01 -2.00
16.23 273.40 -2.00
16.24 273.79 -2.00
16.25 274.18 -2.00
16.26 274.56 -2.00
16.27 274.95 -2.00
16.28 275.34 -2.00
16.29 275.73 -2.00
16.30 276.11 -2.00
16.31 276.50 -2.00
16.32 276.89 -2.00
16.33 277.28 -2.00
16.34 277.67 -2.00
16.35 278.05 -2.00
16.36 278.44 -2.00
16.37 278.83 -2.00
16.38 279.22 -2.00
16.39 279.61 -2.00
16.40 280.00 -2.00
16.41 280.38 -2.00
16.42 280.77 -2.00
16.43 281.16 -2.00
16.44 281.55 -2.00
16.45 281.94 -2.00
16.46 282.33 -2.00
16.47 282.72 -2.00
16.48 283.11 -2.00
16.49 283.49 -2.00
16.50 283.88 -2.00
16.51 284.27 -2.00
16.52 284.66 -2.00
16.53 285.05 -2.00
16.54 285.44 -2.00
16.55 285.83 -2.00
16.56 286.22 -2.00
16.57 286.61 -2.00
16.58 287.00 -2.00
16.59 287.39 -2.00
16.60 287.78 -2.00
16.61 288.17 -2.00
16.62 288.56 -2.00
16.63 288.95 -2.00
16.64 289.34 -2.00
16.65 289.73 -2.00
16.66 290.12 -2.00
16.67 290.51 -2.00
16.68 290.90 -2.00
16.69 291.29 -2.00
16.70 291.68 -2.00
16.71 292.07 -2.00
16.72 292.46 -2.00
16.73 292.85 -2.00
16.74 293.24 -2.00
16.75 293.63 -2.00
16.76 294.02 -2.00
16.77 294.41 -2.00
16.78 294.80 -2.00
16.79 295.19 -2.00
16.80 295.58 -2.00
16.81 295.97 -2.00
16.82 296.36 -2.00
16.83 296.75 -2.00
16.84 297.15 -2.00
16.85 297.54 -2.00
16.86 297.93 -2.00
16.87 298.32 -2.00
16.88 298.71 -2.00
16.89 299.10 -2.00
16.90 299.49 -2.00
16.91 299.88 -2.00
16.92 300.28 -2.00
16.93 300.67 -2.00
16.94 301.06 -2.00
16.95 301.45 -2.00
16.96 301.84 -2.00
16.97 302.23 -2.00
16.98 302.63 -2.00
16.99 303.02 -2.00
17.00 303.41 -2.00
17.01 303.80 -2.00
17.02 304.19 -2.00
17.03 304.59 -2.00
17.04 304.98 -2.00
17.05 305.37 -2.00
17.06 305.76 -2.00
17.07 306.15 -2.00
17.08 306.55 -2.00
17.09 306.94 -2.00
17.10 307.33 -2.00
17.11 307.72 -2.00
17.12 308.12 -2.00
17.13 308.51 -2.00
17.14 308.90 -2.00
17.15 309.29 -2.00
17.16 309.69 -2.00
17.17 310.08 -2.00
17.18 310.47 -2.00
17.19 310.87 -2.00
17.20 311.26 -2.00
17.21 311.65 -2.00
17.22 312.04 -2.00
17.23 312.44 -2.00
17.24 312.83 -2.00
17.25 313.22 -2.00
17.26 313.62 -2.00
17.27 314.01 -2.00
17.28 314.40 -2.00
17.29 314.80 -2.00
17.30 315.19 -2.00
17.31 315.58 -2.00
17.32 315.98 -2.00
17.33 316.37 -2.00
17.34 316.77 -2.00
17.35 317.16 -2.00
17.36 317.55 -2.00
17.37 317.95 -2.00
17.38 318.34 -2.00
17.39 318.73 -2.00
17.40 319.13 -2.00
17.41 319.52 -2.00
17.42 319.92 -2.00
17.43 320.31 -2.00
17.44 320.70 -2.00
17.45 321.10 -2.00
17.46 321.49 -2.00
17.47 321.89 -2.00
17.48 322.28 -2.00
17.49 322.68 -2.00
17.50 323.07 -2.00
17.51 323.47 -2.00
17.52 323.86 -2.00
17.53 324.25 -2.00
17.54 324.65 -2.00
17.55 325.04 -2.00
17.56 325.44 -2.00
17.57 325.83 -2.00
17.58 326.23 -2.00
17.59 326.62 -2.00
17.60 327.02 -2.00
17.61 327.41 -2.00
17.62 327.81 -2.00
17.63 328.20 -2.00
17.64 328.60 -2.00
17.65 328.99 -2.00
17.66 329.39 -2.00
17.67 329.78 -2.00
17.68 330.18 -2.00
17.69 330.57 -2.00
17.70 330.97 -2.00
17.71 331.37 -2.00
17.72 331.76 -2.00
17.73 332.16 -2.00
17.74 332.55 -2.00
17.75 332.95 -2.00
17.76 333.34 -2.00
17.77 333.74 -2.00
17.78 334.14 -2.00
17.79 334.53 -2.00
17.80 334.93 -2.00
17.81 335.32 -2.00
17.82 335.72 -2.00
17.83 336.11 -2.00
17.84 336.51 -2.00
17.85 336.91 -2.00
17.86 337.30 -2.00
17.87 337.70 -2.00
17.88 338.10 -2.00
17.89 338.49 -2.00
17.90 338.89 -2.00
17.91 339.28 -2.00
17.92 339.68 -2.00
17.93 340.08 -2.00
17.94 340.47 -2.00
17.95 340.87 -2.00
17.96 341.27 -2.00
17.97 341.66 -2.00
17.98 342.06 -2.00
17.99 342.46 -2.00
18.00 342.85 -2.00
18.01 343.25 -2.00
18.02 343.65 -2.00
18.03 344.04 -2.00
18.04 344.44 -2.00
18.05 344.84 -2.00
18.06 345.24 -2.00
18.07 345.63 -2.00
18.08 346.03 -2.00
18.09 346.43 -2.00
18.10 346.82 -2.00
18.11 347.22 -2.00
18.12 347.62 -2.00
18.13 348.02 -2.00
18.14 348.41 -2.00
18.15 348.81 -2.00
18.16 349.21 -2.00
18.17 349.61 -2.00
18.18 350.00 -2.00
18.19 350.40 -2.00
18.20 350.80 -2.00
18.21 351.20 -2.00
18.22 351.59 -2.00
18.23 351.99 -2.00
18.24 352.39 -2.00
18.25 352.79 -2.00
18.26 353.19 -2.00
18.27 353.58 -2.00
18.28 353.98 -2.00
18.29 354.38 -2.00
18.30 354.78 -2.00
18.31 355.18 -2.00
18.32 355.57 -2.00
18.33 355.97 -2.00
18.34 356.37 -2.00
18.35 356.77 -2.00
18.36 357.17 -2.00
18.37 357.57 -2.00
18.38 357.96 -2.00
18.39 358.36 -2.00
18.40 358.76 -2.00
18.41 359.16 -2.00
18.42 359.56 -2.00
18.43 359.96 -2.00
18.44 360.35 -2.00
18.45 360.75 -2.00
18.46 361.15 -2.00
18.47 361.55 -2.00
18.48 361.95 -2.00
18.49 362.35 -2.00
18.50 362.75 -2.00
18.51 363.15 -2.00
18.52 363.54 -2.00
18.53 363.94 -2.00
18.54 364.34 -2.00
18.55 364.74 -2.00
18.56 365.14 -2.00
18.57 365.54 -2.00
18.58 365.94 -2.00
18.59 366.34 -2.00
18.60 366.74 -2.00
18.61 367.14 -2.00
18.62 367.54 -2.00
18.63 367.94 -2.00
18.64 368.34 -2.00
18.65 368.73 -2.00
18.66 369.13 -2.00
18.67 369.53 -2.00
18.68 369.93 -2.00
18.69 370.33 -2.00
18.70 370.73 -2.00
18.71 371.13 -2.00
18.72 371.53 -2.00
18.73 371.93 -2.00
18.74 372.33 -2.00
18.75 372.73 -2.00
18.76 373.13 -2.00
18.77 373.53 -2.00
18.78 373.93 -2.00
18.79 374.33 -2.00
18.80 374.73 -2.00
18.81 375.13 -2.00
18.82 375.53 -2.00
18.83 375.93 -2.00
18.84 376.33 -2.00
18.85 376.73 -2.00
18.86 377.13 -2.00
18.87 377.53 -2.00
18.88 377.93 -2.00
18.89 378.33 -2.00
18.90 378.73 -2.00
18.91 379.13 -2.00
18.92 379.53 -2.00
18.93 379.93 -2.00
18.94 380.33 -2.00
18.95 380.74 -2.00
18.96 381.14 -2.00
18.97 381.54 -2.00
18.98 381.94 -2.00
18.99 382.34 -2.00
19.00 382.74 -2.00
19.01 383.14 -2.00
19.02 383.54 -2.00
19.03 383.94 -2.00
19.04 384.34 -2.00
19.05 384.74 -2.00
19.06 385.14 -2.00
19.07 385.54 -2.00
19.08 385.95 -2.00
19.09 386.35 -2.00
19.10 386.75 -2.00
19.11 387.15 -2.00
19.12 387.55 -2.00
19.13 387.95 -2.00
19.14 388.35 -2.00
19.15 388.75 -2.00
19.16 389.15 -2.00
19.17 389.56 -2.00
19.18 389.96 -2.00
19.19 390.36 -2.00
19.20 390.76 -2.00
19.21 391.16 -2.00
19.22 391.56 -2.00
19.23 391.96 -2.00
19.24 392.37 -2.00
19.25 392.77 -2.00
19.26 393.17 -2.00
19.27 393.57 -2.00
19.28 393.97 -2.00
19.29 394.37 -2.00
19.30 394.78 -2.00
19.31 395.18 -2.00
19.32 395.58 -2.00
19.33 395.98 -2.00
19.34 396.38 -2.00
19.35 396.78 -2.00
19.36 397.19 -2.00
19.37 397.59 -2.00
19.38 397.99 -2.00
19.39 398.39 -2.00
19.40 398.79 -2.00
19.41 399.20 -2.00
19.42 399.60 -2.00
19.43 400.00 -2.00
19.44 400.40 -2.00
19.45 400.81 -2.00
19.46 401.21 -2.00
19.47 401.61 -2.00
19.48 402.01 -2.00
19.49 402.41 -2.00
19.50 402.82 -2.00
19.51 403.22 -2.00
19.52 403.62 -2.00
19.53 404.02 -2.00
19.54 404.43 -2.00
19.55 404.83 -2.00
19.56 405.23 -2.00
19.57 405.63 -2.00
19.58 406.04 -2.00
19.59 406.44 -2.00
19.60 406.84 -2.00
19.61 407.25 -2.00
19.62 407.65 -2.00
19.63 408.05 -2.00
19.64 408.45 -2.00
19.65 408.86 -2.00
19.66 409.26 -2.00
19.67 409.66 -2.00
19.68 410.07 -2.00
19.69 410.47 -2.00
19.70 410.87 -2.00
19.71 411.27 -2.00
19.72 411.68 -2.00
19.73 412.08 -2.00
19.74 412.48 -2.00
19.75 412.89 -2.00
19.76 413.29 -2.00
19.77 413.69 -2.00
19.78 414.10 -2.00
19.79 414.50 -2.00
19.80 414.90 -2.00
19.81 415.31 -2.00
19.82 415.71 -2.00
19.83 416.11 -2.00
19.84 416.52 -2.00
19.85 416.92 -2.00
19.86 417.32 -2.00
19.87 417.73 -2.00
19.88 418.13 -2.00
19.89 418.53 -2.00
19.90 418.94 -2.00
19.91 419.34 -2.00
19.92 419.74 -2.00
19.93 420.15 -2.00
19.94 420.55 -2.00
19.95 420.96 -2.00
19.96 421.36 -2.00
19.97 421.76 -2.00
19.98 422.17 -2.00
19.99 422.57 -2.00
20.00 422.97 -2.00
20.01 423.38 -2.00
20.02 423.78 -2.00
20.03 424.19 -2.00
20.04 424.59 -2.00
20.05 424.99 -2.00
20.06 425.40 -2.00
20.07 425.80 -2.00
20.08 426.21 -2.00
20.09 426.61 -2.00
20.10 427.01 -2.00
20.11 427.42 -2.00
20.12 427.82 -2.00
20.13 428.23 -2.00
20.14 428.63 -2.00
20.15 429.04 -2.00
20.16 429.44 -2.00
20.17 429.84 -2.00
20.18 430.25 -2.00
20.19 430.65 -2.00
20.20 431.06 -2.00
20.21 431.46 -2.00
20.22 431.87 -2.00
20.23 432.27 -2.00
20.24 432.68 -2.00
20.25 433.08 -2.00
20.26 433.48 -2.00
20.27 433.89 -2.00
20.28 434.29 -2.00
20.29 434.70 -2.00
20.30 435.10 -2.00
20.31 435.51 -2.00
20.32 435.91 -2.00
20.33 436.32 -2.00
20.34 436.72 -2.00
20.35 437.13 -2.00
20.36 437.53 -2.00
20.37 437.94 -2.00
20.38 438.34 -2.00
20.39 438.75 -2.00
20.40 439.15 -2.00
20.41 439.56 -2.00
20.42 439.96 -2.00
20.43 440.37 -2.00
20.44 440.77 -2.00
20.45 441.18 -2.00
20.46 441.58 -2.00
20.47 441.99 -2.00
20.48 442.39 -2.00
20.49 442.80 -2.00
20.50 443.20 -2.00
20.51 443.61 -2.00
20.52 444.01 -2.00
20.53 444.42 -2.00
20.54 444.82 -2.00
20.55 445.23 -2.00
20.56 445.63 -2.00
20.57 446.04 -2.00
20.58 446.44 -2.00
20.59 446.85 -2.00
20.60 447.25 -2.00
20.61 447.66 -2.00
20.62 448.07 -2.00
20.63 448.47 -2.00
20.64 448.88 -2.00
20.65 449.28 -2.00
20.66 449.69 -2.00
20.67 450.09 -2.00
20.68 450.50 -2.00
20.69 450.90 -2.00
20.70 451.31 -2.00
20.71 451.72 -2.00
20.72 452.12 -2.00
20.73 452.53 -2.00
20.74 452.93 -2.00
20.75 453.34 -2.00
20.76 453.74 -2.00
20.77 454.15 -2.00
20.78 454.56 -2.00
20.79 454.96 -2.00
20.80 455.37 -2.00
20.81 455.77 -2.00
20.82 456.18 -2.00
20.83 456.59 -2.00
20.84 456.99 -2.00
20.85 457.40 -2.00
20.86 457.80 -2.00
20.87 458.21 -2.00
20.88 458.62 -2.00
20.89 459.02 -2.00
20.90 459.43 -2.00
20.91 459.83 -2.00
20.92 460.24 -2.00
20.93 460.65 -2.00
20.94 461.05 -2.00
20.95 461.46 -2.00
20.96 461.87 -2.00
20.97 462.27 -2.00
20.98 462.68 -2.00
20.99 463.08 -2.00
21.00 463.49 -2.00
21.01 463.90 -2.00
21.02 464.30 -2.00
21.03 464.71 -2.00
21.04 465.12 -2.00
21.05 465.52 -2.00
21.06 465.93 -2.00
21.07 466.34 -2.00
21.08 466.74 -2.00
21.09 467.15 -2.00
21.10 467.56 -2.00
21.11 467.96 -2.00
21.12 468.37 -2.00
21.13 468.78 -2.00
21.14 469.18 -2.00
21.15 469.59 -2.00
21.16 470.00 -2.00
21.17 470.40 -2.00
21.18 470.81 -2.00
21.19 471.22 -2.00
21.20 471.62 -2.00
21.21 472.03 -2.00
21.22 472.44 -2.00
21.23 472.84 -2.00
21.24 473.25 -2.00
21.25 473.66 -2.00
21.26 474.06 -2.00
21.27 474.47 -2.00
21.28 474.88 -2.00
21.29 475.28 -2.00
21.30 475.69 -2.00
21.31 476.10 -2.00
21.32 476.51 -2.00
21.33 476.91 -2.00
21.34 477.32 -2.00
21.35 477.73 -2.00
21.36 478.13 -2.00
21.37 478.54 -2.00
21.38 478.95 -2.00
21.39 479.36 -2.00
21.40 479.76 -2.00
21.41 480.17 -2.00
21.42 480.58 -2.00
21.43 480.98 -2.00
21.44 481.39 -2.00
21.45 481.80 -2.00
21.46 482.21 -2.00
21.47 482.61 -2.00
21.48 483.02 -2.00
21.49 483.43 -2.00
21.50 483.84 -2.00
21.51 484.24 -2.00
21.52 484.65 -2.00
21.53 485.06 -2.00
21.54 485.47 -2.00
21.55 485.87 -2.00
21.56 486.28 -2.00
21.57 486.69 -2.00
21.58 487.10 -2.00
21.59 487.50 -2.00
21.60 487.91 -2.00
21.61 488.32 -2.00
21.62 488.73 -2.00
21.63 489.13 -2.00
21.64 489.54 -2.00
21.65 489.95 -2.00
21.66 490.36 -2.00
21.67 490.76 -2.00
21.68 491.17 -2.00
21.69 491.58 -2.00
21.70 491.99 -2.00
21.71 492.40 -2.00
21.72 492.80 -2.00
21.73 493.21 -2.00
21.74 493.62 -2.00
21.75 494.03 -2.00
21.76 494.43 -2.00
21.77 494.84 -2.00
21.78 495.25 -2.00
21.79 495.66 -2.00
21.80 496.07 -2.00
21.81 496.47 -2.00
21.82 496.88 -2.00
21.83 497.29 -2.00
21.84 497.70 -2.00
21.85 498.11 -2.00
21.86 498.51 -2.00
21.87 498.92 -2.00
21.88 499.33 -2.00
21.89 499.74 -2.00
21.90 500.15 -2.00
21.91 500.56 -2.00
21.92 500.96 -2.00
21.93 501.37 -2.00
21.94 501.78 -2.00
21.95 502.19 -2.00
21.96 502.60 -2.00
21.97 503.00 -2.00
21.98 503.41 -2.00
21.99 503.82 -2.00
22.00 504.23 -2.00
22.01 504.64 -2.00
22.02 505.05 -2.00
22.03 505.45 -2.00
22.04 505.86 -2.00
22.05 506.27 -2.00
22.06 506.68 -2.00
22.07 507.09 -2.00
22.08 507.50 -2.00
22.09 507.91 -2.00
22.10 508.31 -2.00
22.11 508.72 -2.00
22.12 509.13 -2.00
22.13 509.54 -2.00
22.14 509.95 -2.00
22.15 510.36 -2.00
22.16 510.77 -2.00
22.17 511.17 -2.00
22.18 511.58 -2.00
22.19 511.99 -2.00
22.20 512.40 -2.00
22.21 512.81 -2.00
22.22 513.22 -2.00
22.23 513.63 -2.00
22.24 514.03 -2.00
22.25 514.44 -2.00
22.26 514.85 -2.00
22.27 515.26 -2.00
22.28 515.67 -2.00
22.29 516.08 -2.00
22.30 516.49 -2.00
22.31 516.90 -2.00
22.32 517.31 -2.00
22.33 517.71 -2.00
22.34 518.12 -2.00
22.35 518.53 -2.00
22.36 518.94 -2.00
22.37 519.35 -2.00
22.38 519.76 -2.00
22.39 520.17 -2.00
22.40 520.58 -2.00
22.41 520.99 -2.00
22.42 521.39 -2.00
22.43 521.80 -2.00
22.44 522.21 -2.00
22.45 522.62 -2.00
22.46 523.03 -2.00
22.47 523.44 -2.00
22.48 523.85 -2.00
22.49 524.26 -2.00
22.50 524.67 -2.00
22.51 525.08 -2.00
22.52 525.49 -2.00
22.53 525.89 -2.00
22.54 526.30 -2.00
22.55 526.71 -2.00
22.56 527.12 -2.00
22.57 527.53 -2.00
22.58 527.94 -2.00
22.59 528.35 -2.00
22.60 528.76 -2.00
22.61 529.17 -2.00
22.62 529.58 -2.00
22.63 529.99 -2.00
22.64 530.40 -2.00
22.65 530.81 -2.00
22.66 531.22 -2.00
22.67 531.63 -2.00
22.68 532.03 -2.00
22.69 532.44 -2.00
22.70 532.85 -2.00
22.71 533.26 -2.00
22.72 533.67 -2.00
22.73 534.08 -2.00
22.74 534.49 -2.00
22.75 534.90 -2.00
22.76 535.31 -2.00
22.77 535.72 -2.00
22.78 536.13 -2.00
22.79 536.54 -2.00
22.80 536.95 -2.00
22.81 537.36 -2.00
22.82 537.77 -2.00
22.83 538.18 -2.00
22.84 538.59 -2.00
22.85 539.00 -2.00
22.86 539.41 -2.00
22.87 539.82 -2.00
22.88 540.23 -2.00
22.89 540.64 -2.00
22.90 541.05 -2.00
22.91 541.46 -2.00
22.92 541.87 -2.00
22.93 542.28 -2.00
22.94 542.68 -2.00
22.95 543.09 -2.00
22.96 543.50 -2.00
22.97 543.91 -2.00
22.98 544.32 -2.00
22.99 544.73 -2.00
23.00 545.14 -2.00
23.01 545.55 -2.00
23.02 545.96 -2.00
23.03 546.37 -2.00
23.04 546.78 -2.00
23.05 547.19 -2.00
23.06 547.60 -2.00
23.07 548.01 -2.00
23.08 548.42 -2.00
23.09 548.83 -2.00
23.10 549.24 -2.00
23.11 549.65 -2.00
23.12 550.06 -2.00
23.13 550.47 -2.00
23.14 550.88 -2.00
23.15 551.29 -2.00
23.16 551.70 -2.00
23.17 552.11 -2.00
23.18 552.52 -2.00
23.19 552.93 -2.00
23.20 553.34 -2.00
23.21 553.75 -2.00
23.22 554.16 -2.00
23.23 554.58 -2.00
23.24 554.99 -2.00
23.25 555.40 -2.00
23.26 555.81 -2.00
23.27 556.22 -2.00
23.28 556.63 -2.00
23.29 557.04 -2.00
23.30 557.45 -2.00
23.31 557.86 -2.00
23.32 558.27 -2.00
23.33 558.68 -2.00
23.34 559.09 -2.00
23.35 559.50 -2.00
23.36 559.91 -2.00
23.37 560.32 -2.00
23.38 560.73 -2.00
23.39 561.14 -2.00
23.40 561.55 -2.00
23.41 561.96 -2.00
23.42 562.37 -2.00
23.43 562.78 -2.00
23.44 563.19 -2.00
23.45 563.60 -2.00
23.46 564.01 -2.00
23.47 564.42 -2.00
23.48 564.83 -2.00
23.49 565.24 -2.00
23.50 565.66 -2.00
23.51 566.07 -2.00
23.52 566.48 -2.00
23.53 566.89 -2.00
23.54 567.30 -2.00
23.55 567.71 -2.00
23.56 568.12 -2.00
23.57 568.53 -2.00
23.58 568.94 -2.00
23.59 569.35 -2.00
23.60 569.76 -2.00
23.61 570.17 -2.00
23.62 570.58 -2.00
23.63 570.99 -2.00
23.64 571.40 -2.00
23.65 571.81 -2.00
23.66 572.23 -2.00
23.67 572.64 -2.00
23.68 573.05 -2.00
23.69 573.46 -2.00
23.70 573.87 -2.00
23.71 574.28 -2.00
23.72 574.69 -2.00
23.73 575.10 -2.00
23.74 575.51 -2.00
23.75 575.92 -2.00
23.76 576.33 -2.00
23.77 576.74 -2.00
23.78 577.15 -2.00
23.79 577.57 -2.00
23.80 577.98 -2.00
23.81 578.39 -2.00
23.82 578.80 -2.00
23.83 579.21 -2.00
23.84 579.62 -2.00
23.85 580.03 -2.00
23.86 580.44 -2.00
23.87 580.85 -2.00
23.88 581.26 -2.00
23.89 581.68 -2.00
23.90 582.09 -2.00
23.91 582.50 -2.00
23.92 582.91 -2.00
23.93 583.32 -2.00
23.94 583.73 -2.00
23.95 584.14 -2.00
23.96 584.55 -2.00
23.97 584.96 -2.00
23.98 585.37 -2.00
23.99 585.79 -2.00
24.00 586.20 -2.00
24.01 586.61 -2.00
24.02 587.02 -2.00
24.03 587.43 -2.00
24.04 587.84 -2.00
24.05 588.25 -2.00
24.06 588.66 -2.00
24.07 589.07 -2.00
24.08 589.49 -2.00
24.09 589.90 -2.00
24.10 590.31 -2.00
24.11 590.72 -2.00
24.12 591.13 -2.00
24.13 591.54 -2.00
24.14 591.95 -2.00
24.15 592.36 -2.00
24.16 592.78 -2.00
24.17 593.19 -2.00
24.18 593.60 -2.00
24.19 594.01 -2.00
24.20 594.42 -2.00
24.21 594.83 -2.00
24.22 595.24 -2.00
24.23 595.66 -2.00
24.24 596.07 -2.00
24.25 596.48 -2.00
24.26 596.89 -2.00
24.27 597.30 -2.00
24.28 597.71 -2.00
24.29 598.12 -2.00
24.30 598.53 -2.00
24.31 598.95 -2.00
24.32 599.36 -2.00
24.33 599.77 -2.00
24.34 600.18 -2.00
24.35 600.59 -2.00
24.36 601.00 -2.00
24.37 601.42 -2.00
24.38 601.83 -2.00
24.39 602.24 -2.00
24.40 602.65 -2.00
24.41 603.06 -2.00
24.42 603.47 -2.00
24.43 603.88 -2.00
24.44 604.30 -2.00
24.45 604.71 -2.00
24.46 605.12 -2.00
24.47 605.53 -2.00
24.48 605.94 -2.00
24.49 606.35 -2.00
24.50 606.77 -2.00
24.51 607.18 -2.00
24.52 607.59 -2.00
24.53 608.00 -2.00
24.54 608.41 -2.00
24.55 608.82 -2.00
24.56 609.24 -2.00
24.57 609.65 -2.00
24.58 610.06 -2.00
24.59 610.47 -2.00
24.60 610.88 -2.00
24.61 611.29 -2.00
24.62 611.71 -2.00
24.63 612.12 -2.00
24.64 612.53 -2.00
24.65 612.94 -2.00
24.66 613.35 -2.00
24.67 613.76 -2.00
24.68 614.18 -2.00
24.69 614.59 -2.00
24.70 615.00 -2.00
24.71 615.41 -2.00
24.72 615.82 -2.00
24.73 616.24 -2.00
24.74 616.65 -2.00
24.75 617.06 -2.00
24.76 617.47 -2.00
24.77 617.88 -2.00
24.78 618.29 -2.00
24.79 618.71 -2.00
24.80 619.12 -2.00
24.81 619.53 -2.00
24.82 619.94 -2.00
24.83 620.35 -2.00
24.84 620.77 -2.00
24.85 621.18 -2.00
24.86 621.59 -2.00
24.87 622.00 -2.00
24.88 622.41 -2.00
24.89 622.83 -2.00
24.90 623.24 -2.00
24.91 623.65 -2.00
24.92 624.06 -2.00
24.93 624.47 -2.00
24.94 624.89 -2.00
24.95 625.30 -2.00
24.96 625.71 -2.00
24.97 626.12 -2.00
24.98 626.53 -2.00
24.99 626.95 -2.00
25.00 627.36 -2.00
25.01 627.77 -2.00
25.02 628.18 -2.00
25.03 628.59 -2.00
25.04 629.01 -2.00
25.05 629.42 -2.00
25.06 629.83 -2.00
25.07 630.24 -2.00
25.08 630.65 -2.00
25.09 631.07 -2.00
25.10 631.48 -2.00
25.11 631.89 -2.00
25.12 632.30 -2.00
25.13 632.72 -2.00
25.14 633.13 -2.00
25.15 633.54 -2.00
25.16 633.95 -2.00
25.17 634.36 -2.00
25.18 634.78 -2.00
25.19 635.19 -2.00
25.20 635.60 -2.00
25.21 636.01 -2.00
25.22 636.43 -2.00
25.23 636.84 -2.00
25.24 637.25 -2.00
25.25 637.66 -2.00
25.26 638.07 -2.00
25.27 638.49 -2.00
25.28 638.90 -2.00
25.29 639.31 -2.00
25.30 639.72 -2.00
25.31 640.14 -2.00
25.32 640.55 -2.00
25.33 640.96 -2.00
25.34 641.37 -2.00
25.35 641.79 -2.00
25.36 642.20 -2.00
25.37 642.61 -2.00
25.38 643.02 -2.00
25.39 643.44 -2.00
25.40 643.85 -2.00
25.41 644.26 -2.00
25.42 644.67 -2.00
25.43 645.08 -2.00
25.44 645.50 -2.00
25.45 645.91 -2.00
25.46 646.32 -2.00
25.47 646.73 -2.00
25.48 647.15 -2.00
25.49 647.56 -2.00
25.50 647.97 -2.00
25.51 648.38 -2.00
25.52 648.80 -2.00
25.53 649.21 -2.00
25.54 649.62 -2.00
25.55 650.03 -2.00
25.56 650.45 -2.00
25.57 650.86 -2.00
25.58 651.27 -2.00
25.59 651.68 -2.00
25.60 652.10 -2.00
25.61 652.51 -2.00
25.62 652.92 -2.00
25.63 653.33 -2.00
25.64 653.75 -2.00
25.65 654.16 -2.00
25.66 654.57 -2.00
25.67 654.99 -2.00
25.68 655.40 -2.00
25.69 655.81 -2.00
25.70 656.22 -2.00
25.71 656.64 -2.00
25.72 657.05 -2.00
25.73 657.46 -2.00
25.74 657.87 -2.00
25.75 658.29 -2.00
25.76 658.70 -2.00
25.77 659.11 -2.00
25.78 659.52 -2.00
25.79 659.94 -2.00
25.80 660.35 -2.00
25.81 660.76 -2.00
25.82 661.17 -2.00
25.83 661.59 -2.00
25.84 662.00 -2.00
25.85 662.41 -2.00
25.86 662.83 -2.00
25.87 663.24 -2.00
25.88 663.65 -2.00
25.89 664.06 -2.00
25.90 664.48 -2.00
25.91 664.89 -2.00
25.92 665.30 -2.00
25.93 665.72 -2.00
25.94 666.13 -2.00
25.95 666.54 -2.00
25.96 666.95 -2.00
25.97 667.37 -2.00
25.98 667.78 -2.00
25.99 668.19 -2.00
26.00 668.60 -2.00
26.01 669.02 -2.00
26.02 669.43 -2.00
26.03 669.84 -2.00
26.04 670.26 -2.00
26.05 670.67 -2.00
26.06 671.08 -2.00
26.07 671.49 -2.00
26.08 671.91 -2.00
26.09 672.32 -2.00
26.10 672.73 -2.00
26.11 673.15 -2.00
26.12 673.56 -2.00
26.13 673.97 -2.00
26.14 674.38 -2.00
26.15 674.80 -2.00
26.16 675.21 -2.00
26.17 675.62 -2.00
26.18 676.04 -2.00
26.19 676.45 -2.00
26.20 676.86 -2.00
26.21 677.28 -2.00
26.22 677.69 -2.00
26.23 678.10 -2.00
26.24 678.51 -2.00
26.25 678.93 -2.00
26.26 679.34 -2.00
26.27 679.75 -2.00
26.28 680.17 -2.00
26.29 680.58 -2.00
26.30 680.99 -2.00
26.31 681.41 -2.00
26.32 681.82 -2.00
26.33 682.23 -2.00
26.34 682.64 -2.00
26.35 683.06 -2.00
26.36 683.47 -2.00
26.37 683.88 -2.00
26.38 684.30 -2.00
26.39 684.71 -2.00
26.40 685.12 -2.00
26.41 685.54 -2.00
26.42 685.95 -2.00
26.43 686.36 -2.00
26.44 686.78 -2.00
26.45 687.19 -2.00
26.46 687.60 -2.00
26.47 688.01 -2.00
26.48 688.43 -2.00
26.49 688.84 -2.00
26.50 689.25 -2.00
26.51 689.67 -2.00
26.52 690.08 -2.00
26.53 690.49 -2.00
26.54 690.91 -2.00
26.55 691.32 -2.00
26.56 691.73 -2.00
26.57 692.15 -2.00
26.58 692.56 -2.00
26.59 692.97 -2.00
26.60 693.39 -2.00
26.61 693.80 -2.00
26.62 694.21 -2.00
26.63 694.63 -2.00
26.64 695.04 -2.00
26.65 695.45 -2.00
26.66 695.86 -2.00
26.67 696.28 -2.00
26.68 696.69 -2.00
26.69 697.10 -2.00
26.70 697.52 -2.00
26.71 697.93 -2.00
26.72 698.34 -2.00
26.73 698.76 -2.00
26.74 699.17 -2.00
26.75 699.58 -2.00
26.76 700.00 -2.00
26.77 700.41 -2.00
26.78 700.82 -2.00
26.79 701.24 -2.00
26.80 701.65 -2.00
26.81 702.06 -2.00
26.82 702.48 -2.00
26.83 702.89 -2.00
26.84 703.30 -2.00
26.85 703.72 -2.00
26.86 704.13 -2.00
26.87 704.54 -2.00
26.88 704.96 -2.00
26.89 705.37 -2.00
26.90 705.78 -2.00
26.91 706.20 -2.00
26.92 706.61 -2.00
26.93 707.02 -2.00
26.94 707.44 -2.00
26.95 707.85 -2.00
26.96 708.26 -2.00
26.97 708.68 -2.00
26.98 709.09 -2.00
26.99 709.50 -2.00
27.00 709.92 -2.00
27.01 710.33 -2.00
27.02 710.74 -2.00
27.03 711.16 -2.00
27.04 711.57 -2.00
27.05 711.98 -2.00
27.06 712.40 -2.00
27.07 712.81 -2.00
27.08 713.23 -2.00
27.09 713.64 -2.00
27.10 714.05 -2.00
27.11 714.47 -2.00
27.12 714.88 -2.00
27.13 715.29 -2.00
27.14 715.71 -2.00
27.15 716.12 -2.00
27.16 716.53 -2.00
27.17 716.95 -2.00
27.18 717.36 -2.00
27.19 717.77 -2.00
27.20 718.19 -2.00
27.21 718.60 -2.00
27.22 719.01 -2.00
27.23 719.43 -2.00
27.24 719.84 -2.00
27.25 720.25 -2.00
27.26 720.67 -2.00
27.27 721.08 -2.00
27.28 721.50 -2.00
27.29 721.91 -2.00
27.30 722.32 -2.00
27.31 722.74 -2.00
27.32 723.15 -2.00
27.33 723.56 -2.00
27.34 723.98 -2.00
27.35 724.39 -2.00
27.36 724.80 -2.00
27.37 725.22 -2.00
27.38 725.63 -2.00
27.39 726.04 -2.00
27.40 726.46 -2.00
27.41 726.87 -2.00
27.42 727.29 -2.00
27.43 727.70 -2.00
27.44 728.11 -2.00
27.45 728.53 -2.00
27.46 728.94 -2.00
27.47 729.35 -2.00
27.48 729.77 -2.00
27.49 730.18 -2.00
27.50 730.59 -2.00
27.51 731.01 -2.00
27.52 731.42 -2.00
27.53 731.84 -2.00
27.54 732.25 -2.00
27.55 732.66 -2.00
27.56 733.08 -2.00
27.57 733.49 -2.00
27.58 733.90 -2.00
27.59 734.32 -2.00
27.60 734.73 -2.00
27.61 735.15 -2.00
27.62 735.56 -2.00
27.63 735.97 -2.00
27.64 736.39 -2.00
27.65 736.80 -2.00
27.66 737.21 -2.00
27.67 737.63 -2.00
27.68 738.04 -2.00
27.69 738.45 -2.00
27.70 738.87 -2.00
27.71 739.28 -2.00
27.72 739.70 -2.00
27.73 740.11 -2.00
27.74 740.52 -2.00
27.75 740.94 -2.00
27.76 741.35 -2.00
27.77 741.76 -2.00
27.78 742.18 -2.00
27.79 742.59 -2.00
27.80 743.01 -2.00
27.81 743.42 -2.00
27.82 743.83 -2.00
27.83 744.25 -2.00
27.84 744.66 -2.00
27.85 745.08 -2.00
27.86 745.49 -2.00
27.87 745.90 -2.00
27.88 746.32 -2.00
27.89 746.73 -2.00
27.90 747.14 -2.00
27.91 747.56 -2.00
27.92 747.97 -2.00
27.93 748.39 -2.00
27.94 748.80 -2.00
27.95 749.21 -2.00
27.96 749.63 -2.00
27.97 750.04 -2.00
27.98 750.46 -2.00
27.99 750.87 -2.00
28.00 751.28 -2.00
28.01 751.70 -2.00
28.02 752.11 -2.00
28.03 752.52 -2.00
28.04 752.94 -2.00
28.05 753.35 -2.00
28.06 753.77 -2.00
28.07 754.18 -2.00
28.08 754.59 -2.00
28.09 755.01 -2.00
28.10 755.42 -2.00
28.11 755.84 -2.00
28.12 756.25 -2.00
28.13 756.66 -2.00
28.14 757.08 -2.00
28.15 757.49 -2.00
28.16 757.91 -2.00
28.17 758.32 -2.00
28.18 758.73 -2.00
28.19 759.15 -2.00
28.20 759.56 -2.00
28.21 759.98 -2.00
28.22 760.39 -2.00
28.23 760.80 -2.00
28.24 761.22 -2.00
28.25 761.63 -2.00
28.26 762.04 -2.00
28.27 762.46 -2.00
28.28 762.87 -2.00
28.29 763.29 -2.00
28.30 763.70 -2.00
28.31 764.11 -2.00
28.32 764.53 -2.00
28.33 764.94 -2.00
28.34 765.36 -2.00
28.35 765.77 -2.00
28.36 766.18 -2.00
28.37 766.60 -2.00
28.38 767.01 -2.00
28.39 767.43 -2.00
28.40 767.84 -2.00
28.41 768.25 -2.00
28.42 768.67 -2.00
28.43 769.08 -2.00
28.44 769.50 -2.00
28.45 769.91 -2.00
28.46 770.33 -2.00
28.47 770.74 -2.00
28.48 771.15 -2.00
28.49 771.57 -2.00
28.50 771.98 -2.00
28.51 772.40 -2.00
28.52 772.81 -2.00
28.53 773.22 -2.00
28.54 773.64 -2.00
28.55 774.05 -2.00
28.56 774.47 -2.00
28.57 774.88 -2.00
28.58 775.29 -2.00
28.59 775.71 -2.00
28.60 776.12 -2.00
28.61 776.54 -2.00
28.62 776.95 -2.00
28.63 777.36 -2.00
28.64 777.78 -2.00
28.65 778.19 -2.00
28.66 778.61 -2.00
28.67 779.02 -2.00
28.68 779.44 -2.00
28.69 779.85 -2.00
28.70 780.26 -2.00
28.71 780.68 -2.00
28.72 781.09 -2.00
28.73 781.51 -2.00
28.74 781.92 -2.00
28.75 782.33 -2.00
28.76 782.75 -2.00
28.77 783.16 -2.00
28.78 783.58 -2.00
28.79 783.99 -2.00
28.80 784.40 -2.00
28.81 784.82 -2.00
28.82 785.23 -2.00
28.83 785.65 -2.00
28.84 786.06 -2.00
28.85 786.48 -2.00
28.86 786.89 -2.00
28.87 787.30 -2.00
28.88 787.72 -2.00
28.89 788.13 -2.00
28.90 788.55 -2.00
28.91 788.96 -2.00
28.92 789.38 -2.00
28.93 789.79 -2.00
28.94 790.20 -2.00
28.95 790.62 -2.00
28.96 791.03 -2.00
28.97 791.45 -2.00
28.98 791.86 -2.00
28.99 792.27 -2.00
29.00 792.69 -2.00
29.01 793.10 -2.00
29.02 793.52 -2.00
29.03 793.93 -2.00
29.04 794.35 -2.00
29.05 794.76 -2.00
29.06 795.17 -2.00
29.07 795.59 -2.00
29.08 796.00 -2.00
29.09 796.42 -2.00
29.10 796.83 -2.00
29.11 797.25 -2.00
29.12 797.66 -2.00
29.13 798.07 -2.00
29.14 798.49 -2.00
29.15 798.90 -2.00
29.16 799.32 -2.00
29.17 799.73 -2.00
29.18 800.15 -2.00
29.19 800.56 -2.00
29.20 800.97 -2.00
29.21 801.39 -2.00
29.22 801.80 -2.00
29.23 802.22 -2.00
29.24 802.63 -2.00
29.25 803.05 -2.00
29.26 803.46 -2.00
29.27 803.87 -2.00
29.28 804.29 -2.00
29.29 804.70 -2.00
29.30 805.12 -2.00
29.31 805.53 -2.00
29.32 805.95 -2.00
29.33 806.36 -2.00
29.34 806.77 -2.00
29.35 807.19 -2.00
29.36 807.60 -2.00
29.37 808.02 -2.00
29.38 808.43 -2.00
29.39 808.85 -2.00
29.40 809.26 -2.00
29.41 809.67 -2.00
29.42 810.09 -2.00
29.43 810.50 -2.00
29.44 810.92 -2.00
29.45 811.33 -2.00
29.46 811.75 -2.00
29.47 812.16 -2.00
29.48 812.58 -2.00
29.49 812.99 -2.00
29.50 813.40 -2.00
29.51 813.82 -2.00
29.52 814.23 -2.00
29.53 814.65 -2.00
29.54 815.06 -2.00
29.55 815.48 -2.00
29.56 815.89 -2.00
29.57 816.30 -2.00
29.58 816.72 -2.00
29.59 817.13 -2.00
29.60 817.55 -2.00
29.61 817.96 -2.00
29.62 818.38 -2.00
29.63 818.79 -2.00
29.64 819.21 -2.00
29.65 819.62 -2.00
29.66 820.03 -2.00
29.67 820.45 -2.00
29.68 820.86 -2.00
29.69 821.28 -2.00
29.70 821.69 -2.00
29.71 822.11 -2.00
29.72 822.52 -2.00
29.73 822.94 -2.00
29.74 823.35 -2.00
29.75 823.76 -2.00
29.76 824.18 -2.00
29.77 824.59 -2.00
29.78 825.01 -2.00
29.79 825.42 -2.00
29.80 825.84 -2.00
29.81 826.25 -2.00
29.82 826.67 -2.00
29.83 827.08 -2.00
29.84 827.49 -2.00
29.85 827.91 -2.00
29.86 828.32 -2.00
29.87 828.74 -2.00
29.88 829.15 -2.00
29.89 829.57 -2.00
29.90 829.98 -2.00
29.91 830.40 -2.00
29.92 830.81 -2.00
29.93 831.22 -2.00
29.94 831.64 -2.00
29.95 832.05 -2.00
29.96 832.47 -2.00
29.97 832.88 -2.00
29.98 833.30 -2.00
29.99 833.71 -2.00
30.00 834.13 -2.00
30.01 834.54 -2.00
30.02 834.96 -2.00
30.03 835.37 -2.00
30.04 835.78 -2.00
30.05 836.20 -2.00
30.06 836.61 -2.00
30.07 837.03 -2.00
30.08 837.44 -2.00
30.09 837.86 -2.00
30.10 838.27 -2.00
30.11 838.69 -2.00
30.12 839.10 -2.00
30.13 839.52 -2.00
30.14 839.93 -2.00
30.15 840.34 -2.00
30.16 840.76 -2.00
30.17 841.17 -2.00
30.18 841.59 -2.00
30.19 842.00 -2.00
30.20 842.42 -2.00
30.21 842.83 -2.00
30.22 843.25 -2.00
30.23 843.66 -2.00
30.24 844.08 -2.00
30.25 844.49 -2.00
30.26 844.90 -2.00
30.27 845.32 -2.00
30.28 845.73 -2.00
30.29 846.15 -2.00
30.30 846.56 -2.00
30.31 846.98 -2.00
30.32 847.39 -2.00
30.33 847.81 -2.00
30.34 848.22 -2.00
30.35 848.64 -2.00
30.36 849.05 -2.00
30.37 849.47 -2.00
30.38 849.88 -2.00
30.39 850.29 -2.00
30.40 850.71 -2.00
30.41 851.12 -2.00
30.42 851.54 -2.00
30.43 851.95 -2.00
30.44 852.37 -2.00
30.45 852.78 -2.00
30.46 853.20 -2.00
30.47 853.61 -2.00
30.48 854.03 -2.00
30.49 854.44 -2.00
30.50 854.85 -2.00
30.51 855.27 -2.00
30.52 855.68 -2.00
30.53 856.10 -2.00
30.54 856.51 -2.00
30.55 856.93 -2.00
30.56 857.34 -2.00
30.57 857.76 -2.00
30.58 858.17 -2.00
30.59 858.59 -2.00
30.60 859.00 -2.00
30.61 859.42 -2.00
30.62 859.83 -2.00
30.63 860.25 -2.00
30.64 860.66 -2.00
30.65 861.07 -2.00
30.66 861.49 -2.00
30.67 861.90 -2.00
30.68 862.32 -2.00
30.69 862.73 -2.00
30.70 863.15 -2.00
30.71 863.56 -2.00
30.72 863.98 -2.00
30.73 864.39 -2.00
30.74 864.81 -2.00
30.75 865.22 -2.00
30.76 865.64 -2.00
30.77 866.05 -2.00
30.78 866.47 -2.00
30.79 866.88 -2.00
30.80 867.29 -2.00
30.81 867.71 -2.00
30.82 868.12 -2.00
30.83 868.54 -2.00
30.84 868.95 -2.00
30.85 869.37 -2.00
30.86 869.78 -2.00
30.87 870.20 -2.00
30.88 870.61 -2.00
30.89 871.03 -2.00
30.90 871.44 -2.00
30.91 871.86 -2.00
30.92 872.27 -2.00
30.93 872.69 -2.00
30.94 873.10 -2.00
30.95 873.52 -2.00
30.96 873.93 -2.00
30.97 874.34 -2.00
30.98 874.76 -2.00
30.99 875.17 -2.00
31.00 875.59 -2.00
31.01 876.00 -2.00
31.02 876.42 -2.00
31.03 876.83 -2.00
31.04 877.25 -2.00
31.05 877.66 -2.00
31.06 878.08 -2.00
31.07 878.49 -2.00
31.08 878.91 -2.00
31.09 879.32 -2.00
31.10 879.74 -2.00
31.11 880.15 -2.00
31.12 880.57 -2.00
31.13 880.98 -2.00
31.14 881.40 -2.00
31.15 881.81 -2.00
31.16 882.22 -2.00
31.17 882.64 -2.00
31.18 883.05 -2.00
31.19 883.47 -2.00
31.20 883.88 -2.00
31.21 884.30 -2.00
31.22 884.71 -2.00
31.23 885.13 -2.00
31.24 885.54 -2.00
31.25 885.96 -2.00
31.26 886.37 -2.00
31.27 886.79 -2.00
31.28 887.20 -2.00
31.29 887.62 -2.00
31.30 888.03 -2.00
31.31 888.45 -2.00
31.32 888.86 -2.00
31.33 889.28 -2.00
31.34 889.69 -2.00
31.35 890.11 -2.00
31.36 890.52 -2.00
31.37 890.94 -2.00
31.38 891.35 -2.00
31.39 891.76 -2.00
31.40 892.18 -2.00
31.41 892.59 -2.00
31.42 893.01 -2.00
31.43 893.42 -2.00
31.44 893.84 -2.00
31.45 894.25 -2.00
31.46 894.67 -2.00
31.47 895.08 -2.00
31.48 895.50 -2.00
31.49 895.91 -2.00
31.50 896.33 -2.00
31.51 896.74 -2.00
31.52 897.16 -2.00
31.53 897.57 -2.00
31.54 897.99 -2.00
31.55 898.40 -2.00
31.56 898.82 -2.00
31.57 899.23 -2.00
31.58 899.65 -2.00
31.59 900.06 -2.00
31.60 900.48 -2.00
31.61 900.89 -2.00
31.62 901.31 -2.00
31.63 901.72 -2.00
31.64 902.14 -2.00
31.65 902.55 -2.00
31.66 902.96 -2.00
31.67 903.38 -2.00
31.68 903.79 -2.00
31.69 904.21 -2.00
31.70 904.62 -2.00
31.71 905.04 -2.00
31.72 905.45 -2.00
31.73 905.87 -2.00
31.74 906.28 -2.00
31.75 906.70 -2.00
31.76 907.11 -2.00
31.77 907.53 -2.00
31.78 907.94 -2.00
31.79 908.36 -2.00
31.80 908.77 -2.00
31.81 909.19 -2.00
31.82 909.60 -2.00
31.83 910.02 -2.00
31.84 910.43 -2.00
31.85 910.85 -2.00
31.86 911.26 -2.00
31.87 911.68 -2.00
31.88 912.09 -2.00
31.89 912.51 -2.00
31.90 912.92 -2.00
31.91 913.34 -2.00
31.92 913.75 -2.00
31.93 914.17 -2.00
31.94 914.58 -2.00
31.95 915.00 -2.00
31.96 915.41 -2.00
31.97 915.83 -2.00
31.98 916.24 -2.00
31.99 916.66 -2.00
32.00 917.07 -2.00
32.01 917.49 -2.00
32.02 917.90 -2.00
32.03 918.32 -2.00
32.04 918.73 -2.00
32.05 919.15 -2.00
32.06 919.56 -2.00
32.07 919.97 -2.00
32.08 920.39 -2.00
32.09 920.80 -2.00
32.10 921.22 -2.00
32.11 921.63 -2.00
32.12 922.05 -2.00
32.13 922.46 -2.00
32.14 922.88 -2.00
32.15 923.29 -2.00
32.16 923.71 -2.00
32.17 924.12 -2.00
32.18 924.54 -2.00
32.19 924.95 -2.00
32.20 925.37 -2.00
32.21 925.78 -2.00
32.22 926.20 -2.00
32.23 926.61 -2.00
32.24 927.03 -2.00
32.25 927.44 -2.00
32.26 927.86 -2.00
32.27 928.27 -2.00
32.28 928.69 -2.00
32.29 929.10 -2.00
32.30 929.52 -2.00
32.31 929.93 -2.00
32.32 930.35 -2.00
32.33 930.76 -2.00
32.34 931.18 -2.00
32.35 931.59 -2.00
32.36 932.01 -2.00
32.37 932.42 -2.00
32.38 932.84 -2.00
32.39 933.25 -2.00
32.40 933.67 -2.00
32.41 934.08 -2.00
32.42 934.50 -2.00
32.43 934.91 -2.00
32.44 935.33 -2.00
32.45 935.74 -2.00
32.46 936.16 -2.00
32.47 936.57 -2.00
32.48 936.99 -2.00
32.49 937.40 -2.00
32.50 937.82 -2.00
32.51 938.23 -2.00
32.52 938.65 -2.00
32.53 939.06 -2.00
32.54 939.48 -2.00
32.55 939.89 -2.00
32.56 940.31 -2.00
32.57 940.72 -2.00
32.58 941.14 -2.00
32.59 941.55 -2.00
32.60 941.97 -2.00
32.61 942.38 -2.00
32.62 942.80 -2.00
32.63 943.21 -2.00
32.64 943.63 -2.00
32.65 944.04 -2.00
32.66 944.46 -2.00
32.67 944.87 -2.00
32.68 945.29 -2.00
32.69 945.70 -2.00
32.70 946.12 -2.00
32.71 946.53 -2.00
32.72 946.95 -2.00
32.73 947.36 -2.00
32.74 947.78 -2.00
32.75 948.19 -2.00
32.76 948.61 -2.00
32.77 949.02 -2.00
32.78 949.44 -2.00
32.79 949.85 -2.00
32.80 950.27 -2.00
32.81 950.68 -2.00
32.82 951.10 -2.00
32.83 951.51 -2.00
32.84 951.93 -2.00
32.85 952.34 -2.00
32.86 952.76 -2.00
32.87 953.17 -2.00
32.88 953.59 -2.00
32.89 954.00 -2.00
32.90 954.42 -2.00
32.91 954.83 -2.00
32.92 955.25 -2.00
32.93 955.66 -2.00
32.94 956.08 -2.00
32.95 956.49 -2.00
32.96 956.91 -2.00
32.97 957.32 -2.00
32.98 957.74 -2.00
32.99 958.15 -2.00
33.00 958.57 -2.00
33.01 958.98 -2.00
33.02 959.40 -2.00
33.03 959.81 -2.00
33.04 960.23 -2.00
33.05 960.64 -2.00
33.06 961.06 -2.00
33.07 961.47 -2.00
33.08 961.89 -2.00
33.09 962.30 -2.00
33.10 962.72 -2.00
33.11 963.13 -2.00
33.12 963.55 -2.00
33.13 963.96 -2.00
33.14 964.38 -2.00
33.15 964.79 -2.00
33.16 965.21 -2.00
33.17 965.62 -2.00
33.18 966.04 -2.00
33.19 966.45 -2.00
33.20 966.87 -2.00
33.21 967.28 -2.00
33.22 967.70 -2.00
33.23 968.11 -2.00
33.24 968.53 -2.00
33.25 968.94 -2.00
33.26 969.36 -2.00
33.27 969.77 -2.00
33.28 970.19 -2.00
33.29 970.60 -2.00
33.30 971.02 -2.00
33.31 971.43 -2.00
33.32 971.85 -2.00
33.33 972.26 -2.00
33.34 972.68 -2.00
33.35 973.09 -2.00
33.36 973.51 -2.00
33.37 973.92 -2.00
33.38 974.34 -2.00
33.39 974.75 -2.00
33.40 975.17 -2.00
33.41 975.58 -2.00
33.42 976.00 -2.00
33.43 976.41 -2.00
33.44 976.83 -2.00
33.45 977.24 -2.00
33.46 977.66 -2.00
33.47 978.08 -2.00
33.48 978.49 -2.00
33.49 978.91 -2.00
33.50 979.32 -2.00
33.51 979.74 -2.00
33.52 980.15 -2.00
33.53 980.57 -2.00
33.54 980.98 -2.00
33.55 981.40 -2.00
33.56 981.81 -2.00
33.57 982.23 -2.00
33.58 982.64 -2.00
33.59 983.06 -2.00
33.60 983.47 -2.00
33.61 983.89 -2.00
33.62 984.30 -2.00
33.63 984.72 -2.00
33.64 985.13 -2.00
33.65 985.55 -2.00
33.66 985.96 -2.00
33.67 986.38 -2.00
33.68 986.79 -2.00
33.69 987.21 -2.00
33.70 987.62 -2.00
33.71 988.04 -2.00
33.72 988.45 -2.00
33.73 988.87 -2.00
33.74 989.28 -2.00
33.75 989.70 -2.00
33.76 990.11 -2.00
33.77 990.53 -2.00
33.78 990.94 -2.00
33.79 991.36 -2.00
33.80 991.77 -2.00
33.81 992.19 -2.00
33.82 992.60 -2.00
33.83 993.02 -2.00
33.84 993.43 -2.00
33.85 993.85 -2.00
33.86 994.26 -2.00
33.87 994.68 -2.00
33.88 995.09 -2.00
33.89 995.51 -2.00
33.90 995.92 -2.00
33.91 996.34 -2.00
33.92 996.75 -2.00
33.93 997.17 -2.00
33.94 997.59 -2.00
33.95 998.00 -2.00
33.96 998.42 -2.00
33.97 998.83 -2.00
33.98 999.25 -2.00
33.99 999.66 -2.00
34.00 1000.08 -2.00
34.01 1000.49 -2.00
34.02 1000.91 -2.00
34.03 1001.32 -2.00
34.04 1001.74 -2.00
34.05 1002.15 -2.00
34.06 1002.57 -2.00
34.07 1002.98 -2.00
34.08 1003.40 -2.00
34.09 1003.81 -2.00
34.10 1004.23 -2.00
34.11 1004.64 -2.00
34.12 1005.06 -2.00
34.13 1005.47 -2.00
34.14 1005.89 -2.00
34.15 1006.30 -2.00
34.16 1006.72 -2.00
34.17 1007.13 -2.00
34.18 1007.55 -2.00
34.19 1007.96 -2.00
34.20 1008.38 -2.00
34.21 1008.79 -2.00
34.22 1009.21 -2.00
34.23 1009.62 -2.00
34.24 1010.04 -2.00
34.25 1010.45 -2.00
34.26 1010.87 -2.00
34.27 1011.28 -2.00
34.28 1011.70 -2.00
34.29 1012.12 -2.00
34.30 1012.53 -2.00
34.31 1012.95 -2.00
34.32 1013.36 -2.00
34.33 1013.78 -2.00
34.34 1014.19 -2.00
34.35 1014.61 -2.00
34.36 1015.02 -2.00
34.37 1015.44 -2.00
34.38 1015.85 -2.00
34.39 1016.27 -2.00
34.40 1016.68 -2.00
34.41 1017.10 -2.00
34.42 1017.51 -2.00
34.43 1017.93 -2.00
34.44 1018.34 -2.00
34.45 1018.76 -2.00
34.46 1019.17 -2.00
34.47 1019.59 -2.00
34.48 1020.00 -2.00
34.49 1020.42 -2.00
34.50 1020.83 -2.00
34.51 1021.25 -2.00
34.52 1021.66 -2.00
34.53 1022.08 -2.00
34.54 1022.49 -2.00
34.55 1022.91 -2.00
34.56 1023.32 -2.00
34.57 1023.74 -2.00
34.58 1024.16 -2.00
34.59 1024.57 -2.00
34.60 1024.99 -2.00
34.61 1025.40 -2.00
34.62 1025.82 -2.00
34.63 1026.23 -2.00
34.64 1026.65 -2.00
34.65 1027.06 -2.00
34.66 1027.48 -2.00
34.67 1027.89 -2.00
34.68 1028.31 -2.00
34.69 1028.72 -2.00
34.70 1029.14 -2.00
34.71 1029.55 -2.00
34.72 1029.97 -2.00
34.73 1030.38 -2.00
34.74 1030.80 -2.00
34.75 1031.21 -2.00
34.76 1031.63 -2.00
34.77 1032.04 -2.00
34.78 1032.46 -2.00
34.79 1032.87 -2.00
34.80 1033.29 -2.00
34.81 1033.70 -2.00
34.82 1034.12 -2.00
34.83 1034.53 -2.00
34.84 1034.95 -2.00
34.85 1035.37 -2.00
34.86 1035.78 -2.00
34.87 1036.20 -2.00
34.88 1036.61 -2.00
34.89 1037.03 -2.00
34.90 1037.44 -2.00
34.91 1037.86 -2.00
34.92 1038.27 -2.00
34.93 1038.69 -2.00
34.94 1039.10 -2.00
34.95 1039.52 -2.00
34.96 1039.93 -2.00
34.97 1040.35 -2.00
34.98 1040.76 -2.00
34.99 1041.18 -2.00
35.00 1041.59 -2.00
35.01 1042.01 -2.00
35.02 1042.42 -2.00
35.03 1042.84 -2.00
35.04 1043.25 -2.00
35.05 1043.67 -2.00
35.06 1044.08 -2.00
35.07 1044.50 -2.00
35.08 1044.92 -2.00
35.09 1045.33 -2.00
35.10 1045.75 -2.00
35.11 1046.16 -2.00
35.12 1046.58 -2.00
35.13 1046.99 -2.00
35.14 1047.41 -2.00
35.15 1047.82 -2.00
35.16 1048.24 -2.00
35.17 1048.65 -2.00
35.18 1049.07 -2.00
35.19 1049.48 -2.00
35.20 1049.90 -2.00
35.21 1050.31 -2.00
35.22 1050.73 -2.00
35.23 1051.14 -2.00
35.24 1051.56 -2.00
35.25 1051.97 -2.00
35.26 1052.39 -2.00
35.27 1052.80 -2.00
35.28 1053.22 -2.00
35.29 1053.64 -2.00
35.30 1054.05 -2.00
35.31 1054.47 -2.00
35.32 1054.88 -2.00
35.33 1055.30 -2.00
35.34 1055.71 -2.00
35.35 1056.13 -2.00
35.36 1056.54 -2.00
35.37 1056.96 -2.00
35.38 1057.37 -2.00
35.39 1057.79 -2.00
35.40 1058.20 -2.00
35.41 1058.62 -2.00
35.42 1059.03 -2.00
35.43 1059.45 -2.00
35.44 1059.86 -2.00
35.45 1060.28 -2.00
35.46 1060.69 -2.00
35.47 1061.11 -2.00
35.48 1061.52 -2.00
35.49 1061.94 -2.00
35.50 1062.36 -2.00
35.51 1062.77 -2.00
35.52 1063.19 -2.00
35.53 1063.60 -2.00
35.54 1064.02 -2.00
35.55 1064.43 -2.00
35.56 1064.85 -2.00
35.57 1065.26 -2.00
35.58 1065.68 -2.00
35.59 1066.09 -2.00
35.60 1066.51 -2.00
35.61 1066.92 -2.00
35.62 1067.34 -2.00
35.63 1067.75 -2.00
35.64 1068.17 -2.00
35.65 1068.58 -2.00
35.66 1069.00 -2.00
35.67 1069.41 -2.00
35.68 1069.83 -2.00
35.69 1070.24 -2.00
35.70 1070.66 -2.00
35.71 1071.08 -2.00
35.72 1071.49 -2.00
35.73 1071.91 -2.00
35.74 1072.32 -2.00
35.75 1072.74 -2.00
35.76 1073.15 -2.00
35.77 1073.57 -2.00
35.78 1073.98 -2.00
35.79 1074.40 -2.00
35.80 1074.81 -2.00
35.81 1075.23 -2.00
35.82 1075.64 -2.00
35.83 1076.06 -2.00
35.84 1076.47 -2.00
35.85 1076.89 -2.00
35.86 1077.30 -2.00
35.87 1077.72 -2.00
35.88 1078.13 -2.00
35.89 1078.55 -2.00
35.90 1078.97 -2.00
35.91 1079.38 -2.00
35.92 1079.80 -2.00
35.93 1080.21 -2.00
35.94 1080.63 -2.00
35.95 1081.04 -2.00
35.96 1081.46 -2.00
35.97 1081.87 -2.00
35.98 1082.29 -2.00
35.99 1082.70 -2.00
36.00 1083.12 -2.00
36.01 1083.53 -2.00
36.02 1083.95 -2.00
36.03 1084.36 -2.00
36.04 1084.78 -2.00
36.05 1085.19 -2.00
36.06 1085.61 -2.00
36.07 1086.03 -2.00
36.08 1086.44 -2.00
36.09 1086.86 -2.00
36.10 1087.27 -2.00
36.11 1087.69 -2.00
36.12 1088.10 -2.00
36.13 1088.52 -2.00
36.14 1088.93 -2.00
36.15 1089.35 -2.00
36.16 1089.76 -2.00
36.17 1090.18 -2.00
36.18 1090.59 -2.00
36.19 1091.01 -2.00
36.20 1091.42 -2.00
36.21 1091.84 -2.00
36.22 1092.25 -2.00
36.23 1092.67 -2.00
36.24 1093.09 -2.00
36.25 1093.50 -2.00
36.26 1093.92 -2.00
36.27 1094.33 -2.00
36.28 1094.75 -2.00
36.29 1095.16 -2.00
36.30 1095.58 -2.00
36.31 1095.99 -2.00
36.32 1096.41 -2.00
36.33 1096.82 -2.00
36.34 1097.24 -2.00
36.35 1097.65 -2.00
36.36 1098.07 -2.00
36.37 1098.48 -2.00
36.38 1098.90 -2.00
36.39 1099.31 -2.00
36.40 1099.73 -2.00
36.41 1100.15 -2.00
36.42 1100.56 -2.00
36.43 1100.98 -2.00
36.44 1101.39 -2.00
36.45 1101.81 -2.00
36.46 1102.22 -2.00
36.47 1102.64 -2.00
36.48 1103.05 -2.00
36.49 1103.47 -2.00
36.50 1103.88 -2.00
36.51 1104.30 -2.00
36.52 1104.71 -2.00
36.53 1105.13 -2.00
36.54 1105.54 -2.00
36.55 1105.96 -2.00
36.56 1106.37 -2.00
36.57 1106.79 -2.00
36.58 1107.21 -2.00
36.59 1107.62 -2.00
36.60 1108.04 -2.00
36.61 1108.45 -2.00
36.62 1108.87 -2.00
36.63 1109.28 -2.00
36.64 1109.70 -2.00
36.65 1110.11 -2.00
36.66 1110.53 -2.00
36.67 1110.94 -2.00
36.68 1111.36 -2.00
36.69 1111.77 -2.00
36.70 1112.19 -2.00
36.71 1112.60 -2.00
36.72 1113.02 -2.00
36.73 1113.43 -2.00
36.74 1113.85 -2.00
36.75 1114.27 -2.00
36.76 1114.68 -2.00
36.77 1115.10 -2.00
36.78 1115.51 -2.00
36.79 1115.93 -2.00
36.80 1116.34 -2.00
36.81 1116.76 -2.00
36.82 1117.17 -2.00
36.83 1117.59 -2.00
36.84 1118.00 -2.00
36.85 1118.42 -2.00
36.86 1118.83 -2.00
36.87 1119.25 -2.00
36.88 1119.66 -2.00
36.89 1120.08 -2.00
36.90 1120.50 -2.00
36.91 1120.91 -2.00
36.92 1121.33 -2.00
36.93 1121.74 -2.00
36.94 1122.16 -2.00
36.95 1122.57 -2.00
36.96 1122.99 -2.00
36.97 1123.40 -2.00
36.98 1123.82 -2.00
36.99 1124.23 -2.00
37.00 1124.65 -2.00
37.01 1125.06 -2.00
37.02 1125.48 -2.00
37.03 1125.89 -2.00
37.04 1126.31 -2.00
37.05 1126.73 -2.00
37.06 1127.14 -2.00
37.07 1127.56 -2.00
37.08 1127.97 -2.00
37.09 1128.39 -2.00
37.10 1128.80 -2.00
37.11 1129.22 -2.00
37.12 1129.63 -2.00
37.13 1130.05 -2.00
37.14 1130.46 -2.00
37.15 1130.88 -2.00
37.16 1131.29 -2.00
37.17 1131.71 -2.00
37.18 1132.12 -2.00
37.19 1132.54 -2.00
37.20 1132.96 -2.00
37.21 1133.37 -2.00
37.22 1133.79 -2.00
37.23 1134.20 -2.00
37.24 1134.62 -2.00
37.25 1135.03 -2.00
37.26 1135.45 -2.00
37.27 1135.86 -2.00
37.28 1136.28 -2.00
37.29 1136.69 -2.00
37.30 1137.11 -2.00
37.31 1137.52 -2.00
37.32 1137.94 -2.00
37.33 1138.35 -2.00
37.34 1138.77 -2.00
37.35 1139.19 -2.00
37.36 1139.60 -2.00
37.37 1140.02 -2.00
37.38 1140.43 -2.00
37.39 1140.85 -2.00
37.40 1141.26 -2.00
37.41 1141.68 -2.00
37.42 1142.09 -2.00
37.43 1142.51 -2.00
37.44 1142.92 -2.00
37.45 1143.34 -2.00
37.46 1143.75 -2.00
37.47 1144.17 -2.00
37.48 1144.58 -2.00
37.49 1145.00 -2.00
37.50 1145.42 -2.00
37.51 1145.83 -2.00
37.52 1146.25 -2.00
37.53 1146.66 -2.00
37.54 1147.08 -2.00
37.55 1147.49 -2.00
37.56 1147.91 -2.00
37.57 1148.32 -2.00
37.58 1148.74 -2.00
37.59 1149.15 -2.00
37.60 1149.57 -2.00
37.61 1149.98 -2.00
37.62 1150.40 -2.00
37.63 1150.81 -2.00
37.64 1151.23 -2.00
37.65 1151.65 -2.00
37.66 1152.06 -2.00
37.67 1152.48 -2.00
37.68 1152.89 -2.00
37.69 1153.31 -2.00
37.70 1153.72 -2.00
37.71 1154.14 -2.00
37.72 1154.55 -2.00
37.73 1154.97 -2.00
37.74 1155.38 -2.00
37.75 1155.80 -2.00
37.76 1156.21 -2.00
37.77 1156.63 -2.00
37.78 1157.05 -2.00
37.79 1157.46 -2.00
37.80 1157.88 -2.00
37.81 1158.29 -2.00
37.82 1158.71 -2.00
37.83 1159.12 -2.00
37.84 1159.54 -2.00
37.85 1159.95 -2.00
37.86 1160.37 -2.00
37.87 1160.78 -2.00
37.88 1161.20 -2.00
37.89 1161.61 -2.00
37.90 1162.03 -2.00
37.91 1162.44 -2.00
37.92 1162.86 -2.00
37.93 1163.28 -2.00
37.94 1163.69 -2.00
37.95 1164.11 -2.00
37.96 1164.52 -2.00
37.97 1164.94 -2.00
37.98 1165.35 -2.00
37.99 1165.77 -2.00
38.00 1166.18 -2.00
38.01 1166.60 -2.00
38.02 1167.01 -2.00
38.03 1167.43 -2.00
38.04 1167.84 -2.00
38.05 1168.26 -2.00
38.06 1168.68 -2.00
38.07 1169.09 -2.00
38.08 1169.51 -2.00
38.09 1169.92 -2.00
38.10 1170.34 -2.00
38.11 1170.75 -2.00
38.12 1171.17 -2.00
38.13 1171.58 -2.00
38.14 1172.00 -2.00
38.15 1172.41 -2.00
38.16 1172.83 -2.00
38.17 1173.24 -2.00
38.18 1173.66 -2.00
38.19 1174.08 -2.00
38.20 1174.49 -2.00
38.21 1174.91 -2.00
38.22 1175.32 -2.00
38.23 1175.74 -2.00
38.24 1176.15 -2.00
38.25 1176.57 -2.00
38.26 1176.98 -2.00
38.27 1177.40 -2.00
38.28 1177.81 -2.00
38.29 1178.23 -2.00
38.30 1178.64 -2.00
38.31 1179.06 -2.00
38.32 1179.47 -2.00
38.33 1179.89 -2.00
38.34 1180.31 -2.00
38.35 1180.72 -2.00
38.36 1181.14 -2.00
38.37 1181.55 -2.00
38.38 1181.97 -2.00
38.39 1182.38 -2.00
38.40 1182.80 -2.00
38.41 1183.21 -2.00
38.42 1183.63 -2.00
38.43 1184.04 -2.00
38.44 1184.46 -2.00
38.45 1184.87 -2.00
38.46 1185.29 -2.00
38.47 1185.71 -2.00
38.48 1186.12 -2.00
38.49 1186.54 -2.00
38.50 1186.95 -2.00
38.51 1187.37 -2.00
38.52 1187.78 -2.00
38.53 1188.20 -2.00
38.54 1188.61 -2.00
38.55 1189.03 -2.00
38.56 1189.44 -2.00
38.57 1189.86 -2.00
38.58 1190.27 -2.00
38.59 1190.69 -2.00
38.60 1191.11 -2.00
38.61 1191.52 -2.00
38.62 1191.94 -2.00
38.63 1192.35 -2.00
38.64 1192.77 -2.00
38.65 1193.18 -2.00
38.66 1193.60 -2.00
38.67 1194.01 -2.00
38.68 1194.43 -2.00
38.69 1194.84 -2.00
38.70 1195.26 -2.00
38.71 1195.67 -2.00
38.72 1196.09 -2.00
38.73 1196.51 -2.00
38.74 1196.92 -2.00
38.75 1197.34 -2.00
38.76 1197.75 -2.00
38.77 1198.17 -2.00
38.78 1198.58 -2.00
38.79 1199.00 -2.00
38.80 1199.41 -2.00
38.81 1199.83 -2.00
38.82 1200.24 -2.00
38.83 1200.66 -2.00
38.84 1201.07 -2.00
38.85 1201.49 -2.00
38.86 1201.91 -2.00
38.87 1202.32 -2.00
38.88 1202.74 -2.00
38.89 1203.15 -2.00
38.90 1203.57 -2.00
38.91 1203.98 -2.00
38.92 1204.40 -2.00
38.93 1204.81 -2.00
38.94 1205.23 -2.00
38.95 1205.64 -2.00
38.96 1206.06 -2.00
38.97 1206.47 -2.00
38.98 1206.89 -2.00
38.99 1207.31 -2.00
39.00 1207.72 -2.00
39.01 1208.14 -2.00
39.02 1208.55 -2.00
39.03 1208.97 -2.00
39.04 1209.38 -2.00
39.05 1209.80 -2.00
39.06 1210.21 -2.00
39.07 1210.63 -2.00
39.08 1211.04 -2.00
39.09 1211.46 -2.00
39.10 1211.88 -2.00
39.11 1212.29 -2.00
39.12 1212.71 -2.00
39.13 1213.12 -2.00
39.14 1213.54 -2.00
39.15 1213.95 -2.00
39.16 1214.37 -2.00
39.17 1214.78 -2.00
39.18 1215.20 -2.00
39.19 1215.61 -2.00
39.20 1216.03 -2.00
39.21 1216.44 -2.00
39.22 1216.86 -2.00
39.23 1217.28 -2.00
39.24 1217.69 -2.00
39.25 1218.11 -2.00
39.26 1218.52 -2.00
39.27 1218.94 -2.00
39.28 1219.35 -2.00
39.29 1219.77 -2.00
39.30 1220.18 -2.00
39.31 1220.60 -2.00
39.32 1221.01 -2.00
39.33 1221.43 -2.00
39.34 1221.84 -2.00
39.35 1222.26 -2.00
39.36 1222.68 -2.00
39.37 1223.09 -2.00
39.38 1223.51 -2.00
39.39 1223.92 -2.00
39.40 1224.34 -2.00
39.41 1224.75 -2.00
39.42 1225.17 -2.00
39.43 1225.58 -2.00
39.44 1226.00 -2.00
39.45 1226.41 -2.00
39.46 1226.83 -2.00
39.47 1227.24 -2.00
39.48 1227.66 -2.00
39.49 1228.08 -2.00
39.50 1228.49 -2.00
39.51 1228.91 -2.00
39.52 1229.32 -2.00
39.53 1229.74 -2.00
39.54 1230.15 -2.00
39.55 1230.57 -2.00
39.56 1230.98 -2.00
39.57 1231.40 -2.00
39.58 1231.81 -2.00
39.59 1232.23 -2.00
39.60 1232.65 -2.00
39.61 1233.06 -2.00
39.62 1233.48 -2.00
39.63 1233.89 -2.00
39.64 1234.31 -2.00
39.65 1234.72 -2.00
39.66 1235.14 -2.00
39.67 1235.55 -2.00
39.68 1235.97 -2.00
39.69 1236.38 -2.00
39.70 1236.80 -2.00
39.71 1237.21 -2.00
39.72 1237.63 -2.00
39.73 1238.05 -2.00
39.74 1238.46 -2.00
39.75 1238.88 -2.00
39.76 1239.29 -2.00
39.77 1239.71 -2.00
39.78 1240.12 -2.00
39.79 1240.54 -2.00
39.80 1240.95 -2.00
39.81 1241.37 -2.00
39.82 1241.78 -2.00
39.83 1242.20 -2.00
39.84 1242.62 -2.00
39.85 1243.03 -2.00
39.86 1243.45 -2.00
39.87 1243.86 -2.00
39.88 1244.28 -2.00
39.89 1244.69 -2.00
39.90 1245.11 -2.00
39.91 1245.52 -2.00
39.92 1245.94 -2.00
39.93 1246.35 -2.00
39.94 1246.77 -2.00
39.95 1247.18 -2.00
39.96 1247.60 -2.00
39.97 1248.02 -2.00
39.98 1248.43 -2.00
39.99 1248.85 -2.00
40.00 1249.26 -2.00
40.01 1249.68 -2.00
40.02 1250.09 -2.00
40.03 1250.51 -2.00
40.04 1250.92 -2.00
40.05 1251.34 -2.00
40.06 1251.75 -2.00
40.07 1252.17 -2.00
40.08 1252.59 -2.00
40.09 1253.00 -2.00
40.10 1253.42 -2.00
40.11 1253.83 -2.00
40.12 1254.25 -2.00
40.13 1254.66 -2.00
40.14 1255.08 -2.00
40.15 1255.49 -2.00
40.16 1255.91 -2.00
40.17 1256.32 -2.00
40.18 1256.74 -2.00
40.19 1257.15 -2.00
40.20 1257.57 -2.00
40.21 1257.99 -2.00
40.22 1258.40 -2.00
40.23 1258.82 -2.00
40.24 1259.23 -2.00
40.25 1259.65 -2.00
40.26 1260.06 -2.00
40.27 1260.48 -2.00
40.28 1260.89 -2.00
40.29 1261.31 -2.00
40.30 1261.72 -2.00
40.31 1262.14 -2.00
40.32 1262.56 -2.00
40.33 1262.97 -2.00
40.34 1263.39 -2.00
40.35 1263.80 -2.00
40.36 1264.22 -2.00
40.37 1264.63 -2.00
40.38 1265.05 -2.00
40.39 1265.46 -2.00
40.40 1265.88 -2.00
40.41 1266.29 -2.00
40.42 1266.71 -2.00
40.43 1267.12 -2.00
40.44 1267.54 -2.00
40.45 1267.96 -2.00
40.46 1268.37 -2.00
40.47 1268.79 -2.00
40.48 1269.20 -2.00
40.49 1269.62 -2.00
40.50 1270.03 -2.00
40.51 1270.45 -2.00
40.52 1270.86 -2.00
40.53 1271.28 -2.00
40.54 1271.69 -2.00
40.55 1272.11 -2.00
40.56 1272.53 -2.00
40.57 1272.94 -2.00
40.58 1273.36 -2.00
40.59 1273.77 -2.00
40.60 1274.19 -2.00
40.61 1274.60 -2.00
40.62 1275.02 -2.00
40.63 1275.43 -2.00
40.64 1275.85 -2.00
40.65 1276.26 -2.00
40.66 1276.68 -2.00
40.67 1277.10 -2.00
40.68 1277.51 -2.00
40.69 1277.93 -2.00
40.70 1278.34 -2.00
40.71 1278.76 -2.00
40.72 1279.17 -2.00
40.73 1279.59 -2.00
40.74 1280.00 -2.00
40.75 1280.42 -2.00
40.76 1280.83 -2.00
40.77 1281.25 -2.00
40.78 1281.66 -2.00
40.79 1282.08 -2.00
40.80 1282.50 -2.00
40.81 1282.91 -2.00
40.82 1283.33 -2.00
40.83 1283.74 -2.00
40.84 1284.16 -2.00
40.85 1284.57 -2.00
40.86 1284.99 -2.00
40.87 1285.40 -2.00
40.88 1285.82 -2.00
40.89 1286.23 -2.00
40.90 1286.65 -2.00
40.91 1287.07 -2.00
40.92 1287.48 -2.00
40.93 1287.90 -2.00
40.94 1288.31 -2.00
40.95 1288.73 -2.00
40.96 1289.14 -2.00
40.97 1289.56 -2.00
40.98 1289.97 -2.00
40.99 1290.39 -2.00
41.00 1290.80 -2.00
41.01 1291.22 -2.00
41.02 1291.64 -2.00
41.03 1292.05 -2.00
41.04 1292.47 -2.00
41.05 1292.88 -2.00
41.06 1293.30 -2.00
41.07 1293.71 -2.00
41.08 1294.13 -2.00
41.09 1294.54 -2.00
41.10 1294.96 -2.00
41.11 1295.37 -2.00
41.12 1295.79 -2.00
41.13 1296.20 -2.00
41.14 1296.62 -2.00
41.15 1297.04 -2.00
41.16 1297.45 -2.00
41.17 1297.87 -2.00
41.18 1298.28 -2.00
41.19 1298.70 -2.00
41.20 1299.11 -2.00
41.21 1299.53 -2.00
41.22 1299.94 -2.00
41.23 1300.36 -2.00
41.24 1300.77 -2.00
41.25 1301.19 -2.00
41.26 1301.61 -2.00
41.27 1302.02 -2.00
41.28 1302.44 -2.00
41.29 1302.85 -2.00
41.30 1303.27 -2.00
41.31 1303.68 -2.00
41.32 1304.10 -2.00
41.33 1304.51 -2.00
41.34 1304.93 -2.00
41.35 1305.34 -2.00
41.36 1305.76 -2.00
41.37 1306.18 -2.00
41.38 1306.59 -2.00
41.39 1307.01 -2.00
41.40 1307.42 -2.00
41.41 1307.84 -2.00
41.42 1308.25 -2.00
41.43 1308.67 -2.00
41.44 1309.08 -2.00
41.45 1309.50 -2.00
41.46 1309.91 -2.00
41.47 1310.33 -2.00
41.48 1310.75 -2.00
41.49 1311.16 -2.00
41.50 1311.58 -2.00
41.51 1311.99 -2.00
41.52 1312.41 -2.00
41.53 1312.82 -2.00
41.54 1313.24 -2.00
41.55 1313.65 -2.00
41.56 1314.07 -2.00
41.57 1314.48 -2.00
41.58 1314.90 -2.00
41.59 1315.32 -2.00
41.60 1315.73 -2.00
41.61 1316.15 -2.00
41.62 1316.56 -2.00
41.63 1316.98 -2.00
41.64 1317.39 -2.00
41.65 1317.81 -2.00
41.66 1318.22 -2.00
41.67 1318.64 -2.00
41.68 1319.05 -2.00
41.69 1319.47 -2.00
41.70 1319.89 -2.00
41.71 1320.30 -2.00
41.72 1320.72 -2.00
41.73 1321.13 -2.00
41.74 1321.55 -2.00
41.75 1321.96 -2.00
41.76 1322.38 -2.00
41.77 1322.79 -2.00
41.78 1323.21 -2.00
41.79 1323.62 -2.00
41.80 1324.04 -2.00
41.81 1324.46 -2.00
41.82 1324.87 -2.00
41.83 1325.29 -2.00
41.84 1325.70 -2.00
41.85 1326.12 -2.00
41.86 1326.53 -2.00
41.87 1326.95 -2.00
41.88 1327.36 -2.00
41.89 1327.78 -2.00
41.90 1328.19 -2.00
41.91 1328.61 -2.00
41.92 1329.02 -2.00
41.93 1329.44 -2.00
41.94 1329.86 -2.00
41.95 1330.27 -2.00
41.96 1330.69 -2.00
41.97 1331.10 -2.00
41.98 1331.52 -2.00
41.99 1331.93 -2.00
42.00 1332.35 -2.00
42.01 1332.76 -2.00
42.02 1333.18 -2.00
42.03 1333.59 -2.00
42.04 1334.01 -2.00
42.05 1334.43 -2.00
42.06 1334.84 -2.00
42.07 1335.26 -2.00
42.08 1335.67 -2.00
42.09 1336.09 -2.00
42.10 1336.50 -2.00
42.11 1336.92 -2.00
42.12 1337.33 -2.00
42.13 1337.75 -2.00
42.14 1338.16 -2.00
42.15 1338.58 -2.00
42.16 1339.00 -2.00
42.17 1339.41 -2.00
42.18 1339.83 -2.00
42.19 1340.24 -2.00
42.20 1340.66 -2.00
42.21 1341.07 -2.00
42.22 1341.49 -2.00
42.23 1341.90 -2.00
42.24 1342.32 -2.00
42.25 1342.73 -2.00
42.26 1343.15 -2.00
42.27 1343.57 -2.00
42.28 1343.98 -2.00
42.29 1344.40 -2.00
42.30 1344.81 -2.00
42.31 1345.23 -2.00
42.32 1345.64 -2.00
42.33 1346.06 -2.00
42.34 1346.47 -2.00
42.35 1346.89 -2.00
42.36 1347.30 -2.00
42.37 1347.72 -2.00
42.38 1348.14 -2.00
42.39 1348.55 -2.00
42.40 1348.97 -2.00
42.41 1349.38 -2.00
42.42 1349.80 -2.00
42.43 1350.21 -2.00
42.44 1350.63 -2.00
42.45 1351.04 -2.00
42.46 1351.46 -2.00
42.47 1351.87 -2.00
42.48 1352.29 -2.00
42.49 1352.71 -2.00
42.50 1353.12 -2.00
42.51 1353.54 -2.00
42.52 1353.95 -2.00
42.53 1354.37 -2.00
42.54 1354.78 -2.00
42.55 1355.20 -2.00
42.56 1355.61 -2.00
42.57 1356.03 -2.00
42.58 1356.44 -2.00
42.59 1356.86 -2.00
42.60 1357.28 -2.00
42.61 1357.69 -2.00
42.62 1358.11 -2.00
42.63 1358.52 -2.00
42.64 1358.94 -2.00
42.65 1359.35 -2.00
42.66 1359.77 -2.00
42.67 1360.18 -2.00
42.68 1360.60 -2.00
42.69 1361.01 -2.00
42.70 1361.43 -2.00
42.71 1361.85 -2.00
42.72 1362.26 -2.00
42.73 1362.68 -2.00
42.74 1363.09 -2.00
42.75 1363.51 -2.00
42.76 1363.92 -2.00
42.77 1364.34 -2.00
42.78 1364.75 -2.00
42.79 1365.17 -2.00
42.80 1365.58 -2.00
42.81 1366.00 -2.00
42.82 1366.42 -2.00
42.83 1366.83 -2.00
42.84 1367.25 -2.00
42.85 1367.66 -2.00
42.86 1368.08 -2.00
42.87 1368.49 -2.00
42.88 1368.91 -2.00
42.89 1369.32 -2.00
42.90 1369.74 -2.00
42.91 1370.15 -2.00
42.92 1370.57 -2.00
42.93 1370.99 -2.00
42.94 1371.40 -2.00
42.95 1371.82 -2.00
42.96 1372.23 -2.00
42.97 1372.65 -2.00
42.98 1373.06 -2.00
42.99 1373.48 -2.00
43.00 1373.89 -2.00
43.01 1374.31 -2.00
43.02 1374.72 -2.00
43.03 1375.14 -2.00
43.04 1375.56 -2.00
43.05 1375.97 -2.00
43.06 1376.39 -2.00
43.07 1376.80 -2.00
43.08 1377.22 -2.00
43.09 1377.63 -2.00
43.10 1378.05 -2.00
43.11 1378.46 -2.00
43.12 1378.88 -2.00
43.13 1379.29 -2.00
43.14 1379.71 -2.00
43.15 1380.13 -2.00
43.16 1380.54 -2.00
43.17 1380.96 -2.00
43.18 1381.37 -2.00
43.19 1381.79 -2.00
43.20 1382.20 -2.00
43.21 1382.62 -2.00
43.22 1383.03 -2.00
43.23 1383.45 -2.00
43.24 1383.87 -2.00
43.25 1384.28 -2.00
43.26 1384.70 -2.00
43.27 1385.11 -2.00
43.28 1385.53 -2.00
43.29 1385.94 -2.00
43.30 1386.36 -2.00
43.31 1386.77 -2.00
43.32 1387.19 -2.00
43.33 1387.60 -2.00
43.34 1388.02 -2.00
43.35 1388.44 -2.00
43.36 1388.85 -2.00
43.37 1389.27 -2.00
43.38 1389.68 -2.00
43.39 1390.10 -2.00
43.40 1390.51 -2.00
43.41 1390.93 -2.00
43.42 1391.34 -2.00
43.43 1391.76 -2.00
43.44 1392.17 -2.00
43.45 1392.59 -2.00
43.46 1393.01 -2.00
43.47 1393.42 -2.00
43.48 1393.84 -2.00
43.49 1394.25 -2.00
43.50 1394.67 -2.00
43.51 1395.08 -2.00
43.52 1395.50 -2.00
43.53 1395.91 -2.00
43.54 1396.33 -2.00
43.55 1396.74 -2.00
43.56 1397.16 -2.00
43.57 1397.58 -2.00
43.58 1397.99 -2.00
43.59 1398.41 -2.00
43.60 1398.82 -2.00
43.61 1399.24 -2.00
43.62 1399.65 -2.00
43.63 1400.07 -2.00
43.64 1400.48 -2.00
43.65 1400.90 -2.00
43.66 1401.31 -2.00
43.67 1401.73 -2.00
43.68 1402.15 -2.00
43.69 1402.56 -2.00
43.70 1402.98 -2.00
43.71 1403.39 -2.00
43.72 1403.81 -2.00
43.73 1404.22 -2.00
43.74 1404.64 -2.00
43.75 1405.05 -2.00
43.76 1405.47 -2.00
43.77 1405.88 -2.00
43.78 1406.30 -2.00
43.79 1406.72 -2.00
43.80 1407.13 -2.00
43.81 1407.55 -2.00
43.82 1407.96 -2.00
43.83 1408.38 -2.00
43.84 1408.79 -2.00
43.85 1409.21 -2.00
43.86 1409.62 -2.00
43.87 1410.04 -2.00
43.88 1410.45 -2.00
43.89 1410.87 -2.00
43.90 1411.29 -2.00
43.91 1411.70 -2.00
43.92 1412.12 -2.00
43.93 1412.53 -2.00
43.94 1412.95 -2.00
43.95 1413.36 -2.00
43.96 1413.78 -2.00
43.97 1414.19 -2.00
43.98 1414.61 -2.00
43.99 1415.02 -2.00
44.00 1415.44 -2.00
44.01 1415.86 -2.00
44.02 1416.27 -2.00
44.03 1416.69 -2.00
44.04 1417.10 -2.00
44.05 1417.52 -2.00
44.06 1417.93 -2.00
44.07 1418.35 -2.00
44.08 1418.76 -2.00
44.09 1419.18 -2.00
44.10 1419.60 -2.00
44.11 1420.01 -2.00
44.12 1420.43 -2.00
44.13 1420.84 -2.00
44.14 1421.26 -2.00
44.15 1421.67 -2.00
44.16 1422.09 -2.00
44.17 1422.50 -2.00
44.18 1422.92 -2.00
44.19 1423.33 -2.00
44.20 1423.75 -2.00
44.21 1424.17 -2.00
44.22 1424.58 -2.00
44.23 1425.00 -2.00
44.24 1425.41 -2.00
44.25 1425.83 -2.00
44.26 1426.24 -2.00
44.27 1426.66 -2.00
44.28 1427.07 -2.00
44.29 1427.49 -2.00
44.30 1427.90 -2.00
44.31 1428.32 -2.00
44.32 1428.74 -2.00
44.33 1429.15 -2.00
44.34 1429.57 -2.00
44.35 1429.98 -2.00
44.36 1430.40 -2.00
44.37 1430.81 -2.00
44.38 1431.23 -2.00
44.39 1431.64 -2.00
44.40 1432.06 -2.00
44.41 1432.47 -2.00
44.42 1432.89 -2.00
44.43 1433.31 -2.00
44.44 1433.72 -2.00
44.45 1434.14 -2.00
44.46 1434.55 -2.00
44.47 1434.97 -2.00
44.48 1435.38 -2.00
44.49 1435.80 -2.00
44.50 1436.21 -2.00
44.51 1436.63 -2.00
44.52 1437.04 -2.00
44.53 1437.46 -2.00
44.54 1437.88 -2.00
44.55 1438.29 -2.00
44.56 1438.71 -2.00
44.57 1439.12 -2.00
44.58 1439.54 -2.00
44.59 1439.95 -2.00
44.60 1440.37 -2.00
44.61 1440.78 -2.00
44.62 1441.20 -2.00
44.63 1441.62 -2.00
44.64 1442.03 -2.00
44.65 1442.45 -2.00
44.66 1442.86 -2.00
44.67 1443.28 -2.00
44.68 1443.69 -2.00
44.69 1444.11 -2.00
44.70 1444.52 -2.00
44.71 1444.94 -2.00
44.72 1445.35 -2.00
44.73 1445.77 -2.00
44.74 1446.19 -2.00
44.75 1446.60 -2.00
44.76 1447.02 -2.00
44.77 1447.43 -2.00
44.78 1447.85 -2.00
44.79 1448.26 -2.00
44.80 1448.68 -2.00
44.81 1449.09 -2.00
44.82 1449.51 -2.00
44.83 1449.92 -2.00
44.84 1450.34 -2.00
44.85 1450.76 -2.00
44.86 1451.17 -2.00
44.87 1451.59 -2.00
44.88 1452.00 -2.00
44.89 1452.42 -2.00
44.90 1452.83 -2.00
44.91 1453.25 -2.00
44.92 1453.66 -2.00
44.93 1454.08 -2.00
44.94 1454.49 -2.00
44.95 1454.91 -2.00
44.96 1455.33 -2.00
44.97 1455.74 -2.00
44.98 1456.16 -2.00
44.99 1456.57 -2.00
45.00 1456.99 -2.00
45.01 1457.40 -2.00
45.02 1457.82 -2.00
45.03 1458.23 -2.00
45.04 1458.65 -2.00
45.05 1459.07 -2.00
45.06 1459.48 -2.00
45.07 1459.90 -2.00
45.08 1460.31 -2.00
45.09 1460.73 -2.00
45.10 1461.14 -2.00
45.11 1461.56 -2.00
45.12 1461.97 -2.00
45.13 1462.39 -2.00
45.14 1462.80 -2.00
45.15 1463.22 -2.00
45.16 1463.64 -2.00
45.17 1464.05 -2.00
45.18 1464.47 -2.00
45.19 1464.88 -2.00
45.20 1465.30 -2.00
45.21 1465.71 -2.00
45.22 1466.13 -2.00
45.23 1466.54 -2.00
45.24 1466.96 -2.00
45.25 1467.37 -2.00
45.26 1467.79 -2.00
45.27 1468.21 -2.00
45.28 1468.62 -2.00
45.29 1469.04 -2.00
45.30 1469.45 -2.00
45.31 1469.87 -2.00
45.32 1470.28 -2.00
45.33 1470.70 -2.00
45.34 1471.11 -2.00
45.35 1471.53 -2.00
45.36 1471.94 -2.00
45.37 1472.36 -2.00
45.38 1472.78 -2.00
45.39 1473.19 -2.00
45.40 1473.61 -2.00
45.41 1474.02 -2.00
45.42 1474.44 -2.00
45.43 1474.85 -2.00
45.44 1475.27 -2.00
45.45 1475.68 -2.00
45.46 1476.10 -2.00
45.47 1476.52 -2.00
45.48 1476.93 -2.00
45.49 1477.35 -2.00
45.50 1477.76 -2.00
45.51 1478.18 -2.00
45.52 1478.59 -2.00
45.53 1479.01 -2.00
45.54 1479.42 -2.00
45.55 1479.84 -2.00
45.56 1480.25 -2.00
45.57 1480.67 -2.00
45.58 1481.09 -2.00
45.59 1481.50 -2.00
45.60 1481.92 -2.00
45.61 1482.33 -2.00
45.62 1482.75 -2.00
45.63 1483.16 -2.00
45.64 1483.58 -2.00
45.65 1483.99 -2.00
45.66 1484.41 -2.00
45.67 1484.82 -2.00
45.68 1485.24 -2.00
45.69 1485.66 -2.00
45.70 1486.07 -2.00
45.71 1486.49 -2.00
45.72 1486.90 -2.00
45.73 1487.32 -2.00
45.74 1487.73 -2.00
45.75 1488.15 -2.00
45.76 1488.56 -2.00
45.77 1488.98 -2.00
45.78 1489.39 -2.00
45.79 1489.81 -2.00
45.80 1490.23 -2.00
45.81 1490.64 -2.00
45.82 1491.06 -2.00
45.83 1491.47 -2.00
45.84 1491.89 -2.00
45.85 1492.30 -2.00
45.86 1492.72 -2.00
45.87 1493.13 -2.00
45.88 1493.55 -2.00
45.89 1493.97 -2.00
45.90 1494.38 -2.00
45.91 1494.80 -2.00
45.92 1495.21 -2.00
45.93 1495.63 -2.00
45.94 1496.04 -2.00
45.95 1496.46 -2.00
45.96 1496.87 -2.00
45.97 1497.29 -2.00
45.98 1497.70 -2.00
45.99 1498.12 -2.00
46.00 1498.54 -2.00
46.01 1498.95 -2.00
46.02 1499.37 -2.00
46.03 1499.78 -2.00
46.04 1500.20 -2.00
46.05 1500.61 -2.00
46.06 1501.03 -2.00
46.07 1501.44 -2.00
46.08 1501.86 -2.00
46.09 1502.27 -2.00
46.10 1502.69 -2.00
46.11 1503.11 -2.00
46.12 1503.52 -2.00
46.13 1503.94 -2.00
46.14 1504.35 -2.00
46.15 1504.77 -2.00
46.16 1505.18 -2.00
46.17 1505.60 -2.00
46.18 1506.01 -2.00
46.19 1506.43 -2.00
46.20 1506.85 -2.00
46.21 1507.26 -2.00
46.22 1507.68 -2.00
46.23 1508.09 -2.00
46.24 1508.51 -2.00
46.25 1508.92 -2.00
46.26 1509.34 -2.00
46.27 1509.75 -2.00
46.28 1510.17 -2.00
46.29 1510.58 -2.00
46.30 1511.00 -2.00
46.31 1511.42 -2.00
46.32 1511.83 -2.00
46.33 1512.25 -2.00
46.34 1512.66 -2.00
46.35 1513.08 -2.00
46.36 1513.49 -2.00
46.37 1513.91 -2.00
46.38 1514.32 -2.00
46.39 1514.74 -2.00
46.40 1515.15 -2.00
46.41 1515.57 -2.00
46.42 1515.99 -2.00
46.43 1516.40 -2.00
46.44 1516.82 -2.00
46.45 1517.23 -2.00
46.46 1517.65 -2.00
46.47 1518.06 -2.00
46.48 1518.48 -2.00
46.49 1518.89 -2.00
46.50 1519.31 -2.00
46.51 1519.73 -2.00
46.52 1520.14 -2.00
46.53 1520.56 -2.00
46.54 1520.97 -2.00
46.55 1521.39 -2.00
46.56 1521.80 -2.00
46.57 1522.22 -2.00
46.58 1522.63 -2.00
46.59 1523.05 -2.00
46.60 1523.46 -2.00
46.61 1523.88 -2.00
46.62 1524.30 -2.00
46.63 1524.71 -2.00
46.64 1525.13 -2.00
46.65 1525.54 -2.00
46.66 1525.96 -2.00
46.67 1526.37 -2.00
46.68 1526.79 -2.00
46.69 1527.20 -2.00
46.70 1527.62 -2.00
46.71 1528.03 -2.00
46.72 1528.45 -2.00
46.73 1528.87 -2.00
46.74 1529.28 -2.00
46.75 1529.70 -2.00
46.76 1530.11 -2.00
46.77 1530.53 -2.00
46.78 1530.94 -2.00
46.79 1531.36 -2.00
46.80 1531.77 -2.00
46.81 1532.19 -2.00
46.82 1532.61 -2.00
46.83 1533.02 -2.00
46.84 1533.44 -2.00
46.85 1533.85 -2.00
46.86 1534.27 -2.00
46.87 1534.68 -2.00
46.88 1535.10 -2.00
46.89 1535.51 -2.00
46.90 1535.93 -2.00
46.91 1536.34 -2.00
46.92 1536.76 -2.00
46.93 1537.18 -2.00
46.94 1537.59 -2.00
46.95 1538.01 -2.00
46.96 1538.42 -2.00
46.97 1538.84 -2.00
46.98 1539.25 -2.00
46.99 1539.67 -2.00
47.00 1540.08 -2.00
47.01 1540.50 -2.00
47.02 1540.91 -2.00
47.03 1541.33 -2.00
47.04 1541.75 -2.00
47.05 1542.16 -2.00
47.06 1542.58 -2.00
47.07 1542.99 -2.00
47.08 1543.41 -2.00
47.09 1543.82 -2.00
47.10 1544.24 -2.00
47.11 1544.65 -2.00
47.12 1545.07 -2.00
47.13 1545.49 -2.00
47.14 1545.90 -2.00
47.15 1546.32 -2.00
47.16 1546.73 -2.00
47.17 1547.15 -2.00
47.18 1547.56 -2.00
47.19 1547.98 -2.00
47.20 1548.39 -2.00
47.21 1548.81 -2.00
47.22 1549.22 -2.00
47.23 1549.64 -2.00
47.24 1550.06 -2.00
47.25 1550.47 -2.00
47.26 1550.89 -2.00
47.27 1551.30 -2.00
47.28 1551.72 -2.00
47.29 1552.13 -2.00
47.30 1552.55 -2.00
47.31 1552.96 -2.00
47.32 1553.38 -2.00
47.33 1553.79 -2.00
47.34 1554.21 -2.00
47.35 1554.63 -2.00
47.36 1555.04 -2.00
47.37 1555.46 -2.00
47.38 1555.87 -2.00
47.39 1556.29 -2.00
47.40 1556.70 -2.00
47.41 1557.12 -2.00
47.42 1557.53 -2.00
47.43 1557.95 -2.00
47.44 1558.37 -2.00
47.45 1558.78 -2.00
47.46 1559.20 -2.00
47.47 1559.61 -2.00
47.48 1560.03 -2.00
47.49 1560.44 -2.00
47.50 1560.86 -2.00
47.51 1561.27 -2.00
47.52 1561.69 -2.00
47.53 1562.10 -2.00
47.54 1562.52 -2.00
47.55 1562.94 -2.00
47.56 1563.35 -2.00
47.57 1563.77 -2.00
47.58 1564.18 -2.00
47.59 1564.60 -2.00
47.60 1565.01 -2.00
47.61 1565.43 -2.00
47.62 1565.84 -2.00
47.63 1566.26 -2.00
47.64 1566.67 -2.00
47.65 1567.09 -2.00
47.66 1567.51 -2.00
47.67 1567.92 -2.00
47.68 1568.34 -2.00
47.69 1568.75 -2.00
47.70 1569.17 -2.00
47.71 1569.58 -2.00
47.72 1570.00 -2.00
47.73 1570.41 -2.00
47.74 1570.83 -2.00
47.75 1571.25 -2.00
47.76 1571.66 -2.00
47.77 1572.08 -2.00
47.78 1572.49 -2.00
47.79 1572.91 -2.00
47.80 1573.32 -2.00
47.81 1573.74 -2.00
47.82 1574.15 -2.00
47.83 1574.57 -2.00
47.84 1574.98 -2.00
47.85 1575.40 -2.00
47.86 1575.82 -2.00
47.87 1576.23 -2.00
47.88 1576.65 -2.00
47.89 1577.06 -2.00
47.90 1577.48 -2.00
47.91 1577.89 -2.00
47.92 1578.31 -2.00
47.93 1578.72 -2.00
47.94 1579.14 -2.00
47.95 1579.56 -2.00
47.96 1579.97 -2.00
47.97 1580.39 -2.00
47.98 1580.80 -2.00
47.99 1581.22 -2.00
48.00 1581.63 -2.00
48.01 1582.05 -2.00
48.02 1582.46 -2.00
48.03 1582.88 -2.00
48.04 1583.29 -2.00
48.05 1583.71 -2.00
48.06 1584.13 -2.00
48.07 1584.54 -2.00
48.08 1584.96 -2.00
48.09 1585.37 -2.00
48.10 1585.79 -2.00
48.11 1586.20 -2.00
48.12 1586.62 -2.00
48.13 1587.03 -2.00
48.14 1587.45 -2.00
48.15 1587.86 -2.00
48.16 1588.28 -2.00
48.17 1588.70 -2.00
48.18 1589.11 -2.00
48.19 1589.53 -2.00
48.20 1589.94 -2.00
48.21 1590.36 -2.00
48.22 1590.77 -2.00
48.23 1591.19 -2.00
48.24 1591.60 -2.00
48.25 1592.02 -2.00
48.26 1592.44 -2.00
48.27 1592.85 -2.00
48.28 1593.27 -2.00
48.29 1593.68 -2.00
48.30 1594.10 -2.00
48.31 1594.51 -2.00
48.32 1594.93 -2.00
48.33 1595.34 -2.00
48.34 1595.76 -2.00
48.35 1596.17 -2.00
48.36 1596.59 -2.00
48.37 1597.01 -2.00
48.38 1597.42 -2.00
48.39 1597.84 -2.00
48.40 1598.25 -2.00
48.41 1598.67 -2.00
48.42 1599.08 -2.00
48.43 1599.50 -2.00
48.44 1599.91 -2.00
48.45 1600.33 -2.00
48.46 1600.74 -2.00
48.47 1601.16 -2.00
48.48 1601.58 -2.00
48.49 1601.99 -2.00
48.50 1602.41 -2.00
48.51 1602.82 -2.00
48.52 1603.24 -2.00
48.53 1603.65 -2.00
48.54 1604.07 -2.00
48.55 1604.48 -2.00
48.56 1604.90 -2.00
48.57 1605.32 -2.00
48.58 1605.73 -2.00
48.59 1606.15 -2.00
48.60 1606.56 -2.00
48.61 1606.98 -2.00
48.62 1607.39 -2.00
48.63 1607.81 -2.00
48.64 1608.22 -2.00
48.65 1608.64 -2.00
48.66 1609.05 -2.00
48.67 1609.47 -2.00
48.68 1609.89 -2.00
48.69 1610.30 -2.00
48.70 1610.72 -2.00
48.71 1611.13 -2.00
48.72 1611.55 -2.00
48.73 1611.96 -2.00
48.74 1612.38 -2.00
48.75 1612.79 -2.00
48.76 1613.21 -2.00
48.77 1613.63 -2.00
48.78 1614.04 -2.00
48.79 1614.46 -2.00
48.80 1614.87 -2.00
48.81 1615.29 -2.00
48.82 1615.70 -2.00
48.83 1616.12 -2.00
48.84 1616.53 -2.00
48.85 1616.95 -2.00
48.86 1617.36 -2.00
48.87 1617.78 -2.00
48.88 1618.20 -2.00
48.89 1618.61 -2.00
48.90 1619.03 -2.00
48.91 1619.44 -2.00
48.92 1619.86 -2.00
48.93 1620.27 -2.00
48.94 1620.69 -2.00
48.95 1621.10 -2.00
48.96 1621.52 -2.00
48.97 1621.93 -2.00
48.98 1622.35 -2.00
48.99 1622.77 -2.00
49.00 1623.18 -2.00
49.01 1623.60 -2.00
49.02 1624.01 -2.00
49.03 1624.43 -2.00
49.04 1624.84 -2.00
49.05 1625.26 -2.00
49.06 1625.67 -2.00
49.07 1626.09 -2.00
49.08 1626.51 -2.00
49.09 1626.92 -2.00
49.10 1627.34 -2.00
49.11 1627.75 -2.00
49.12 1628.17 -2.00
49.13 1628.58 -2.00
49.14 1629.00 -2.00
49.15 1629.41 -2.00
49.16 1629.83 -2.00
49.17 1630.24 -2.00
49.18 1630.66 -2.00
49.19 1631.08 -2.00
49.20 1631.49 -2.00
49.21 1631.91 -2.00
49.22 1632.32 -2.00
49.23 1632.74 -2.00
49.24 1633.15 -2.00
49.25 1633.57 -2.00
49.26 1633.98 -2.00
49.27 1634.40 -2.00
49.28 1634.82 -2.00
49.29 1635.23 -2.00
49.30 1635.65 -2.00
49.31 1636.06 -2.00
49.32 1636.48 -2.00
49.33 1636.89 -2.00
49.34 1637.31 -2.00
49.35 1637.72 -2.00
49.36 1638.14 -2.00
49.37 1638.55 -2.00
49.38 1638.97 -2.00
49.39 1639.39 -2.00
49.40 1639.80 -2.00
49.41 1640.22 -2.00
49.42 1640.63 -2.00
49.43 1641.05 -2.00
49.44 1641.46 -2.00
49.45 1641.88 -2.00
49.46 1642.29 -2.00
49.47 1642.71 -2.00
49.48 1643.13 -2.00
49.49 1643.54 -2.00
49.50 1643.96 -2.00
49.51 1644.37 -2.00
49.52 1644.79 -2.00
49.53 1645.20 -2.00
49.54 1645.62 -2.00
49.55 1646.03 -2.00
49.56 1646.45 -2.00
49.57 1646.86 -2.00
49.58 1647.28 -2.00
49.59 1647.70 -2.00
49.60 1648.11 -2.00
49.61 1648.53 -2.00
49.62 1648.94 -2.00
49.63 1649.36 -2.00
49.64 1649.77 -2.00
49.65 1650.19 -2.00
49.66 1650.60 -2.00
49.67 1651.02 -2.00
49.68 1651.43 -2.00
49.69 1651.85 -2.00
49.70 1652.27 -2.00
49.71 1652.68 -2.00
49.72 1653.10 -2.00
49.73 1653.51 -2.00
49.74 1653.93 -2.00
49.75 1654.34 -2.00
49.76 1654.76 -2.00
49.77 1655.17 -2.00
49.78 1655.59 -2.00
49.79 1656.01 -2.00
49.80 1656.42 -2.00
49.81 1656.84 -2.00
49.82 1657.25 -2.00
49.83 1657.67 -2.00
49.84 1658.08 -2.00
49.85 1658.50 -2.00
49.86 1658.91 -2.00
49.87 1659.33 -2.00
49.88 1659.74 -2.00
49.89 1660.16 -2.00
49.90 1660.58 -2.00
49.91 1660.99 -2.00
49.92 1661.41 -2.00
49.93 1661.82 -2.00
49.94 1662.24 -2.00
49.95 1662.65 -2.00
49.96 1663.07 -2.00
49.97 1663.48 -2.00
49.98 1663.90 -2.00
49.99 1664.32 -2.00
50.00 1664.73 -2.00
50.01 1665.15 -2.00
50.02 1665.56 -2.00
50.03 1665.98 -2.00
50.04 1666.39 -2.00
50.05 1666.81 -2.00
50.06 1667.22 -2.00
50.07 1667.64 -2.00
50.08 1668.05 -2.00
50.09 1668.47 -2.00
50.10 1668.89 -2.00
50.11 1669.30 -2.00
50.12 1669.72 -2.00
50.13 1670.13 -2.00
50.14 1670.55 -2.00
50.15 1670.96 -2.00
50.16 1671.38 -2.00
50.17 1671.79 -2.00
50.18 1672.21 -2.00
50.19 1672.63 -2.00
50.20 1673.04 -2.00
50.21 1673.46 -2.00
50.22 1673.87 -2.00
50.23 1674.29 -2.00
50.24 1674.70 -2.00
50.25 1675.12 -2.00
50.26 1675.53 -2.00
50.27 1675.95 -2.00
50.28 1676.36 -2.00
50.29 1676.78 -2.00
50.30 1677.20 -2.00
50.31 1677.61 -2.00
50.32 1678.03 -2.00
50.33 1678.44 -2.00
50.34 1678.86 -2.00
50.35 1679.27 -2.00
50.36 1679.69 -2.00
50.37 1680.10 -2.00
50.38 1680.52 -2.00
50.39 1680.93 -2.00
50.40 1681.35 -2.00
50.41 1681.77 -2.00
50.42 1682.18 -2.00
50.43 1682.60 -2.00
50.44 1683.01 -2.00
50.45 1683.43 -2.00
50.46 1683.84 -2.00
50.47 1684.26 -2.00
50.48 1684.67 -2.00
50.49 1685.09 -2.00
50.50 1685.51 -2.00
50.51 1685.92 -2.00
50.52 1686.34 -2.00
50.53 1686.75 -2.00
50.54 1687.17 -2.00
50.55 1687.58 -2.00
50.56 1688.00 -2.00
50.57 1688.41 -2.00
50.58 1688.83 -2.00
50.59 1689.24 -2.00
50.60 1689.66 -2.00
50.61 1690.08 -2.00
50.62 1690.49 -2.00
50.63 1690.91 -2.00
50.64 1691.32 -2.00
50.65 1691.74 -2.00
50.66 1692.15 -2.00
50.67 1692.57 -2.00
50.68 1692.98 -2.00
50.69 1693.40 -2.00
50.70 1693.82 -2.00
50.71 1694.23 -2.00
50.72 1694.65 -2.00
50.73 1695.06 -2.00
50.74 1695.48 -2.00
50.75 1695.89 -2.00
50.76 1696.31 -2.00
50.77 1696.72 -2.00
50.78 1697.14 -2.00
50.79 1697.55 -2.00
50.80 1697.97 -2.00
50.81 1698.39 -2.00
50.82 1698.80 -2.00
50.83 1699.22 -2.00
50.84 1699.63 -2.00
50.85 1700.05 -2.00
50.86 1700.46 -2.00
50.87 1700.88 -2.00
50.88 1701.29 -2.00
50.89 1701.71 -2.00
50.90 1702.13 -2.00
50.91 1702.54 -2.00
50.92 1702.96 -2.00
50.93 1703.37 -2.00
50.94 1703.79 -2.00
50.95 1704.20 -2.00
50.96 1704.62 -2.00
50.97 1705.03 -2.00
50.98 1705.45 -2.00
50.99 1705.86 -2.00
51.00 1706.28 -2.00
51.01 1706.70 -2.00
51.02 1707.11 -2.00
51.03 1707.53 -2.00
51.04 1707.94 -2.00
51.05 1708.36 -2.00
51.06 1708.77 -2.00
51.07 1709.19 -2.00
51.08 1709.60 -2.00
51.09 1710.02 -2.00
51.10 1710.43 -2.00
51.11 1710.85 -2.00
51.12 1711.27 -2.00
51.13 1711.68 -2.00
51.14 1712.10 -2.00
51.15 1712.51 -2.00
51.16 1712.93 -2.00
51.17 1713.34 -2.00
51.18 1713.76 -2.00
51.19 1714.17 -2.00
51.20 1714.59 -2.00
51.21 1715.01 -2.00
51.22 1715.42 -2.00
51.23 1715.84 -2.00
51.24 1716.25 -2.00
51.25 1716.67 -2.00
51.26 1717.08 -2.00
51.27 1717.50 -2.00
51.28 1717.91 -2.00
51.29 1718.33 -2.00
51.30 1718.74 -2.00
51.31 1719.16 -2.00
51.32 1719.58 -2.00
51.33 1719.99 -2.00
51.34 1720.41 -2.00
51.35 1720.82 -2.00
51.36 1721.24 -2.00
51.37 1721.65 -2.00
51.38 1722.07 -2.00
51.39 1722.48 -2.00
51.40 1722.90 -2.00
51.41 1723.32 -2.00
51.42 1723.73 -2.00
51.43 1724.15 -2.00
51.44 1724.56 -2.00
51.45 1724.98 -2.00
51.46 1725.39 -2.00
51.47 1725.81 -2.00
51.48 1726.22 -2.00
51.49 1726.64 -2.00
51.50 1727.05 -2.00
51.51 1727.47 -2.00
51.52 1727.89 -2.00
51.53 1728.30 -2.00
51.54 1728.72 -2.00
51.55 1729.13 -2.00
51.56 1729.55 -2.00
51.57 1729.96 -2.00
51.58 1730.38 -2.00
51.59 1730.79 -2.00
51.60 1731.21 -2.00
51.61 1731.63 -2.00
51.62 1732.04 -2.00
51.63 1732.46 -2.00
51.64 1732.87 -2.00
51.65 1733.29 -2.00
51.66 1733.70 -2.00
51.67 1734.12 -2.00
51.68 1734.53 -2.00
51.69 1734.95 -2.00
51.70 1735.36 -2.00
51.71 1735.78 -2.00
51.72 1736.20 -2.00
51.73 1736.61 -2.00
51.74 1737.03 -2.00
51.75 1737.44 -2.00
51.76 1737.86 -2.00
51.77 1738.27 -2.00
51.78 1738.69 -2.00
51.79 1739.10 -2.00
51.80 1739.52 -2.00
51.81 1739.94 -2.00
51.82 1740.35 -2.00
51.83 1740.77 -2.00
51.84 1741.18 -2.00
51.85 1741.60 -2.00
51.86 1742.01 -2.00
51.87 1742.43 -2.00
51.88 1742.84 -2.00
51.89 1743.26 -2.00
51.90 1743.67 -2.00
51.91 1744.09 -2.00
51.92 1744.51 -2.00
51.93 1744.92 -2.00
51.94 1745.34 -2.00
51.95 1745.75 -2.00
51.96 1746.17 -2.00
51.97 1746.58 -2.00
51.98 1747.00 -2.00
51.99 1747.41 -2.00
52.00 1747.83 -2.00
52.01 1748.25 -2.00
52.02 1748.66 -2.00
52.03 1749.08 -2.00
52.04 1749.49 -2.00
52.05 1749.91 -2.00
52.06 1750.32 -2.00
52.07 1750.74 -2.00
52.08 1751.15 -2.00
52.09 1751.57 -2.00
52.10 1751.98 -2.00
52.11 1752.40 -2.00
52.12 1752.82 -2.00
52.13 1753.23 -2.00
52.14 1753.65 -2.00
52.15 1754.06 -2.00
52.16 1754.48 -2.00
52.17 1754.89 -2.00
52.18 1755.31 -2.00
52.19 1755.72 -2.00
52.20 1756.14 -2.00
52.21 1756.55 -2.00
52.22 1756.97 -2.00
52.23 1757.39 -2.00
52.24 1757.80 -2.00
52.25 1758.22 -2.00
52.26 1758.63 -2.00
52.27 1759.05 -2.00
52.28 1759.46 -2.00
52.29 1759.88 -2.00
52.30 1760.29 -2.00
52.31 1760.71 -2.00
52.32 1761.13 -2.00
52.33 1761.54 -2.00
52.34 1761.96 -2.00
52.35 1762.37 -2.00
52.36 1762.79 -2.00
52.37 1763.20 -2.00
52.38 1763.62 -2.00
52.39 1764.03 -2.00
52.40 1764.45 -2.00
52.41 1764.86 -2.00
52.42 1765.28 -2.00
52.43 1765.70 -2.00
52.44 1766.11 -2.00
52.45 1766.53 -2.00
52.46 1766.94 -2.00
52.47 1767.36 -2.00
52.48 1767.77 -2.00
52.49 1768.19 -2.00
52.50 1768.60 -2.00
52.51 1769.02 -2.00
52.52 1769.44 -2.00
52.53 1769.85 -2.00
52.54 1770.27 -2.00
52.55 1770.68 -2.00
52.56 1771.10 -2.00
52.57 1771.51 -2.00
52.58 1771.93 -2.00
52.59 1772.34 -2.00
52.60 1772.76 -2.00
52.61 1773.17 -2.00
52.62 1773.59 -2.00
52.63 1774.01 -2.00
52.64 1774.42 -2.00
52.65 1774.84 -2.00
52.66 1775.25 -2.00
52.67 1775.67 -2.00
52.68 1776.08 -2.00
52.69 1776.50 -2.00
52.70 1776.91 -2.00
52.71 1777.33 -2.00
52.72 1777.75 -2.00
52.73 1778.16 -2.00
52.74 1778.58 -2.00
52.75 1778.99 -2.00
52.76 1779.41 -2.00
52.77 1779.82 -2.00
52.78 1780.24 -2.00
52.79 1780.65 -2.00
52.80 1781.07 -2.00
52.81 1781.48 -2.00
52.82 1781.90 -2.00
52.83 1782.32 -2.00
52.84 1782.73 -2.00
52.85 1783.15 -2.00
52.86 1783.56 -2.00
52.87 1783.98 -2.00
52.88 1784.39 -2.00
52.89 1784.81 -2.00
52.90 1785.22 -2.00
52.91 1785.64 -2.00
52.92 1786.06 -2.00
52.93 1786.47 -2.00
52.94 1786.89 -2.00
52.95 1787.30 -2.00
52.96 1787.72 -2.00
52.97 1788.13 -2.00
52.98 1788.55 -2.00
52.99 1788.96 -2.00
53.00 1789.38 -2.00
53.01 1789.79 -2.00
53.02 1790.21 -2.00
53.03 1790.63 -2.00
53.04 1791.04 -2.00
53.05 1791.46 -2.00
53.06 1791.87 -2.00
53.07 1792.29 -2.00
53.08 1792.70 -2.00
53.09 1793.12 -2.00
53.10 1793.53 -2.00
53.11 1793.95 -2.00
53.12 1794.37 -2.00
53.13 1794.78 -2.00
53.14 1795.20 -2.00
53.15 1795.61 -2.00
53.16 1796.03 -2.00
53.17 1796.44 -2.00
53.18 1796.86 -2.00
53.19 1797.27 -2.00
53.20 1797.69 -2.00
53.21 1798.10 -2.00
53.22 1798.52 -2.00
53.23 1798.94 -2.00
53.24 1799.35 -2.00
53.25 1799.77 -2.00
53.26 1800.18 -2.00
53.27 1800.60 -2.00
53.28 1801.01 -2.00
53.29 1801.43 -2.00
53.30 1801.84 -2.00
53.31 1802.26 -2.00
53.32 1802.68 -2.00
53.33 1803.09 -2.00
53.34 1803.51 -2.00
53.35 1803.92 -2.00
53.36 1804.34 -2.00
53.37 1804.75 -2.00
53.38 1805.17 -2.00
53.39 1805.58 -2.00
53.40 1806.00 -2.00
53.41 1806.41 -2.00
53.42 1806.83 -2.00
53.43 1807.25 -2.00
53.44 1807.66 -2.00
53.45 1808.08 -2.00
53.46 1808.49 -2.00
53.47 1808.91 -2.00
53.48 1809.32 -2.00
53.49 1809.74 -2.00
53.50 1810.15 -2.00
53.51 1810.57 -2.00
53.52 1810.99 -2.00
53.53 1811.40 -2.00
53.54 1811.82 -2.00
53.55 1812.23 -2.00
53.56 1812.65 -2.00
53.57 1813.06 -2.00
53.58 1813.48 -2.00
53.59 1813.89 -2.00
53.60 1814.31 -2.00
53.61 1814.72 -2.00
53.62 1815.14 -2.00
53.63 1815.56 -2.00
53.64 1815.97 -2.00
53.65 1816.39 -2.00
53.66 1816.80 -2.00
53.67 1817.22 -2.00
53.68 1817.63 -2.00
53.69 1818.05 -2.00
53.70 1818.46 -2.00
53.71 1818.88 -2.00
53.72 1819.29 -2.00
53.73 1819.71 -2.00
53.74 1820.13 -2.00
53.75 1820.54 -2.00
53.76 1820.96 -2.00
53.77 1821.37 -2.00
53.78 1821.79 -2.00
53.79 1822.20 -2.00
53.80 1822.62 -2.00
53.81 1823.03 -2.00
53.82 1823.45 -2.00
53.83 1823.87 -2.00
53.84 1824.28 -2.00
53.85 1824.70 -2.00
53.86 1825.11 -2.00
53.87 1825.53 -2.00
53.88 1825.94 -2.00
53.89 1826.36 -2.00
53.90 1826.77 -2.00
53.91 1827.19 -2.00
53.92 1827.60 -2.00
53.93 1828.02 -2.00
53.94 1828.44 -2.00
53.95 1828.85 -2.00
53.96 1829.27 -2.00
53.97 1829.68 -2.00
53.98 1830.10 -2.00
53.99 1830.51 -2.00
54.00 1830.93 -2.00
54.01 1831.34 -2.00
54.02 1831.76 -2.00
54.03 1832.18 -2.00
54.04 1832.59 -2.00
54.05 1833.01 -2.00
54.06 1833.42 -2.00
54.07 1833.84 -2.00
54.08 1834.25 -2.00
54.09 1834.67 -2.00
54.10 1835.08 -2.00
54.11 1835.50 -2.00
54.12 1835.91 -2.00
54.13 1836.33 -2.00
54.14 1836.75 -2.00
54.15 1837.16 -2.00
54.16 1837.58 -2.00
54.17 1837.99 -2.00
54.18 1838.41 -2.00
54.19 1838.82 -2.00
54.20 1839.24 -2.00
54.21 1839.65 -2.00
54.22 1840.07 -2.00
54.23 1840.49 -2.00
54.24 1840.90 -2.00
54.25 1841.32 -2.00
54.26 1841.73 -2.00
54.27 1842.15 -2.00
54.28 1842.56 -2.00
54.29 1842.98 -2.00
54.30 1843.39 -2.00
54.31 1843.81 -2.00
54.32 1844.22 -2.00
54.33 1844.64 -2.00
54.34 1845.06 -2.00
54.35 1845.47 -2.00
54.36 1845.89 -2.00
54.37 1846.30 -2.00
54.38 1846.72 -2.00
54.39 1847.13 -2.00
54.40 1847.55 -2.00
54.41 1847.96 -2.00
54.42 1848.38 -2.00
54.43 1848.80 -2.00
54.44 1849.21 -2.00
54.45 1849.63 -2.00
54.46 1850.04 -2.00
54.47 1850.46 -2.00
54.48 1850.87 -2.00
54.49 1851.29 -2.00
54.50 1851.70 -2.00
54.51 1852.12 -2.00
54.52 1852.53 -2.00
54.53 1852.95 -2.00
54.54 1853.37 -2.00
54.55 1853.78 -2.00
54.56 1854.20 -2.00
54.57 1854.61 -2.00
54.58 1855.03 -2.00
54.59 1855.44 -2.00
54.60 1855.86 -2.00
54.61 1856.27 -2.00
54.62 1856.69 -2.00
54.63 1857.11 -2.00
54.64 1857.52 -2.00
54.65 1857.94 -2.00
54.66 1858.35 -2.00
54.67 1858.77 -2.00
54.68 1859.18 -2.00
54.69 1859.60 -2.00
54.70 1860.01 -2.00
54.71 1860.43 -2.00
54.72 1860.84 -2.00
54.73 1861.26 -2.00
54.74 1861.68 -2.00
54.75 1862.09 -2.00
54.76 1862.51 -2.00
54.77 1862.92 -2.00
54.78 1863.34 -2.00
54.79 1863.75 -2.00
54.80 1864.17 -2.00
54.81 1864.58 -2.00
54.82 1865.00 -2.00
54.83 1865.42 -2.00
54.84 1865.83 -2.00
54.85 1866.25 -2.00
54.86 1866.66 -2.00
54.87 1867.08 -2.00
54.88 1867.49 -2.00
54.89 1867.91 -2.00
54.90 1868.32 -2.00
54.91 1868.74 -2.00
54.92 1869.15 -2.00
54.93 1869.57 -2.00
54.94 1869.99 -2.00
54.95 1870.40 -2.00
54.96 1870.82 -2.00
54.97 1871.23 -2.00
54.98 1871.65 -2.00
54.99 1872.06 -2.00
55.00 1872.48 -2.00
55.01 1872.89 -2.00
55.02 1873.31 -2.00
55.03 1873.73 -2.00
55.04 1874.14 -2.00
55.05 1874.56 -2.00
55.06 1874.97 -2.00
55.07 1875.39 -2.00
55.08 1875.80 -2.00
55.09 1876.22 -2.00
55.10 1876.63 -2.00
55.11 1877.05 -2.00
55.12 1877.46 -2.00
55.13 1877.88 -2.00
55.14 1878.30 -2.00
55.15 1878.71 -2.00
55.16 1879.13 -2.00
55.17 1879.54 -2.00
55.18 1879.96 -2.00
55.19 1880.37 -2.00
55.20 1880.79 -2.00
55.21 1881.20 -2.00
55.22 1881.62 -2.00
55.23 1882.04 -2.00
55.24 1882.45 -2.00
55.25 1882.87 -2.00
55.26 1883.28 -2.00
55.27 1883.70 -2.00
55.28 1884.11 -2.00
55.29 1884.53 -2.00
55.30 1884.94 -2.00
55.31 1885.36 -2.00
55.32 1885.77 -2.00
55.33 1886.19 -2.00
55.34 1886.61 -2.00
55.35 1887.02 -2.00
55.36 1887.44 -2.00
55.37 1887.85 -2.00
55.38 1888.27 -2.00
55.39 1888.68 -2.00
55.40 1889.10 -2.00
55.41 1889.51 -2.00
55.42 1889.93 -2.00
55.43 1890.35 -2.00
55.44 1890.76 -2.00
55.45 1891.18 -2.00
55.46 1891.59 -2.00
55.47 1892.01 -2.00
55.48 1892.42 -2.00
55.49 1892.84 -2.00
55.50 1893.25 -2.00
55.51 1893.67 -2.00
55.52 1894.08 -2.00
55.53 1894.50 -2.00
55.54 1894.92 -2.00
55.55 1895.33 -2.00
55.56 1895.75 -2.00
55.57 1896.16 -2.00
55.58 1896.58 -2.00
55.59 1896.99 -2.00
55.60 1897.41 -2.00
55.61 1897.82 -2.00
55.62 1898.24 -2.00
55.63 1898.66 -2.00
55.64 1899.07 -2.00
55.65 1899.49 -2.00
55.66 1899.90 -2.00
55.67 1900.32 -2.00
55.68 1900.73 -2.00
55.69 1901.15 -2.00
55.70 1901.56 -2.00
55.71 1901.98 -2.00
55.72 1902.39 -2.00
55.73 1902.81 -2.00
55.74 1903.23 -2.00
55.75 1903.64 -2.00
55.76 1904.06 -2.00
55.77 1904.47 -2.00
55.78 1904.89 -2.00
55.79 1905.30 -2.00
55.80 1905.72 -2.00
55.81 1906.13 -2.00
55.82 1906.55 -2.00
55.83 1906.96 -2.00
55.84 1907.38 -2.00
55.85 1907.80 -2.00
55.86 1908.21 -2.00
55.87 1908.63 -2.00
55.88 1909.04 -2.00
55.89 1909.46 -2.00
55.90 1909.87 -2.00
55.91 1910.29 -2.00
55.92 1910.70 -2.00
55.93 1911.12 -2.00
55.94 1911.54 -2.00
55.95 1911.95 -2.00
55.96 1912.37 -2.00
55.97 1912.78 -2.00
55.98 1913.20 -2.00
55.99 1913.61 -2.00
56.00 1914.03 -2.00
56.01 1914.44 -2.00
56.02 1914.86 -2.00
56.03 1915.27 -2.00
56.04 1915.69 -2.00
56.05 1916.11 -2.00
56.06 1916.52 -2.00
56.07 1916.94 -2.00
56.08 1917.35 -2.00
56.09 1917.77 -2.00
56.10 1918.18 -2.00
56.11 1918.60 -2.00
56.12 1919.01 -2.00
56.13 1919.43 -2.00
56.14 1919.85 -2.00
56.15 1920.26 -2.00
56.16 1920.68 -2.00
56.17 1921.09 -2.00
56.18 1921.51 -2.00
56.19 1921.92 -2.00
56.20 1922.34 -2.00
56.21 1922.75 -2.00
56.22 1923.17 -2.00
56.23 1923.58 -2.00
56.24 1924.00 -2.00
56.25 1924.42 -2.00
56.26 1924.83 -2.00
56.27 1925.25 -2.00
56.28 1925.66 -2.00
56.29 1926.08 -2.00
56.30 1926.49 -2.00
56.31 1926.91 -2.00
56.32 1927.32 -2.00
56.33 1927.74 -2.00
56.34 1928.16 -2.00
56.35 1928.57 -2.00
56.36 1928.99 -2.00
56.37 1929.40 -2.00
56.38 1929.82 -2.00
56.39 1930.23 -2.00
56.40 1930.65 -2.00
56.41 1931.06 -2.00
56.42 1931.48 -2.00
56.43 1931.89 -2.00
56.44 1932.31 -2.00
56.45 1932.73 -2.00
56.46 1933.14 -2.00
56.47 1933.56 -2.00
56.48 1933.97 -2.00
56.49 1934.39 -2.00
56.50 1934.80 -2.00
56.51 1935.22 -2.00
56.52 1935.63 -2.00
56.53 1936.05 -2.00
56.54 1936.47 -2.00
56.55 1936.88 -2.00
56.56 1937.30 -2.00
56.57 1937.71 -2.00
56.58 1938.13 -2.00
56.59 1938.54 -2.00
56.60 1938.96 -2.00
56.61 1939.37 -2.00
56.62 1939.79 -2.00
56.63 1940.20 -2.00
56.64 1940.62 -2.00
56.65 1941.04 -2.00
56.66 1941.45 -2.00
56.67 1941.87 -2.00
56.68 1942.28 -2.00
56.69 1942.70 -2.00
56.70 1943.11 -2.00
56.71 1943.53 -2.00
56.72 1943.94 -2.00
56.73 1944.36 -2.00
56.74 1944.78 -2.00
56.75 1945.19 -2.00
56.76 1945.61 -2.00
56.77 1946.02 -2.00
56.78 1946.44 -2.00
56.79 1946.85 -2.00
56.80 1947.27 -2.00
56.81 1947.68 -2.00
56.82 1948.10 -2.00
56.83 1948.51 -2.00
56.84 1948.93 -2.00
56.85 1949.35 -2.00
56.86 1949.76 -2.00
56.87 1950.18 -2.00
56.88 1950.59 -2.00
56.89 1951.01 -2.00
56.90 1951.42 -2.00
56.91 1951.84 -2.00
56.92 1952.25 -2.00
56.93 1952.67 -2.00
56.94 1953.09 -2.00
56.95 1953.50 -2.00
56.96 1953.92 -2.00
56.97 1954.33 -2.00
56.98 1954.75 -2.00
56.99 1955.16 -2.00
57.00 1955.58 -2.00
57.01 1955.99 -2.00
57.02 1956.41 -2.00
57.03 1956.82 -2.00
57.04 1957.24 -2.00
57.05 1957.66 -2.00
57.06 1958.07 -2.00
57.07 1958.49 -2.00
57.08 1958.90 -2.00
57.09 1959.32 -2.00
57.10 1959.73 -2.00
57.11 1960.15 -2.00
57.12 1960.56 -2.00
57.13 1960.98 -2.00
57.14 1961.40 -2.00
57.15 1961.81 -2.00
57.16 1962.23 -2.00
57.17 1962.64 -2.00
57.18 1963.06 -2.00
57.19 1963.47 -2.00
57.20 1963.89 -2.00
57.21 1964.30 -2.00
57.22 1964.72 -2.00
57.23 1965.13 -2.00
57.24 1965.55 -2.00
57.25 1965.97 -2.00
57.26 1966.38 -2.00
57.27 1966.80 -2.00
57.28 1967.21 -2.00
57.29 1967.63 -2.00
57.30 1968.04 -2.00
57.31 1968.46 -2.00
57.32 1968.87 -2.00
57.33 1969.29 -2.00
57.34 1969.71 -2.00
57.35 1970.12 -2.00
57.36 1970.54 -2.00
57.37 1970.95 -2.00
57.38 1971.37 -2.00
57.39 1971.78 -2.00
57.40 1972.20 -2.00
57.41 1972.61 -2.00
57.42 1973.03 -2.00
57.43 1973.44 -2.00
57.44 1973.86 -2.00
57.45 1974.28 -2.00
57.46 1974.69 -2.00
57.47 1975.11 -2.00
57.48 1975.52 -2.00
57.49 1975.94 -2.00
57.50 1976.35 -2.00
57.51 1976.77 -2.00
57.52 1977.18 -2.00
57.53 1977.60 -2.00
57.54 1978.02 -2.00
57.55 1978.43 -2.00
57.56 1978.85 -2.00
57.57 1979.26 -2.00
57.58 1979.68 -2.00
57.59 1980.09 -2.00
57.60 1980.51 -2.00
57.61 1980.92 -2.00
57.62 1981.34 -2.00
57.63 1981.75 -2.00
57.64 1982.17 -2.00
57.65 1982.59 -2.00
57.66 1983.00 -2.00
57.67 1983.42 -2.00
57.68 1983.83 -2.00
57.69 1984.25 -2.00
57.70 1984.66 -2.00
57.71 1985.08 -2.00
57.72 1985.49 -2.00
57.73 1985.91 -2.00
57.74 1986.33 -2.00
57.75 1986.74 -2.00
57.76 1987.16 -2.00
57.77 1987.57 -2.00
57.78 1987.99 -2.01
57.79 1988.40 -2.01
57.80 1988.82 -2.01
57.81 1989.23 -2.01
57.82 1989.65 -2.01
57.83 1990.06 -2.01
57.84 1990.48 -2.01
57.85 1990.90 -2.01
57.86 1991.31 -2.02
57.87 1991.73 -2.02
57.88 1992.14 -2.02
57.89 1992.56 -2.02
57.90 1992.97 -2.02
57.91 1993.39 -2.03
57.92 1993.80 -2.03
57.93 1994.22 -2.03
57.94 1994.64 -2.03
57.95 1995.05 -2.04
57.96 1995.47 -2.04
57.97 1995.88 -2.04
57.98 1996.30 -2.04
57.99 1996.71 -2.05
58.00 1997.13 -2.05
58.01 1997.54 -2.05
58.02 1997.96 -2.06
58.03 1998.37 -2.06
58.04 1998.79 -2.06
58.05 1999.21 -2.07
58.06 1999.62 -2.07

# vehicle f_1.0
0.85 1994.90 10.00
0.86 1994.61 10.00
0.87 1994.33 10.00
0.88 1994.04 10.00
0.89 1993.75 10.00
0.90 1993.47 10.00
0.91 1993.18 10.00
0.92 1992.89 10.00
0.93 1992.61 10.00
0.94 1992.32 10.00
0.95 1992.03 10.00
0.96 1991.75 10.00
0.97 1991.46 10.00
0.98 1991.17 10.00
0.99 1990.89 10.00
1.00 1990.60 10.00
1.01 1990.31 10.00
1.02 1990.03 10.00
1.03 1989.74 10.00
1.04 1989.45 10.00
1.05 1989.17 10.00
1.06 1988.88 10.00
1.07 1988.59 10.00
1.08 1988.31 10.00
1.09 1988.02 10.00
1.10 1987.73 10.00
1.11 1987.45 10.00
1.12 1987.16 10.00
1.13 1986.87 10.00
1.14 1986.59 10.00
1.15 1986.30 10.00
1.16 1986.01 10.00
1.17 1985.73 10.00
1.18 1985.44 10.00
1.19 1985.15 10.00
1.20 1984.87 10.00
1.21 1984.58 10.00
1.22 1984.29 10.00
1.23 1984.01 10.00
1.24 1983.72 10.00
1.25 1983.43 10.00
1.26 1983.15 10.00
1.27 1982.86 10.00
1.28 1982.57 10.00
1.29 1982.29 10.00
1.30 1982.00 10.00
1.31 1981.71 10.00
1.32 1981.43 10.00
1.33 1981.14 10.00
1.34 1980.85 10.00
1.35 1980.57 10.00
1.36 1980.28 10.00
1.37 1979.99 10.00
1.38 1979.71 10.00
1.39 1979.42 10.00
1.40 1979.13 10.00
1.41 1978.85 10.00
1.42 1978.56 10.00
1.43 1978.27 10.00
1.44 1977.99 10.00
1.45 1977.70 10.00
1.46 1977.41 9.99
1.47 1977.13 9.99
1.48 1976.84 9.99
1.49 1976.55 9.99
1.50 1976.27 9.99
1.51 1975.98 9.99
1.52 1975.69 9.99
1.53 1975.41 9.98
1.54 1975.12 9.98
1.55 1974.83 9.98
1.56 1974.55 9.98
1.57 1974.26 9.98
1.58 1973.97 9.97
1.59 1973.69 9.97
1.60 1973.40 9.97
1.61 1973.11 9.97
1.62 1972.83 9.96
1.63 1972.54 9.96
1.64 1972.25 9.96
1.65 1971.97 9.96
1.66 1971.68 9.95
1.67 1971.39 9.95
1.68 1971.11 9.95
1.69 1970.82 9.94
1.70 1970.53 9.94
1.71 1970.25 9.94
1.72 1969.96 9.93
1.73 1969.67 9.93
1.74 1969.39 9.93
1.75 1969.10 9.92
1.76 1968.81 9.92
1.77 1968.53 9.91
1.78 1968.24 9.91
1.79 1967.95 9.91
1.80 1967.67 9.90
1.81 1967.38 9.90
1.82 1967.09 9.89
1.83 1966.81 9.89
1.84 1966.52 9.88
1.85 1966.23 9.88
1.86 1965.95 9.87
1.87 1965.66 9.87
1.88 1965.37 9.86
1.89 1965.09 9.86
1.90 1964.80 9.85
1.91 1964.52 9.85
1.92 1964.23 9.84
1.93 1963.94 9.83
1.94 1963.66 9.83
1.95 1963.37 9.82
1.96 1963.08 9.82
1.97 1962.80 9.81
1.98 1962.51 9.80
1.99 1962.22 9.80
2.00 1961.94 9.79
2.01 1961.65 9.79
2.02 1961.36 9.78
2.03 1961.08 9.77
2.04 1960.79 9.77
2.05 1960.50 9.76
2.06 1960.22 9.75
2.07 1959.93 9.74
2.08 1959.64 9.74
2.09 1959.36 9.73
2.10 1959.07 9.72
2.11 1958.78 9.71
2.12 1958.50 9.71
2.13 1958.21 9.70
2.14 1957.92 9.69
2.15 1957.64 9.68
2.16 1957.35 9.68
2.17 1957.06 9.67
2.18 1956.78 9.66
2.19 1956.49 9.65
2.20 1956.20 9.64
2.21 1955.92 9.63
2.22 1955.63 9.63
2.23 1955.34 9.62
2.24 1955.06 9.61
2.25 1954.77 9.60
2.26 1954.48 9.59
2.27 1954.20 9.58
2.28 1953.91 9.57
2.29 1953.62 9.56
2.30 1953.34 9.55
2.31 1953.05 9.54
2.32 1952.76 9.53
2.33 1952.48 9.52
2.34 1952.19 9.51
2.35 1951.90 9.50
2.36 1951.62 9.49
2.37 1951.33 9.48
2.38 1951.04 9.47
2.39 1950.76 9.46
2.40 1950.47 9.45
2.41 1950.18 9.44
2.42 1949.90 9.43
2.43 1949.61 9.42
2.44 1949.32 9.41
2.45 1949.04 9.40
2.46 1948.75 9.39
2.47 1948.46 9.38
2.48 1948.18 9.37
2.49 1947.89 9.36
2.50 1947.60 9.34
2.51 1947.32 9.33
2.52 1947.03 9.32
2.53 1946.74 9.31
2.54 1946.46 9.30
2.55 1946.17 9.29
2.56 1945.88 9.27
2.57 1945.60 9.26
2.58 1945.31 9.25
2.59 1945.02 9.24
2.60 1944.74 9.22
2.61 1944.45 9.21
2.62 1944.16 9.20
2.63 1943.88 9.19
2.64 1943.59 9.19
2.65 1943.30 9.19
2.66 1943.02 9.19
2.67 1942.73 9.19
2.68 1942.44 9.19
2.69 1942.16 9.19
2.70 1941.87 9.19
2.71 1941.58 9.19
2.72 1941.30 9.19
2.73 1941.01 9.19
2.74 1940.72 9.19
2.75 1940.44 9.19
2.76 1940.15 9.19
2.77 1939.86 9.19
2.78 1939.58 9.19
2.79 1939.29 9.19
2.80 1939.00 9.19
2.81 1938.72 9.19
2.82 1938.43 9.19
2.83 1938.14 9.19
2.84 1937.86 9.19
2.85 1937.57 9.19
2.86 1937.28 9.19
2.87 1937.00 9.19
2.88 1936.71 9.19
2.89 1936.42 9.19
2.90 1936.14 9.19
2.91 1935.85 9.19
2.92 1935.56 9.19
2.93 1935.28 9.19
2.94 1934.99 9.19
2.95 1934.70 9.19
2.96 1934.42 9.19
2.97 1934.13 9.19
2.98 1933.84 9.19
2.99 1933.56 9.19
3.00 1933.27 9.19
3.01 1932.98 9.19
3.02 1932.70 9.19
3.03 1932.41 9.19
3.04 1932.12 9.19
3.05 1931.84 9.19
3.06 1931.55 9.19
3.07 1931.26 9.19
3.08 1930.98 9.19
3.09 1930.69 9.19
3.10 1930.40 9.19
3.11 1930.12 9.19
3.12 1929.83 9.19
3.13 1929.54 9.19
3.14 1929.26 9.19
3.15 1928.97 9.19
3.16 1928.68 9.19
3.17 1928.40 9.19
3.18 1928.11 9.19
3.19 1927.82 9.19
3.20 1927.54 9.19
3.21 1927.25 9.19
3.22 1926.96 9.19
3.23 1926.68 9.19
3.24 1926.39 9.19
3.25 1926.10 9.19
3.26 1925.82 9.19
3.27 1925.53 9.19
3.28 1925.24 9.19
3.29 1924.96 9.19
3.30 1924.67 9.19
3.31 1924.38 9.19
3.32 1924.10 9.19
3.33 1923.81 9.19
3.34 1923.52 9.19
3.35 1923.24 9.19
3.36 1922.95 9.19
3.37 1922.66 9.19
3.38 1922.38 9.19
3.39 1922.09 9.19
3.40 1921.80 9.19
3.41 1921.52 9.19
3.42 1921.23 9.19
3.43 1920.94 9.19
3.44 1920.66 9.19
3.45 1920.37 9.19
3.46 1920.08 9.19
3.47 1919.80 9.19
3.48 1919.51 9.19
3.49 1919.22 9.19
3.50 1918.94 9.19
3.51 1918.65 9.19
3.52 1918.36 9.19
3.53 1918.08 9.19
3.54 1917.79 9.19
3.55 1917.50 9.19
3.56 1917.22 9.19
3.57 1916.93 9.19
3.58 1916.64 9.19
3.59 1916.36 9.19
3.60 1916.07 9.19
3.61 1915.78 9.19
3.62 1915.50 9.19
3.63 1915.21 9.19
3.64 1914.92 9.19
3.65 1914.64 9.19
3.66 1914.35 9.19
3.67 1914.06 9.19
3.68 1913.78 9.19
3.69 1913.49 9.19
3.70 1913.20 9.19
3.71 1912.92 9.19
3.72 1912.63 9.19
3.73 1912.34 9.19
3.74 1912.06 9.19
3.75 1911.77 9.19
3.76 1911.48 9.19
3.77 1911.20 9.19
3.78 1910.91 9.19
3.79 1910.62 9.19
3.80 1910.34 9.19
3.81 1910.05 9.19
3.82 1909.76 9.19
3.83 1909.48 9.19
3.84 1909.19 9.19
3.85 1908.90 9.19
3.86 1908.62 9.19
3.87 1908.33 9.19
3.88 1908.04 9.19
3.89 1907.76 9.19
3.90 1907.47 9.19
3.91 1907.18 9.19
3.92 1906.90 9.19
3.93 1906.61 9.19
3.94 1906.32 9.19
3.95 1906.04 9.19
3.96 1905.75 9.19
3.97 1905.46 9.19
3.98 1905.18 9.19
3.99 1904.89 9.19
4.00 1904.61 9.19
4.01 1904.32 9.19
4.02 1904.03 9.19
4.03 1903.75 9.19
4.04 1903.46 9.19
4.05 1903.17 9.19
4.06 1902.89 9.19
4.07 1902.60 9.19
4.08 1902.31 9.19
4.09 1902.03 9.19
4.10 1901.74 9.19
4.11 1901.45 9.19
4.12 1901.17 9.19
4.13 1900.88 9.19
4.14 1900.59 9.19
4.15 1900.31 9.19
4.16 1900.02 9.19
4.17 1899.73 9.19
4.18 1899.45 9.19
4.19 1899.16 9.19
4.20 1898.87 9.19
4.21 1898.59 9.19
4.22 1898.30 9.19
4.23 1898.01 9.19
4.24 1897.73 9.19
4.25 1897.44 9.19
4.26 1897.15 9.19
4.27 1896.87 9.19
4.28 1896.58 9.19
4.29 1896.29 9.19
4.30 1896.01 9.19
4.31 1895.72 9.19
4.32 1895.43 9.19
4.33 1895.15 9.19
4.34 1894.86 9.19
4.35 1894.57 9.19
4.36 1894.29 9.19
4.37 1894.00 9.19
4.38 1893.71 9.19
4.39 1893.43 9.19
4.40 1893.14 9.19
4.41 1892.85 9.19
4.42 1892.57 9.19
4.43 1892.28 9.19
4.44 1891.99 9.19
4.45 1891.71 9.19
4.46 1891.42 9.19
4.47 1891.13 9.19
4.48 1890.85 9.19
4.49 1890.56 9.19
4.50 1890.27 9.19
4.51 1889.99 9.19
4.52 1889.70 9.19
4.53 1889.41 9.19
4.54 1889.13 9.19
4.55 1888.84 9.19
4.56 1888.55 9.19
4.57 1888.27 9.19
4.58 1887.98 9.19
4.59 1887.69 9.19
4.60 1887.41 9.19
4.61 1887.12 9.19
4.62 1886.83 9.19
4.63 1886.55 9.19
4.64 1886.26 9.19
4.65 1885.97 9.19
4.66 1885.69 9.19
4.67 1885.40 9.19
4.68 1885.11 9.19
4.69 1884.83 9.19
4.70 1884.54 9.19
4.71 1884.25 9.19
4.72 1883.97 9.19
4.73 1883.68 9.19
4.74 1883.39 9.19
4.75 1883.11 9.19
4.76 1882.82 9.19
4.77 1882.53 9.19
4.78 1882.25 9.19
4.79 1881.96 9.19
4.80 1881.67 9.19
4.81 1881.39 9.19
4.82 1881.10 9.19
4.83 1880.81 9.19
4.84 1880.53 9.19
4.85 1880.24 9.19
4.86 1879.95 9.19
4.87 1879.67 9.19
4.88 1879.38 9.19
4.89 1879.09 9.19
4.90 1878.81 9.19
4.91 1878.52 9.19
4.92 1878.23 9.19
4.93 1877.95 9.19
4.94 1877.66 9.19
4.95 1877.37 9.19
4.96 1877.09 9.19
4.97 1876.80 9.19
4.98 1876.51 9.19
4.99 1876.23 9.19
5.00 1875.94 9.19
5.01 1875.65 9.19
5.02 1875.37 9.19
5.03 1875.08 9.19
5.04 1874.79 9.19
5.05 1874.51 9.19
5.06 1874.22 9.19
5.07 1873.93 9.19
5.08 1873.65 9.19
5.09 1873.36 9.19
5.10 1873.07 9.19
5.11 1872.79 9.19
5.12 1872.50 9.19
5.13 1872.21 9.19
5.14 1871.93 9.19
5.15 1871.64 9.19
5.16 1871.35 9.19
5.17 1871.07 9.19
5.18 1870.78 9.19
5.19 1870.49 9.19
5.20 1870.21 9.19
5.21 1869.92 9.19
5.22 1869.63 9.19
5.23 1869.35 9.19
5.24 1869.06 9.19
5.25 1868.77 9.19
5.26 1868.49 9.19
5.27 1868.20 9.19
5.28 1867.91 9.19
5.29 1867.63 9.19
5.30 1867.34 9.19
5.31 1867.05 9.19
5.32 1866.77 9.19
5.33 1866.48 9.19
5.34 1866.19 9.19
5.35 1865.91 9.19
5.36 1865.62 9.19
5.37 1865.33 9.19
5.38 1865.05 9.19
5.39 1864.76 9.19
5.40 1864.47 9.19
5.41 1864.19 9.19
5.42 1863.90 9.19
5.43 1863.61 9.19
5.44 1863.33 9.19
5.45 1863.04 9.19
5.46 1862.75 9.19
5.47 1862.47 9.19
5.48 1862.18 9.19
5.49 1861.89 9.19
5.50 1861.61 9.19
5.51 1861.32 9.19
5.52 1861.03 9.19
5.53 1860.75 9.19
5.54 1860.46 9.19
5.55 1860.17 9.19
5.56 1859.89 9.19
5.57 1859.60 9.19
5.58 1859.31 9.19
5.59 1859.03 9.19
5.60 1858.74 9.19
5.61 1858.45 9.19
5.62 1858.17 9.19
5.63 1857.88 9.19
5.64 1857.59 9.19
5.65 1857.31 9.19
5.66 1857.02 9.19
5.67 1856.73 9.19
5.68 1856.45 9.19
5.69 1856.16 9.19
5.70 1855.87 9.19
5.71 1855.59 9.19
5.72 1855.30 9.19
5.73 1855.01 9.19
5.74 1854.73 9.19
5.75 1854.44 9.19
5.76 1854.15 9.19
5.77 1853.87 9.19
5.78 1853.58 9.19
5.79 1853.29 9.19
5.80 1853.01 9.19
5.81 1852.72 9.19
5.82 1852.43 9.19
5.83 1852.15 9.19
5.84 1851.86 9.19
5.85 1851.57 9.19
5.86 1851.29 9.19
5.87 1851.00 9.19
5.88 1850.71 9.19
5.89 1850.43 9.19
5.90 1850.14 9.19
5.91 1849.85 9.19
5.92 1849.57 9.19
5.93 1849.28 9.19
5.94 1848.99 9.19
5.95 1848.71 9.19
5.96 1848.42 9.19
5.97 1848.13 9.19
5.98 1847.85 9.19
5.99 1847.56 9.19
6.00 1847.27 9.19
6.01 1846.99 9.19
6.02 1846.70 9.19
6.03 1846.41 9.19
6.04 1846.13 9.19
6.05 1845.84 9.19
6.06 1845.56 9.19
6.07 1845.27 9.19
6.08 1844.98 9.19
6.09 1844.70 9.19
6.10 1844.41 9.19
6.11 1844.12 9.19
6.12 1843.84 9.19
6.13 1843.55 9.19
6.14 1843.26 9.19
6.15 1842.98 9.19
6.16 1842.69 9.19
6.17 1842.40 9.19
6.18 1842.12 9.19
6.19 1841.83 9.19
6.20 1841.54 9.19
6.21 1841.26 9.19
6.22 1840.97 9.19
6.23 1840.68 9.19
6.24 1840.40 9.19
6.25 1840.11 9.19
6.26 1839.82 9.19
6.27 1839.54 9.19
6.28 1839.25 9.19
6.29 1838.96 9.19
6.30 1838.68 9.19
6.31 1838.39 9.19
6.32 1838.10 9.19
6.33 1837.82 9.19
6.34 1837.53 9.19
6.35 1837.24 9.19
6.36 1836.96 9.19
6.37 1836.67 9.19
6.38 1836.38 9.19
6.39 1836.10 9.19
6.40 1835.81 9.19
6.41 1835.52 9.19
6.42 1835.24 9.19
6.43 1834.95 9.19
6.44 1834.66 9.19
6.45 1834.38 9.19
6.46 1834.09 9.19
6.47 1833.80 9.19
6.48 1833.52 9.19
6.49 1833.23 9.19
6.50 1832.94 9.19
6.51 1832.66 9.19
6.52 1832.37 9.19
6.53 1832.08 9.19
6.54 1831.80 9.19
6.55 1831.51 9.19
6.56 1831.22 9.19
6.57 1830.94 9.19
6.58 1830.65 9.19
6.59 1830.36 9.19
6.60 1830.08 9.19
6.61 1829.79 9.19
6.62 1829.50 9.19
6.63 1829.22 9.19
6.64 1828.93 9.19
6.65 1828.64 9.19
6.66 1828.36 9.19
6.67 1828.07 9.19
6.68 1827.78 9.19
6.69 1827.50 9.19
6.70 1827.21 9.19
6.71 1826.92 9.19
6.72 1826.64 9.19
6.73 1826.35 9.19
6.74 1826.06 9.19
6.75 1825.78 9.19
6.76 1825.49 9.19
6.77 1825.20 9.19
6.78 1824.92 9.19
6.79 1824.63 9.19
6.80 1824.34 9.19
6.81 1824.06 9.19
6.82 1823.77 9.19
6.83 1823.48 9.19
6.84 1823.20 9.19
6.85 1822.91 9.19
6.86 1822.62 9.19
6.87 1822.34 9.19
6.88 1822.05 9.19
6.89 1821.76 9.19
6.90 1821.48 9.19
6.91 1821.19 9.19
6.92 1820.90 9.19
6.93 1820.62 9.19
6.94 1820.33 9.19
6.95 1820.04 9.19
6.96 1819.76 9.19
6.97 1819.47 9.19
6.98 1819.18 9.19
6.99 1818.90 9.19
7.00 1818.61 9.19
7.01 1818.32 9.19
7.02 1818.04 9.19
7.03 1817.75 9.19
7.04 1817.46 9.19
7.05 1817.18 9.19
7.06 1816.89 9.19
7.07 1816.60 9.19
7.08 1816.32 9.19
7.09 1816.03 9.19
7.10 1815.74 9.19
7.11 1815.46 9.19
7.12 1815.17 9.19
7.13 1814.88 9.19
7.14 1814.60 9.19
7.15 1814.31 9.19
7.16 1814.02 9.18
7.17 1813.74 9.18
7.18 1813.45 9.18
7.19 1813.16 9.18
7.20 1812.88 9.18
7.21 1812.59 9.18
7.22 1812.30 9.18
7.23 1812.02 9.18
7.24 1811.73 9.18
7.25 1811.44 9.17
7.26 1811.16 9.17
7.27 1810.87 9.17
7.28 1810.58 9.17
7.29 1810.30 9.17
7.30 1810.01 9.16
7.31 1809.72 9.16
7.32 1809.44 9.16
7.33 1809.15 9.16
7.34 1808.86 9.15
7.35 1808.58 9.15
7.36 1808.29 9.15
7.37 1808.00 9.15
7.38 1807.72 9.14
7.39 1807.43 9.14
7.40 1807.14 9.14
7.41 1806.86 9.13
7.42 1806.57 9.13
7.43 1806.28 9.13
7.44 1806.00 9.12
7.45 1805.71 9.12
7.46 1805.42 9.12
7.47 1805.14 9.11
7.48 1804.85 9.11
7.49 1804.56 9.11
7.50 1804.28 9.10
7.51 1803.99 9.10
7.52 1803.70 9.09
7.53 1803.42 9.09
7.54 1803.13 9.08
7.55 1802.84 9.08
7.56 1802.56 9.07
7.57 1802.27 9.07
7.58 1801.98 9.06
7.59 1801.70 9.06
7.60 1801.41 9.05
7.61 1801.12 9.05
7.62 1800.84 9.04
7.63 1800.55 9.04
7.64 1800.26 9.03
7.65 1799.98 9.03
7.66 1799.69 9.02
7.67 1799.40 9.02
7.68 1799.12 9.01
7.69 1798.83 9.00
7.70 1798.54 9.00
7.71 1798.26 8.99
7.72 1797.97 8.99
7.73 1797.68 8.98
7.74 1797.40 8.97
7.75 1797.11 8.97
7.76 1796.82 8.96
7.77 1796.54 8.95
7.78 1796.25 8.95
7.79 1795.96 8.94
7.80 1795.68 8.93
7.81 1795.39 8.92
7.82 1795.10 8.92
7.83 1794.82 8.91
7.84 1794.53 8.90
7.85 1794.24 8.89
7.86 1793.96 8.89
7.87 1793.67 8.88
7.88 1793.38 8.87
7.89 1793.10 8.86
7.90 1792.81 8.86
7.91 1792.52 8.85
7.92 1792.24 8.84
7.93 1791.95 8.83
7.94 1791.66 8.82
7.95 1791.38 8.81
7.96 1791.09 8.80
7.97 1790.80 8.80
7.98 1790.52 8.79
7.99 1790.23 8.78
8.00 1789.94 8.77
8.01 1789.66 8.76
8.02 1789.37 8.75
8.03 1789.08 8.74
8.04 1788.80 8.73
8.05 1788.51 8.72
8.06 1788.22 8.71
8.07 1787.94 8.70
8.08 1787.65 8.69
8.09 1787.36 8.68
8.10 1787.08 8.67
8.11 1786.79 8.66
8.12 1786.50 8.65
8.13 1786.22 8.64
8.14 1785.93 8.63
8.15 1785.65 8.62
8.16 1785.36 8.61
8.17 1785.07 8.60
8.18 1784.79 8.59
8.19 1784.50 8.58
8.20 1784.21 8.57
8.21 1783.93 8.55
8.22 1783.64 8.54
8.23 1783.35 8.53
8.24 1783.07 8.52
8.25 1782.78 8.51
8.26 1782.49 8.50
8.27 1782.21 8.49
8.28 1781.92 8.47
8.29 1781.63 8.46
8.30 1781.35 8.45
8.31 1781.06 8.44
8.32 1780.77 8.42
8.33 1780.49 8.41
8.34 1780.20 8.40
8.35 1779.91 8.39
8.36 1779.63 8.37
8.37 1779.34 8.36
8.38 1779.05 8.35
8.39 1778.77 8.34
8.40 1778.48 8.32
8.41 1778.19 8.31
8.42 1777.91 8.30
8.43 1777.62 8.28
8.44 1777.33 8.27
8.45 1777.05 8.26
8.46 1776.76 8.24
8.47 1776.47 8.23
8.48 1776.19 8.21
8.49 1775.90 8.20
8.50 1775.61 8.19
8.51 1775.33 8.17
8.52 1775.04 8.16
8.53 1774.75 8.14
8.54 1774.47 8.13
8.55 1774.18 8.11
8.56 1773.89 8.10
8.57 1773.61 8.08
8.58 1773.32 8.07
8.59 1773.03 8.05
8.60 1772.75 8.04
8.61 1772.46 8.02
8.62 1772.17 8.01
8.63 1771.89 7.99
8.64 1771.60 7.98
8.65 1771.31 7.96
8.66 1771.02 7.95
8.67 1770.74 7.93
8.68 1770.45 7.92
8.69 1770.16 7.90
8.70 1769.87 7.88
8.71 1769.59 7.87
8.72 1769.30 7.85
8.73 1769.01 7.83
8.74 1768.72 7.82
8.75 1768.43 7.80
8.76 1768.14 7.78
8.77 1767.85 7.77
8.78 1767.56 7.75
8.79 1767.27 7.73
8.80 1766.98 7.72
8.81 1766.69 7.70
8.82 1766.40 7.68
8.83 1766.11 7.66
8.84 1765.82 7.65
8.85 1765.53 7.63
8.86 1765.24 7.61
8.87 1764.95 7.59
8.88 1764.66 7.58
8.89 1764.37 7.56
8.90 1764.08 7.54
8.91 1763.79 7.52
8.92 1763.49 7.50
8.93 1763.20 7.49
8.94 1762.91 7.47
8.95 1762.62 7.45
8.96 1762.32 7.43
8.97 1762.03 7.41
8.98 1761.74 7.39
8.99 1761.45 7.37
9.00 1761.15 7.35
9.01 1760.86 7.33
9.02 1760.57 7.32
9.03 1760.27 7.30
9.04 1759.98 7.28
9.05 1759.68 7.26
9.06 1759.39 7.24
9.07 1759.09 7.22
9.08 1758.80 7.20
9.09 1758.51 7.18
9.10 1758.21 7.16
9.11 1757.91 7.14
9.12 1757.62 7.12
9.13 1757.32 7.10
9.14 1757.03 7.08
9.15 1756.73 7.06
9.16 1756.44 7.03
9.17 1756.14 7.01
9.18 1755.84 6.99
9.19 1755.55 6.97
9.20 1755.25 6.95
9.21 1754.95 6.93
9.22 1754.66 6.91
9.23 1754.36 6.89
9.24 1754.06 6.87
9.25 1753.76 6.84
9.26 1753.47 6.82
9.27 1753.17 6.80
9.28 1752.87 6.78
9.29 1752.57 6.76
9.30 1752.27 6.73
9.31 1751.97 6.71
9.32 1751.68 6.69
9.33 1751.38 6.67
9.34 1751.08 6.64
9.35 1750.78 6.62
9.36 1750.48 6.60
9.37 1750.18 6.58
9.38 1749.88 6.55
9.39 1749.58 6.53
9.40 1749.28 6.51
9.41 1748.98 6.48
9.42 1748.68 6.46
9.43 1748.38 6.44
9.44 1748.08 6.41
9.45 1747.78 6.39
9.46 1747.48 6.37
9.47 1747.17 6.34
9.48 1746.87 6.32
9.49 1746.57 6.30
9.50 1746.27 6.27
9.51 1745.97 6.25
9.52 1745.66 6.22
9.53 1745.36 6.20
9.54 1745.06 6.17
9.55 1744.76 6.15
9.56 1744.45 6.12
9.57 1744.15 6.10
9.58 1743.85 6.07
9.59 1743.55 6.05
9.60 1743.24 6.02
9.61 1742.94 6.00
9.62 1742.63 5.97
9.63 1742.33 5.95
9.64 1742.03 5.92
9.65 1741.72 5.90
9.66 1741.42 5.87
9.67 1741.11 5.85
9.68 1740.81 5.82
9.69 1740.50 5.79
9.70 1740.20 5.77
9.71 1739.89 5.74
9.72 1739.59 5.72
9.73 1739.28 5.69
9.74 1738.98 5.66
9.75 1738.67 5.64
9.76 1738.36 5.61
9.77 1738.06 5.58
9.78 1737.75 5.56
9.79 1737.45 5.53
9.80 1737.14 5.50
9.81 1736.83 5.47
9.82 1736.52 5.45
9.83 1736.22 5.42
9.84 1735.91 5.39
9.85 1735.60 5.36
9.86 1735.30 5.34
9.87 1734.99 5.31
9.88 1734.68 5.28
9.89 1734.37 5.25
9.90 1734.06 5.23
9.91 1733.75 5.20
9.92 1733.45 5.17
9.93 1733.14 5.14
9.94 1732.83 5.11
9.95 1732.52 5.08
9.96 1732.21 5.05
9.97 1731.90 5.03
9.98 1731.59 5.00
9.99 1731.28 4.97
10.00 1730.97 4.94
10.01 1730.66 4.91
10.02 1730.35 4.89
10.03 1730.04 4.86
10.04 1729.73 4.83
10.05 1729.42 4.80
10.06 1729.11 4.78
10.07 1728.80 4.75
10.08 1728.49 4.72
10.09 1728.18 4.69
10.10 1727.86 4.67
10.11 1727.55 4.64
10.12 1727.24 4.61
10.13 1726.93 4.59
10.14 1726.62 4.56
10.15 1726.31 4.53
10.16 1725.99 4.51
10.17 1725.68 4.48
10.18 1725.37 4.45
10.19 1725.05 4.43
10.20 1724.74 4.40
10.21 1724.43 4.37
10.22 1724.12 4.35
10.23 1723.80 4.32
10.24 1723.49 4.30
10.25 1723.18 4.27
10.26 1722.86 4.25
10.27 1722.55 4.22
10.28 1722.23 4.20
10.29 1721.92 4.17
10.30 1721.60 4.15
10.31 1721.29 4.12
10.32 1720.98 4.10
10.33 1720.66 4.07
10.34 1720.35 4.05
10.35 1720.03 4.02
10.36 1719.71 4.00
10.37 1719.40 3.97
10.38 1719.08 3.95
10.39 1718.77 3.92
10.40 1718.45 3.90
10.41 1718.13 3.88
10.42 1717.82 3.85
10.43 1717.50 3.83
10.44 1717.18 3.80
10.45 1716.87 3.78
10.46 1716.55 3.76
10.47 1716.23 3.73
10.48 1715.91 3.71
10.49 1715.60 3.69
10.50 1715.28 3.66
10.51 1714.96 3.64
10.52 1714.64 3.62
10.53 1714.32 3.60
10.54 1714.00 3.57
10.55 1713.68 3.55
10.56 1713.36 3.53
10.57 1713.05 3.51
10.58 1712.73 3.48
10.59 1712.41 3.46
10.60 1712.09 3.44
10.61 1711.76 3.42
10.62 1711.44 3.39
10.63 1711.12 3.37
10.64 1710.80 3.35
10.65 1710.48 3.33
10.66 1710.16 3.31
10.67 1709.84 3.29
10.68 1709.52 3.27
10.69 1709.19 3.24
10.70 1708.87 3.22
10.71 1708.55 3.20
10.72 1708.23 3.18
10.73 1707.90 3.16
10.74 1707.58 3.14
10.75 1707.26 3.12
10.76 1706.93 3.10
10.77 1706.61 3.08
10.78 1706.29 3.06
10.79 1705.96 3.04
10.80 1705.64 3.02
10.81 1705.31 3.00
10.82 1704.99 2.98
10.83 1704.66 2.96
10.84 1704.34 2.94
10.85 1704.01 2.92
10.86 1703.69 2.90
10.87 1703.36 2.88
10.88 1703.04 2.86
10.89 1702.71 2.84
10.90 1702.38 2.82
10.91 1702.06 2.80
10.92 1701.73 2.78
10.93 1701.40 2.77
10.94 1701.08 2.75
10.95 1700.75 2.73
10.96 1700.42 2.71
10.97 1700.09 2.69
10.98 1699.77 2.67
10.99 1699.44 2.65
11.00 1699.11 2.64
11.01 1698.78 2.62
11.02 1698.45 2.60
11.03 1698.12 2.58
11.04 1697.80 2.57
11.05 1697.47 2.55
11.06 1697.14 2.53
11.07 1696.81 2.51
11.08 1696.48 2.50
11.09 1696.15 2.48
11.10 1695.82 2.46
11.11 1695.49 2.44
11.12 1695.16 2.43
11.13 1694.83 2.41
11.14 1694.49 2.39
11.15 1694.16 2.38
11.16 1693.83 2.36
11.17 1693.50 2.34
11.18 1693.17 2.33
11.19 1692.84 2.31
11.20 1692.50 2.30
11.21 1692.17 2.28
11.22 1691.84 2.26
11.23 1691.51 2.25
11.24 1691.17 2.23
11.25 1690.84 2.22
11.26 1690.51 2.20
11.27 1690.17 2.19
11.28 1689.84 2.17
11.29 1689.51 2.16
11.30 1689.17 2.14
11.31 1688.84 2.13
11.32 1688.50 2.11
11.33 1688.17 2.10
11.34 1687.83 2.08
11.35 1687.50 2.07
11.36 1687.16 2.05
11.37 1686.83 2.04
11.38 1686.49 2.02
11.39 1686.16 2.01
11.40 1685.82 1.99
11.41 1685.48 1.98
11.42 1685.15 1.97
11.43 1684.81 1.95
11.44 1684.47 1.94
11.45 1684.14 1.93
11.46 1683.80 1.91
11.47 1683.46 1.90
11.48 1683.13 1.89
11.49 1682.79 1.87
11.50 1682.45 1.86
11.51 1682.11 1.85
11.52 1681.77 1.83
11.53 1681.44 1.82
11.54 1681.10 1.81
11.55 1680.76 1.80
11.56 1680.42 1.78
11.57 1680.08 1.77
11.58 1679.74 1.76
11.59 1679.40 1.75
11.60 1679.06 1.73
11.61 1678.72 1.72
11.62 1678.38 1.71
11.63 1678.04 1.70
11.64 1677.70 1.69
11.65 1677.36 1.67
11.66 1677.02 1.66
11.67 1676.68 1.65
11.68 1676.34 1.64
11.69 1675.99 1.63
11.70 1675.65 1.62
11.71 1675.31 1.61
11.72 1674.97 1.60
11.73 1674.63 1.59
11.74 1674.28 1.57
11.75 1673.94 1.56
11.76 1673.60 1.55
11.77 1673.26 1.54
11.78 1672.91 1.53
11.79 1672.57 1.52
11.80 1672.23 1.51
11.81 1671.88 1.50
11.82 1671.54 1.49
11.83 1671.19 1.48
11.84 1670.85 1.47
11.85 1670.50 1.46
11.86 1670.16 1.45
11.87 1669.82 1.44
11.88 1669.47 1.44
11.89 1669.13 1.43
11.90 1668.78 1.42
11.91 1668.43 1.41
11.92 1668.09 1.40
11.93 1667.74 1.39
11.94 1667.40 1.38
11.95 1667.05 1.37
11.96 1666.70 1.36
11.97 1666.36 1.36
11.98 1666.01 1.35
11.99 1665.66 1.34
12.00 1665.32 1.33
12.01 1664.97 1.32
12.02 1664.62 1.32
12.03 1664.27 1.31
12.04 1663.93 1.30
12.05 1663.58 1.29
12.06 1663.23 1.29
12.07 1662.88 1.28
12.08 1662.53 1.27
12.09 1662.18 1.26
12.10 1661.83 1.26
12.11 1661.48 1.25
12.12 1661.14 1.24
12.13 1660.79 1.24
12.14 1660.44 1.23
12.15 1660.09 1.22
12.16 1659.74 1.22
12.17 1659.39 1.21
12.18 1659.04 1.20
12.19 1658.68 1.20
12.20 1658.33 1.19
12.21 1657.98 1.18
12.22 1657.63 1.18
12.23 1657.28 1.17
12.24 1656.93 1.17
12.25 1656.58 1.16
12.26 1656.23 1.16
12.27 1655.87 1.15
12.28 1655.52 1.15
12.29 1655.17 1.14
12.30 1654.82 1.14
12.31 1654.46 1.13
12.32 1654.11 1.13
12.33 1653.76 1.12
12.34 1653.40 1.12
12.35 1653.05 1.11
12.36 1652.70 1.11
12.37 1652.34 1.10
12.38 1651.99 1.10
12.39 1651.63 1.09
12.40 1651.28 1.09
12.41 1650.93 1.09
12.42 1650.57 1.08
12.43 1650.22 1.08
12.44 1649.86 1.07
12.45 1649.51 1.07
12.46 1649.15 1.07
12.47 1648.80 1.06
12.48 1648.44 1.06
12.49 1648.08 1.06
12.50 1647.73 1.05
12.51 1647.37 1.05
12.52 1647.01 1.05
12.53 1646.66 1.05
12.54 1646.30 1.04
12.55 1645.94 1.04
12.56 1645.59 1.04
12.57 1645.23 1.04
12.58 1644.87 1.03
12.59 1644.51 1.03
12.60 1644.16 1.03
12.61 1643.80 1.03
12.62 1643.44 1.02
12.63 1643.08 1.02
12.64 1642.72 1.02
12.65 1642.37 1.02
12.66 1642.01 1.02
12.67 1641.65 1.02
12.68 1641.29 1.02
12.69 1640.93 1.01
12.70 1640.57 1.01
12.71 1640.21 1.01
12.72 1639.85 1.01
12.73 1639.49 1.01
12.74 1639.13 1.01
12.75 1638.77 1.01
12.76 1638.41 1.01
12.77 1638.05 1.01
12.78 1637.69 1.01
12.79 1637.33 1.01
12.80 1636.96 1.01
12.81 1636.60 1.01
12.82 1636.24 1.01
12.83 1635.88 1.01
12.84 1635.52 1.01
12.85 1635.16 1.01
12.86 1634.79 1.01
12.87 1634.43 1.01
12.88 1634.07 1.01
12.89 1633.71 1.01
12.90 1633.34 1.01
12.91 1632.98 1.01
12.92 1632.62 1.01
12.93 1632.25 1.02
12.94 1631.89 1.02
12.95 1631.53 1.02
12.96 1631.16 1.02
12.97 1630.80 1.02
12.98 1630.43 1.02
12.99 1630.07 1.02
13.00 1629.71 1.03
13.01 1629.34 1.03
13.02 1628.98 1.03
13.03 1628.61 1.03
13.04 1628.25 1.04
13.05 1627.88 1.04
13.06 1627.51 1.04
13.07 1627.15 1.04
13.08 1626.78 1.05
13.09 1626.42 1.05
13.10 1626.05 1.05
13.11 1625.68 1.05
13.12 1625.32 1.06
13.13 1624.95 1.06
13.14 1624.58 1.06
13.15 1624.22 1.07
13.16 1623.85 1.07
13.17 1623.48 1.07
13.18 1623.12 1.08
13.19 1622.75 1.08
13.20 1622.38 1.09
13.21 1622.01 1.09
13.22 1621.64 1.09
13.23 1621.28 1.10
13.24 1620.91 1.10
13.25 1620.54 1.11
13.26 1620.17 1.11
13.27 1619.80 1.12
13.28 1619.43 1.12
13.29 1619.06 1.13
13.30 1618.69 1.13
13.31 1618.32 1.14
13.32 1617.95 1.14
13.33 1617.58 1.15
13.34 1617.21 1.15
13.35 1616.84 1.16
13.36 1616.47 1.16
13.37 1616.10 1.17
13.38 1615.73 1.17
13.39 1615.36 1.18
13.40 1614.99 1.18
13.41 1614.62 1.19
13.42 1614.25 1.20
13.43 1613.88 1.20
13.44 1613.50 1.21
13.45 1613.13 1.22
13.46 1612.76 1.22
13.47 1612.39 1.23
13.48 1612.02 1.24
13.49 1611.64 1.24
13.50 1611.27 1.25
13.51 1610.90 1.26
13.52 1610.53 1.26
13.53 1610.15 1.27
13.54 1609.78 1.28
13.55 1609.41 1.29
13.56 1609.03 1.29
13.57 1608.66 1.30
13.58 1608.28 1.31
13.59 1607.91 1.32
13.60 1607.54 1.32
13.61 1607.16 1.33
13.62 1606.79 1.34
13.63 1606.41 1.35
13.64 1606.04 1.36
13.65 1605.66 1.36
13.66 1605.29 1.37
13.67 1604.91 1.38
13.68 1604.54 1.39
13.69 1604.16 1.40
13.70 1603.79 1.41
13.71 1603.41 1.42
13.72 1603.03 1.43
13.73 1602.66 1.44
13.74 1602.28 1.44
13.75 1601.91 1.45
13.76 1601.53 1.46
13.77 1601.15 1.47
13.78 1600.78 1.48
13.79 1600.40 1.49
13.80 1600.02 1.50
13.81 1599.64 1.51
13.82 1599.27 1.52
13.83 1598.89 1.53
13.84 1598.51 1.54
13.85 1598.13 1.55
13.86 1597.76 1.56
13.87 1597.38 1.57
13.88 1597.00 1.58
13.89 1596.62 1.59
13.90 1596.24 1.60
13.91 1595.86 1.61
13.92 1595.48 1.61
13.93 1595.10 1.62
13.94 1594.72 1.63
13.95 1594.35 1.64
13.96 1593.97 1.65
13.97 1593.59 1.66
13.98 1593.21 1.67
13.99 1592.83 1.67
14.00 1592.45 1.68
14.01 1592.07 1.69
14.02 1591.69 1.70
14.03 1591.31 1.71
14.04 1590.92 1.71
14.05 1590.54 1.72
14.06 1590.16 1.73
14.07 1589.78 1.73
14.08 1589.40 1.74
14.09 1589.02 1.75
14.10 1588.64 1.76
14.11 1588.26 1.76
14.12 1587.88 1.77
14.13 1587.49 1.78
14.14 1587.11 1.78
14.15 1586.73 1.79
14.16 1586.35 1.80
14.17 1585.96 1.80
14.18 1585.58 1.81
14.19 1585.20 1.81
14.20 1584.82 1.82
14.21 1584.43 1.83
14.22 1584.05 1.83
14.23 1583.67 1.84
14.24 1583.28 1.84
14.25 1582.90 1.85
14.26 1582.52 1.85
14.27 1582.13 1.86
14.28 1581.75 1.87
14.29 1581.37 1.87
14.30 1580.98 1.88
14.31 1580.60 1.88
14.32 1580.21 1.88
14.33 1579.83 1.89
14.34 1579.44 1.89
14.35 1579.06 1.90
14.36 1578.68 1.90
14.37 1578.29 1.91
14.38 1577.91 1.91
14.39 1577.52 1.92
14.40 1577.13 1.92
14.41 1576.75 1.92
14.42 1576.36 1.93
14.43 1575.98 1.93
14.44 1575.59 1.93
14.45 1575.21 1.94
14.46 1574.82 1.94
14.47 1574.43 1.94
14.48 1574.05 1.95
14.49 1573.66 1.95
14.50 1573.27 1.95
14.51 1572.89 1.96
14.52 1572.50 1.96
14.53 1572.11 1.96
14.54 1571.73 1.97
14.55 1571.34 1.97
14.56 1570.95 1.97
14.57 1570.56 1.97
14.58 1570.18 1.98
14.59 1569.79 1.98
14.60 1569.40 1.98
14.61 1569.01 1.98
14.62 1568.63 1.98
14.63 1568.24 1.99
14.64 1567.85 1.99
14.65 1567.46 1.99
14.66 1567.07 1.99
14.67 1566.68 1.99
14.68 1566.29 1.99
14.69 1565.91 1.99
14.70 1565.52 2.00
14.71 1565.13 2.00
14.72 1564.74 2.00
14.73 1564.35 2.00
14.74 1563.96 2.00
14.75 1563.57 2.00
14.76 1563.18 2.00
14.77 1562.79 2.00
14.78 1562.40 2.00
14.79 1562.01 2.00
14.80 1561.62 2.00
14.81 1561.23 2.00
14.82 1560.84 2.00
14.83 1560.45 2.00
14.84 1560.06 2.00
14.85 1559.67 2.00
14.86 1559.27 2.00
14.87 1558.88 2.00
14.88 1558.49 2.00
14.89 1558.10 2.00
14.90 1557.71 2.00
14.91 1557.32 2.00
14.92 1556.93 2.00
14.93 1556.53 2.00
14.94 1556.14 2.00
14.95 1555.75 2.00
14.96 1555.36 2.00
14.97 1554.96 2.00
14.98 1554.57 2.00
14.99 1554.18 2.00
15.00 1553.79 2.00
15.01 1553.39 2.00
15.02 1553.00 2.00
15.03 1552.61 2.00
15.04 1552.21 2.00
15.05 1551.82 2.00
15.06 1551.43 2.00
15.07 1551.03 2.00
15.08 1550.64 2.00
15.09 1550.25 2.00
15.10 1549.85 2.00
15.11 1549.46 2.00
15.12 1549.07 2.00
15.13 1548.67 2.00
15.14 1548.28 2.00
15.15 1547.88 2.00
15.16 1547.49 2.00
15.17 1547.09 2.00
15.18 1546.70 2.00
15.19 1546.30 2.00
15.20 1545.91 2.00
15.21 1545.51 2.00
15.22 1545.12 2.00
15.23 1544.72 2.00
15.24 1544.33 2.00
15.25 1543.93 2.00
15.26 1543.54 2.00
15.27 1543.14 2.00
15.28 1542.74 2.00
15.29 1542.35 2.00
15.30 1541.95 2.00
15.31 1541.55 2.00
15.32 1541.16 2.00
15.33 1540.76 2.00
15.34 1540.37 2.00
15.35 1539.97 2.00
15.36 1539.57 2.00
15.37 1539.17 2.00
15.38 1538.78 2.00
15.39 1538.38 2.00
15.40 1537.98 2.00
15.41 1537.59 2.00
15.42 1537.19 2.00
15.43 1536.79 2.00
15.44 1536.39 2.00
15.45 1535.99 2.00
15.46 1535.60 2.00
15.47 1535.20 2.00
15.48 1534.80 2.00
15.49 1534.40 2.00
15.50 1534.00 2.00
15.51 1533.61 2.00
15.52 1533.21 2.00
15.53 1532.81 2.00
15.54 1532.41 2.00
15.55 1532.01 2.00
15.56 1531.61 2.00
15.57 1531.21 2.00
15.58 1530.81 2.00
15.59 1530.41 2.00
15.60 1530.01 2.00
15.61 1529.61 2.00
15.62 1529.21 2.00
15.63 1528.81 2.00
15.64 1528.41 2.00
15.65 1528.01 2.00
15.66 1527.61 2.00
15.67 1527.21 2.00
15.68 1526.81 2.00
15.69 1526.41 2.00
15.70 1526.01 2.00
15.71 1525.61 2.00
15.72 1525.21 2.00
15.73 1524.81 2.00
15.74 1524.41 2.00
15.75 1524.01 2.00
15.76 1523.61 2.00
15.77 1523.21 2.00
15.78 1522.80 2.00
15.79 1522.40 2.00
15.80 1522.00 2.00
15.81 1521.60 2.00
15.82 1521.20 2.00
15.83 1520.79 2.00
15.84 1520.39 2.00
15.85 1519.99 2.00
15.86 1519.59 2.00
15.87 1519.19 2.00
15.88 1518.78 2.00
15.89 1518.38 2.00
15.90 1517.98 2.00
15.91 1517.58 2.00
15.92 1517.17 2.00
15.93 1516.77 2.00
15.94 1516.37 2.00
15.95 1515.96 2.00
15.96 1515.56 2.00
15.97 1515.16 2.00
15.98 1514.75 2.00
15.99 1514.35 2.00
16.00 1513.95 2.00
16.01 1513.54 2.00
16.02 1513.14 2.00
16.03 1512.73 2.00
16.04 1512.33 2.00
16.05 1511.93 2.00
16.06 1511.52 2.00
16.07 1511.12 2.00
16.08 1510.71 2.00
16.09 1510.31 2.00
16.10 1509.90 2.00
16.11 1509.50 2.00
16.12 1509.09 2.00
16.13 1508.69 2.00
16.14 1508.28 2.00
16.15 1507.88 2.00
16.16 1507.47 2.00
16.17 1507.07 2.00
16.18 1506.66 2.00
16.19 1506.26 2.00
16.20 1505.85 2.00
16.21 1505.44 2.00
16.22 1505.04 2.00
16.23 1504.63 2.00
16.24 1504.23 2.00
16.25 1503.82 2.00
16.26 1503.41 2.00
16.27 1503.01 2.00
16.28 1502.60 2.00
16.29 1502.19 2.00
16.30 1501.79 2.00
16.31 1501.38 2.00
16.32 1500.97 2.00
16.33 1500.57 2.00
16.34 1500.16 2.00
16.35 1499.75 2.00
16.36 1499.34 2.00
16.37 1498.94 2.00
16.38 1498.53 2.00
16.39 1498.12 2.00
16.40 1497.71 2.00
16.41 1497.31 2.00
16.42 1496.90 2.00
16.43 1496.49 2.00
16.44 1496.08 2.00
16.45 1495.67 2.00
16.46 1495.27 2.00
16.47 1494.86 2.00
16.48 1494.45 2.00
16.49 1494.04 2.00
16.50 1493.63 2.00
16.51 1493.22 2.00
16.52 1492.81 2.00
16.53 1492.41 2.00
16.54 1492.00 2.00
16.55 1491.59 2.00
16.56 1491.18 2.00
16.57 1490.77 2.00
16.58 1490.36 2.00
16.59 1489.95 2.00
16.60 1489.54 2.00
16.61 1489.13 2.00
16.62 1488.72 2.00
16.63 1488.31 2.00
16.64 1487.90 2.00
16.65 1487.49 2.00
16.66 1487.08 2.00
16.67 1486.67 2.00
16.68 1486.26 2.00
16.69 1485.85 2.00
16.70 1485.44 2.00
16.71 1485.03 2.00
16.72 1484.62 2.00
16.73 1484.21 2.00
16.74 1483.80 2.00
16.75 1483.39 2.00
16.76 1482.98 2.00
16.77 1482.56 2.00
16.78 1482.15 2.00
16.79 1481.74 2.00
16.80 1481.33 2.00
16.81 1480.92 2.00
16.82 1480.51 2.00
16.83 1480.10 2.00
16.84 1479.68 2.00
16.85 1479.27 2.00
16.86 1478.86 2.00
16.87 1478.45 2.00
16.88 1478.04 2.00
16.89 1477.62 2.00
16.90 1477.21 2.00
16.91 1476.80 2.00
16.92 1476.39 2.00
16.93 1475.97 2.00
16.94 1475.56 2.00
16.95 1475.15 2.00
16.96 1474.74 2.00
16.97 1474.32 2.00
16.98 1473.91 2.00
16.99 1473.50 2.00
17.00 1473.08 2.00
17.01 1472.67 2.00
17.02 1472.26 2.00
17.03 1471.84 2.00
17.04 1471.43 2.00
17.05 1471.02 2.00
17.06 1470.60 2.00
17.07 1470.19 2.00
17.08 1469.78 2.00
17.09 1469.36 2.00
17.10 1468.95 2.00
17.11 1468.53 2.00
17.12 1468.12 2.00
17.13 1467.71 2.00
17.14 1467.29 2.00
17.15 1466.88 2.00
17.16 1466.46 2.00
17.17 1466.05 2.00
17.18 1465.63 2.00
17.19 1465.22 2.00
17.20 1464.80 2.00
17.21 1464.39 2.00
17.22 1463.97 2.00
17.23 1463.56 2.00
17.24 1463.14 2.00
17.25 1462.73 2.00
17.26 1462.31 2.00
17.27 1461.90 2.00
17.28 1461.48 2.00
17.29 1461.07 2.00
17.30 1460.65 2.00
17.31 1460.24 2.00
17.32 1459.82 2.00
17.33 1459.40 2.00
17.34 1458.99 2.00
17.35 1458.57 2.00
17.36 1458.16 2.00
17.37 1457.74 2.00
17.38 1457.32 2.00
17.39 1456.91 2.00
17.40 1456.49 2.00
17.41 1456.07 2.00
17.42 1455.66 2.00
17.43 1455.24 2.00
17.44 1454.82 2.00
17.45 1454.41 2.00
17.46 1453.99 2.00
17.47 1453.57 2.00
17.48 1453.16 2.00
17.49 1452.74 2.00
17.50 1452.32 2.00
17.51 1451.90 2.00
17.52 1451.49 2.00
17.53 1451.07 2.00
17.54 1450.65 2.00
17.55 1450.23 2.00
17.56 1449.82 2.00
17.57 1449.40 2.00
17.58 1448.98 2.00
17.59 1448.56 2.00
17.60 1448.14 2.00
17.61 1447.73 2.00
17.62 1447.31 2.00
17.63 1446.89 2.00
17.64 1446.47 2.00
17.65 1446.05 2.00
17.66 1445.64 2.00
17.67 1445.22 2.00
17.68 1444.80 2.00
17.69 1444.38 2.00
17.70 1443.96 2.00
17.71 1443.54 2.00
17.72 1443.12 2.00
17.73 1442.70 2.00
17.74 1442.28 2.00
17.75 1441.87 2.00
17.76 1441.45 2.00
17.77 1441.03 2.00
17.78 1440.61 2.00
17.79 1440.19 2.00
17.80 1439.77 2.00
17.81 1439.35 2.00
17.82 1438.93 2.00
17.83 1438.51 2.00
17.84 1438.09 2.00
17.85 1437.67 2.00
17.86 1437.25 2.00
17.87 1436.83 2.00
17.88 1436.41 2.00
17.89 1435.99 2.00
17.90 1435.57 2.00
17.91 1435.15 2.00
17.92 1434.73 2.00
17.93 1434.31 2.00
17.94 1433.89 2.00
17.95 1433.47 2.00
17.96 1433.05 2.00
17.97 1432.63 2.00
17.98 1432.20 2.00
17.99 1431.78 2.00
18.00 1431.36 2.00
18.01 1430.94 2.00
18.02 1430.52 2.00
18.03 1430.10 2.00
18.04 1429.68 2.00
18.05 1429.26 2.00
18.06 1428.84 2.00
18.07 1428.41 2.00
18.08 1427.99 2.00
18.09 1427.57 2.00
18.10 1427.15 2.00
18.11 1426.73 2.00
18.12 1426.31 2.00
18.13 1425.88 2.00
18.14 1425.46 2.00
18.15 1425.04 2.00
18.16 1424.62 2.00
18.17 1424.20 2.00
18.18 1423.77 2.00
18.19 1423.35 2.00
18.20 1422.93 2.00
18.21 1422.51 2.00
18.22 1422.08 2.00
18.23 1421.66 2.00
18.24 1421.24 2.00
18.25 1420.82 2.00
18.26 1420.39 2.00
18.27 1419.97 2.00
18.28 1419.55 2.00
18.29 1419.12 2.00
18.30 1418.70 2.00
18.31 1418.28 2.00
18.32 1417.86 2.00
18.33 1417.43 2.00
18.34 1417.01 2.00
18.35 1416.59 2.00
18.36 1416.16 2.00
18.37 1415.74 2.00
18.38 1415.31 2.00
18.39 1414.89 2.00
18.40 1414.47 2.00
18.41 1414.04 2.00
18.42 1413.62 2.00
18.43 1413.20 2.00
18.44 1412.77 2.00
18.45 1412.35 2.00
18.46 1411.92 2.00
18.47 1411.50 2.00
18.48 1411.08 2.00
18.49 1410.65 2.00
18.50 1410.23 2.00
18.51 1409.80 2.00
18.52 1409.38 2.00
18.53 1408.95 2.00
18.54 1408.53 2.00
18.55 1408.10 2.00
18.56 1407.68 2.00
18.57 1407.25 2.00
18.58 1406.83 2.00
18.59 1406.40 2.00
18.60 1405.98 2.00
18.61 1405.55 2.00
18.62 1405.13 2.00
18.63 1404.70 2.00
18.64 1404.28 2.00
18.65 1403.85 2.00
18.66 1403.43 2.00
18.67 1403.00 2.00
18.68 1402.58 2.00
18.69 1402.15 2.00
18.70 1401.73 2.00
18.71 1401.30 2.00
18.72 1400.87 2.00
18.73 1400.45 2.00
18.74 1400.02 2.00
18.75 1399.60 2.00
18.76 1399.17 2.00
18.77 1398.74 2.00
18.78 1398.32 2.00
18.79 1397.89 2.00
18.80 1397.47 2.00
18.81 1397.04 2.00
18.82 1396.61 2.00
18.83 1396.19 2.00
18.84 1395.76 2.00
18.85 1395.33 2.00
18.86 1394.91 2.00
18.87 1394.48 2.00
18.88 1394.05 2.00
18.89 1393.63 2.00
18.90 1393.20 2.00
18.91 1392.77 2.00
18.92 1392.35 2.00
18.93 1391.92 2.00
18.94 1391.49 2.00
18.95 1391.07 2.00
18.96 1390.64 2.00
18.97 1390.21 2.00
18.98 1389.78 2.00
18.99 1389.36 2.00
19.00 1388.93 2.00
19.01 1388.50 2.00
19.02 1388.07 2.00
19.03 1387.65 2.00
19.04 1387.22 2.00
19.05 1386.79 2.00
19.06 1386.36 2.00
19.07 1385.94 2.00
19.08 1385.51 2.00
19.09 1385.08 2.00
19.10 1384.65 2.00
19.11 1384.22 2.00
19.12 1383.80 2.00
19.13 1383.37 2.00
19.14 1382.94 2.00
19.15 1382.51 2.00
19.16 1382.08 2.00
19.17 1381.65 2.00
19.18 1381.23 2.00
19.19 1380.80 2.00
19.20 1380.37 2.00
19.21 1379.94 2.00
19.22 1379.51 2.00
19.23 1379.08 2.00
19.24 1378.65 2.00
19.25 1378.22 2.00
19.26 1377.80 2.00
19.27 1377.37 2.00
19.28 1376.94 2.00
19.29 1376.51 2.00
19.30 1376.08 2.00
19.31 1375.65 2.00
19.32 1375.22 2.00
19.33 1374.79 2.00
19.34 1374.36 2.00
19.35 1373.93 2.00
19.36 1373.50 2.00
19.37 1373.07 2.00
19.38 1372.64 2.00
19.39 1372.21 2.00
19.40 1371.78 2.00
19.41 1371.36 2.00
19.42 1370.93 2.00
19.43 1370.50 2.00
19.44 1370.07 2.00
19.45 1369.64 2.00
19.46 1369.21 2.00
19.47 1368.78 2.00
19.48 1368.35 2.00
19.49 1367.92 2.00
19.50 1367.49 2.00
19.51 1367.05 2.00
19.52 1366.62 2.00
19.53 1366.19 2.00
19.54 1365.76 2.00
19.55 1365.33 2.00
19.56 1364.90 2.00
19.57 1364.47 2.00
19.58 1364.04 2.00
19.59 1363.61 2.00
19.60 1363.18 2.00
19.61 1362.75 2.00
19.62 1362.32 2.00
19.63 1361.89 2.00
19.64 1361.46 2.00
19.65 1361.03 2.00
19.66 1360.59 2.00
19.67 1360.16 2.00
19.68 1359.73 2.00
19.69 1359.30 2.00
19.70 1358.87 2.00
19.71 1358.44 2.00
19.72 1358.01 2.00
19.73 1357.58 2.00
19.74 1357.14 2.00
19.75 1356.71 2.00
19.76 1356.28 2.00
19.77 1355.85 2.00
19.78 1355.42 2.00
19.79 1354.99 2.00
19.80 1354.55 2.00
19.81 1354.12 2.00
19.82 1353.69 2.00
19.83 1353.26 2.00
19.84 1352.83 2.00
19.85 1352.40 2.00
19.86 1351.96 2.00
19.87 1351.53 2.00
19.88 1351.10 2.00
19.89 1350.67 2.00
19.90 1350.23 2.00
19.91 1349.80 2.00
19.92 1349.37 2.00
19.93 1348.94 2.00
19.94 1348.51 2.00
19.95 1348.07 2.00
19.96 1347.64 2.00
19.97 1347.21 2.00
19.98 1346.78 2.00
19.99 1346.34 2.00
20.00 1345.91 2.00
20.01 1345.48 2.00
20.02 1345.04 2.00
20.03 1344.61 2.00
20.04 1344.18 2.00
20.05 1343.75 2.00
20.06 1343.31 2.00
20.07 1342.88 2.00
20.08 1342.45 2.00
20.09 1342.01 2.00
20.10 1341.58 2.00
20.11 1341.15 2.00
20.12 1340.71 2.00
20.13 1340.28 2.00
20.14 1339.85 2.00
20.15 1339.41 2.00
20.16 1338.98 2.00
20.17 1338.55 2.00
20.18 1338.11 2.00
20.19 1337.68 2.00
20.20 1337.25 2.00
20.21 1336.81 2.00
20.22 1336.38 2.00
20.23 1335.94 2.00
20.24 1335.51 2.00
20.25 1335.08 2.00
20.26 1334.64 2.00
20.27 1334.21 2.00
20.28 1333.77 2.00
20.29 1333.34 2.00
20.30 1332.91 2.00
20.31 1332.47 2.00
20.32 1332.04 2.00
20.33 1331.60 2.00
20.34 1331.17 2.00
20.35 1330.74 2.00
20.36 1330.30 2.00
20.37 1329.87 2.00
20.38 1329.43 2.00
20.39 1329.00 2.00
20.40 1328.56 2.00
20.41 1328.13 2.00
20.42 1327.69 2.00
20.43 1327.26 2.00
20.44 1326.82 2.00
20.45 1326.39 2.00
20.46 1325.95 2.00
20.47 1325.52 2.00
20.48 1325.09 2.00
20.49 1324.65 2.00
20.50 1324.22 2.00
20.51 1323.78 2.00
20.52 1323.35 2.00
20.53 1322.91 2.00
20.54 1322.48 2.00
20.55 1322.04 2.00
20.56 1321.60 2.00
20.57 1321.17 2.00
20.58 1320.73 2.00
20.59 1320.30 2.00
20.60 1319.86 2.00
20.61 1319.43 2.00
20.62 1318.99 2.00
20.63 1318.56 2.00
20.64 1318.12 2.00
20.65 1317.69 2.00
20.66 1317.25 2.00
20.67 1316.81 2.00
20.68 1316.38 2.00
20.69 1315.94 2.00
20.70 1315.51 2.00
20.71 1315.07 2.00
20.72 1314.64 2.00
20.73 1314.20 2.00
20.74 1313.76 2.00
20.75 1313.33 2.00
20.76 1312.89 2.00
20.77 1312.46 2.00
20.78 1312.02 2.00
20.79 1311.58 2.00
20.80 1311.15 2.00
20.81 1310.71 2.00
20.82 1310.27 2.00
20.83 1309.84 2.00
20.84 1309.40 2.00
20.85 1308.96 2.00
20.86 1308.53 2.00
20.87 1308.09 2.00
20.88 1307.66 2.00
20.89 1307.22 2.00
20.90 1306.78 2.00
20.91 1306.35 2.00
20.92 1305.91 2.00
20.93 1305.47 2.00
20.94 1305.04 2.00
20.95 1304.60 2.00
20.96 1304.16 2.00
20.97 1303.72 2.00
20.98 1303.29 2.00
20.99 1302.85 2.00
21.00 1302.41 2.00
21.01 1301.98 2.00
21.02 1301.54 2.00
21.03 1301.10 2.00
21.04 1300.67 2.00
21.05 1300.23 2.00
21.06 1299.79 2.00
21.07 1299.35 2.00
21.08 1298.92 2.00
21.09 1298.48 2.00
21.10 1298.04 2.00
21.11 1297.60 2.00
21.12 1297.17 2.00
21.13 1296.73 2.00
21.14 1296.29 2.00
21.15 1295.85 2.00
21.16 1295.42 2.00
21.17 1294.98 2.00
21.18 1294.54 2.00
21.19 1294.10 2.00
21.20 1293.67 2.00
21.21 1293.23 2.00
21.22 1292.79 2.00
21.23 1292.35 2.00
21.24 1291.91 2.00
21.25 1291.48 2.00
21.26 1291.04 2.00
21.27 1290.60 2.00
21.28 1290.16 2.00
21.29 1289.72 2.00
21.30 1289.29 2.00
21.31 1288.85 2.00
21.32 1288.41 2.00
21.33 1287.97 2.00
21.34 1287.53 2.00
21.35 1287.09 2.00
21.36 1286.66 2.00
21.37 1286.22 2.00
21.38 1285.78 2.00
21.39 1285.34 2.00
21.40 1284.90 2.00
21.41 1284.46 2.00
21.42 1284.02 2.00
21.43 1283.59 2.00
21.44 1283.15 2.00
21.45 1282.71 2.00
21.46 1282.27 2.00
21.47 1281.83 2.00
21.48 1281.39 2.00
21.49 1280.95 2.00
21.50 1280.52 2.00
21.51 1280.08 2.00
21.52 1279.64 2.00
21.53 1279.20 2.00
21.54 1278.76 2.00
21.55 1278.32 2.00
21.56 1277.88 2.00
21.57 1277.44 2.00
21.58 1277.00 2.00
21.59 1276.56 2.00
21.60 1276.12 2.00
21.61 1275.69 2.00
21.62 1275.25 2.00
21.63 1274.81 2.00
21.64 1274.37 2.00
21.65 1273.93 2.00
21.66 1273.49 2.00
21.67 1273.05 2.00
21.68 1272.61 2.00
21.69 1272.17 2.00
21.70 1271.73 2.00
21.71 1271.29 2.00
21.72 1270.85 2.00
21.73 1270.41 2.00
21.74 1269.97 2.00
21.75 1269.53 2.00
21.76 1269.09 2.00
21.77 1268.65 2.00
21.78 1268.21 2.00
21.79 1267.77 2.00
21.80 1267.33 2.00
21.81 1266.89 2.00
21.82 1266.45 2.00
21.83 1266.01 2.00
21.84 1265.57 2.00
21.85 1265.13 2.00
21.86 1264.69 2.00
21.87 1264.25 2.00
21.88 1263.81 2.00
21.89 1263.37 2.00
21.90 1262.93 2.00
21.91 1262.49 2.00
21.92 1262.05 2.00
21.93 1261.61 2.00
21.94 1261.17 2.00
21.95 1260.73 2.00
21.96 1260.29 2.00
21.97 1259.85 2.00
21.98 1259.41 2.00
21.99 1258.97 2.00
22.00 1258.53 2.00
22.01 1258.09 2.00
22.02 1257.65 2.00
22.03 1257.21 2.00
22.04 1256.77 2.00
22.05 1256.33 2.00
22.06 1255.89 2.00
22.07 1255.44 2.00
22.08 1255.00 2.00
22.09 1254.56 2.00
22.10 1254.12 2.00
22.11 1253.68 2.00
22.12 1253.24 2.00
22.13 1252.80 2.00
22.14 1252.36 2.00
22.15 1251.92 2.00
22.16 1251.48 2.00
22.17 1251.04 2.00
22.18 1250.59 2.00
22.19 1250.15 2.00
22.20 1249.71 2.00
22.21 1249.27 2.00
22.22 1248.83 2.00
22.23 1248.39 2.00
22.24 1247.95 2.00
22.25 1247.51 2.00
22.26 1247.06 2.00
22.27 1246.62 2.00
22.28 1246.18 2.00
22.29 1245.74 2.00
22.30 1245.30 2.00
22.31 1244.86 2.00
22.32 1244.42 2.00
22.33 1243.97 2.00
22.34 1243.53 2.00
22.35 1243.09 2.00
22.36 1242.65 2.00
22.37 1242.21 2.00
22.38 1241.77 2.00
22.39 1241.32 2.00
22.40 1240.88 2.00
22.41 1240.44 2.00
22.42 1240.00 2.00
22.43 1239.56 2.00
22.44 1239.12 2.00
22.45 1238.67 2.00
22.46 1238.23 2.00
22.47 1237.79 2.00
22.48 1237.35 2.00
22.49 1236.91 2.00
22.50 1236.46 2.00
22.51 1236.02 2.00
22.52 1235.58 2.00
22.53 1235.14 2.00
22.54 1234.70 2.00
22.55 1234.25 2.00
22.56 1233.81 2.00
22.57 1233.37 2.00
22.58 1232.93 2.00
22.59 1232.48 2.00
22.60 1232.04 2.00
22.61 1231.60 2.00
22.62 1231.16 2.00
22.63 1230.71 2.00
22.64 1230.27 2.00
22.65 1229.83 2.00
22.66 1229.39 2.00
22.67 1228.94 2.00
22.68 1228.50 2.00
22.69 1228.06 2.00
22.70 1227.62 2.00
22.71 1227.17 2.00
22.72 1226.73 2.00
22.73 1226.29 2.00
22.74 1225.85 2.00
22.75 1225.40 2.00
22.76 1224.96 2.00
22.77 1224.52 2.00
22.78 1224.08 2.00
22.79 1223.63 2.00
22.80 1223.19 2.00
22.81 1222.75 2.00
22.82 1222.30 2.00
22.83 1221.86 2.00
22.84 1221.42 2.00
22.85 1220.97 2.00
22.86 1220.53 2.00
22.87 1220.09 2.00
22.88 1219.65 2.00
22.89 1219.20 2.00
22.90 1218.76 2.00
22.91 1218.32 2.00
22.92 1217.87 2.00
22.93 1217.43 2.00
22.94 1216.99 2.00
22.95 1216.54 2.00
22.96 1216.10 2.00
22.97 1215.66 2.00
22.98 1215.21 2.00
22.99 1214.77 2.00
23.00 1214.33 2.00
23.01 1213.88 2.00
23.02 1213.44 2.00
23.03 1213.00 2.00
23.04 1212.55 2.00
23.05 1212.11 2.00
23.06 1211.67 2.00
23.07 1211.22 2.00
23.08 1210.78 2.00
23.09 1210.33 2.00
23.10 1209.89 2.00
23.11 1209.45 2.00
23.12 1209.00 2.00
23.13 1208.56 2.00
23.14 1208.12 2.00
23.15 1207.67 2.00
23.16 1207.23 2.00
23.17 1206.79 2.00
23.18 1206.34 2.00
23.19 1205.90 2.00
23.20 1205.45 2.00
23.21 1205.01 2.00
23.22 1204.57 2.00
23.23 1204.12 2.00
23.24 1203.68 2.00
23.25 1203.23 2.00
23.26 1202.79 2.00
23.27 1202.35 2.00
23.28 1201.90 2.00
23.29 1201.46 2.00
23.30 1201.01 2.00
23.31 1200.57 2.00
23.32 1200.12 2.00
23.33 1199.68 2.00
23.34 1199.24 2.00
23.35 1198.79 2.00
23.36 1198.35 2.00
23.37 1197.90 2.00
23.38 1197.46 2.00
23.39 1197.01 2.00
23.40 1196.57 2.00
23.41 1196.13 2.00
23.42 1195.68 2.00
23.43 1195.24 2.00
23.44 1194.79 2.00
23.45 1194.35 2.00
23.46 1193.90 2.00
23.47 1193.46 2.00
23.48 1193.01 2.00
23.49 1192.57 2.00
23.50 1192.12 2.00
23.51 1191.68 2.00
23.52 1191.24 2.00
23.53 1190.79 2.00
23.54 1190.35 2.00
23.55 1189.90 2.00
23.56 1189.46 2.00
23.57 1189.01 2.00
23.58 1188.57 2.00
23.59 1188.12 2.00
23.60 1187.68 2.00
23.61 1187.23 2.00
23.62 1186.79 2.00
23.63 1186.34 2.00
23.64 1185.90 2.00
23.65 1185.45 2.00
23.66 1185.01 2.00
23.67 1184.56 2.00
23.68 1184.12 2.00
23.69 1183.67 2.00
23.70 1183.23 2.00
23.71 1182.78 2.00
23.72 1182.34 2.00
23.73 1181.89 2.00
23.74 1181.45 2.00
23.75 1181.00 2.00
23.76 1180.56 2.00
23.77 1180.11 2.00
23.78 1179.67 2.00
23.79 1179.22 2.00
23.80 1178.77 2.00
23.81 1178.33 2.00
23.82 1177.88 2.00
23.83 1177.44 2.00
23.84 1176.99 2.00
23.85 1176.55 2.00
23.86 1176.10 2.00
23.87 1175.66 2.00
23.88 1175.21 2.00
23.89 1174.77 2.00
23.90 1174.32 2.00
23.91 1173.87 2.00
23.92 1173.43 2.00
23.93 1172.98 2.00
23.94 1172.54 2.00
23.95 1172.09 2.00
23.96 1171.65 2.00
23.97 1171.20 2.00
23.98 1170.75 2.00
23.99 1170.31 2.00
24.00 1169.86 2.00
24.01 1169.42 2.00
24.02 1168.97 2.00
24.03 1168.53 2.00
24.04 1168.08 2.00
24.05 1167.63 2.00
24.06 1167.19 2.00
24.07 1166.74 2.00
24.08 1166.30 2.00
24.09 1165.85 2.00
24.10 1165.40 2.00
24.11 1164.96 2.00
24.12 1164.51 2.00
24.13 1164.07 2.00
24.14 1163.62 2.00
24.15 1163.17 2.00
24.16 1162.73 2.00
24.17 1162.28 2.00
24.18 1161.84 2.00
24.19 1161.39 2.00
24.20 1160.94 2.00
24.21 1160.50 2.00
24.22 1160.05 2.00
24.23 1159.60 2.00
24.24 1159.16 2.00
24.25 1158.71 2.00
24.26 1158.27 2.00
24.27 1157.82 2.00
24.28 1157.37 2.00
24.29 1156.93 2.00
24.30 1156.48 2.00
24.31 1156.03 2.00
24.32 1155.59 2.00
24.33 1155.14 2.00
24.34 1154.69 2.00
24.35 1154.25 2.00
24.36 1153.80 2.00
24.37 1153.36 2.00
24.38 1152.91 2.00
24.39 1152.46 2.00
24.40 1152.02 2.00
24.41 1151.57 2.00
24.42 1151.12 2.00
24.43 1150.68 2.00
24.44 1150.23 2.00
24.45 1149.78 2.00
24.46 1149.34 2.00
24.47 1148.89 2.00
24.48 1148.44 2.00
24.49 1148.00 2.00
24.50 1147.55 2.00
24.51 1147.10 2.00
24.52 1146.65 2.00
24.53 1146.21 2.00
24.54 1145.76 2.00
24.55 1145.31 2.00
24.56 1144.87 2.00
24.57 1144.42 2.00
24.58 1143.97 2.00
24.59 1143.53 2.00
24.60 1143.08 2.00
24.61 1142.63 2.00
24.62 1142.19 2.00
24.63 1141.74 2.00
24.64 1141.29 2.00
24.65 1140.84 2.00
24.66 1140.40 2.00
24.67 1139.95 2.00
24.68 1139.50 2.00
24.69 1139.06 2.00
24.70 1138.61 2.00
24.71 1138.16 2.00
24.72 1137.71 2.00
24.73 1137.27 2.00
24.74 1136.82 2.00
24.75 1136.37 2.00
24.76 1135.92 2.00
24.77 1135.48 2.00
24.78 1135.03 2.00
24.79 1134.58 2.00
24.80 1134.14 2.00
24.81 1133.69 2.00
24.82 1133.24 2.00
24.83 1132.79 2.00
24.84 1132.35 2.00
24.85 1131.90 2.00
24.86 1131.45 2.00
24.87 1131.00 2.00
24.88 1130.56 2.00
24.89 1130.11 2.00
24.90 1129.66 2.00
24.91 1129.21 2.00
24.92 1128.77 2.00
24.93 1128.32 2.00
24.94 1127.87 2.00
24.95 1127.42 2.00
24.96 1126.97 2.00
24.97 1126.53 2.00
24.98 1126.08 2.00
24.99 1125.63 2.00
25.00 1125.18 2.00
25.01 1124.74 2.00
25.02 1124.29 2.00
25.03 1123.84 2.00
25.04 1123.39 2.00
25.05 1122.94 2.00
25.06 1122.50 2.00
25.07 1122.05 2.00
25.08 1121.60 2.00
25.09 1121.15 2.00
25.10 1120.71 2.00
25.11 1120.26 2.00
25.12 1119.81 2.00
25.13 1119.36 2.00
25.14 1118.91 2.00
25.15 1118.47 2.00
25.16 1118.02 2.00
25.17 1117.57 2.00
25.18 1117.12 2.00
25.19 1116.67 2.00
25.20 1116.23 2.00
25.21 1115.78 2.00
25.22 1115.33 2.00
25.23 1114.88 2.00
25.24 1114.43 2.00
25.25 1113.98 2.00
25.26 1113.54 2.00
25.27 1113.09 2.00
25.28 1112.64 2.00
25.29 1112.19 2.00
25.30 1111.74 2.00
25.31 1111.29 2.00
25.32 1110.85 2.00
25.33 1110.40 2.00
25.34 1109.95 2.00
25.35 1109.50 2.00
25.36 1109.05 2.00
25.37 1108.60 2.00
25.38 1108.16 2.00
25.39 1107.71 2.00
25.40 1107.26 2.00
25.41 1106.81 2.00
25.42 1106.36 2.00
25.43 1105.91 2.00
25.44 1105.47 2.00
25.45 1105.02 2.00
25.46 1104.57 2.00
25.47 1104.12 2.00
25.48 1103.67 2.00
25.49 1103.22 2.00
25.50 1102.77 2.00
25.51 1102.33 2.00
25.52 1101.88 2.00
25.53 1101.43 2.00
25.54 1100.98 2.00
25.55 1100.53 2.00
25.56 1100.08 2.00
25.57 1099.63 2.00
25.58 1099.18 2.00
25.59 1098.74 2.00
25.60 1098.29 2.00
25.61 1097.84 2.00
25.62 1097.39 2.00
25.63 1096.94 2.00
25.64 1096.49 2.00
25.65 1096.04 2.00
25.66 1095.59 2.00
25.67 1095.15 2.00
25.68 1094.70 2.00
25.69 1094.25 2.00
25.70 1093.80 2.00
25.71 1093.35 2.00
25.72 1092.90 2.00
25.73 1092.45 2.00
25.74 1092.00 2.00
25.75 1091.55 2.00
25.76 1091.10 2.00
25.77 1090.66 2.00
25.78 1090.21 2.00
25.79 1089.76 2.00
25.80 1089.31 2.00
25.81 1088.86 2.00
25.82 1088.41 2.00
25.83 1087.96 2.00
25.84 1087.51 2.00
25.85 1087.06 2.00
25.86 1086.61 2.00
25.87 1086.16 2.00
25.88 1085.71 2.00
25.89 1085.27 2.00
25.90 1084.82 2.00
25.91 1084.37 2.00
25.92 1083.92 2.00
25.93 1083.47 2.00
25.94 1083.02 2.00
25.95 1082.57 2.00
25.96 1082.12 2.00
25.97 1081.67 2.00
25.98 1081.22 2.00
25.99 1080.77 2.00
26.00 1080.32 2.00
26.01 1079.87 2.00
26.02 1079.42 2.00
26.03 1078.97 2.00
26.04 1078.53 2.00
26.05 1078.08 2.00
26.06 1077.63 2.00
26.07 1077.18 2.00
26.08 1076.73 2.00
26.09 1076.28 2.00
26.10 1075.83 2.00
26.11 1075.38 2.00
26.12 1074.93 2.00
26.13 1074.48 2.00
26.14 1074.03 2.00
26.15 1073.58 2.00
26.16 1073.13 2.00
26.17 1072.68 2.00
26.18 1072.23 2.00
26.19 1071.78 2.00
26.20 1071.33 2.00
26.21 1070.88 2.00
26.22 1070.43 2.00
26.23 1069.98 2.00
26.24 1069.53 2.00
26.25 1069.08 2.00
26.26 1068.63 2.00
26.27 1068.18 2.00
26.28 1067.73 2.00
26.29 1067.28 2.00
26.30 1066.83 2.00
26.31 1066.38 2.00
26.32 1065.93 2.00
26.33 1065.48 2.00
26.34 1065.03 2.00
26.35 1064.58 2.00
26.36 1064.13 2.00
26.37 1063.68 2.00
26.38 1063.23 2.00
26.39 1062.78 2.00
26.40 1062.33 2.00
26.41 1061.88 2.00
26.42 1061.43 2.00
26.43 1060.98 2.00
26.44 1060.53 2.00
26.45 1060.08 2.00
26.46 1059.63 2.00
26.47 1059.18 2.00
26.48 1058.73 2.00
26.49 1058.28 2.00
26.50 1057.83 2.00
26.51 1057.38 2.00
26.52 1056.93 2.00
26.53 1056.48 2.00
26.54 1056.03 2.00
26.55 1055.58 2.00
26.56 1055.13 2.00
26.57 1054.68 2.00
26.58 1054.23 2.00
26.59 1053.78 2.00
26.60 1053.33 2.00
26.61 1052.88 2.00
26.62 1052.43 2.00
26.63 1051.98 2.00
26.64 1051.53 2.00
26.65 1051.08 2.00
26.66 1050.63 2.00
26.67 1050.18 2.00
26.68 1049.73 2.00
26.69 1049.28 2.00
26.70 1048.83 2.00
26.71 1048.38 2.00
26.72 1047.93 2.00
26.73 1047.48 2.00
26.74 1047.03 2.00
26.75 1046.58 2.00
26.76 1046.13 2.00
26.77 1045.67 2.00
26.78 1045.22 2.00
26.79 1044.77 2.00
26.80 1044.32 2.00
26.81 1043.87 2.00
26.82 1043.42 2.00
26.83 1042.97 2.00
26.84 1042.52 2.00
26.85 1042.07 2.00
26.86 1041.62 2.00
26.87 1041.17 2.00
26.88 1040.72 2.00
26.89 1040.27 2.00
26.90 1039.82 2.00
26.91 1039.37 2.00
26.92 1038.92 2.00
26.93 1038.46 2.00
26.94 1038.01 2.00
26.95 1037.56 2.00
26.96 1037.11 2.00
26.97 1036.66 2.00
26.98 1036.21 2.00
26.99 1035.76 2.00
27.00 1035.31 2.00
27.01 1034.86 2.00
27.02 1034.41 2.00
27.03 1033.96 2.00
27.04 1033.51 2.00
27.05 1033.05 2.00
27.06 1032.60 2.00
27.07 1032.15 2.00
27.08 1031.70 2.00
27.09 1031.25 2.00
27.10 1030.80 2.00
27.11 1030.35 2.00
27.12 1029.90 2.00
27.13 1029.45 2.00
27.14 1029.00 2.00
27.15 1028.55 2.00
27.16 1028.09 2.00
27.17 1027.64 2.00
27.18 1027.19 2.00
27.19 1026.74 2.00
27.20 1026.29 2.00
27.21 1025.84 2.00
27.22 1025.39 2.00
27.23 1024.94 2.00
27.24 1024.49 2.00
27.25 1024.03 2.00
27.26 1023.58 2.00
27.27 1023.13 2.00
27.28 1022.68 2.00
27.29 1022.23 2.00
27.30 1021.78 2.00
27.31 1021.33 2.00
27.32 1020.88 2.00
27.33 1020.42 2.00
27.34 1019.97 2.00
27.35 1019.52 2.00
27.36 1019.07 2.00
27.37 1018.62 2.00
27.38 1018.17 2.00
27.39 1017.72 2.00
27.40 1017.27 2.00
27.41 1016.81 2.00
27.42 1016.36 2.00
27.43 1015.91 2.00
27.44 1015.46 2.00
27.45 1015.01 2.00
27.46 1014.56 2.00
27.47 1014.11 2.00
27.48 1013.65 2.00
27.49 1013.20 2.00
27.50 1012.75 2.00
27.51 1012.30 2.00
27.52 1011.85 2.00
27.53 1011.40 2.00
27.54 1010.95 2.00
27.55 1010.49 2.00
27.56 1010.04 2.00
27.57 1009.59 2.00
27.58 1009.14 2.00
27.59 1008.69 2.00
27.60 1008.24 2.00
27.61 1007.78 2.00
27.62 1007.33 2.00
27.63 1006.88 2.00
27.64 1006.43 2.00
27.65 1005.98 2.00
27.66 1005.53 2.00
27.67 1005.08 2.00
27.68 1004.62 2.00
27.69 1004.17 2.00
27.70 1003.72 2.00
27.71 1003.27 2.00
27.72 1002.82 2.00
27.73 1002.36 2.00
27.74 1001.91 2.00
27.75 1001.46 2.00
27.76 1001.01 2.00
27.77 1000.56 2.00
27.78 1000.11 2.00
27.79 999.65 2.00
27.80 999.20 2.00
27.81 998.75 2.00
27.82 998.30 2.00
27.83 997.85 2.00
27.84 997.40 2.00
27.85 996.94 2.00
27.86 996.49 2.00
27.87 996.04 2.00
27.88 995.59 2.00
27.89 995.14 2.00
27.90 994.68 2.00
27.91 994.23 2.00
27.92 993.78 2.00
27.93 993.33 2.00
27.94 992.88 2.00
27.95 992.42 2.00
27.96 991.97 2.00
27.97 991.52 2.00
27.98 991.07 2.00
27.99 990.62 2.00
28.00 990.16 2.00
28.01 989.71 2.00
28.02 989.26 2.00
28.03 988.81 2.00
28.04 988.36 2.00
28.05 987.90 2.00
28.06 987.45 2.00
28.07 987.00 2.00
28.08 986.55 2.00
28.09 986.09 2.00
28.10 985.64 2.00
28.11 985.19 2.00
28.12 984.74 2.00
28.13 984.29 2.00
28.14 983.83 2.00
28.15 983.38 2.00
28.16 982.93 2.00
28.17 982.48 2.00
28.18 982.03 2.00
28.19 981.57 2.00
28.20 981.12 2.00
28.21 980.67 2.00
28.22 980.22 2.00
28.23 979.76 2.00
28.24 979.31 2.00
28.25 978.86 2.00
28.26 978.41 2.00
28.27 977.95 2.00
28.28 977.50 2.00
28.29 977.05 2.00
28.30 976.60 2.00
28.31 976.15 2.00
28.32 975.69 2.00
28.33 975.24 2.00
28.34 974.79 2.00
28.35 974.34 2.00
28.36 973.88 2.00
28.37 973.43 2.00
28.38 972.98 2.00
28.39 972.53 2.00
28.40 972.07 2.00
28.41 971.62 2.00
28.42 971.17 2.00
28.43 970.72 2.00
28.44 970.26 2.00
28.45 969.81 2.00
28.46 969.36 2.00
28.47 968.91 2.00
28.48 968.45 2.00
28.49 968.00 2.00
28.50 967.55 2.00
28.51 967.10 2.00
28.52 966.64 2.00
28.53 966.19 2.00
28.54 965.74 2.00
28.55 965.28 2.00
28.56 964.83 2.00
28.57 964.38 2.00
28.58 963.93 2.00
28.59 963.47 2.00
28.60 963.02 2.00
28.61 962.57 2.00
28.62 962.12 2.00
28.63 961.66 2.00
28.64 961.21 2.00
28.65 960.76 2.00
28.66 960.30 2.00
28.67 959.85 2.00
28.68 959.40 2.00
28.69 958.95 2.00
28.70 958.49 2.00
28.71 958.04 2.00
28.72 957.59 2.00
28.73 957.14 2.00
28.74 956.68 2.00
28.75 956.23 2.00
28.76 955.78 2.00
28.77 955.32 2.00
28.78 954.87 2.00
28.79 954.42 2.00
28.80 953.97 2.00
28.81 953.51 2.00
28.82 953.06 2.00
28.83 952.61 2.00
28.84 952.15 2.00
28.85 951.70 2.00
28.86 951.25 2.00
28.87 950.79 2.00
28.88 950.34 2.00
28.89 949.89 2.00
28.90 949.44 2.00
28.91 948.98 2.00
28.92 948.53 2.00
28.93 948.08 2.00
28.94 947.62 2.00
28.95 947.17 2.00
28.96 946.72 2.00
28.97 946.26 2.00
28.98 945.81 2.00
28.99 945.36 2.00
29.00 944.91 2.00
29.01 944.45 2.00
29.02 944.00 2.00
29.03 943.55 2.00
29.04 943.09 2.00
29.05 942.64 2.00
29.06 942.19 2.00
29.07 941.73 2.00
29.08 941.28 2.00
29.09 940.83 2.00
29.10 940.37 2.00
29.11 939.92 2.00
29.12 939.47 2.00
29.13 939.01 2.00
29.14 938.56 2.00
29.15 938.11 2.00
29.16 937.65 2.00
29.17 937.20 2.00
29.18 936.75 2.00
29.19 936.29 2.00
29.20 935.84 2.00
29.21 935.39 2.00
29.22 934.93 2.00
29.23 934.48 2.00
29.24 934.03 2.00
29.25 933.57 2.00
29.26 933.12 2.00
29.27 932.67 2.00
29.28 932.21 2.00
29.29 931.76 2.00
29.30 931.31 2.00
29.31 930.85 2.00
29.32 930.40 2.00
29.33 929.95 2.00
29.34 929.49 2.00
29.35 929.04 2.00
29.36 928.59 2.00
29.37 928.13 2.00
29.38 927.68 2.00
29.39 927.23 2.00
29.40 926.77 2.00
29.41 926.32 2.00
29.42 925.87 2.00
29.43 925.41 2.00
29.44 924.96 2.00
29.45 924.51 2.00
29.46 924.05 2.00
29.47 923.60 2.00
29.48 923.14 2.00
29.49 922.69 2.00
29.50 922.24 2.00
29.51 921.78 2.00
29.52 921.33 2.00
29.53 920.88 2.00
29.54 920.42 2.00
29.55 919.97 2.00
29.56 919.52 2.00
29.57 919.06 2.00
29.58 918.61 2.00
29.59 918.16 2.00
29.60 917.70 2.00
29.61 917.25 2.00
29.62 916.79 2.00
29.63 916.34 2.00
29.64 915.89 2.00
29.65 915.43 2.00
29.66 914.98 2.00
29.67 914.53 2.00
29.68 914.07 2.00
29.69 913.62 2.00
29.70 913.16 2.00
29.71 912.71 2.00
29.72 912.26 2.00
29.73 911.80 2.00
29.74 911.35 2.00
29.75 910.90 2.00
29.76 910.44 2.00
29.77 909.99 2.00
29.78 909.53 2.00
29.79 909.08 2.00
29.80 908.63 2.00
29.81 908.17 2.00
29.82 907.72 2.00
29.83 907.26 2.00
29.84 906.81 2.00
29.85 906.36 2.00
29.86 905.90 2.00
29.87 905.45 2.00
29.88 904.99 2.00
29.89 904.54 2.00
29.90 904.09 2.00
29.91 903.63 2.00
29.92 903.18 2.00
29.93 902.72 2.00
29.94 902.27 2.00
29.95 901.82 2.00
29.96 901.36 2.00
29.97 900.91 2.00
29.98 900.45 2.00
29.99 900.00 2.00
30.00 899.55 2.00
30.01 899.09 2.00
30.02 898.64 2.00
30.03 898.18 2.00
30.04 897.73 2.00
30.05 897.28 2.00
30.06 896.82 2.00
30.07 896.37 2.00
30.08 895.91 2.00
30.09 895.46 2.00
30.10 895.01 2.00
30.11 894.55 2.00
30.12 894.10 2.00
30.13 893.64 2.00
30.14 893.19 2.00
30.15 892.74 2.00
30.16 892.28 2.00
30.17 891.83 2.00
30.18 891.37 2.00
30.19 890.92 2.00
30.20 890.46 2.00
30.21 890.01 2.00
30.22 889.56 2.00
30.23 889.10 2.00
30.24 888.65 2.00
30.25 888.19 2.00
30.26 887.74 2.00
30.27 887.28 2.00
30.28 886.83 2.00
30.29 886.38 2.00
30.30 885.92 2.00
30.31 885.47 2.00
30.32 885.01 2.00
30.33 884.56 2.00
30.34 884.10 2.00
30.35 883.65 2.00
30.36 883.20 2.00
30.37 882.74 2.00
30.38 882.29 2.00
30.39 881.83 2.00
30.40 881.38 2.00
30.41 880.92 2.00
30.42 880.47 2.00
30.43 880.02 2.00
30.44 879.56 2.00
30.45 879.11 2.00
30.46 878.65 2.00
30.47 878.20 2.00
30.48 877.74 2.00
30.49 877.29 2.00
30.50 876.83 2.00
30.51 876.38 2.00
30.52 875.93 2.00
30.53 875.47 2.00
30.54 875.02 2.00
30.55 874.56 2.00
30.56 874.11 2.00
30.57 873.65 2.00
30.58 873.20 2.00
30.59 872.74 2.00
30.60 872.29 2.00
30.61 871.83 2.00
30.62 871.38 2.00
30.63 870.93 2.00
30.64 870.47 2.00
30.65 870.02 2.00
30.66 869.56 2.00
30.67 869.11 2.00
30.68 868.65 2.00
30.69 868.20 2.00
30.70 867.74 2.00
30.71 867.29 2.00
30.72 866.83 2.00
30.73 866.38 2.00
30.74 865.92 2.00
30.75 865.47 2.00
30.76 865.02 2.00
30.77 864.56 2.00
30.78 864.11 2.00
30.79 863.65 2.00
30.80 863.20 2.00
30.81 862.74 2.00
30.82 862.29 2.00
30.83 861.83 2.00
30.84 861.38 2.00
30.85 860.92 2.00
30.86 860.47 2.00
30.87 860.01 2.00
30.88 859.56 2.00
30.89 859.10 2.00
30.90 858.65 2.00
30.91 858.19 2.00
30.92 857.74 2.00
30.93 857.28 2.00
30.94 856.83 2.00
30.95 856.38 2.00
30.96 855.92 2.00
30.97 855.47 2.00
30.98 855.01 2.00
30.99 854.56 2.00
31.00 854.10 2.00
31.01 853.65 2.00
31.02 853.19 2.00
31.03 852.74 2.00
31.04 852.28 2.00
31.05 851.83 2.00
31.06 851.37 2.00
31.07 850.92 2.00
31.08 850.46 2.00
31.09 850.01 2.00
31.10 849.55 2.00
31.11 849.10 2.00
31.12 848.64 2.00
31.13 848.19 2.00
31.14 847.73 2.00
31.15 847.28 2.00
31.16 846.82 2.00
31.17 846.37 2.00
31.18 845.91 2.00
31.19 845.46 2.00
31.20 845.00 2.00
31.21 844.55 2.00
31.22 844.09 2.00
31.23 843.64 2.00
31.24 843.18 2.00
31.25 842.73 2.00
31.26 842.27 2.00
31.27 841.82 2.00
31.28 841.36 2.00
31.29 840.91 2.00
31.30 840.45 2.00
31.31 840.00 2.00
31.32 839.54 2.00
31.33 839.09 2.00
31.34 838.63 2.00
31.35 838.18 2.00
31.36 837.72 2.00
31.37 837.27 2.00
31.38 836.81 2.00
31.39 836.36 2.00
31.40 835.90 2.00
31.41 835.44 2.00
31.42 834.99 2.00
31.43 834.53 2.00
31.44 834.08 2.00
31.45 833.62 2.00
31.46 833.17 2.00
31.47 832.71 2.00
31.48 832.26 2.00
31.49 831.80 2.00
31.50 831.35 2.00
31.51 830.89 2.00
31.52 830.44 2.00
31.53 829.98 2.00
31.54 829.53 2.00
31.55 829.07 2.00
31.56 828.62 2.00
31.57 828.16 2.00
31.58 827.71 2.00
31.59 827.25 2.00
31.60 826.80 2.00
31.61 826.34 2.00
31.62 825.88 2.00
31.63 825.43 2.00
31.64 824.97 2.00
31.65 824.52 2.00
31.66 824.06 2.00
31.67 823.61 2.00
31.68 823.15 2.00
31.69 822.70 2.00
31.70 822.24 2.00
31.71 821.79 2.00
31.72 821.33 2.00
31.73 820.88 2.00
31.74 820.42 2.00
31.75 819.96 2.00
31.76 819.51 2.00
31.77 819.05 2.00
31.78 818.60 2.00
31.79 818.14 2.00
31.80 817.69 2.00
31.81 817.23 2.00
31.82 816.78 2.00
31.83 816.32 2.00
31.84 815.87 2.00
31.85 815.41 2.00
31.86 814.95 2.00
31.87 814.50 2.00
31.88 814.04 2.00
31.89 813.59 2.00
31.90 813.13 2.00
31.91 812.68 2.00
31.92 812.22 2.00
31.93 811.77 2.00
31.94 811.31 2.00
31.95 810.85 2.00
31.96 810.40 2.00
31.97 809.94 2.00
31.98 809.49 2.00
31.99 809.03 2.00
32.00 808.58 2.00
32.01 808.12 2.00
32.02 807.67 2.00
32.03 807.21 2.00
32.04 806.75 2.00
32.05 806.30 2.00
32.06 805.84 2.00
32.07 805.39 2.00
32.08 804.93 2.00
32.09 804.48 2.00
32.10 804.02 2.00
32.11 803.56 2.00
32.12 803.11 2.00
32.13 802.65 2.00
32.14 802.20 2.00
32.15 801.74 2.00
32.16 801.29 2.00
32.17 800.83 2.00
32.18 800.37 2.00
32.19 799.92 2.00
32.20 799.46 2.00
32.21 799.01 2.00
32.22 798.55 2.00
32.23 798.10 2.00
32.24 797.64 2.00
32.25 797.18 2.00
32.26 796.73 2.00
32.27 796.27 2.00
32.28 795.82 2.00
32.29 795.36 2.00
32.30 794.91 2.00
32.31 794.45 2.00
32.32 793.99 2.00
32.33 793.54 2.00
32.34 793.08 2.00
32.35 792.63 2.00
32.36 792.17 2.00
32.37 791.71 2.00
32.38 791.26 2.00
32.39 790.80 2.00
32.40 790.35 2.00
32.41 789.89 2.00
32.42 789.43 2.00
32.43 788.98 2.00
32.44 788.52 2.00
32.45 788.07 2.00
32.46 787.61 2.00
32.47 787.16 2.00
32.48 786.70 2.00
32.49 786.24 2.00
32.50 785.79 2.00
32.51 785.33 2.00
32.52 784.88 2.00
32.53 784.42 2.00
32.54 783.96 2.00
32.55 783.51 2.00
32.56 783.05 2.00
32.57 782.60 2.00
32.58 782.14 2.00
32.59 781.68 2.00
32.60 781.23 2.00
32.61 780.77 2.00
32.62 780.32 2.00
32.63 779.86 2.00
32.64 779.40 2.00
32.65 778.95 2.00
32.66 778.49 2.00
32.67 778.04 2.00
32.68 777.58 2.00
32.69 777.12 2.00
32.70 776.67 2.00
32.71 776.21 2.00
32.72 775.75 2.00
32.73 775.30 2.00
32.74 774.84 2.00
32.75 774.39 2.00
32.76 773.93 2.00
32.77 773.47 2.00
32.78 773.02 2.00
32.79 772.56 2.00
32.80 772.11 2.00
32.81 771.65 2.00
32.82 771.19 2.00
32.83 770.74 2.00
32.84 770.28 2.00
32.85 769.83 2.00
32.86 769.37 2.00
32.87 768.91 2.00
32.88 768.46 2.00
32.89 768.00 2.00
32.90 767.54 2.00
32.91 767.09 2.00
32.92 766.63 2.00
32.93 766.18 2.00
32.94 765.72 2.00
32.95 765.26 2.00
32.96 764.81 2.00
32.97 764.35 2.00
32.98 763.89 2.00
32.99 763.44 2.00
33.00 762.98 2.00
33.01 762.53 2.00
33.02 762.07 2.00
33.03 761.61 2.00
33.04 761.16 2.00
33.05 760.70 2.00
33.06 760.24 2.00
33.07 759.79 2.00
33.08 759.33 2.00
33.09 758.87 2.00
33.10 758.42 2.00
33.11 757.96 2.00
33.12 757.51 2.00
33.13 757.05 2.00
33.14 756.59 2.00
33.15 756.14 2.00
33.16 755.68 2.00
33.17 755.22 2.00
33.18 754.77 2.00
33.19 754.31 2.00
33.20 753.85 2.00
33.21 753.40 2.00
33.22 752.94 2.00
33.23 752.49 2.00
33.24 752.03 2.00
33.25 751.57 2.00
33.26 751.12 2.00
33.27 750.66 2.00
33.28 750.20 2.00
33.29 749.75 2.00
33.30 749.29 2.00
33.31 748.83 2.00
33.32 748.38 2.00
33.33 747.92 2.00
33.34 747.46 2.00
33.35 747.01 2.00
33.36 746.55 2.00
33.37 746.09 2.00
33.38 745.64 2.00
33.39 745.18 2.00
33.40 744.73 2.00
33.41 744.27 2.00
33.42 743.81 2.00
33.43 743.36 2.00
33.44 742.90 2.00
33.45 742.44 2.00
33.46 741.99 2.00
33.47 741.53 2.00
33.48 741.07 2.00
33.49 740.62 2.00
33.50 740.16 2.00
33.51 739.70 2.00
33.52 739.25 2.00
33.53 738.79 2.00
33.54 738.33 2.00
33.55 737.88 2.00
33.56 737.42 2.00
33.57 736.96 2.00
33.58 736.51 2.00
33.59 736.05 2.00
33.60 735.59 2.00
33.61 735.14 2.00
33.62 734.68 2.00
33.63 734.22 2.00
33.64 733.77 2.00
33.65 733.31 2.00
33.66 732.85 2.00
33.67 732.40 2.00
33.68 731.94 2.00
33.69 731.48 2.00
33.70 731.03 2.00
33.71 730.57 2.00
33.72 730.11 2.00
33.73 729.66 2.00
33.74 729.20 2.00
33.75 728.74 2.00
33.76 728.29 2.00
33.77 727.83 2.00
33.78 727.37 2.00
33.79 726.92 2.00
33.80 726.46 2.00
33.81 726.00 2.00
33.82 725.55 2.00
33.83 725.09 2.00
33.84 724.63 2.00
33.85 724.18 2.00
33.86 723.72 2.00
33.87 723.26 2.00
33.88 722.80 2.00
33.89 722.35 2.00
33.90 721.89 2.00
33.91 721.43 2.00
33.92 720.98 2.00
33.93 720.52 2.00
33.94 720.06 2.00
33.95 719.61 2.00
33.96 719.15 2.00
33.97 718.69 2.00
33.98 718.24 2.00
33.99 717.78 2.00
34.00 717.32 2.00
34.01 716.87 2.00
34.02 716.41 2.00
34.03 715.95 2.00
34.04 715.49 2.00
34.05 715.04 2.00
34.06 714.58 2.00
34.07 714.12 2.00
34.08 713.67 2.00
34.09 713.21 2.00
34.10 712.75 2.00
34.11 712.30 2.00
34.12 711.84 2.00
34.13 711.38 2.00
34.14 710.93 2.00
34.15 710.47 2.00
34.16 710.01 2.00
34.17 709.55 2.00
34.18 709.10 2.00
34.19 708.64 2.00
34.20 708.18 2.00
34.21 707.73 2.00
34.22 707.27 2.00
34.23 706.81 2.00
34.24 706.36 2.00
34.25 705.90 2.00
34.26 705.44 2.00
34.27 704.98 2.00
34.28 704.53 2.00
34.29 704.07 2.00
34.30 703.61 2.00
34.31 703.16 2.00
34.32 702.70 2.00
34.33 702.24 2.00
34.34 701.78 2.00
34.35 701.33 2.00
34.36 700.87 2.00
34.37 700.41 2.00
34.38 699.96 2.00
34.39 699.50 2.00
34.40 699.04 2.00
34.41 698.59 2.00
34.42 698.13 2.00
34.43 697.67 2.00
34.44 697.21 2.00
34.45 696.76 2.00
34.46 696.30 2.00
34.47 695.84 2.00
34.48 695.39 2.00
34.49 694.93 2.00
34.50 694.47 2.00
34.51 694.01 2.00
34.52 693.56 2.00
34.53 693.10 2.00
34.54 692.64 2.00
34.55 692.18 2.00
34.56 691.73 2.00
34.57 691.27 2.00
34.58 690.81 2.00
34.59 690.36 2.00
34.60 689.90 2.00
34.61 689.44 2.00
34.62 688.98 2.00
34.63 688.53 2.00
34.64 688.07 2.00
34.65 687.61 2.00
34.66 687.16 2.00
34.67 686.70 2.00
34.68 686.24 2.00
34.69 685.78 2.00
34.70 685.33 2.00
34.71 684.87 2.00
34.72 684.41 2.00
34.73 683.95 2.00
34.74 683.50 2.00
34.75 683.04 2.00
34.76 682.58 2.00
34.77 682.13 2.00
34.78 681.67 2.00
34.79 681.21 2.00
34.80 680.75 2.00
34.81 680.30 2.00
34.82 679.84 2.00
34.83 679.38 2.00
34.84 678.92 2.00
34.85 678.47 2.00
34.86 678.01 2.00
34.87 677.55 2.00
34.88 677.09 2.00
34.89 676.64 2.00
34.90 676.18 2.00
34.91 675.72 2.00
34.92 675.26 2.00
34.93 674.81 2.00
34.94 674.35 2.00
34.95 673.89 2.00
34.96 673.43 2.00
34.97 672.98 2.00
34.98 672.52 2.00
34.99 672.06 2.00
35.00 671.61 2.00
35.01 671.15 2.00
35.02 670.69 2.00
35.03 670.23 2.00
35.04 669.78 2.00
35.05 669.32 2.00
35.06 668.86 2.00
35.07 668.40 2.00
35.08 667.95 2.00
35.09 667.49 2.00
35.10 667.03 2.00
35.11 666.57 2.00
35.12 666.12 2.00
35.13 665.66 2.00
35.14 665.20 2.00
35.15 664.74 2.00
35.16 664.29 2.00
35.17 663.83 2.00
35.18 663.37 2.00
35.19 662.91 2.00
35.20 662.46 2.00
35.21 662.00 2.00
35.22 661.54 2.00
35.23 661.08 2.00
35.24 660.62 2.00
35.25 660.17 2.00
35.26 659.71 2.00
35.27 659.25 2.00
35.28 658.79 2.00
35.29 658.34 2.00
35.30 657.88 2.00
35.31 657.42 2.00
35.32 656.96 2.00
35.33 656.51 2.00
35.34 656.05 2.00
35.35 655.59 2.00
35.36 655.13 2.00
35.37 654.68 2.00
35.38 654.22 2.00
35.39 653.76 2.00
35.40 653.30 2.00
35.41 652.85 2.00
35.42 652.39 2.00
35.43 651.93 2.00
35.44 651.47 2.00
35.45 651.01 2.00
35.46 650.56 2.00
35.47 650.10 2.00
35.48 649.64 2.00
35.49 649.18 2.00
35.50 648.73 2.00
35.51 648.27 2.00
35.52 647.81 2.00
35.53 647.35 2.00
35.54 646.90 2.00
35.55 646.44 2.00
35.56 645.98 2.00
35.57 645.52 2.00
35.58 645.06 2.00
35.59 644.61 2.00
35.60 644.15 2.00
35.61 643.69 2.00
35.62 643.23 2.00
35.63 642.78 2.00
35.64 642.32 2.00
35.65 641.86 2.00
35.66 641.40 2.00
35.67 640.94 2.00
35.68 640.49 2.00
35.69 640.03 2.00
35.70 639.57 2.00
35.71 639.11 2.00
35.72 638.66 2.00
35.73 638.20 2.00
35.74 637.74 2.00
35.75 637.28 2.00
35.76 636.82 2.00
35.77 636.37 2.00
35.78 635.91 2.00
35.79 635.45 2.00
35.80 634.99 2.00
35.81 634.53 2.00
35.82 634.08 2.00
35.83 633.62 2.00
35.84 633.16 2.00
35.85 632.70 2.00
35.86 632.25 2.00
35.87 631.79 2.00
35.88 631.33 2.00
35.89 630.87 2.00
35.90 630.41 2.00
35.91 629.96 2.00
35.92 629.50 2.00
35.93 629.04 2.00
35.94 628.58 2.00
35.95 628.12 2.00
35.96 627.67 2.00
35.97 627.21 2.00
35.98 626.75 2.00
35.99 626.29 2.00
36.00 625.83 2.00
36.01 625.38 2.00
36.02 624.92 2.00
36.03 624.46 2.00
36.04 624.00 2.00
36.05 623.54 2.00
36.06 623.09 2.00
36.07 622.63 2.00
36.08 622.17 2.00
36.09 621.71 2.00
36.10 621.25 2.00
36.11 620.80 2.00
36.12 620.34 2.00
36.13 619.88 2.00
36.14 619.42 2.00
36.15 618.96 2.00
36.16 618.51 2.00
36.17 618.05 2.00
36.18 617.59 2.00
36.19 617.13 2.00
36.20 616.67 2.00
36.21 616.22 2.00
36.22 615.76 2.00
36.23 615.30 2.00
36.24 614.84 2.00
36.25 614.38 2.00
36.26 613.93 2.00
36.27 613.47 2.00
36.28 613.01 2.00
36.29 612.55 2.00
36.30 612.09 2.00
36.31 611.63 2.00
36.32 611.18 2.00
36.33 610.72 2.00
36.34 610.26 2.00
36.35 609.80 2.00
36.36 609.34 2.00
36.37 608.89 2.00
36.38 608.43 2.00
36.39 607.97 2.00
36.40 607.51 2.00
36.41 607.05 2.00
36.42 606.60 2.00
36.43 606.14 2.00
36.44 605.68 2.00
36.45 605.22 2.00
36.46 604.76 2.00
36.47 604.30 2.00
36.48 603.85 2.00
36.49 603.39 2.00
36.50 602.93 2.00
36.51 602.47 2.00
36.52 602.01 2.00
36.53 601.55 2.00
36.54 601.10 2.00
36.55 600.64 2.00
36.56 600.18 2.00
36.57 599.72 2.00
36.58 599.26 2.00
36.59 598.81 2.00
36.60 598.35 2.00
36.61 597.89 2.00
36.62 597.43 2.00
36.63 596.97 2.00
36.64 596.51 2.00
36.65 596.06 2.00
36.66 595.60 2.00
36.67 595.14 2.00
36.68 594.68 2.00
36.69 594.22 2.00
36.70 593.76 2.00
36.71 593.31 2.00
36.72 592.85 2.00
36.73 592.39 2.00
36.74 591.93 2.00
36.75 591.47 2.00
36.76 591.01 2.00
36.77 590.56 2.00
36.78 590.10 2.00
36.79 589.64 2.00
36.80 589.18 2.00
36.81 588.72 2.00
36.82 588.26 2.00
36.83 587.81 2.00
36.84 587.35 2.00
36.85 586.89 2.00
36.86 586.43 2.00
36.87 585.97 2.00
36.88 585.51 2.00
36.89 585.06 2.00
36.90 584.60 2.00
36.91 584.14 2.00
36.92 583.68 2.00
36.93 583.22 2.00
36.94 582.76 2.00
36.95 582.31 2.00
36.96 581.85 2.00
36.97 581.39 2.00
36.98 580.93 2.00
36.99 580.47 2.00
37.00 580.01 2.00
37.01 579.55 2.00
37.02 579.10 2.00
37.03 578.64 2.00
37.04 578.18 2.00
37.05 577.72 2.00
37.06 577.26 2.00
37.07 576.80 2.00
37.08 576.35 2.00
37.09 575.89 2.00
37.10 575.43 2.00
37.11 574.97 2.00
37.12 574.51 2.00
37.13 574.05 2.00
37.14 573.59 2.00
37.15 573.14 2.00
37.16 572.68 2.00
37.17 572.22 2.00
37.18 571.76 2.00
37.19 571.30 2.00
37.20 570.84 2.00
37.21 570.38 2.00
37.22 569.93 2.00
37.23 569.47 2.00
37.24 569.01 2.00
37.25 568.55 2.00
37.26 568.09 2.00
37.27 567.63 2.00
37.28 567.18 2.00
37.29 566.72 2.00
37.30 566.26 2.00
37.31 565.80 2.00
37.32 565.34 2.00
37.33 564.88 2.00
37.34 564.42 2.00
37.35 563.96 2.00
37.36 563.51 2.00
37.37 563.05 2.00
37.38 562.59 2.00
37.39 562.13 2.00
37.40 561.67 2.00
37.41 561.21 2.00
37.42 560.75 2.00
37.43 560.30 2.00
37.44 559.84 2.00
37.45 559.38 2.00
37.46 558.92 2.00
37.47 558.46 2.00
37.48 558.00 2.00
37.49 557.54 2.00
37.50 557.09 2.00
37.51 556.63 2.00
37.52 556.17 2.00
37.53 555.71 2.00
37.54 555.25 2.00
37.55 554.79 2.00
37.56 554.33 2.00
37.57 553.87 2.00
37.58 553.42 2.00
37.59 552.96 2.00
37.60 552.50 2.00
37.61 552.04 2.00
37.62 551.58 2.00
37.63 551.12 2.00
37.64 550.66 2.00
37.65 550.20 2.00
37.66 549.75 2.00
37.67 549.29 2.00
37.68 548.83 2.00
37.69 548.37 2.00
37.70 547.91 2.00
37.71 547.45 2.00
37.72 546.99 2.00
37.73 546.53 2.00
37.74 546.08 2.00
37.75 545.62 2.00
37.76 545.16 2.00
37.77 544.70 2.00
37.78 544.24 2.00
37.79 543.78 2.00
37.80 543.32 2.00
37.81 542.86 2.00
37.82 542.41 2.00
37.83 541.95 2.00
37.84 541.49 2.00
37.85 541.03 2.00
37.86 540.57 2.00
37.87 540.11 2.00
37.88 539.65 2.00
37.89 539.19 2.00
37.90 538.74 2.00
37.91 538.28 2.00
37.92 537.82 2.00
37.93 537.36 2.00
37.94 536.90 2.00
37.95 536.44 2.00
37.96 535.98 2.00
37.97 535.52 2.00
37.98 535.06 2.00
37.99 534.61 2.00
38.00 534.15 2.00
38.01 533.69 2.00
38.02 533.23 2.00
38.03 532.77 2.00
38.04 532.31 2.00
38.05 531.85 2.00
38.06 531.39 2.00
38.07 530.93 2.00
38.08 530.48 2.00
38.09 530.02 2.00
38.10 529.56 2.00
38.11 529.10 2.00
38.12 528.64 2.00
38.13 528.18 2.00
38.14 527.72 2.00
38.15 527.26 2.00
38.16 526.80 2.00
38.17 526.34 2.00
38.18 525.89 2.00
38.19 525.43 2.00
38.20 524.97 2.00
38.21 524.51 2.00
38.22 524.05 2.00
38.23 523.59 2.00
38.24 523.13 2.00
38.25 522.67 2.00
38.26 522.21 2.00
38.27 521.76 2.00
38.28 521.30 2.00
38.29 520.84 2.00
38.30 520.38 2.00
38.31 519.92 2.00
38.32 519.46 2.00
38.33 519.00 2.00
38.34 518.54 2.00
38.35 518.08 2.00
38.36 517.62 2.00
38.37 517.16 2.00
38.38 516.71 2.00
38.39 516.25 2.00
38.40 515.79 2.00
38.41 515.33 2.00
38.42 514.87 2.00
38.43 514.41 2.00
38.44 513.95 2.00
38.45 513.49 2.00
38.46 513.03 2.00
38.47 512.57 2.00
38.48 512.12 2.00
38.49 511.66 2.00
38.50 511.20 2.00
38.51 510.74 2.00
38.52 510.28 2.00
38.53 509.82 2.00
38.54 509.36 2.00
38.55 508.90 2.00
38.56 508.44 2.00
38.57 507.98 2.00
38.58 507.52 2.00
38.59 507.06 2.00
38.60 506.61 2.00
38.61 506.15 2.00
38.62 505.69 2.00
38.63 505.23 2.00
38.64 504.77 2.00
38.65 504.31 2.00
38.66 503.85 2.00
38.67 503.39 2.00
38.68 502.93 2.00
38.69 502.47 2.00
38.70 502.01 2.00
38.71 501.56 2.00
38.72 501.10 2.00
38.73 500.64 2.00
38.74 500.18 2.00
38.75 499.72 2.00
38.76 499.26 2.00
38.77 498.80 2.00
38.78 498.34 2.00
38.79 497.88 2.00
38.80 497.42 2.00
38.81 496.96 2.00
38.82 496.50 2.00
38.83 496.04 2.00
38.84 495.59 2.00
38.85 495.13 2.00
38.86 494.67 2.00
38.87 494.21 2.00
38.88 493.75 2.00
38.89 493.29 2.00
38.90 492.83 2.00
38.91 492.37 2.00
38.92 491.91 2.00
38.93 491.45 2.00
38.94 490.99 2.00
38.95 490.53 2.00
38.96 490.07 2.00
38.97 489.61 2.00
38.98 489.16 2.00
38.99 488.70 2.00
39.00 488.24 2.00
39.01 487.78 2.00
39.02 487.32 2.00
39.03 486.86 2.00
39.04 486.40 2.00
39.05 485.94 2.00
39.06 485.48 2.00
39.07 485.02 2.00
39.08 484.56 2.00
39.09 484.10 2.00
39.10 483.64 2.00
39.11 483.18 2.00
39.12 482.73 2.00
39.13 482.27 2.00
39.14 481.81 2.00
39.15 481.35 2.00
39.16 480.89 2.00
39.17 480.43 2.00
39.18 479.97 2.00
39.19 479.51 2.00
39.20 479.05 2.00
39.21 478.59 2.00
39.22 478.13 2.00
39.23 477.67 2.00
39.24 477.21 2.00
39.25 476.75 2.00
39.26 476.29 2.00
39.27 475.83 2.00
39.28 475.38 2.00
39.29 474.92 2.00
39.30 474.46 2.00
39.31 474.00 2.00
39.32 473.54 2.00
39.33 473.08 2.00
39.34 472.62 2.00
39.35 472.16 2.00
39.36 471.70 2.00
39.37 471.24 2.00
39.38 470.78 2.00
39.39 470.32 2.00
39.40 469.86 2.00
39.41 469.40 2.00
39.42 468.94 2.00
39.43 468.48 2.00
39.44 468.02 2.00
39.45 467.56 2.00
39.46 467.11 2.00
39.47 466.65 2.00
39.48 466.19 2.00
39.49 465.73 2.00
39.50 465.27 2.00
39.51 464.81 2.00
39.52 464.35 2.00
39.53 463.89 2.00
39.54 463.43 2.00
39.55 462.97 2.00
39.56 462.51 2.00
39.57 462.05 2.00
39.58 461.59 2.00
39.59 461.13 2.00
39.60 460.67 2.00
39.61 460.21 2.00
39.62 459.75 2.00
39.63 459.29 2.00
39.64 458.83 2.00
39.65 458.37 2.00
39.66 457.91 2.00
39.67 457.46 2.00
39.68 457.00 2.00
39.69 456.54 2.00
39.70 456.08 2.00
39.71 455.62 2.00
39.72 455.16 2.00
39.73 454.70 2.00
39.74 454.24 2.00
39.75 453.78 2.00
39.76 453.32 2.00
39.77 452.86 2.00
39.78 452.40 2.00
39.79 451.94 2.00
39.80 451.48 2.00
39.81 451.02 2.00
39.82 450.56 2.00
39.83 450.10 2.00
39.84 449.64 2.00
39.85 449.18 2.00
39.86 448.72 2.00
39.87 448.26 2.00
39.88 447.80 2.00
39.89 447.34 2.00
39.90 446.88 2.00
39.91 446.42 2.00
39.92 445.96 2.00
39.93 445.51 2.00
39.94 445.05 2.00
39.95 444.59 2.00
39.96 444.13 2.00
39.97 443.67 2.00
39.98 443.21 2.00
39.99 442.75 2.00
40.00 442.29 2.00
40.01 441.83 2.00
40.02 441.37 2.00
40.03 440.91 2.00
40.04 440.45 2.00
40.05 439.99 2.00
40.06 439.53 2.00
40.07 439.07 2.00
40.08 438.61 2.00
40.09 438.15 2.00
40.10 437.69 2.00
40.11 437.23 2.00
40.12 436.77 2.00
40.13 436.31 2.00
40.14 435.85 2.00
40.15 435.39 2.00
40.16 434.93 2.00
40.17 434.47 2.00
40.18 434.01 2.00
40.19 433.55 2.00
40.20 433.09 2.00
40.21 432.63 2.00
40.22 432.17 2.00
40.23 431.71 2.00
40.24 431.25 2.00
40.25 430.79 2.00
40.26 430.33 2.00
40.27 429.87 2.00
40.28 429.41 2.00
40.29 428.95 2.00
40.30 428.50 2.00
40.31 428.04 2.00
40.32 427.58 2.00
40.33 427.12 2.00
40.34 426.66 2.00
40.35 426.20 2.00
40.36 425.74 2.00
40.37 425.28 2.00
40.38 424.82 2.00
40.39 424.36 2.00
40.40 423.90 2.00
40.41 423.44 2.00
40.42 422.98 2.00
40.43 422.52 2.00
40.44 422.06 2.00
40.45 421.60 2.00
40.46 421.14 2.00
40.47 420.68 2.00
40.48 420.22 2.00
40.49 419.76 2.00
40.50 419.30 2.00
40.51 418.84 2.00
40.52 418.38 2.00
40.53 417.92 2.00
40.54 417.46 2.00
40.55 417.00 2.00
40.56 416.54 2.00
40.57 416.08 2.00
40.58 415.62 2.00
40.59 415.16 2.00
40.60 414.70 2.00
40.61 414.24 2.00
40.62 413.78 2.00
40.63 413.32 2.00
40.64 412.86 2.00
40.65 412.40 2.00
40.66 411.94 2.00
40.67 411.48 2.00
40.68 411.02 2.00
40.69 410.56 2.00
40.70 410.10 2.00
40.71 409.64 2.00
40.72 409.18 2.00
40.73 408.72 2.00
40.74 408.26 2.00
40.75 407.80 2.00
40.76 407.34 2.00
40.77 406.88 2.00
40.78 406.42 2.00
40.79 405.96 2.00
40.80 405.50 2.00
40.81 405.04 2.00
40.82 404.58 2.00
40.83 404.12 2.00
40.84 403.66 2.00
40.85 403.20 2.00
40.86 402.74 2.00
40.87 402.28 2.00
40.88 401.82 2.00
40.89 401.36 2.00
40.90 400.90 2.00
40.91 400.44 2.00
40.92 399.98 2.00
40.93 399.52 2.00
40.94 399.06 2.00
40.95 398.60 2.00
40.96 398.14 2.00
40.97 397.68 2.00
40.98 397.22 2.00
40.99 396.76 2.00
41.00 396.30 2.00
41.01 395.84 2.00
41.02 395.38 2.00
41.03 394.92 2.00
41.04 394.46 2.00
41.05 394.00 2.00
41.06 393.54 2.00
41.07 393.08 2.00
41.08 392.62 2.00
41.09 392.16 2.00
41.10 391.70 2.00
41.11 391.24 2.00
41.12 390.78 2.00
41.13 390.32 2.00
41.14 389.86 2.00
41.15 389.40 2.00
41.16 388.94 2.00
41.17 388.48 2.00
41.18 388.02 2.00
41.19 387.56 2.00
41.20 387.10 2.00
41.21 386.64 2.00
41.22 386.18 2.00
41.23 385.72 2.00
41.24 385.26 2.00
41.25 384.80 2.00
41.26 384.34 2.00
41.27 383.88 2.00
41.28 383.42 2.00
41.29 382.96 2.00
41.30 382.50 2.00
41.31 382.04 2.00
41.32 381.58 2.00
41.33 381.12 2.00
41.34 380.66 2.00
41.35 380.20 2.00
41.36 379.74 2.00
41.37 379.28 2.00
41.38 378.82 2.00
41.39 378.36 2.00
41.40 377.90 2.00
41.41 377.44 2.00
41.42 376.98 2.00
41.43 376.51 2.00
41.44 376.05 2.00
41.45 375.59 2.00
41.46 375.13 2.00
41.47 374.67 2.00
41.48 374.21 2.00
41.49 373.75 2.00
41.50 373.29 2.00
41.51 372.83 2.00
41.52 372.37 2.00
41.53 371.91 2.00
41.54 371.45 2.00
41.55 370.99 2.00
41.56 370.53 2.00
41.57 370.07 2.00
41.58 369.61 2.00
41.59 369.15 2.00
41.60 368.69 2.00
41.61 368.23 2.00
41.62 367.77 2.00
41.63 367.31 2.00
41.64 366.85 2.00
41.65 366.39 2.00
41.66 365.93 2.00
41.67 365.47 2.00
41.68 365.01 2.00
41.69 364.55 2.00
41.70 364.09 2.00
41.71 363.63 2.00
41.72 363.17 2.00
41.73 362.71 2.00
41.74 362.25 2.00
41.75 361.79 2.00
41.76 361.33 2.00
41.77 360.87 2.00
41.78 360.41 2.00
41.79 359.95 2.00
41.80 359.49 2.00
41.81 359.02 2.00
41.82 358.56 2.00
41.83 358.10 2.00
41.84 357.64 2.00
41.85 357.18 2.00
41.86 356.72 2.00
41.87 356.26 2.00
41.88 355.80 2.00
41.89 355.34 2.00
41.90 354.88 2.00
41.91 354.42 2.00
41.92 353.96 2.00
41.93 353.50 2.00
41.94 353.04 2.00
41.95 352.58 2.00
41.96 352.12 2.00
41.97 351.66 2.00
41.98 351.20 2.00
41.99 350.74 2.00
42.00 350.28 2.00
42.01 349.82 2.00
42.02 349.36 2.00
42.03 348.90 2.00
42.04 348.44 2.00
42.05 347.98 2.00
42.06 347.52 2.00
42.07 347.06 2.00
42.08 346.59 2.00
42.09 346.13 2.00
42.10 345.67 2.00
42.11 345.21 2.00
42.12 344.75 2.00
42.13 344.29 2.00
42.14 343.83 2.00
42.15 343.37 2.00
42.16 342.91 2.00
42.17 342.45 2.00
42.18 341.99 2.00
42.19 341.53 2.00
42.20 341.07 2.00
42.21 340.61 2.00
42.22 340.15 2.00
42.23 339.69 2.00
42.24 339.23 2.00
42.25 338.77 2.00
42.26 338.31 2.00
42.27 337.85 2.00
42.28 337.39 2.00
42.29 336.93 2.00
42.30 336.46 2.00
42.31 336.00 2.00
42.32 335.54 2.00
42.33 335.08 2.00
42.34 334.62 2.00
42.35 334.16 2.00
42.36 333.70 2.00
42.37 333.24 2.00
42.38 332.78 2.00
42.39 332.32 2.00
42.40 331.86 2.00
42.41 331.40 2.00
42.42 330.94 2.00
42.43 330.48 2.00
42.44 330.02 2.00
42.45 329.56 2.00
42.46 329.10 2.00
42.47 328.64 2.00
42.48 328.18 2.00
42.49 327.71 2.00
42.50 327.25 2.00
42.51 326.79 2.00
42.52 326.33 2.00
42.53 325.87 2.00
42.54 325.41 2.00
42.55 324.95 2.00
42.56 324.49 2.00
42.57 324.03 2.00
42.58 323.57 2.00
42.59 323.11 2.00
42.60 322.65 2.00
42.61 322.19 2.00
42.62 321.73 2.00
42.63 321.27 2.00
42.64 320.81 2.00
42.65 320.35 2.00
42.66 319.89 2.00
42.67 319.42 2.00
42.68 318.96 2.00
42.69 318.50 2.00
42.70 318.04 2.00
42.71 317.58 2.00
42.72 317.12 2.00
42.73 316.66 2.00
42.74 316.20 2.00
42.75 315.74 2.00
42.76 315.28 2.00
42.77 314.82 2.00
42.78 314.36 2.00
42.79 313.90 2.00
42.80 313.44 2.00
42.81 312.98 2.00
42.82 312.51 2.00
42.83 312.05 2.00
42.84 311.59 2.00
42.85 311.13 2.00
42.86 310.67 2.00
42.87 310.21 2.00
42.88 309.75 2.00
42.89 309.29 2.00
42.90 308.83 2.00
42.91 308.37 2.00
42.92 307.91 2.00
42.93 307.45 2.00
42.94 306.99 2.00
42.95 306.53 2.00
42.96 306.07 2.00
42.97 305.60 2.00
42.98 305.14 2.00
42.99 304.68 2.00
43.00 304.22 2.00
43.01 303.76 2.00
43.02 303.30 2.00
43.03 302.84 2.00
43.04 302.38 2.00
43.05 301.92 2.00
43.06 301.46 2.00
43.07 301.00 2.00
43.08 300.54 2.00
43.09 300.08 2.00
43.10 299.62 2.00
43.11 299.15 2.00
43.12 298.69 2.00
43.13 298.23 2.00
43.14 297.77 2.00
43.15 297.31 2.00
43.16 296.85 2.00
43.17 296.39 2.00
43.18 295.93 2.00
43.19 295.47 2.00
43.20 295.01 2.00
43.21 294.55 2.00
43.22 294.09 2.00
43.23 293.63 2.00
43.24 293.16 2.00
43.25 292.70 2.00
43.26 292.24 2.00
43.27 291.78 2.00
43.28 291.32 2.00
43.29 290.86 2.00
43.30 290.40 2.00
43.31 289.94 2.00
43.32 289.48 2.00
43.33 289.02 2.00
43.34 288.56 2.00
43.35 288.10 2.00
43.36 287.63 2.00
43.37 287.17 2.00
43.38 286.71 2.00
43.39 286.25 2.00
43.40 285.79 2.00
43.41 285.33 2.00
43.42 284.87 2.00
43.43 284.41 2.00
43.44 283.95 2.00
43.45 283.49 2.00
43.46 283.03 2.00
43.47 282.57 2.00
43.48 282.10 2.00
43.49 281.64 2.00
43.50 281.18 2.00
43.51 280.72 2.00
43.52 280.26 2.00
43.53 279.80 2.00
43.54 279.34 2.00
43.55 278.88 2.00
43.56 278.42 2.00
43.57 277.96 2.00
43.58 277.50 2.00
43.59 277.03 2.00
43.60 276.57 2.00
43.61 276.11 2.00
43.62 275.65 2.00
43.63 275.19 2.00
43.64 274.73 2.00
43.65 274.27 2.00
43.66 273.81 2.00
43.67 273.35 2.00
43.68 272.89 2.00
43.69 272.43 2.00
43.70 271.96 2.00
43.71 271.50 2.00
43.72 271.04 2.00
43.73 270.58 2.00
43.74 270.12 2.00
43.75 269.66 2.00
43.76 269.20 2.00
43.77 268.74 2.00
43.78 268.28 2.00
43.79 267.82 2.00
43.80 267.36 2.00
43.81 266.89 2.00
43.82 266.43 2.00
43.83 265.97 2.00
43.84 265.51 2.00
43.85 265.05 2.00
43.86 264.59 2.00
43.87 264.13 2.00
43.88 263.67 2.00
43.89 263.21 2.00
43.90 262.75 2.00
43.91 262.28 2.00
43.92 261.82 2.00
43.93 261.36 2.00
43.94 260.90 2.00
43.95 260.44 2.00
43.96 259.98 2.00
43.97 259.52 2.00
43.98 259.06 2.00
43.99 258.60 2.00
44.00 258.14 2.00
44.01 257.67 2.00
44.02 257.21 2.00
44.03 256.75 2.00
44.04 256.29 2.00
44.05 255.83 2.00
44.06 255.37 2.00
44.07 254.91 2.00
44.08 254.45 2.00
44.09 253.99 2.00
44.10 253.53 2.00
44.11 253.06 2.00
44.12 252.60 2.00
44.13 252.14 2.00
44.14 251.68 2.00
44.15 251.22 2.00
44.16 250.76 2.00
44.17 250.30 2.00
44.18 249.84 2.00
44.19 249.38 2.00
44.20 248.91 2.00
44.21 248.45 2.00
44.22 247.99 2.00
44.23 247.53 2.00
44.24 247.07 2.00
44.25 246.61 2.00
44.26 246.15 2.00
44.27 245.69 2.00
44.28 245.23 2.00
44.29 244.76 2.00
44.30 244.30 2.00
44.31 243.84 2.00
44.32 243.38 2.00
44.33 242.92 2.00
44.34 242.46 2.00
44.35 242.00 2.00
44.36 241.54 2.00
44.37 241.08 2.00
44.38 240.61 2.00
44.39 240.15 2.00
44.40 239.69 2.00
44.41 239.23 2.00
44.42 238.77 2.00
44.43 238.31 2.00
44.44 237.85 2.00
44.45 237.39 2.00
44.46 236.93 2.00
44.47 236.46 2.00
44.48 236.00 2.00
44.49 235.54 2.00
44.50 235.08 2.00
44.51 234.62 2.00
44.52 234.16 2.00
44.53 233.70 2.00
44.54 233.24 2.00
44.55 232.77 2.00
44.56 232.31 2.00
44.57 231.85 2.00
44.58 231.39 2.00
44.59 230.93 2.00
44.60 230.47 2.00
44.61 230.01 2.00
44.62 229.55 2.00
44.63 229.08 2.00
44.64 228.62 2.00
44.65 228.16 2.00
44.66 227.70 2.00
44.67 227.24 2.00
44.68 226.78 2.00
44.69 226.32 2.00
44.70 225.86 2.00
44.71 225.39 2.00
44.72 224.93 2.00
44.73 224.47 2.00
44.74 224.01 2.00
44.75 223.55 2.00
44.76 223.09 2.00
44.77 222.63 2.00
44.78 222.17 2.00
44.79 221.70 2.00
44.80 221.24 2.00
44.81 220.78 2.00
44.82 220.32 2.00
44.83 219.86 2.00
44.84 219.40 2.00
44.85 218.94 2.00
44.86 218.47 2.00
44.87 218.01 2.00
44.88 217.55 2.00
44.89 217.09 2.00
44.90 216.63 2.00
44.91 216.17 2.00
44.92 215.71 2.00
44.93 215.25 2.00
44.94 214.78 2.00
44.95 214.32 2.00
44.96 213.86 2.00
44.97 213.40 2.00
44.98 212.94 2.00
44.99 212.48 2.00
45.00 212.02 2.00
45.01 211.55 2.00
45.02 211.09 2.00
45.03 210.63 2.00
45.04 210.17 2.00
45.05 209.71 2.00
45.06 209.25 2.00
45.07 208.79 2.00
45.08 208.32 2.00
45.09 207.86 2.00
45.10 207.40 2.00
45.11 206.94 2.00
45.12 206.48 2.00
45.13 206.02 2.00
45.14 205.56 2.00
45.15 205.09 2.00
45.16 204.63 2.00
45.17 204.17 2.00
45.18 203.71 2.00
45.19 203.25 2.00
45.20 202.79 2.00
45.21 202.32 2.00
45.22 201.86 2.00
45.23 201.40 2.00
45.24 200.94 2.00
45.25 200.48 2.00
45.26 200.02 2.00
45.27 199.56 2.00
45.28 199.09 2.00
45.29 198.63 2.00
45.30 198.17 2.00
45.31 197.71 2.00
45.32 197.25 2.00
45.33 196.79 2.00
45.34 196.33 2.00
45.35 195.86 2.00
45.36 195.40 2.00
45.37 194.94 2.00
45.38 194.48 2.00
45.39 194.02 2.00
45.40 193.56 2.00
45.41 193.09 2.00
45.42 192.63 2.00
45.43 192.17 2.00
45.44 191.71 2.00
45.45 191.25 2.00
45.46 190.79 2.00
45.47 190.32 2.00
45.48 189.86 2.00
45.49 189.40 2.00
45.50 188.94 2.00
45.51 188.48 2.00
45.52 188.02 2.00
45.53 187.55 2.00
45.54 187.09 2.00
45.55 186.63 2.00
45.56 186.17 2.00
45.57 185.71 2.00
45.58 185.25 2.00
45.59 184.78 2.00
45.60 184.32 2.00
45.61 183.86 2.00
45.62 183.40 2.00
45.63 182.94 2.00
45.64 182.48 2.00
45.65 182.01 2.00
45.66 181.55 2.00
45.67 181.09 2.00
45.68 180.63 2.00
45.69 180.17 2.00
45.70 179.71 2.00
45.71 179.24 2.00
45.72 178.78 2.00
45.73 178.32 2.00
45.74 177.86 2.00
45.75 177.40 2.00
45.76 176.94 2.00
45.77 176.47 2.00
45.78 176.01 2.00
45.79 175.55 2.00
45.80 175.09 2.00
45.81 174.63 2.00
45.82 174.17 2.00
45.83 173.70 2.00
45.84 173.24 2.00
45.85 172.78 2.00
45.86 172.32 2.00
45.87 171.86 2.00
45.88 171.39 2.00
45.89 170.93 2.00
45.90 170.47 2.00
45.91 170.01 2.00
45.92 169.55 2.00
45.93 169.09 2.00
45.94 168.62 2.00
45.95 168.16 2.00
45.96 167.70 2.00
45.97 167.24 2.00
45.98 166.78 2.00
45.99 166.31 2.00
46.00 165.85 2.00
46.01 165.39 2.00
46.02 164.93 2.00
46.03 164.47 2.00
46.04 164.01 2.00
46.05 163.54 2.00
46.06 163.08 2.00
46.07 162.62 2.00
46.08 162.16 2.00
46.09 161.70 2.00
46.10 161.23 2.00
46.11 160.77 2.00
46.12 160.31 2.00
46.13 159.85 2.00
46.14 159.39 2.00
46.15 158.92 2.00
46.16 158.46 2.00
46.17 158.00 2.00
46.18 157.54 2.00
46.19 157.08 2.00
46.20 156.61 2.00
46.21 156.15 2.00
46.22 155.69 2.00
46.23 155.23 2.00
46.24 154.77 2.00
46.25 154.30 2.00
46.26 153.84 2.00
46.27 153.38 2.00
46.28 152.92 2.00
46.29 152.46 2.00
46.30 151.99 2.00
46.31 151.53 2.00
46.32 151.07 2.00
46.33 150.61 2.00
46.34 150.15 2.00
46.35 149.68 2.00
46.36 149.22 2.00
46.37 148.76 2.00
46.38 148.30 2.00
46.39 147.84 2.00
46.40 147.37 2.00
46.41 146.91 2.00
46.42 146.45 2.00
46.43 145.99 2.00
46.44 145.52 2.00
46.45 145.06 2.00
46.46 144.60 2.00
46.47 144.14 2.00
46.48 143.67 2.00
46.49 143.21 2.00
46.50 142.75 2.00
46.51 142.29 2.00
46.52 141.83 2.00
46.53 141.36 2.00
46.54 140.90 2.00
46.55 140.44 2.00
46.56 139.98 2.00
46.57 139.51 2.00
46.58 139.05 2.00
46.59 138.59 2.00
46.60 138.13 2.00
46.61 137.66 2.00
46.62 137.20 2.00
46.63 136.74 2.00
46.64 136.28 2.00
46.65 135.81 2.00
46.66 135.35 2.00
46.67 134.89 2.00
46.68 134.43 2.00
46.69 133.96 2.00
46.70 133.50 2.00
46.71 133.04 2.00
46.72 132.57 2.00
46.73 132.11 2.00
46.74 131.65 2.00
46.75 131.19 2.00
46.76 130.72 2.00
46.77 130.26 2.00
46.78 129.80 2.00
46.79 129.34 2.00
46.80 128.87 2.00
46.81 128.41 2.00
46.82 127.95 2.00
46.83 127.48 2.00
46.84 127.02 2.00
46.85 126.56 2.00
46.86 126.10 2.00
46.87 125.63 2.00
46.88 125.17 2.00
46.89 124.71 2.00
46.90 124.24 2.00
46.91 123.78 2.00
46.92 123.32 2.00
46.93 122.86 2.00
46.94 122.39 2.00
46.95 121.93 2.00
46.96 121.47 2.00
46.97 121.00 2.00
46.98 120.54 2.00
46.99 120.08 2.00
47.00 119.61 2.00
47.01 119.15 2.00
47.02 118.69 2.00
47.03 118.22 2.00
47.04 117.76 2.00
47.05 117.30 2.00
47.06 116.84 2.00
47.07 116.37 2.00
47.08 115.91 2.00
47.09 115.45 2.00
47.10 114.98 2.00
47.11 114.52 2.00
47.12 114.06 2.00
47.13 113.59 2.00
47.14 113.13 2.00
47.15 112.67 2.00
47.16 112.20 2.00
47.17 111.74 2.00
47.18 111.28 2.00
47.19 110.81 2.00
47.20 110.35 2.00
47.21 109.89 2.00
47.22 109.42 2.00
47.23 108.96 2.00
47.24 108.50 2.00
47.25 108.03 2.00
47.26 107.57 2.00
47.27 107.11 2.00
47.28 106.64 2.00
47.29 106.18 2.00
47.30 105.72 2.00
47.31 105.25 2.00
47.32 104.79 2.00
47.33 104.33 2.00
47.34 103.86 2.00
47.35 103.40 2.00
47.36 102.94 2.00
47.37 102.47 2.00
47.38 102.01 2.00
47.39 101.54 2.00
47.40 101.08 2.00
47.41 100.62 2.00
47.42 100.15 2.00
47.43 99.69 2.00
47.44 99.23 2.00
47.45 98.76 2.00
47.46 98.30 2.00
47.47 97.84 2.00
47.48 97.37 2.00
47.49 96.91 2.00
47.50 96.44 2.00
47.51 95.98 2.00
47.52 95.52 2.00
47.53 95.05 2.00
47.54 94.59 2.00
47.55 94.13 2.00
47.56 93.66 2.00
47.57 93.20 2.00
47.58 92.74 2.00
47.59 92.27 2.00
47.60 91.81 2.00
47.61 91.34 2.00
47.62 90.88 2.00
47.63 90.42 2.00
47.64 89.95 2.00
47.65 89.49 2.00
47.66 89.02 2.00
47.67 88.56 2.00
47.68 88.10 2.00
47.69 87.63 2.00
47.70 87.17 2.00
47.71 86.70 2.00
47.72 86.24 2.00
47.73 85.78 2.00
47.74 85.31 2.00
47.75 84.85 2.00
47.76 84.39 2.00
47.77 83.92 2.00
47.78 83.46 2.00
47.79 82.99 2.00
47.80 82.53 2.00
47.81 82.06 2.00
47.82 81.60 2.00
47.83 81.14 2.00
47.84 80.67 2.00
47.85 80.21 2.00
47.86 79.74 2.00
47.87 79.28 2.00
47.88 78.82 2.00
47.89 78.35 2.00
47.90 77.89 2.00
47.91 77.42 2.00
47.92 76.96 2.00
47.93 76.50 2.00
47.94 76.03 2.00
47.95 75.57 2.00
47.96 75.10 2.00
47.97 74.64 2.00
47.98 74.17 2.00
47.99 73.71 2.00
48.00 73.25 2.00
48.01 72.78 2.00
48.02 72.32 2.00
48.03 71.85 2.00
48.04 71.39 2.00
48.05 70.92 2.00
48.06 70.46 2.00
48.07 70.00 2.00
48.08 69.53 2.00
48.09 69.07 2.00
48.10 68.60 2.00
48.11 68.14 2.00
48.12 67.67 2.00
48.13 67.21 2.00
48.14 66.75 2.00
48.15 66.28 2.00
48.16 65.82 2.00
48.17 65.35 2.00
48.18 64.89 2.00
48.19 64.42 2.00
48.20 63.96 2.00
48.21 63.49 2.00
48.22 63.03 2.00
48.23 62.57 2.00
48.24 62.10 2.00
48.25 61.64 2.00
48.26 61.17 2.00
48.27 60.71 2.00
48.28 60.24 2.00
48.29 59.78 2.00
48.30 59.31 2.00
48.31 58.85 2.00
48.32 58.38 2.00
48.33 57.92 2.00
48.34 57.46 2.00
48.35 56.99 2.00
48.36 56.53 2.00
48.37 56.06 2.00
48.38 55.60 2.00
48.39 55.13 2.00
48.40 54.67 2.00
48.41 54.20 2.00
48.42 53.74 2.00
48.43 53.27 2.00
48.44 52.81 2.00
48.45 52.34 2.00
48.46 51.88 2.00
48.47 51.41 2.00
48.48 50.95 2.00
48.49 50.49 2.00
48.50 50.02 2.00
48.51 49.56 2.00
48.52 49.09 2.00
48.53 48.63 2.00
48.54 48.16 2.00
48.55 47.70 2.00
48.56 47.23 2.00
48.57 46.77 2.00
48.58 46.30 2.00
48.59 45.84 2.00
48.60 45.37 2.00
48.61 44.91 2.00
48.62 44.44 2.00
48.63 43.98 2.00
48.64 43.51 2.00
48.65 43.05 2.00
48.66 42.58 2.00
48.67 42.12 2.00
48.68 41.65 2.00
48.69 41.19 2.00
48.70 40.72 2.00
48.71 40.26 2.00
48.72 39.79 2.00
48.73 39.33 2.00
48.74 38.86 2.00
48.75 38.40 2.00
48.76 37.93 2.00
48.77 37.47 2.00
48.78 37.00 2.00
48.79 36.54 2.00
48.80 36.07 2.00
48.81 35.61 2.00
48.82 35.14 2.00
48.83 34.68 2.00
48.84 34.21 2.00
48.85 33.75 2.00
48.86 33.28 2.00
48.87 32.82 2.00
48.88 32.35 2.00
48.89 31.89 2.00
48.90 31.42 2.00
48.91 30.96 2.00
48.92 30.49 2.00
48.93 30.03 2.00
48.94 29.56 2.00
48.95 29.10 2.00
48.96 28.63 2.00
48.97 28.17 2.00
48.98 27.70 2.00
48.99 27.24 2.00
49.00 26.77 2.00
49.01 26.31 2.00
49.02 25.84 2.00
49.03 25.38 2.00
49.04 24.91 2.00
49.05 24.44 2.00
49.06 23.98 2.00
49.07 23.51 2.00
49.08 23.05 2.00
49.09 22.58 2.00
49.10 22.12 2.00
49.11 21.65 2.00
49.12 21.19 2.00
49.13 20.72 2.00
49.14 20.26 2.00
49.15 19.79 2.00
49.16 19.33 2.00
49.17 18.86 2.00
49.18 18.40 2.00
49.19 17.93 2.00
49.20 17.46 2.00
49.21 17.00 2.00
49.22 16.53 2.00
49.23 16.07 2.00
49.24 15.60 2.00
49.25 15.14 2.00
49.26 14.67 2.00
49.27 14.21 2.00
49.28 13.74 2.00
49.29 13.28 2.00
49.30 12.81 2.00
49.31 12.34 2.00
49.32 11.88 2.00
49.33 11.41 2.00
49.34 10.95 2.00
49.35 10.48 2.00
49.36 10.02 2.00
49.37 9.55 2.00
49.38 9.09 2.00
49.39 8.62 2.00
49.40 8.16 2.00
49.41 7.69 2.00
49.42 7.22 2.00
49.43 6.76 2.00
49.44 6.29 2.00
49.45 5.83 2.00
49.46 5.36 2.00
49.47 4.90 2.00
49.48 4.43 2.00
49.49 3.97 2.00
49.50 3.50 2.00
49.51 3.03 2.00
49.52 2.57 2.00
49.53 2.10 2.00
49.54 1.64 2.00
49.55 1.17 2.00
49.56 0.71 2.00
49.57 0.24 2.00

# vehicle f_1.1
2.63 1994.90 6.00
2.64 1994.48 6.00
2.65 1994.07 6.00
2.66 1993.65 6.00
2.67 1993.24 6.00
2.68 1992.82 6.00
2.69 1992.40 6.00
2.70 1991.99 6.00
2.71 1991.57 6.00
2.72 1991.16 6.00
2.73 1990.74 6.00
2.74 1990.32 6.00
2.75 1989.91 6.00
2.76 1989.49 6.00
2.77 1989.07 6.00
2.78 1988.66 6.00
2.79 1988.24 6.00
2.80 1987.83 6.00
2.81 1987.41 6.00
2.82 1986.99 6.00
2.83 1986.58 6.00
2.84 1986.16 6.00
2.85 1985.75 6.00
2.86 1985.33 6.00
2.87 1984.91 6.00
2.88 1984.50 6.00
2.89 1984.08 6.00
2.90 1983.66 6.00
2.91 1983.25 6.00
2.92 1982.83 6.00
2.93 1982.42 6.00
2.94 1982.00 6.00
2.95 1981.58 6.00
2.96 1981.17 6.00
2.97 1980.75 6.00
2.98 1980.33 6.00
2.99 1979.92 6.00
3.00 1979.50 6.00
3.01 1979.08 6.00
3.02 1978.67 6.00
3.03 1978.25 6.00
3.04 1977.84 6.00
3.05 1977.42 6.00
3.06 1977.00 6.00
3.07 1976.59 6.00
3.08 1976.17 6.00
3.09 1975.75 6.00
3.10 1975.34 6.00
3.11 1974.92 6.00
3.12 1974.50 6.00
3.13 1974.09 6.00
3.14 1973.67 6.00
3.15 1973.25 6.00
3.16 1972.84 6.00
3.17 1972.42 6.00
3.18 1972.00 6.00
3.19 1971.59 6.00
3.20 1971.17 6.00
3.21 1970.75 6.00
3.22 1970.34 6.00
3.23 1969.92 6.00
3.24 1969.50 6.00
3.25 1969.09 6.00
3.26 1968.67 6.00
3.27 1968.26 6.00
3.28 1967.84 6.00
3.29 1967.42 6.00
3.30 1967.01 6.00
3.31 1966.59 6.00
3.32 1966.17 6.00
3.33 1965.76 6.00
3.34 1965.34 6.00
3.35 1964.92 6.00
3.36 1964.51 6.00
3.37 1964.09 6.00
3.38 1963.67 6.00
3.39 1963.25 6.00
3.40 1962.84 6.00
3.41 1962.42 6.00
3.42 1962.00 6.00
3.43 1961.59 6.00
3.44 1961.17 6.00
3.45 1960.75 6.00
3.46 1960.34 6.00
3.47 1959.92 6.00
3.48 1959.50 6.00
3.49 1959.09 6.00
3.50 1958.67 6.00
3.51 1958.25 6.00
3.52 1957.84 6.00
3.53 1957.42 6.00
3.54 1957.00 6.00
3.55 1956.59 6.00
3.56 1956.17 6.00
3.57 1955.75 6.00
3.58 1955.34 6.00
3.59 1954.92 6.00
3.60 1954.50 6.00
3.61 1954.08 6.00
3.62 1953.67 6.00
3.63 1953.25 6.00
3.64 1952.83 6.00
3.65 1952.42 6.00
3.66 1952.00 6.00
3.67 1951.58 6.00
3.68 1951.17 6.00
3.69 1950.75 6.00
3.70 1950.33 6.00
3.71 1949.91 6.00
3.72 1949.50 6.00
3.73 1949.08 6.00
3.74 1948.66 6.00
3.75 1948.25 6.00
3.76 1947.83 6.00
3.77 1947.41 6.00
3.78 1947.00 6.00
3.79 1946.58 6.00
3.80 1946.16 6.00
3.81 1945.74 6.00
3.82 1945.33 6.00
3.83 1944.91 6.00
3.84 1944.49 6.00
3.85 1944.08 6.00
3.86 1943.66 6.00
3.87 1943.24 6.00
3.88 1942.82 6.00
3.89 1942.41 6.00
3.90 1941.99 6.00
3.91 1941.57 6.00
3.92 1941.16 6.00
3.93 1940.74 6.00
3.94 1940.32 6.00
3.95 1939.90 6.00
3.96 1939.49 6.00
3.97 1939.07 6.00
3.98 1938.65 6.00
3.99 1938.24 6.00
4.00 1937.82 6.00
4.01 1937.40 6.00
4.02 1936.98 6.00
4.03 1936.57 6.00
4.04 1936.15 6.00
4.05 1935.73 6.00
4.06 1935.31 6.00
4.07 1934.90 6.00
4.08 1934.48 6.00
4.09 1934.06 6.00
4.10 1933.65 6.00
4.11 1933.23 6.00
4.12 1932.81 6.00
4.13 1932.39 6.00
4.14 1931.98 6.00
4.15 1931.56 6.00
4.16 1931.14 6.00
4.17 1930.72 6.00
4.18 1930.31 6.00
4.19 1929.89 6.00
4.20 1929.47 6.00
4.21 1929.05 6.00
4.22 1928.64 6.00
4.23 1928.22 6.00
4.24 1927.80 6.00
4.25 1927.39 6.00
4.26 1926.97 6.00
4.27 1926.55 6.00
4.28 1926.13 6.00
4.29 1925.72 6.00
4.30 1925.30 6.00
4.31 1924.88 6.00
4.32 1924.46 6.00
4.33 1924.05 6.00
4.34 1923.63 6.00
4.35 1923.21 6.00
4.36 1922.79 6.00
4.37 1922.38 6.00
4.38 1921.96 6.00
4.39 1921.54 6.00
4.40 1921.12 6.00
4.41 1920.71 6.00
4.42 1920.29 6.00
4.43 1919.87 6.00
4.44 1919.45 6.00
4.45 1919.04 6.00
4.46 1918.62 6.00
4.47 1918.20 6.00
4.48 1917.78 6.00
4.49 1917.37 6.00
4.50 1916.95 6.00
4.51 1916.53 6.00
4.52 1916.11 6.00
4.53 1915.69 6.00
4.54 1915.28 6.00
4.55 1914.86 6.00
4.56 1914.44 6.00
4.57 1914.02 6.00
4.58 1913.61 6.00
4.59 1913.19 6.00
4.60 1912.77 6.00
4.61 1912.35 6.00
4.62 1911.94 6.00
4.63 1911.52 6.00
4.64 1911.10 6.00
4.65 1910.68 6.00
4.66 1910.27 6.00
4.67 1909.85 6.00
4.68 1909.43 6.00
4.69 1909.01 6.00
4.70 1908.59 6.00
4.71 1908.18 6.00
4.72 1907.76 6.00
4.73 1907.34 6.00
4.74 1906.92 6.00
4.75 1906.51 6.00
4.76 1906.09 6.00
4.77 1905.67 6.00
4.78 1905.25 6.00
4.79 1904.83 6.00
4.80 1904.42 6.00
4.81 1904.00 6.00
4.82 1903.58 6.00
4.83 1903.16 6.00
4.84 1902.75 6.00
4.85 1902.33 6.00
4.86 1901.91 6.00
4.87 1901.49 6.00
4.88 1901.07 6.00
4.89 1900.66 6.00
4.90 1900.24 6.00
4.91 1899.82 6.00
4.92 1899.40 6.00
4.93 1898.99 6.00
4.94 1898.57 6.00
4.95 1898.15 6.00
4.96 1897.73 6.00
4.97 1897.31 6.00
4.98 1896.90 6.00
4.99 1896.48 6.00
5.00 1896.06 6.00
5.01 1895.64 6.00
5.02 1895.22 6.00
5.03 1894.81 6.00
5.04 1894.39 6.00
5.05 1893.97 6.00
5.06 1893.55 6.00
5.07 1893.13 6.00
5.08 1892.72 6.00
5.09 1892.30 6.00
5.10 1891.88 6.00
5.11 1891.46 6.00
5.12 1891.04 6.00
5.13 1890.63 6.00
5.14 1890.21 6.00
5.15 1889.79 6.00
5.16 1889.37 6.00
5.17 1888.95 6.00
5.18 1888.54 6.00
5.19 1888.12 6.00
5.20 1887.70 6.00
5.21 1887.28 6.00
5.22 1886.86 6.00
5.23 1886.45 6.00
5.24 1886.03 6.00
5.25 1885.61 6.00
5.26 1885.19 6.00
5.27 1884.77 6.00
5.28 1884.36 6.00
5.29 1883.94 6.00
5.30 1883.52 6.00
5.31 1883.10 6.00
5.32 1882.68 6.00
5.33 1882.27 6.00
5.34 1881.85 6.00
5.35 1881.43 6.00
5.36 1881.01 6.00
5.37 1880.59 6.00
5.38 1880.18 6.00
5.39 1879.76 6.00
5.40 1879.34 6.00
5.41 1878.92 6.00
5.42 1878.50 6.00
5.43 1878.08 6.00
5.44 1877.67 6.00
5.45 1877.25 6.00
5.46 1876.83 6.00
5.47 1876.41 6.00
5.48 1875.99 6.00
5.49 1875.58 6.00
5.50 1875.16 6.00
5.51 1874.74 6.00
5.52 1874.32 6.00
5.53 1873.90 6.00
5.54 1873.48 6.00
5.55 1873.07 6.00
5.56 1872.65 6.00
5.57 1872.23 6.00
5.58 1871.81 6.00
5.59 1871.39 6.00
5.60 1870.98 6.00
5.61 1870.56 6.00
5.62 1870.14 6.00
5.63 1869.72 6.00
5.64 1869.30 6.00
5.65 1868.88 6.00
5.66 1868.47 6.00
5.67 1868.05 6.00
5.68 1867.63 6.00
5.69 1867.21 6.00
5.70 1866.79 6.00
5.71 1866.37 6.00
5.72 1865.96 6.00
5.73 1865.54 6.00
5.74 1865.12 6.00
5.75 1864.70 6.00
5.76 1864.28 6.00
5.77 1863.86 6.00
5.78 1863.45 6.00
5.79 1863.03 6.00
5.80 1862.61 6.00
5.81 1862.19 6.00
5.82 1861.77 6.00
5.83 1861.35 6.00
5.84 1860.94 6.00
5.85 1860.52 6.00
5.86 1860.10 6.00
5.87 1859.68 6.00
5.88 1859.26 6.00
5.89 1858.84 6.00
5.90 1858.43 6.00
5.91 1858.01 6.00
5.92 1857.59 6.00
5.93 1857.17 6.00
5.94 1856.75 6.00
5.95 1856.33 6.00
5.96 1855.92 6.00
5.97 1855.50 6.00
5.98 1855.08 6.00
5.99 1854.66 6.00
6.00 1854.24 6.00
6.01 1853.82 6.00
6.02 1853.40 6.00
6.03 1852.99 6.00
6.04 1852.57 6.00
6.05 1852.15 6.00
6.06 1851.73 6.00
6.07 1851.31 6.00
6.08 1850.89 6.00
6.09 1850.48 6.00
6.10 1850.06 6.00
6.11 1849.64 6.00
6.12 1849.22 6.00
6.13 1848.80 6.00
6.14 1848.38 6.00
6.15 1847.96 6.00
6.16 1847.55 6.00
6.17 1847.13 6.00
6.18 1846.71 6.00
6.19 1846.29 6.00
6.20 1845.87 6.00
6.21 1845.45 6.00
6.22 1845.04 6.00
6.23 1844.62 6.00
6.24 1844.20 6.00
6.25 1843.78 6.00
6.26 1843.36 6.00
6.27 1842.94 6.00
6.28 1842.52 6.00
6.29 1842.11 6.00
6.30 1841.69 6.00
6.31 1841.27 6.00
6.32 1840.85 6.00
6.33 1840.43 6.00
6.34 1840.01 6.00
6.35 1839.59 6.00
6.36 1839.18 6.00
6.37 1838.76 6.00
6.38 1838.34 6.00
6.39 1837.92 6.00
6.40 1837.50 6.00
6.41 1837.08 6.00
6.42 1836.66 6.00
6.43 1836.24 6.00
6.44 1835.83 6.00
6.45 1835.41 6.00
6.46 1834.99 6.00
6.47 1834.57 6.00
6.48 1834.15 6.00
6.49 1833.73 6.00
6.50 1833.31 6.00
6.51 1832.90 6.00
6.52 1832.48 6.00
6.53 1832.06 6.00
6.54 1831.64 6.00
6.55 1831.22 6.00
6.56 1830.80 6.00
6.57 1830.38 6.00
6.58 1829.96 6.00
6.59 1829.55 6.00
6.60 1829.13 6.00
6.61 1828.71 6.00
6.62 1828.29 6.00
6.63 1827.87 6.00
6.64 1827.45 6.00
6.65 1827.03 6.00
6.66 1826.62 6.00
6.67 1826.20 6.00
6.68 1825.78 6.00
6.69 1825.36 6.00
6.70 1824.94 6.00
6.71 1824.52 6.00
6.72 1824.10 6.00
6.73 1823.68 6.00
6.74 1823.27 6.00
6.75 1822.85 6.00
6.76 1822.43 6.00
6.77 1822.01 6.00
6.78 1821.59 6.00
6.79 1821.17 6.00
6.80 1820.75 6.00
6.81 1820.33 6.00
6.82 1819.92 6.00
6.83 1819.50 6.00
6.84 1819.08 6.00
6.85 1818.66 6.00
6.86 1818.24 6.00
6.87 1817.82 6.00
6.88 1817.40 6.00
6.89 1816.98 6.00
6.90 1816.57 6.00
6.91 1816.15 6.00
6.92 1815.73 6.00
6.93 1815.31 6.00
6.94 1814.89 6.00
6.95 1814.47 6.00
6.96 1814.05 6.00
6.97 1813.63 6.00
6.98 1813.21 6.00
6.99 1812.80 6.00
7.00 1812.38 6.00
7.01 1811.96 6.00
7.02 1811.54 6.00
7.03 1811.12 6.00
7.04 1810.70 6.00
7.05 1810.28 6.00
7.06 1809.86 6.00
7.07 1809.44 6.00
7.08 1809.03 6.00
7.09 1808.61 6.00
7.10 1808.19 6.00
7.11 1807.77 6.00
7.12 1807.35 6.00
7.13 1806.93 6.00
7.14 1806.51 6.00
7.15 1806.09 6.00
7.16 1805.67 6.00
7.17 1805.26 6.00
7.18 1804.84 6.00
7.19 1804.42 6.00
7.20 1804.00 6.00
7.21 1803.58 6.00
7.22 1803.16 6.00
7.23 1802.74 6.00
7.24 1802.32 6.00
7.25 1801.90 6.00
7.26 1801.49 6.00
7.27 1801.07 6.00
7.28 1800.65 6.00
7.29 1800.23 6.00
7.30 1799.81 6.00
7.31 1799.39 6.00
7.32 1798.97 6.00
7.33 1798.55 6.00
7.34 1798.13 6.00
7.35 1797.71 6.00
7.36 1797.30 6.00
7.37 1796.88 6.00
7.38 1796.46 6.00
7.39 1796.04 6.00
7.40 1795.62 6.00
7.41 1795.20 6.00
7.42 1794.78 6.00
7.43 1794.36 6.00
7.44 1793.94 6.00
7.45 1793.53 6.00
7.46 1793.11 6.00
7.47 1792.69 6.00
7.48 1792.27 6.00
7.49 1791.85 6.00
7.50 1791.43 6.00
7.51 1791.01 6.00
7.52 1790.59 6.00
7.53 1790.17 6.00
7.54 1789.75 6.00
7.55 1789.33 6.00
7.56 1788.92 6.00
7.57 1788.50 6.00
7.58 1788.08 6.00
7.59 1787.66 6.00
7.60 1787.24 6.00
7.61 1786.82 6.00
7.62 1786.40 6.00
7.63 1785.98 6.00
7.64 1785.56 6.00
7.65 1785.14 6.00
7.66 1784.73 6.00
7.67 1784.31 6.00
7.68 1783.89 6.00
7.69 1783.47 6.00
7.70 1783.05 6.00
7.71 1782.63 6.00
7.72 1782.21 6.00
7.73 1781.79 6.00
7.74 1781.37 6.00
7.75 1780.95 6.00
7.76 1780.53 6.00
7.77 1780.12 6.00
7.78 1779.70 6.00
7.79 1779.28 6.00
7.80 1778.86 6.00
7.81 1778.44 6.00
7.82 1778.02 6.00
7.83 1777.60 6.00
7.84 1777.18 6.00
7.85 1776.76 6.00
7.86 1776.34 6.00
7.87 1775.92 6.00
7.88 1775.50 6.00
7.89 1775.09 6.00
7.90 1774.67 6.00
7.91 1774.25 6.00
7.92 1773.83 6.00
7.93 1773.41 6.00
7.94 1772.99 6.00
7.95 1772.57 6.00
7.96 1772.15 6.00
7.97 1771.73 6.00
7.98 1771.31 6.00
7.99 1770.89 6.00
8.00 1770.48 6.00
8.01 1770.06 6.00
8.02 1769.64 6.00
8.03 1769.22 6.00
8.04 1768.80 6.00
8.05 1768.38 6.00
8.06 1767.96 6.00
8.07 1767.54 6.00
8.08 1767.12 6.00
8.09 1766.70 6.00
8.10 1766.28 6.00
8.11 1765.86 6.00
8.12 1765.44 6.00
8.13 1765.03 6.00
8.14 1764.61 6.00
8.15 1764.19 6.00
8.16 1763.77 6.00
8.17 1763.35 6.00
8.18 1762.93 6.00
8.19 1762.51 6.00
8.20 1762.09 6.00
8.21 1761.67 6.00
8.22 1761.25 6.00
8.23 1760.83 6.00
8.24 1760.41 6.00
8.25 1759.99 6.00
8.26 1759.58 6.00
8.27 1759.16 6.00
8.28 1758.74 6.00
8.29 1758.32 6.00
8.30 1757.90 6.00
8.31 1757.48 6.00
8.32 1757.06 6.00
8.33 1756.64 6.00
8.34 1756.22 6.00
8.35 1755.80 6.00
8.36 1755.38 6.00
8.37 1754.96 6.00
8.38 1754.54 6.00
8.39 1754.13 6.00
8.40 1753.71 6.00
8.41 1753.29 6.00
8.42 1752.87 6.00
8.43 1752.45 6.00
8.44 1752.03 6.00
8.45 1751.61 6.00
8.46 1751.19 6.00
8.47 1750.77 6.00
8.48 1750.35 6.00
8.49 1749.93 6.00
8.50 1749.51 6.00
8.51 1749.09 6.00
8.52 1748.67 6.00
8.53 1748.26 6.00
8.54 1747.84 6.00
8.55 1747.42 6.00
8.56 1747.00 6.00
8.57 1746.58 6.00
8.58 1746.16 6.00
8.59 1745.74 6.00
8.60 1745.32 6.00
8.61 1744.90 6.00
8.62 1744.48 6.00
8.63 1744.06 6.00
8.64 1743.64 6.00
8.65 1743.22 6.00
8.66 1742.80 6.00
8.67 1742.38 6.00
8.68 1741.97 6.00
8.69 1741.55 6.00
8.70 1741.13 6.00
8.71 1740.71 6.00
8.72 1740.29 6.00
8.73 1739.87 6.00
8.74 1739.45 6.00
8.75 1739.03 6.00
8.76 1738.61 6.00
8.77 1738.19 6.00
8.78 1737.77 6.00
8.79 1737.35 6.00
8.80 1736.93 6.00
8.81 1736.51 6.00
8.82 1736.09 6.00
8.83 1735.67 6.00
8.84 1735.26 6.00
8.85 1734.84 6.00
8.86 1734.42 6.00
8.87 1734.00 6.00
8.88 1733.58 6.00
8.89 1733.16 6.00
8.90 1732.74 6.00
8.91 1732.32 6.00
8.92 1731.90 6.00
8.93 1731.48 6.00
8.94 1731.06 6.00
8.95 1730.64 6.00
8.96 1730.22 6.00
8.97 1729.80 6.00
8.98 1729.38 6.00
8.99 1728.96 6.00
9.00 1728.54 6.00
9.01 1728.13 6.00
9.02 1727.71 6.00
9.03 1727.29 6.00
9.04 1726.87 6.00
9.05 1726.45 6.00
9.06 1726.03 6.00
9.07 1725.61 6.00
9.08 1725.19 6.00
9.09 1724.77 6.00
9.10 1724.35 6.00
9.11 1723.93 6.00
9.12 1723.51 6.00
9.13 1723.09 6.00
9.14 1722.67 6.00
9.15 1722.25 6.00
9.16 1721.83 6.00
9.17 1721.41 6.00
9.18 1720.99 6.00
9.19 1720.58 6.00
9.20 1720.16 6.00
9.21 1719.74 6.00
9.22 1719.32 6.00
9.23 1718.90 6.00
9.24 1718.48 6.00
9.25 1718.06 6.00
9.26 1717.64 6.00
9.27 1717.22 6.00
9.28 1716.80 6.00
9.29 1716.38 6.00
9.30 1715.96 6.00
9.31 1715.54 6.00
9.32 1715.12 6.00
9.33 1714.70 6.00
9.34 1714.28 6.00
9.35 1713.86 6.00
9.36 1713.44 6.00
9.37 1713.02 6.00
9.38 1712.61 6.00
9.39 1712.19 6.00
9.40 1711.77 6.00
9.41 1711.35 6.00
9.42 1710.93 6.00
9.43 1710.51 6.00
9.44 1710.09 6.00
9.45 1709.67 6.00
9.46 1709.25 6.00
9.47 1708.83 6.00
9.48 1708.41 6.00
9.49 1707.99 6.00
9.50 1707.57 6.00
9.51 1707.15 6.00
9.52 1706.73 6.00
9.53 1706.31 6.00
9.54 1705.89 6.00
9.55 1705.47 6.00
9.56 1705.05 6.00
9.57 1704.63 6.00
9.58 1704.21 6.00
9.59 1703.80 6.00
9.60 1703.38 6.00
9.61 1702.96 6.00
9.62 1702.54 6.00
9.63 1702.12 6.00
9.64 1701.70 6.00
9.65 1701.28 6.00
9.66 1700.86 6.00
9.67 1700.44 6.00
9.68 1700.02 6.00
9.69 1699.60 6.00
9.70 1699.18 6.00
9.71 1698.76 6.00
9.72 1698.34 6.00
9.73 1697.92 6.00
9.74 1697.50 6.00
9.75 1697.08 6.00
9.76 1696.66 6.00
9.77 1696.24 6.00
9.78 1695.82 6.00
9.79 1695.40 6.00
9.80 1694.98 6.00
9.81 1694.56 6.00
9.82 1694.15 6.00
9.83 1693.73 6.00
9.84 1693.31 6.00
9.85 1692.89 6.00
9.86 1692.47 6.00
9.87 1692.05 6.00
9.88 1691.63 6.00
9.89 1691.21 6.00
9.90 1690.79 6.00
9.91 1690.37 6.00
9.92 1689.95 6.00
9.93 1689.53 6.00
9.94 1689.11 6.00
9.95 1688.69 6.00
9.96 1688.27 6.00
9.97 1687.85 6.00
9.98 1687.43 6.00
9.99 1687.01 6.00
10.00 1686.59 6.00
10.01 1686.17 6.00
10.02 1685.75 6.00
10.03 1685.33 6.00
10.04 1684.91 6.00
10.05 1684.49 6.00
10.06 1684.07 6.00
10.07 1683.65 6.00
10.08 1683.24 6.00
10.09 1682.82 6.00
10.10 1682.40 6.00
10.11 1681.98 6.00
10.12 1681.56 6.00
10.13 1681.14 6.00
10.14 1680.72 6.00
10.15 1680.30 6.00
10.16 1679.88 6.00
10.17 1679.46 6.00
10.18 1679.04 6.00
10.19 1678.62 6.00
10.20 1678.20 6.00
10.21 1677.78 6.00
10.22 1677.36 6.00
10.23 1676.94 6.00
10.24 1676.52 6.00
10.25 1676.10 6.00
10.26 1675.68 6.00
10.27 1675.26 6.00
10.28 1674.84 6.00
10.29 1674.42 6.00
10.30 1674.00 6.00
10.31 1673.58 6.00
10.32 1673.16 6.00
10.33 1672.74 6.00
10.34 1672.32 6.00
10.35 1671.90 6.00
10.36 1671.48 6.00
10.37 1671.07 6.00
10.38 1670.65 6.00
10.39 1670.23 6.00
10.40 1669.81 6.00
10.41 1669.39 6.00
10.42 1668.97 6.00
10.43 1668.55 6.00
10.44 1668.13 6.00
10.45 1667.71 6.00
10.46 1667.29 6.00
10.47 1666.87 6.00
10.48 1666.45 6.00
10.49 1666.03 6.00
10.50 1665.61 6.00
10.51 1665.19 6.00
10.52 1664.77 6.00
10.53 1664.35 6.00
10.54 1663.93 6.00
10.55 1663.51 6.00
10.56 1663.09 6.00
10.57 1662.67 6.00
10.58 1662.25 6.00
10.59 1661.83 6.00
10.60 1661.41 6.00
10.61 1660.99 6.00
10.62 1660.57 6.00
10.63 1660.15 6.00
10.64 1659.73 6.00
10.65 1659.31 6.00
10.66 1658.89 6.00
10.67 1658.47 6.00
10.68 1658.05 6.00
10.69 1657.63 6.00
10.70 1657.21 6.00
10.71 1656.79 6.00
10.72 1656.38 6.00
10.73 1655.96 6.00
10.74 1655.54 6.00
10.75 1655.12 6.00
10.76 1654.70 6.00
10.77 1654.28 6.00
10.78 1653.86 6.00
10.79 1653.44 6.00
10.80 1653.02 6.00
10.81 1652.60 6.00
10.82 1652.18 6.00
10.83 1651.76 6.00
10.84 1651.34 6.00
10.85 1650.92 6.00
10.86 1650.50 6.00
10.87 1650.08 6.00
10.88 1649.66 6.00
10.89 1649.24 6.00
10.90 1648.82 6.00
10.91 1648.40 6.00
10.92 1647.98 6.00
10.93 1647.56 6.00
10.94 1647.14 6.00
10.95 1646.72 6.00
10.96 1646.30 6.00
10.97 1645.88 6.00
10.98 1645.46 6.00
10.99 1645.04 6.00
11.00 1644.62 6.00
11.01 1644.20 6.00
11.02 1643.78 6.00
11.03 1643.36 6.00
11.04 1642.94 6.00
11.05 1642.52 6.00
11.06 1642.10 6.00
11.07 1641.68 6.00
11.08 1641.26 6.00
11.09 1640.84 6.00
11.10 1640.42 6.00
11.11 1640.00 6.00
11.12 1639.58 6.00
11.13 1639.16 6.00
11.14 1638.75 6.00
11.15 1638.33 6.00
11.16 1637.91 6.00
11.17 1637.49 6.00
11.18 1637.07 6.00
11.19 1636.65 6.00
11.20 1636.23 6.00
11.21 1635.81 6.00
11.22 1635.39 6.00
11.23 1634.97 6.00
11.24 1634.55 6.00
11.25 1634.13 6.00
11.26 1633.71 6.00
11.27 1633.29 6.00
11.28 1632.87 6.00
11.29 1632.45 6.00
11.30 1632.03 6.00
11.31 1631.61 6.00
11.32 1631.19 6.00
11.33 1630.77 6.00
11.34 1630.35 6.00
11.35 1629.93 6.00
11.36 1629.51 6.00
11.37 1629.09 6.00
11.38 1628.67 6.00
11.39 1628.25 6.00
11.40 1627.83 6.00
11.41 1627.41 6.00
11.42 1626.99 6.00
11.43 1626.57 6.00
11.44 1626.15 6.00
11.45 1625.73 6.00
11.46 1625.31 6.00
11.47 1624.89 6.00
11.48 1624.47 6.00
11.49 1624.05 6.00
11.50 1623.63 6.00
11.51 1623.21 6.00
11.52 1622.79 6.00
11.53 1622.37 6.00
11.54 1621.95 6.00
11.55 1621.53 6.00
11.56 1621.11 6.00
11.57 1620.69 6.00
11.58 1620.27 6.00
11.59 1619.85 6.00
11.60 1619.43 6.00
11.61 1619.01 6.00
11.62 1618.59 6.00
11.63 1618.17 6.00
11.64 1617.75 6.00
11.65 1617.33 6.00
11.66 1616.91 6.00
11.67 1616.49 6.00
11.68 1616.07 6.00
11.69 1615.65 6.00
11.70 1615.23 6.00
11.71 1614.81 6.00
11.72 1614.39 5.99
11.73 1613.98 5.99
11.74 1613.56 5.99
11.75 1613.14 5.99
11.76 1612.72 5.99
11.77 1612.30 5.99
11.78 1611.88 5.99
11.79 1611.46 5.99
11.80 1611.04 5.99
11.81 1610.62 5.98
11.82 1610.20 5.98
11.83 1609.78 5.98
11.84 1609.36 5.98
11.85 1608.94 5.98
11.86 1608.52 5.97
11.87 1608.10 5.97
11.88 1607.68 5.97
11.89 1607.26 5.97
11.90 1606.84 5.96
11.91 1606.42 5.96
11.92 1606.00 5.96
11.93 1605.58 5.96
11.94 1605.16 5.95
11.95 1604.74 5.95
11.96 1604.32 5.95
11.97 1603.90 5.94
11.98 1603.48 5.94
11.99 1603.06 5.94
12.00 1602.64 5.93
12.01 1602.22 5.93
12.02 1601.80 5.93
12.03 1601.38 5.92
12.04 1600.96 5.92
12.05 1600.54 5.92
12.06 1600.12 5.91
12.07 1599.70 5.91
12.08 1599.28 5.90
12.09 1598.86 5.90
12.10 1598.44 5.89
12.11 1598.02 5.89
12.12 1597.60 5.88
12.13 1597.18 5.88
12.14 1596.76 5.87
12.15 1596.34 5.87
12.16 1595.92 5.86
12.17 1595.50 5.86
12.18 1595.08 5.85
12.19 1594.66 5.85
12.20 1594.24 5.84
12.21 1593.82 5.84
12.22 1593.40 5.83
12.23 1592.98 5.83
12.24 1592.56 5.82
12.25 1592.14 5.81
12.26 1591.72 5.81
12.27 1591.30 5.80
12.28 1590.88 5.80
12.29 1590.46 5.79
12.30 1590.04 5.78
12.31 1589.62 5.78
12.32 1589.20 5.77
12.33 1588.78 5.76
12.34 1588.36 5.76
12.35 1587.94 5.75
12.36 1587.52 5.74
12.37 1587.10 5.73
12.38 1586.68 5.73
12.39 1586.26 5.72
12.40 1585.84 5.71
12.41 1585.42 5.70
12.42 1585.00 5.70
12.43 1584.58 5.69
12.44 1584.16 5.68
12.45 1583.74 5.67
12.46 1583.32 5.67
12.47 1582.90 5.66
12.48 1582.48 5.65
12.49 1582.06 5.64
12.50 1581.64 5.63
12.51 1581.22 5.62
12.52 1580.80 5.61
12.53 1580.38 5.61
12.54 1579.96 5.60
12.55 1579.54 5.59
12.56 1579.12 5.58
12.57 1578.70 5.57
12.58 1578.28 5.56
12.59 1577.86 5.55
12.60 1577.44 5.54
12.61 1577.02 5.53
12.62 1576.60 5.52
12.63 1576.18 5.51
12.64 1575.76 5.50
12.65 1575.34 5.49
12.66 1574.92 5.48
12.67 1574.50 5.47
12.68 1574.08 5.46
12.69 1573.66 5.45
12.70 1573.24 5.44
12.71 1572.82 5.43
12.72 1572.40 5.42
12.73 1571.98 5.41
12.74 1571.56 5.40
12.75 1571.14 5.39
12.76 1570.72 5.38
12.77 1570.30 5.36
12.78 1569.88 5.35
12.79 1569.46 5.34
12.80 1569.04 5.33
12.81 1568.62 5.32
12.82 1568.20 5.31
12.83 1567.78 5.30
12.84 1567.36 5.28
12.85 1566.94 5.27
12.86 1566.52 5.26
12.87 1566.10 5.25
12.88 1565.68 5.23
12.89 1565.26 5.22
12.90 1564.84 5.21
12.91 1564.42 5.20
12.92 1564.00 5.18
12.93 1563.58 5.17
12.94 1563.16 5.16
12.95 1562.74 5.15
12.96 1562.32 5.13
12.97 1561.90 5.12
12.98 1561.48 5.11
12.99 1561.06 5.09
13.00 1560.64 5.08
13.01 1560.22 5.07
13.02 1559.80 5.05
13.03 1559.38 5.04
13.04 1558.96 5.02
13.05 1558.54 5.01
13.06 1558.12 5.00
13.07 1557.70 4.98
13.08 1557.28 4.97
13.09 1556.86 4.95
13.10 1556.44 4.94
13.11 1556.02 4.92
13.12 1555.60 4.91
13.13 1555.18 4.89
13.14 1554.76 4.88
13.15 1554.34 4.86
13.16 1553.92 4.85
13.17 1553.50 4.83
13.18 1553.08 4.82
13.19 1552.66 4.80
13.20 1552.24 4.79
13.21 1551.82 4.77
13.22 1551.40 4.76
13.23 1550.98 4.74
13.24 1550.56 4.73
13.25 1550.14 4.71
13.26 1549.72 4.69
13.27 1549.30 4.68
13.28 1548.88 4.66
13.29 1548.46 4.64
13.30 1548.04 4.63
13.31 1547.62 4.61
13.32 1547.20 4.59
13.33 1546.78 4.58
13.34 1546.36 4.56
13.35 1545.94 4.54
13.36 1545.52 4.53
13.37 1545.10 4.51
13.38 1544.68 4.49
13.39 1544.26 4.47
13.40 1543.84 4.46
13.41 1543.42 4.44
13.42 1543.00 4.42
13.43 1542.58 4.40
13.44 1542.16 4.39
13.45 1541.74 4.37
13.46 1541.32 4.35
13.47 1540.90 4.33
13.48 1540.48 4.31
13.49 1540.06 4.30
13.50 1539.64 4.28
13.51 1539.22 4.26
13.52 1538.80 4.24
13.53 1538.38 4.22
13.54 1537.96 4.20
13.55 1537.54 4.18
13.56 1537.12 4.16
13.57 1536.70 4.14
13.58 1536.28 4.13
13.59 1535.86 4.11
13.60 1535.44 4.09
13.61 1535.02 4.07
13.62 1534.60 4.05
13.63 1534.18 4.03
13.64 1533.76 4.01
13.65 1533.34 3.99
13.66 1532.92 3.97
13.67 1532.50 3.95
13.68 1532.08 3.93
13.69 1531.66 3.91
13.70 1531.24 3.89
13.71 1530.82 3.87
13.72 1530.40 3.85
13.73 1529.98 3.83
13.74 1529.56 3.81
13.75 1529.14 3.79
13.76 1528.71 3.77
13.77 1528.29 3.75
13.78 1527.87 3.74
13.79 1527.45 3.72
13.80 1527.03 3.70
13.81 1526.60 3.68
13.82 1526.18 3.66
13.83 1525.76 3.64
13.84 1525.34 3.63
13.85 1524.91 3.61
13.86 1524.49 3.59
13.87 1524.07 3.57
13.88 1523.65 3.55
13.89 1523.22 3.54
13.90 1522.80 3.52
13.91 1522.38 3.50
13.92 1521.95 3.48
13.93 1521.53 3.47
13.94 1521.11 3.45
13.95 1520.68 3.43
13.96 1520.26 3.42
13.97 1519.83 3.40
13.98 1519.41 3.38
13.99 1518.99 3.37
14.00 1518.56 3.35
14.01 1518.14 3.33
14.02 1517.71 3.32
14.03 1517.29 3.30
14.04 1516.86 3.29
14.05 1516.44 3.27
14.06 1516.01 3.25
14.07 1515.59 3.24
14.08 1515.16 3.22
14.09 1514.74 3.21
14.10 1514.31 3.19
14.11 1513.88 3.18
14.12 1513.46 3.16
14.13 1513.03 3.14
14.14 1512.61 3.13
14.15 1512.18 3.11
14.16 1511.75 3.10
14.17 1511.33 3.08
14.18 1510.90 3.07
14.19 1510.47 3.06
14.20 1510.05 3.04
14.21 1509.62 3.03
14.22 1509.19 3.01
14.23 1508.77 3.00
14.24 1508.34 2.98
14.25 1507.91 2.97
14.26 1507.48 2.96
14.27 1507.06 2.94
14.28 1506.63 2.93
14.29 1506.20 2.92
14.30 1505.77 2.90
14.31 1505.35 2.89
14.32 1504.92 2.87
14.33 1504.49 2.86
14.34 1504.06 2.85
14.35 1503.63 2.84
14.36 1503.20 2.82
14.37 1502.77 2.81
14.38 1502.35 2.80
14.39 1501.92 2.78
14.40 1501.49 2.77
14.41 1501.06 2.76
14.42 1500.63 2.75
14.43 1500.20 2.74
14.44 1499.77 2.72
14.45 1499.34 2.71
14.46 1498.91 2.70
14.47 1498.48 2.69
14.48 1498.05 2.68
14.49 1497.62 2.66
14.50 1497.19 2.65
14.51 1496.76 2.64
14.52 1496.33 2.63
14.53 1495.90 2.62
14.54 1495.47 2.61
14.55 1495.04 2.60
14.56 1494.60 2.59
14.57 1494.17 2.57
14.58 1493.74 2.56
14.59 1493.31 2.55
14.60 1492.88 2.54
14.61 1492.45 2.53
14.62 1492.02 2.52
14.63 1491.58 2.51
14.64 1491.15 2.50
14.65 1490.72 2.49
14.66 1490.29 2.48
14.67 1489.86 2.47
14.68 1489.42 2.46
14.69 1488.99 2.45
14.70 1488.56 2.44
14.71 1488.13 2.43
14.72 1487.69 2.42
14.73 1487.26 2.42
14.74 1486.83 2.41
14.75 1486.39 2.40
14.76 1485.96 2.39
14.77 1485.53 2.38
14.78 1485.09 2.37
14.79 1484.66 2.36
14.80 1484.23 2.35
14.81 1483.79 2.35
14.82 1483.36 2.34
14.83 1482.92 2.33
14.84 1482.49 2.32
14.85 1482.06 2.31
14.86 1481.62 2.31
14.87 1481.19 2.30
14.88 1480.75 2.29
14.89 1480.32 2.28
14.90 1479.88 2.27
14.91 1479.45 2.27
14.92 1479.01 2.26
14.93 1478.58 2.25
14.94 1478.14 2.25
14.95 1477.71 2.24
14.96 1477.27 2.23
14.97 1476.84 2.22
14.98 1476.40 2.22
14.99 1475.97 2.21
15.00 1475.53 2.21
15.01 1475.10 2.20
15.02 1474.66 2.19
15.03 1474.22 2.19
15.04 1473.79 2.18
15.05 1473.35 2.17
15.06 1472.91 2.17
15.07 1472.48 2.16
15.08 1472.04 2.16
15.09 1471.60 2.15
15.10 1471.17 2.15
15.11 1470.73 2.14
15.12 1470.29 2.13
15.13 1469.86 2.13
15.14 1469.42 2.12
15.15 1468.98 2.12
15.16 1468.55 2.11
15.17 1468.11 2.11
15.18 1467.67 2.11
15.19 1467.23 2.10
15.20 1466.79 2.10
15.21 1466.36 2.09
15.22 1465.92 2.09
15.23 1465.48 2.08
15.24 1465.04 2.08
15.25 1464.60 2.08
15.26 1464.17 2.07
15.27 1463.73 2.07
15.28 1463.29 2.06
15.29 1462.85 2.06
15.30 1462.41 2.06
15.31 1461.97 2.05
15.32 1461.53 2.05
15.33 1461.10 2.05
15.34 1460.66 2.04
15.35 1460.22 2.04
15.36 1459.78 2.04
15.37 1459.34 2.03
15.38 1458.90 2.03
15.39 1458.46 2.03
15.40 1458.02 2.03
15.41 1457.58 2.02
15.42 1457.14 2.02
15.43 1456.70 2.02
15.44 1456.26 2.02
15.45 1455.82 2.02
15.46 1455.38 2.01
15.47 1454.94 2.01
15.48 1454.50 2.01
15.49 1454.06 2.01
15.50 1453.62 2.01
15.51 1453.18 2.01
15.52 1452.74 2.00
15.53 1452.30 2.00
15.54 1451.86 2.00
15.55 1451.42 2.00
15.56 1450.98 2.00
15.57 1450.53 2.00
15.58 1450.09 2.00
15.59 1449.65 2.00
15.60 1449.21 2.00
15.61 1448.77 2.00
15.62 1448.33 2.00
15.63 1447.89 2.00
15.64 1447.45 2.00
15.65 1447.00 2.00
15.66 1446.56 2.00
15.67 1446.12 2.00
15.68 1445.68 2.00
15.69 1445.24 2.00
15.70 1444.79 2.00
15.71 1444.35 2.00
15.72 1443.91 2.00
15.73 1443.47 2.00
15.74 1443.02 2.00
15.75 1442.58 2.00
15.76 1442.14 2.00
15.77 1441.70 2.00
15.78 1441.25 2.00
15.79 1440.81 2.00
15.80 1440.37 2.00
15.81 1439.93 2.00
15.82 1439.48 2.00
15.83 1439.04 2.00
15.84 1438.60 2.00
15.85 1438.15 2.00
15.86 1437.71 2.00
15.87 1437.27 2.00
15.88 1436.82 2.00
15.89 1436.38 2.00
15.90 1435.94 2.00
15.91 1435.49 2.00
15.92 1435.05 2.00
15.93 1434.60 2.00
15.94 1434.16 2.00
15.95 1433.72 2.00
15.96 1433.27 2.00
15.97 1432.83 2.00
15.98 1432.38 2.00
15.99 1431.94 2.00
16.00 1431.49 2.00
16.01 1431.05 2.00
16.02 1430.61 2.00
16.03 1430.16 2.00
16.04 1429.72 2.00
16.05 1429.27 2.00
16.06 1428.83 2.00
16.07 1428.38 2.00
16.08 1427.94 2.00
16.09 1427.49 2.00
16.10 1427.05 2.00
16.11 1426.60 2.00
16.12 1426.16 2.00
16.13 1425.71 2.00
16.14 1425.27 2.00
16.15 1424.82 2.00
16.16 1424.38 2.00
16.17 1423.93 2.00
16.18 1423.48 2.00
16.19 1423.04 2.00
16.20 1422.59 2.00
16.21 1422.15 2.00
16.22 1421.70 2.00
16.23 1421.26 2.00
16.24 1420.81 2.00
16.25 1420.36 2.00
16.26 1419.92 2.00
16.27 1419.47 2.00
16.28 1419.02 2.00
16.29 1418.58 2.00
16.30 1418.13 2.00
16.31 1417.69 2.00
16.32 1417.24 2.00
16.33 1416.79 2.00
16.34 1416.35 2.00
16.35 1415.90 2.00
16.36 1415.45 2.00
16.37 1415.00 2.00
16.38 1414.56 2.00
16.39 1414.11 2.00
16.40 1413.66 2.00
16.41 1413.22 2.00
16.42 1412.77 2.00
16.43 1412.32 2.00
16.44 1411.88 2.00
16.45 1411.43 2.00
16.46 1410.98 2.00
16.47 1410.53 2.00
16.48 1410.09 2.00
16.49 1409.64 2.00
16.50 1409.19 2.00
16.51 1408.74 2.00
16.52 1408.29 2.00
16.53 1407.85 2.00
16.54 1407.40 2.00
16.55 1406.95 2.00
16.56 1406.50 2.00
16.57 1406.05 2.00
16.58 1405.61 2.00
16.59 1405.16 2.00
16.60 1404.71 2.00
16.61 1404.26 2.00
16.62 1403.81 2.00
16.63 1403.37 2.00
16.64 1402.92 2.00
16.65 1402.47 2.00
16.66 1402.02 2.00
16.67 1401.57 2.00
16.68 1401.12 2.00
16.69 1400.67 2.00
16.70 1400.22 2.00
16.71 1399.78 2.00
16.72 1399.33 2.00
16.73 1398.88 2.00
16.74 1398.43 2.00
16.75 1397.98 2.00
16.76 1397.53 2.00
16.77 1397.08 2.00
16.78 1396.63 2.00
16.79 1396.18 2.00
16.80 1395.73 2.00
16.81 1395.28 2.00
16.82 1394.83 2.00
16.83 1394.38 2.00
16.84 1393.93 2.00
16.85 1393.49 2.00
16.86 1393.04 2.00
16.87 1392.59 2.00
16.88 1392.14 2.00
16.89 1391.69 2.00
16.90 1391.24 2.00
16.91 1390.79 2.00
16.92 1390.34 2.00
16.93 1389.89 2.00
16.94 1389.44 2.00
16.95 1388.99 2.00
16.96 1388.54 2.00
16.97 1388.09 2.00
16.98 1387.63 2.00
16.99 1387.18 2.00
17.00 1386.73 2.00
17.01 1386.28 2.00
17.02 1385.83 2.00
17.03 1385.38 2.00
17.04 1384.93 2.00
17.05 1384.48 2.00
17.06 1384.03 2.00
17.07 1383.58 2.00
17.08 1383.13 2.00
17.09 1382.68 2.00
17.10 1382.23 2.00
17.11 1381.78 2.00
17.12 1381.32 2.00
17.13 1380.87 2.00
17.14 1380.42 2.00
17.15 1379.97 2.00
17.16 1379.52 2.00
17.17 1379.07 2.00
17.18 1378.62 2.00
17.19 1378.17 2.00
17.20 1377.71 2.00
17.21 1377.26 2.00
17.22 1376.81 2.00
17.23 1376.36 2.00
17.24 1375.91 2.00
17.25 1375.46 2.00
17.26 1375.00 2.00
17.27 1374.55 2.00
17.28 1374.10 2.00
17.29 1373.65 2.00
17.30 1373.20 2.00
17.31 1372.75 2.00
17.32 1372.29 2.00
17.33 1371.84 2.00
17.34 1371.39 2.00
17.35 1370.94 2.00
17.36 1370.48 2.00
17.37 1370.03 2.00
17.38 1369.58 2.00
17.39 1369.13 2.00
17.40 1368.68 2.00
17.41 1368.22 2.00
17.42 1367.77 2.00
17.43 1367.32 2.00
17.44 1366.87 2.00
17.45 1366.41 2.00
17.46 1365.96 2.00
17.47 1365.51 2.00
17.48 1365.05 2.00
17.49 1364.60 2.00
17.50 1364.15 2.00
17.51 1363.70 2.00
17.52 1363.24 2.00
17.53 1362.79 2.00
17.54 1362.34 2.00
17.55 1361.88 2.00
17.56 1361.43 2.00
17.57 1360.98 2.00
17.58 1360.52 2.00
17.59 1360.07 2.00
17.60 1359.62 2.00
17.61 1359.16 2.00
17.62 1358.71 2.00
17.63 1358.26 2.00
17.64 1357.80 2.00
17.65 1357.35 2.00
17.66 1356.90 2.00
17.67 1356.44 2.00
17.68 1355.99 2.00
17.69 1355.54 2.00
17.70 1355.08 2.00
17.71 1354.63 2.00
17.72 1354.18 2.00
17.73 1353.72 2.00
17.74 1353.27 2.00
17.75 1352.81 2.00
17.76 1352.36 2.00
17.77 1351.91 2.00
17.78 1351.45 2.00
17.79 1351.00 2.00
17.80 1350.54 2.00
17.81 1350.09 2.00
17.82 1349.64 2.00
17.83 1349.18 2.00
17.84 1348.73 2.00
17.85 1348.27 2.00
17.86 1347.82 2.00
17.87 1347.36 2.00
17.88 1346.91 2.00
17.89 1346.46 2.00
17.90 1346.00 2.00
17.91 1345.55 2.00
17.92 1345.09 2.00
17.93 1344.64 2.00
17.94 1344.18 2.00
17.95 1343.73 2.00
17.96 1343.27 2.00
17.97 1342.82 2.00
17.98 1342.36 2.00
17.99 1341.91 2.00
18.00 1341.45 2.00
18.01 1341.00 2.00
18.02 1340.54 2.00
18.03 1340.09 2.00
18.04 1339.63 2.00
18.05 1339.18 2.00
18.06 1338.72 2.00
18.07 1338.27 2.00
18.08 1337.81 2.00
18.09 1337.36 2.00
18.10 1336.90 2.00
18.11 1336.45 2.00
18.12 1335.99 2.00
18.13 1335.54 2.00
18.14 1335.08 2.00
18.15 1334.63 2.00
18.16 1334.17 2.00
18.17 1333.71 2.00
18.18 1333.26 2.00
18.19 1332.80 2.00
18.20 1332.35 2.00
18.21 1331.89 2.00
18.22 1331.44 2.00
18.23 1330.98 2.00
18.24 1330.52 2.00
18.25 1330.07 2.00
18.26 1329.61 2.00
18.27 1329.16 2.00
18.28 1328.70 2.00
18.29 1328.24 2.00
18.30 1327.79 2.00
18.31 1327.33 2.00
18.32 1326.88 2.00
18.33 1326.42 2.00
18.34 1325.96 2.00
18.35 1325.51 2.00
18.36 1325.05 2.00
18.37 1324.60 2.00
18.38 1324.14 2.00
18.39 1323.68 2.00
18.40 1323.23 2.00
18.41 1322.77 2.00
18.42 1322.31 2.00
18.43 1321.86 2.00
18.44 1321.40 2.00
18.45 1320.94 2.00
18.46 1320.49 2.00
18.47 1320.03 2.00
18.48 1319.57 2.00
18.49 1319.12 2.00
18.50 1318.66 2.00
18.51 1318.20 2.00
18.52 1317.75 2.00
18.53 1317.29 2.00
18.54 1316.83 2.00
18.55 1316.38 2.00
18.56 1315.92 2.00
18.57 1315.46 2.00
18.58 1315.01 2.00
18.59 1314.55 2.00
18.60 1314.09 2.00
18.61 1313.64 2.00
18.62 1313.18 2.00
18.63 1312.72 2.00
18.64 1312.26 2.00
18.65 1311.81 2.00
18.66 1311.35 2.00
18.67 1310.89 2.00
18.68 1310.43 2.00
18.69 1309.98 2.00
18.70 1309.52 2.00
18.71 1309.06 2.00
18.72 1308.61 2.00
18.73 1308.15 2.00
18.74 1307.69 2.00
18.75 1307.23 2.00
18.76 1306.78 2.00
18.77 1306.32 2.00
18.78 1305.86 2.00
18.79 1305.40 2.00
18.80 1304.94 2.00
18.81 1304.49 2.00
18.82 1304.03 2.00
18.83 1303.57 2.00
18.84 1303.11 2.00
18.85 1302.66 2.00
18.86 1302.20 2.00
18.87 1301.74 2.00
18.88 1301.28 2.00
18.89 1300.82 2.00
18.90 1300.37 2.00
18.91 1299.91 2.00
18.92 1299.45 2.00
18.93 1298.99 2.00
18.94 1298.53 2.00
18.95 1298.08 2.00
18.96 1297.62 2.00
18.97 1297.16 2.00
18.98 1296.70 2.00
18.99 1296.24 2.00
19.00 1295.78 2.00
19.01 1295.33 2.00
19.02 1294.87 2.00
19.03 1294.41 2.00
19.04 1293.95 2.00
19.05 1293.49 2.00
19.06 1293.03 2.00
19.07 1292.58 2.00
19.08 1292.12 2.00
19.09 1291.66 2.00
19.10 1291.20 2.00
19.11 1290.74 2.00
19.12 1290.28 2.00
19.13 1289.82 2.00
19.14 1289.36 2.00
19.15 1288.91 2.00
19.16 1288.45 2.00
19.17 1287.99 2.00
19.18 1287.53 2.00
19.19 1287.07 2.00
19.20 1286.61 2.00
19.21 1286.15 2.00
19.22 1285.69 2.00
19.23 1285.24 2.00
19.24 1284.78 2.00
19.25 1284.32 2.00
19.26 1283.86 2.00
19.27 1283.40 2.00
19.28 1282.94 2.00
19.29 1282.48 2.00
19.30 1282.02 2.00
19.31 1281.56 2.00
19.32 1281.10 2.00
19.33 1280.64 2.00
19.34 1280.18 2.00
19.35 1279.73 2.00
19.36 1279.27 2.00
19.37 1278.81 2.00
19.38 1278.35 2.00
19.39 1277.89 2.00
19.40 1277.43 2.00
19.41 1276.97 2.00
19.42 1276.51 2.00
19.43 1276.05 2.00
19.44 1275.59 2.00
19.45 1275.13 2.00
19.46 1274.67 2.00
19.47 1274.21 2.00
19.48 1273.75 2.00
19.49 1273.29 2.00
19.50 1272.83 2.00
19.51 1272.37 2.00
19.52 1271.91 2.00
19.53 1271.45 2.00
19.54 1270.99 2.00
19.55 1270.53 2.00
19.56 1270.07 2.00
19.57 1269.61 2.00
19.58 1269.15 2.00
19.59 1268.69 2.00
19.60 1268.23 2.00
19.61 1267.77 2.00
19.62 1267.31 2.00
19.63 1266.85 2.00
19.64 1266.39 2.00
19.65 1265.93 2.00
19.66 1265.47 2.00
19.67 1265.01 2.00
19.68 1264.55 2.00
19.69 1264.09 2.00
19.70 1263.63 2.00
19.71 1263.17 2.00
19.72 1262.71 2.00
19.73 1262.25 2.00
19.74 1261.79 2.00
19.75 1261.33 2.00
19.76 1260.87 2.00
19.77 1260.41 2.00
19.78 1259.95 2.00
19.79 1259.49 2.00
19.80 1259.03 2.00
19.81 1258.57 2.00
19.82 1258.11 2.00
19.83 1257.65 2.00
19.84 1257.18 2.00
19.85 1256.72 2.00
19.86 1256.26 2.00
19.87 1255.80 2.00
19.88 1255.34 2.00
19.89 1254.88 2.00
19.90 1254.42 2.00
19.91 1253.96 2.00
19.92 1253.50 2.00
19.93 1253.04 2.00
19.94 1252.58 2.00
19.95 1252.12 2.00
19.96 1251.65 2.00
19.97 1251.19 2.00
19.98 1250.73 2.00
19.99 1250.27 2.00
20.00 1249.81 2.00
20.01 1249.35 2.00
20.02 1248.89 2.00
20.03 1248.43 2.00
20.04 1247.97 2.00
20.05 1247.51 2.00
20.06 1247.04 2.00
20.07 1246.58 2.00
20.08 1246.12 2.00
20.09 1245.66 2.00
20.10 1245.20 2.00
20.11 1244.74 2.00
20.12 1244.28 2.00
20.13 1243.82 2.00
20.14 1243.35 2.00
20.15 1242.89 2.00
20.16 1242.43 2.00
20.17 1241.97 2.00
20.18 1241.51 2.00
20.19 1241.05 2.00
20.20 1240.58 2.00
20.21 1240.12 2.00
20.22 1239.66 2.00
20.23 1239.20 2.00
20.24 1238.74 2.00
20.25 1238.28 2.00
20.26 1237.82 2.00
20.27 1237.35 2.00
20.28 1236.89 2.00
20.29 1236.43 2.00
20.30 1235.97 2.00
20.31 1235.51 2.00
20.32 1235.04 2.00
20.33 1234.58 2.00
20.34 1234.12 2.00
20.35 1233.66 2.00
20.36 1233.20 2.00
20.37 1232.74 2.00
20.38 1232.27 2.00
20.39 1231.81 2.00
20.40 1231.35 2.00
20.41 1230.89 2.00
20.42 1230.43 2.00
20.43 1229.96 2.00
20.44 1229.50 2.00
20.45 1229.04 2.00
20.46 1228.58 2.00
20.47 1228.11 2.00
20.48 1227.65 2.00
20.49 1227.19 2.00
20.50 1226.73 2.00
20.51 1226.27 2.00
20.52 1225.80 2.00
20.53 1225.34 2.00
20.54 1224.88 2.00
20.55 1224.42 2.00
20.56 1223.95 2.00
20.57 1223.49 2.00
20.58 1223.03 2.00
20.59 1222.57 2.00
20.60 1222.10 2.00
20.61 1221.64 2.00
20.62 1221.18 2.00
20.63 1220.72 2.00
20.64 1220.25 2.00
20.65 1219.79 2.00
20.66 1219.33 2.00
20.67 1218.87 2.00
20.68 1218.40 2.00
20.69 1217.94 2.00
20.70 1217.48 2.00
20.71 1217.02 2.00
20.72 1216.55 2.00
20.73 1216.09 2.00
20.74 1215.63 2.00
20.75 1215.17 2.00
20.76 1214.70 2.00
20.77 1214.24 2.00
20.78 1213.78 2.00
20.79 1213.31 2.00
20.80 1212.85 2.00
20.81 1212.39 2.00
20.82 1211.92 2.00
20.83 1211.46 2.00
20.84 1211.00 2.00
20.85 1210.54 2.00
20.86 1210.07 2.00
20.87 1209.61 2.00
20.88 1209.15 2.00
20.89 1208.68 2.00
20.90 1208.22 2.00
20.91 1207.76 2.00
20.92 1207.29 2.00
20.93 1206.83 2.00
20.94 1206.37 2.00
20.95 1205.90 2.00
20.96 1205.44 2.00
20.97 1204.98 2.00
20.98 1204.52 2.00
20.99 1204.05 2.00
21.00 1203.59 2.00
21.01 1203.13 2.00
21.02 1202.66 2.00
21.03 1202.20 2.00
21.04 1201.73 2.00
21.05 1201.27 2.00
21.06 1200.81 2.00
21.07 1200.34 2.00
21.08 1199.88 2.00
21.09 1199.42 2.00
21.10 1198.95 2.00
21.11 1198.49 2.00
21.12 1198.03 2.00
21.13 1197.56 2.00
21.14 1197.10 2.00
21.15 1196.64 2.00
21.16 1196.17 2.00
21.17 1195.71 2.00
21.18 1195.25 2.00
21.19 1194.78 2.00
21.20 1194.32 2.00
21.21 1193.85 2.00
21.22 1193.39 2.00
21.23 1192.93 2.00
21.24 1192.46 2.00
21.25 1192.00 2.00
21.26 1191.53 2.00
21.27 1191.07 2.00
21.28 1190.61 2.00
21.29 1190.14 2.00
21.30 1189.68 2.00
21.31 1189.22 2.00
21.32 1188.75 2.00
21.33 1188.29 2.00
21.34 1187.82 2.00
21.35 1187.36 2.00
21.36 1186.90 2.00
21.37 1186.43 2.00
21.38 1185.97 2.00
21.39 1185.50 2.00
21.40 1185.04 2.00
21.41 1184.57 2.00
21.42 1184.11 2.00
21.43 1183.65 2.00
21.44 1183.18 2.00
21.45 1182.72 2.00
21.46 1182.25 2.00
21.47 1181.79 2.00
21.48 1181.33 2.00
21.49 1180.86 2.00
21.50 1180.40 2.00
21.51 1179.93 2.00
21.52 1179.47 2.00
21.53 1179.00 2.00
21.54 1178.54 2.00
21.55 1178.07 2.00
21.56 1177.61 2.00
21.57 1177.15 2.00
21.58 1176.68 2.00
21.59 1176.22 2.00
21.60 1175.75 2.00
21.61 1175.29 2.00
21.62 1174.82 2.00
21.63 1174.36 2.00
21.64 1173.89 2.00
21.65 1173.43 2.00
21.66 1172.96 2.00
21.67 1172.50 2.00
21.68 1172.04 2.00
21.69 1171.57 2.00
21.70 1171.11 2.00
21.71 1170.64 2.00
21.72 1170.18 2.00
21.73 1169.71 2.00
21.74 1169.25 2.00
21.75 1168.78 2.00
21.76 1168.32 2.00
21.77 1167.85 2.00
21.78 1167.39 2.00
21.79 1166.92 2.00
21.80 1166.46 2.00
21.81 1165.99 2.00
21.82 1165.53 2.00
21.83 1165.06 2.00
21.84 1164.60 2.00
21.85 1164.13 2.00
21.86 1163.67 2.00
21.87 1163.20 2.00
21.88 1162.74 2.00
21.89 1162.27 2.00
21.90 1161.81 2.00
21.91 1161.34 2.00
21.92 1160.88 2.00
21.93 1160.41 2.00
21.94 1159.95 2.00
21.95 1159.48 2.00
21.96 1159.02 2.00
21.97 1158.55 2.00
21.98 1158.09 2.00
21.99 1157.62 2.00
22.00 1157.16 2.00
22.01 1156.69 2.00
22.02 1156.23 2.00
22.03 1155.76 2.00
22.04 1155.29 2.00
22.05 1154.83 2.00
22.06 1154.36 2.00
22.07 1153.90 2.00
22.08 1153.43 2.00
22.09 1152.97 2.00
22.10 1152.50 2.00
22.11 1152.04 2.00
22.12 1151.57 2.00
22.13 1151.11 2.00
22.14 1150.64 2.00
22.15 1150.17 2.00
22.16 1149.71 2.00
22.17 1149.24 2.00
22.18 1148.78 2.00
22.19 1148.31 2.00
22.20 1147.85 2.00
22.21 1147.38 2.00
22.22 1146.92 2.00
22.23 1146.45 2.00
22.24 1145.98 2.00
22.25 1145.52 2.00
22.26 1145.05 2.00
22.27 1144.59 2.00
22.28 1144.12 2.00
22.29 1143.66 2.00
22.30 1143.19 2.00
22.31 1142.72 2.00
22.32 1142.26 2.00
22.33 1141.79 2.00
22.34 1141.33 2.00
22.35 1140.86 2.00
22.36 1140.39 2.00
22.37 1139.93 2.00
22.38 1139.46 2.00
22.39 1139.00 2.00
22.40 1138.53 2.00
22.41 1138.06 2.00
22.42 1137.60 2.00
22.43 1137.13 2.00
22.44 1136.67 2.00
22.45 1136.20 2.00
22.46 1135.73 2.00
22.47 1135.27 2.00
22.48 1134.80 2.00
22.49 1134.34 2.00
22.50 1133.87 2.00
22.51 1133.40 2.00
22.52 1132.94 2.00
22.53 1132.47 2.00
22.54 1132.01 2.00
22.55 1131.54 2.00
22.56 1131.07 2.00
22.57 1130.61 2.00
22.58 1130.14 2.00
22.59 1129.67 2.00
22.60 1129.21 2.00
22.61 1128.74 2.00
22.62 1128.28 2.00
22.63 1127.81 2.00
22.64 1127.34 2.00
22.65 1126.88 2.00
22.66 1126.41 2.00
22.67 1125.94 2.00
22.68 1125.48 2.00
22.69 1125.01 2.00
22.70 1124.54 2.00
22.71 1124.08 2.00
22.72 1123.61 2.00
22.73 1123.14 2.00
22.74 1122.68 2.00
22.75 1122.21 2.00
22.76 1121.74 2.00
22.77 1121.28 2.00
22.78 1120.81 2.00
22.79 1120.34 2.00
22.80 1119.88 2.00
22.81 1119.41 2.00
22.82 1118.94 2.00
22.83 1118.48 2.00
22.84 1118.01 2.00
22.85 1117.54 2.00
22.86 1117.08 2.00
22.87 1116.61 2.00
22.88 1116.14 2.00
22.89 1115.68 2.00
22.90 1115.21 2.00
22.91 1114.74 2.00
22.92 1114.28 2.00
22.93 1113.81 2.00
22.94 1113.34 2.00
22.95 1112.88 2.00
22.96 1112.41 2.00
22.97 1111.94 2.00
22.98 1111.48 2.00
22.99 1111.01 2.00
23.00 1110.54 2.00
23.01 1110.08 2.00
23.02 1109.61 2.00
23.03 1109.14 2.00
23.04 1108.67 2.00
23.05 1108.21 2.00
23.06 1107.74 2.00
23.07 1107.27 2.00
23.08 1106.81 2.00
23.09 1106.34 2.00
23.10 1105.87 2.00
23.11 1105.40 2.00
23.12 1104.94 2.00
23.13 1104.47 2.00
23.14 1104.00 2.00
23.15 1103.54 2.00
23.16 1103.07 2.00
23.17 1102.60 2.00
23.18 1102.13 2.00
23.19 1101.67 2.00
23.20 1101.20 2.00
23.21 1100.73 2.00
23.22 1100.27 2.00
23.23 1099.80 2.00
23.24 1099.33 2.00
23.25 1098.86 2.00
23.26 1098.40 2.00
23.27 1097.93 2.00
23.28 1097.46 2.00
23.29 1096.99 2.00
23.30 1096.53 2.00
23.31 1096.06 2.00
23.32 1095.59 2.00
23.33 1095.12 2.00
23.34 1094.66 2.00
23.35 1094.19 2.00
23.36 1093.72 2.00
23.37 1093.25 2.00
23.38 1092.79 2.00
23.39 1092.32 2.00
23.40 1091.85 2.00
23.41 1091.38 2.00
23.42 1090.92 2.00
23.43 1090.45 2.00
23.44 1089.98 2.00
23.45 1089.51 2.00
23.46 1089.05 2.00
23.47 1088.58 2.00
23.48 1088.11 2.00
23.49 1087.64 2.00
23.50 1087.17 2.00
23.51 1086.71 2.00
23.52 1086.24 2.00
23.53 1085.77 2.00
23.54 1085.30 2.00
23.55 1084.84 2.00
23.56 1084.37 2.00
23.57 1083.90 2.00
23.58 1083.43 2.00
23.59 1082.96 2.00
23.60 1082.50 2.00
23.61 1082.03 2.00
23.62 1081.56 2.00
23.63 1081.09 2.00
23.64 1080.62 2.00
23.65 1080.16 2.00
23.66 1079.69 2.00
23.67 1079.22 2.00
23.68 1078.75 2.00
23.69 1078.28 2.00
23.70 1077.82 2.00
23.71 1077.35 2.00
23.72 1076.88 2.00
23.73 1076.41 2.00
23.74 1075.94 2.00
23.75 1075.48 2.00
23.76 1075.01 2.00
23.77 1074.54 2.00
23.78 1074.07 2.00
23.79 1073.60 2.00
23.80 1073.14 2.00
23.81 1072.67 2.00
23.82 1072.20 2.00
23.83 1071.73 2.00
23.84 1071.26 2.00
23.85 1070.79 2.00
23.86 1070.33 2.00
23.87 1069.86 2.00
23.88 1069.39 2.00
23.89 1068.92 2.00
23.90 1068.45 2.00
23.91 1067.98 2.00
23.92 1067.52 2.00
23.93 1067.05 2.00
23.94 1066.58 2.00
23.95 1066.11 2.00
23.96 1065.64 2.00
23.97 1065.17 2.00
23.98 1064.71 2.00
23.99 1064.24 2.00
24.00 1063.77 2.00
24.01 1063.30 2.00
24.02 1062.83 2.00
24.03 1062.36 2.00
24.04 1061.89 2.00
24.05 1061.43 2.00
24.06 1060.96 2.00
24.07 1060.49 2.00
24.08 1060.02 2.00
24.09 1059.55 2.00
24.10 1059.08 2.00
24.11 1058.61 2.00
24.12 1058.15 2.00
24.13 1057.68 2.00
24.14 1057.21 2.00
24.15 1056.74 2.00
24.16 1056.27 2.00
24.17 1055.80 2.00
24.18 1055.33 2.00
24.19 1054.87 2.00
24.20 1054.40 2.00
24.21 1053.93 2.00
24.22 1053.46 2.00
24.23 1052.99 2.00
24.24 1052.52 2.00
24.25 1052.05 2.00
24.26 1051.58 2.00
24.27 1051.12 2.00
24.28 1050.65 2.00
24.29 1050.18 2.00
24.30 1049.71 2.00
24.31 1049.24 2.00
24.32 1048.77 2.00
24.33 1048.30 2.00
24.34 1047.83 2.00
24.35 1047.36 2.00
24.36 1046.89 2.00
24.37 1046.43 2.00
24.38 1045.96 2.00
24.39 1045.49 2.00
24.40 1045.02 2.00
24.41 1044.55 2.00
24.42 1044.08 2.00
24.43 1043.61 2.00
24.44 1043.14 2.00
24.45 1042.67 2.00
24.46 1042.20 2.00
24.47 1041.74 2.00
24.48 1041.27 2.00
24.49 1040.80 2.00
24.50 1040.33 2.00
24.51 1039.86 2.00
24.52 1039.39 2.00
24.53 1038.92 2.00
24.54 1038.45 2.00
24.55 1037.98 2.00
24.56 1037.51 2.00
24.57 1037.04 2.00
24.58 1036.57 2.00
24.59 1036.10 2.00
24.60 1035.64 2.00
24.61 1035.17 2.00
24.62 1034.70 2.00
24.63 1034.23 2.00
24.64 1033.76 2.00
24.65 1033.29 2.00
24.66 1032.82 2.00
24.67 1032.35 2.00
24.68 1031.88 2.00
24.69 1031.41 2.00
24.70 1030.94 2.00
24.71 1030.47 2.00
24.72 1030.00 2.00
24.73 1029.53 2.00
24.74 1029.06 2.00
24.75 1028.59 2.00
24.76 1028.13 2.00
24.77 1027.66 2.00
24.78 1027.19 2.00
24.79 1026.72 2.00
24.80 1026.25 2.00
24.81 1025.78 2.00
24.82 1025.31 2.00
24.83 1024.84 2.00
24.84 1024.37 2.00
24.85 1023.90 2.00
24.86 1023.43 2.00
24.87 1022.96 2.00
24.88 1022.49 2.00
24.89 1022.02 2.00
24.90 1021.55 2.00
24.91 1021.08 2.00
24.92 1020.61 2.00
24.93 1020.14 2.00
24.94 1019.67 2.00
24.95 1019.20 2.00
24.96 1018.73 2.00
24.97 1018.26 2.00
24.98 1017.79 2.00
24.99 1017.32 2.00
25.00 1016.85 2.00
25.01 1016.38 2.00
25.02 1015.91 2.00
25.03 1015.44 2.00
25.04 1014.97 2.00
25.05 1014.50 2.00
25.06 1014.03 2.00
25.07 1013.56 2.00
25.08 1013.09 2.00
25.09 1012.62 2.00
25.10 1012.15 2.00
25.11 1011.68 2.00
25.12 1011.21 2.00
25.13 1010.74 2.00
25.14 1010.27 2.00
25.15 1009.80 2.00
25.16 1009.33 2.00
25.17 1008.86 2.00
25.18 1008.39 2.00
25.19 1007.92 2.00
25.20 1007.45 2.00
25.21 1006.98 2.00
25.22 1006.51 2.00
25.23 1006.04 2.00
25.24 1005.57 2.00
25.25 1005.10 2.00
25.26 1004.63 2.00
25.27 1004.16 2.00
25.28 1003.69 2.00
25.29 1003.22 2.00
25.30 1002.75 2.00
25.31 1002.28 2.00
25.32 1001.81 2.00
25.33 1001.34 2.00
25.34 1000.87 2.00
25.35 1000.40 2.00
25.36 999.93 2.00
25.37 999.46 2.00
25.38 998.99 2.00
25.39 998.52 2.00
25.40 998.05 2.00
25.41 997.58 2.00
25.42 997.11 2.00
25.43 996.64 2.00
25.44 996.17 2.00
25.45 995.70 2.00
25.46 995.23 2.00
25.47 994.76 2.00
25.48 994.29 2.00
25.49 993.82 2.00
25.50 993.35 2.00
25.51 992.88 2.00
25.52 992.41 2.00
25.53 991.94 2.00
25.54 991.46 2.00
25.55 990.99 2.00
25.56 990.52 2.00
25.57 990.05 2.00
25.58 989.58 2.00
25.59 989.11 2.00
25.60 988.64 2.00
25.61 988.17 2.00
25.62 987.70 2.00
25.63 987.23 2.00
25.64 986.76 2.00
25.65 986.29 2.00
25.66 985.82 2.00
25.67 985.35 2.00
25.68 984.88 2.00
25.69 984.41 2.00
25.70 983.94 2.00
25.71 983.46 2.00
25.72 982.99 2.00
25.73 982.52 2.00
25.74 982.05 2.00
25.75 981.58 2.00
25.76 981.11 2.00
25.77 980.64 2.00
25.78 980.17 2.00
25.79 979.70 2.00
25.80 979.23 2.00
25.81 978.76 2.00
25.82 978.29 2.00
25.83 977.82 2.00
25.84 977.34 2.00
25.85 976.87 2.00
25.86 976.40 2.00
25.87 975.93 2.00
25.88 975.46 2.00
25.89 974.99 2.00
25.90 974.52 2.00
25.91 974.05 2.00
25.92 973.58 2.00
25.93 973.11 2.00
25.94 972.64 2.00
25.95 972.16 2.00
25.96 971.69 2.00
25.97 971.22 2.00
25.98 970.75 2.00
25.99 970.28 2.00
26.00 969.81 2.00
26.01 969.34 2.00
26.02 968.87 2.00
26.03 968.40 2.00
26.04 967.93 2.00
26.05 967.45 2.00
26.06 966.98 2.00
26.07 966.51 2.00
26.08 966.04 2.00
26.09 965.57 2.00
26.10 965.10 2.00
26.11 964.63 2.00
26.12 964.16 2.00
26.13 963.69 2.00
26.14 963.21 2.00
26.15 962.74 2.00
26.16 962.27 2.00
26.17 961.80 2.00
26.18 961.33 2.00
26.19 960.86 2.00
26.20 960.39 2.00
26.21 959.92 2.00
26.22 959.44 2.00
26.23 958.97 2.00
26.24 958.50 2.00
26.25 958.03 2.00
26.26 957.56 2.00
26.27 957.09 2.00
26.28 956.62 2.00
26.29 956.14 2.00
26.30 955.67 2.00
26.31 955.20 2.00
26.32 954.73 2.00
26.33 954.26 2.00
26.34 953.79 2.00
26.35 953.32 2.00
26.36 952.85 2.00
26.37 952.37 2.00
26.38 951.90 2.00
26.39 951.43 2.00
26.40 950.96 2.00
26.41 950.49 2.00
26.42 950.02 2.00
26.43 949.54 2.00
26.44 949.07 2.00
26.45 948.60 2.00
26.46 948.13 2.00
26.47 947.66 2.00
26.48 947.19 2.00
26.49 946.72 2.00
26.50 946.24 2.00
26.51 945.77 2.00
26.52 945.30 2.00
26.53 944.83 2.00
26.54 944.36 2.00
26.55 943.89 2.00
26.56 943.41 2.00
26.57 942.94 2.00
26.58 942.47 2.00
26.59 942.00 2.00
26.60 941.53 2.00
26.61 941.06 2.00
26.62 940.58 2.00
26.63 940.11 2.00
26.64 939.64 2.00
26.65 939.17 2.00
26.66 938.70 2.00
26.67 938.22 2.00
26.68 937.75 2.00
26.69 937.28 2.00
26.70 936.81 2.00
26.71 936.34 2.00
26.72 935.87 2.00
26.73 935.39 2.00
26.74 934.92 2.00
26.75 934.45 2.00
26.76 933.98 2.00
26.77 933.51 2.00
26.78 933.03 2.00
26.79 932.56 2.00
26.80 932.09 2.00
26.81 931.62 2.00
26.82 931.15 2.00
26.83 930.67 2.00
26.84 930.20 2.00
26.85 929.73 2.00
26.86 929.26 2.00
26.87 928.79 2.00
26.88 928.31 2.00
26.89 927.84 2.00
26.90 927.37 2.00
26.91 926.90 2.00
26.92 926.43 2.00
26.93 925.95 2.00
26.94 925.48 2.00
26.95 925.01 2.00
26.96 924.54 2.00
26.97 924.07 2.00
26.98 923.59 2.00
26.99 923.12 2.00
27.00 922.65 2.00
27.01 922.18 2.00
27.02 921.71 2.00
27.03 921.23 2.00
27.04 920.76 2.00
27.05 920.29 2.00
27.06 919.82 2.00
27.07 919.34 2.00
27.08 918.87 2.00
27.09 918.40 2.00
27.10 917.93 2.00
27.11 917.46 2.00
27.12 916.98 2.00
27.13 916.51 2.00
27.14 916.04 2.00
27.15 915.57 2.00
27.16 915.09 2.00
27.17 914.62 2.00
27.18 914.15 2.00
27.19 913.68 2.00
27.20 913.20 2.00
27.21 912.73 2.00
27.22 912.26 2.00
27.23 911.79 2.00
27.24 911.32 2.00
27.25 910.84 2.00
27.26 910.37 2.00
27.27 909.90 2.00
27.28 909.43 2.00
27.29 908.95 2.00
27.30 908.48 2.00
27.31 908.01 2.00
27.32 907.54 2.00
27.33 907.06 2.00
27.34 906.59 2.00
27.35 906.12 2.00
27.36 905.65 2.00
27.37 905.17 2.00
27.38 904.70 2.00
27.39 904.23 2.00
27.40 903.76 2.00
27.41 903.28 2.00
27.42 902.81 2.00
27.43 902.34 2.00
27.44 901.87 2.00
27.45 901.39 2.00
27.46 900.92 2.00
27.47 900.45 2.00
27.48 899.97 2.00
27.49 899.50 2.00
27.50 899.03 2.00
27.51 898.56 2.00
27.52 898.08 2.00
27.53 897.61 2.00
27.54 897.14 2.00
27.55 896.67 2.00
27.56 896.19 2.00
27.57 895.72 2.00
27.58 895.25 2.00
27.59 894.78 2.00
27.60 894.30 2.00
27.61 893.83 2.00
27.62 893.36 2.00
27.63 892.88 2.00
27.64 892.41 2.00
27.65 891.94 2.00
27.66 891.47 2.00
27.67 890.99 2.00
27.68 890.52 2.00
27.69 890.05 2.00
27.70 889.57 2.00
27.71 889.10 2.00
27.72 888.63 2.00
27.73 888.16 2.00
27.74 887.68 2.00
27.75 887.21 2.00
27.76 886.74 2.00
27.77 886.26 2.00
27.78 885.79 2.00
27.79 885.32 2.00
27.80 884.85 2.00
27.81 884.37 2.00
27.82 883.90 2.00
27.83 883.43 2.00
27.84 882.95 2.00
27.85 882.48 2.00
27.86 882.01 2.00
27.87 881.53 2.00
27.88 881.06 2.00
27.89 880.59 2.00
27.90 880.12 2.00
27.91 879.64 2.00
27.92 879.17 2.00
27.93 878.70 2.00
27.94 878.22 2.00
27.95 877.75 2.00
27.96 877.28 2.00
27.97 876.80 2.00
27.98 876.33 2.00
27.99 875.86 2.00
28.00 875.38 2.00
28.01 874.91 2.00
28.02 874.44 2.00
28.03 873.96 2.00
28.04 873.49 2.00
28.05 873.02 2.00
28.06 872.54 2.00
28.07 872.07 2.00
28.08 871.60 2.00
28.09 871.13 2.00
28.10 870.65 2.00
28.11 870.18 2.00
28.12 869.71 2.00
28.13 869.23 2.00
28.14 868.76 2.00
28.15 868.29 2.00
28.16 867.81 2.00
28.17 867.34 2.00
28.18 866.87 2.00
28.19 866.39 2.00
28.20 865.92 2.00
28.21 865.45 2.00
28.22 864.97 2.00
28.23 864.50 2.00
28.24 864.03 2.00
28.25 863.55 2.00
28.26 863.08 2.00
28.27 862.60 2.00
28.28 862.13 2.00
28.29 861.66 2.00
28.30 861.18 2.00
28.31 860.71 2.00
28.32 860.24 2.00
28.33 859.76 2.00
28.34 859.29 2.00
28.35 858.82 2.00
28.36 858.34 2.00
28.37 857.87 2.00
28.38 857.40 2.00
28.39 856.92 2.00
28.40 856.45 2.00
28.41 855.98 2.00
28.42 855.50 2.00
28.43 855.03 2.00
28.44 854.56 2.00
28.45 854.08 2.00
28.46 853.61 2.00
28.47 853.13 2.00
28.48 852.66 2.00
28.49 852.19 2.00
28.50 851.71 2.00
28.51 851.24 2.00
28.52 850.77 2.00
28.53 850.29 2.00
28.54 849.82 2.00
28.55 849.35 2.00
28.56 848.87 2.00
28.57 848.40 2.00
28.58 847.92 2.00
28.59 847.45 2.00
28.60 846.98 2.00
28.61 846.50 2.00
28.62 846.03 2.00
28.63 845.56 2.00
28.64 845.08 2.00
28.65 844.61 2.00
28.66 844.13 2.00
28.67 843.66 2.00
28.68 843.19 2.00
28.69 842.71 2.00
28.70 842.24 2.00
28.71 841.77 2.00
28.72 841.29 2.00
28.73 840.82 2.00
28.74 840.34 2.00
28.75 839.87 2.00
28.76 839.40 2.00
28.77 838.92 2.00
28.78 838.45 2.00
28.79 837.97 2.00
28.80 837.50 2.00
28.81 837.03 2.00
28.82 836.55 2.00
28.83 836.08 2.00
28.84 835.60 2.00
28.85 835.13 2.00
28.86 834.66 2.00
28.87 834.18 2.00
28.88 833.71 2.00
28.89 833.23 2.00
28.90 832.76 2.00
28.91 832.29 2.00
28.92 831.81 2.00
28.93 831.34 2.00
28.94 830.86 2.00
28.95 830.39 2.00
28.96 829.92 2.00
28.97 829.44 2.00
28.98 828.97 2.00
28.99 828.49 2.00
29.00 828.02 2.00
29.01 827.55 2.00
29.02 827.07 2.00
29.03 826.60 2.00
29.04 826.12 2.00
29.05 825.65 2.00
29.06 825.18 2.00
29.07 824.70 2.00
29.08 824.23 2.00
29.09 823.75 2.00
29.10 823.28 2.00
29.11 822.80 2.00
29.12 822.33 2.00
29.13 821.86 2.00
29.14 821.38 2.00
29.15 820.91 2.00
29.16 820.43 2.00
29.17 819.96 2.00
29.18 819.49 2.00
29.19 819.01 2.00
29.20 818.54 2.00
29.21 818.06 2.00
29.22 817.59 2.00
29.23 817.11 2.00
29.24 816.64 2.00
29.25 816.17 2.00
29.26 815.69 2.00
29.27 815.22 2.00
29.28 814.74 2.00
29.29 814.27 2.00
29.30 813.79 2.00
29.31 813.32 2.00
29.32 812.84 2.00
29.33 812.37 2.00
29.34 811.90 2.00
29.35 811.42 2.00
29.36 810.95 2.00
29.37 810.47 2.00
29.38 810.00 2.00
29.39 809.52 2.00
29.40 809.05 2.00
29.41 808.57 2.00
29.42 808.10 2.00
29.43 807.63 2.00
29.44 807.15 2.00
29.45 806.68 2.00
29.46 806.20 2.00
29.47 805.73 2.00
29.48 805.25 2.00
29.49 804.78 2.00
29.50 804.30 2.00
29.51 803.83 2.00
29.52 803.36 2.00
29.53 802.88 2.00
29.54 802.41 2.00
29.55 801.93 2.00
29.56 801.46 2.00
29.57 800.98 2.00
29.58 800.51 2.00
29.59 800.03 2.00
29.60 799.56 2.00
29.61 799.08 2.00
29.62 798.61 2.00
29.63 798.13 2.00
29.64 797.66 2.00
29.65 797.19 2.00
29.66 796.71 2.00
29.67 796.24 2.00
29.68 795.76 2.00
29.69 795.29 2.00
29.70 794.81 2.00
29.71 794.34 2.00
29.72 793.86 2.00
29.73 793.39 2.00
29.74 792.91 2.00
29.75 792.44 2.00
29.76 791.96 2.00
29.77 791.49 2.00
29.78 791.01 2.00
29.79 790.54 2.00
29.80 790.06 2.00
29.81 789.59 2.00
29.82 789.11 2.00
29.83 788.64 2.00
29.84 788.17 2.00
29.85 787.69 2.00
29.86 787.22 2.00
29.87 786.74 2.00
29.88 786.27 2.00
29.89 785.79 2.00
29.90 785.32 2.00
29.91 784.84 2.00
29.92 784.37 2.00
29.93 783.89 2.00
29.94 783.42 2.00
29.95 782.94 2.00
29.96 782.47 2.00
29.97 781.99 2.00
29.98 781.52 2.00
29.99 781.04 2.00
30.00 780.57 2.00
30.01 780.09 2.00
30.02 779.62 2.00
30.03 779.14 2.00
30.04 778.67 2.00
30.05 778.19 2.00
30.06 777.72 2.00
30.07 777.24 2.00
30.08 776.77 2.00
30.09 776.29 2.00
30.10 775.82 2.00
30.11 775.34 2.00
30.12 774.87 2.00
30.13 774.39 2.00
30.14 773.92 2.00
30.15 773.44 2.00
30.16 772.97 2.00
30.17 772.49 2.00
30.18 772.02 2.00
30.19 771.54 2.00
30.20 771.07 2.00
30.21 770.59 2.00
30.22 770.12 2.00
30.23 769.64 2.00
30.24 769.17 2.00
30.25 768.69 2.00
30.26 768.21 2.00
30.27 767.74 2.00
30.28 767.26 2.00
30.29 766.79 2.00
30.30 766.31 2.00
30.31 765.84 2.00
30.32 765.36 2.00
30.33 764.89 2.00
30.34 764.41 2.00
30.35 763.94 2.00
30.36 763.46 2.00
30.37 762.99 2.00
30.38 762.51 2.00
30.39 762.04 2.00
30.40 761.56 2.00
30.41 761.09 2.00
30.42 760.61 2.00
30.43 760.14 2.00
30.44 759.66 2.00
30.45 759.19 2.00
30.46 758.71 2.00
30.47 758.23 2.00
30.48 757.76 2.00
30.49 757.28 2.00
30.50 756.81 2.00
30.51 756.33 2.00
30.52 755.86 2.00
30.53 755.38 2.00
30.54 754.91 2.00
30.55 754.43 2.00
30.56 753.96 2.00
30.57 753.48 2.00
30.58 753.01 2.00
30.59 752.53 2.00
30.60 752.05 2.00
30.61 751.58 2.00
30.62 751.10 2.00
30.63 750.63 2.00
30.64 750.15 2.00
30.65 749.68 2.00
30.66 749.20 2.00
30.67 748.73 2.00
30.68 748.25 2.00
30.69 747.77 2.00
30.70 747.30 2.00
30.71 746.82 2.00
30.72 746.35 2.00
30.73 745.87 2.00
30.74 745.40 2.00
30.75 744.92 2.00
30.76 744.45 2.00
30.77 743.97 2.00
30.78 743.49 2.00
30.79 743.02 2.00
30.80 742.54 2.00
30.81 742.07 2.00
30.82 741.59 2.00
30.83 741.12 2.00
30.84 740.64 2.00
30.85 740.17 2.00
30.86 739.69 2.00
30.87 739.21 2.00
30.88 738.74 2.00
30.89 738.26 2.00
30.90 737.79 2.00
30.91 737.31 2.00
30.92 736.84 2.00
30.93 736.36 2.00
30.94 735.88 2.00
30.95 735.41 2.00
30.96 734.93 2.00
30.97 734.46 2.00
30.98 733.98 2.00
30.99 733.51 2.00
31.00 733.03 2.00
31.01 732.55 2.00
31.02 732.08 2.00
31.03 731.60 2.00
31.04 731.13 2.00
31.05 730.65 2.00
31.06 730.18 2.00
31.07 729.70 2.00
31.08 729.22 2.00
31.09 728.75 2.00
31.10 728.27 2.00
31.11 727.80 2.00
31.12 727.32 2.00
31.13 726.84 2.00
31.14 726.37 2.00
31.15 725.89 2.00
31.16 725.42 2.00
31.17 724.94 2.00
31.18 724.46 2.00
31.19 723.99 2.00
31.20 723.51 2.00
31.21 723.04 2.00
31.22 722.56 2.00
31.23 722.09 2.00
31.24 721.61 2.00
31.25 721.13 2.00
31.26 720.66 2.00
31.27 720.18 2.00
31.28 719.71 2.00
31.29 719.23 2.00
31.30 718.75 2.00
31.31 718.28 2.00
31.32 717.80 2.00
31.33 717.33 2.00
31.34 716.85 2.00
31.35 716.37 2.00
31.36 715.90 2.00
31.37 715.42 2.00
31.38 714.95 2.00
31.39 714.47 2.00
31.40 713.99 2.00
31.41 713.52 2.00
31.42 713.04 2.00
31.43 712.56 2.00
31.44 712.09 2.00
31.45 711.61 2.00
31.46 711.14 2.00
31.47 710.66 2.00
31.48 710.18 2.00
31.49 709.71 2.00
31.50 709.23 2.00
31.51 708.76 2.00
31.52 708.28 2.00
31.53 707.80 2.00
31.54 707.33 2.00
31.55 706.85 2.00
31.56 706.37 2.00
31.57 705.90 2.00
31.58 705.42 2.00
31.59 704.95 2.00
31.60 704.47 2.00
31.61 703.99 2.00
31.62 703.52 2.00
31.63 703.04 2.00
31.64 702.57 2.00
31.65 702.09 2.00
31.66 701.61 2.00
31.67 701.14 2.00
31.68 700.66 2.00
31.69 700.18 2.00
31.70 699.71 2.00
31.71 699.23 2.00
31.72 698.75 2.00
31.73 698.28 2.00
31.74 697.80 2.00
31.75 697.33 2.00
31.76 696.85 2.00
31.77 696.37 2.00
31.78 695.90 2.00
31.79 695.42 2.00
31.80 694.94 2.00
31.81 694.47 2.00
31.82 693.99 2.00
31.83 693.52 2.00
31.84 693.04 2.00
31.85 692.56 2.00
31.86 692.09 2.00
31.87 691.61 2.00
31.88 691.13 2.00
31.89 690.66 2.00
31.90 690.18 2.00
31.91 689.70 2.00
31.92 689.23 2.00
31.93 688.75 2.00
31.94 688.27 2.00
31.95 687.80 2.00
31.96 687.32 2.00
31.97 686.84 2.00
31.98 686.37 2.00
31.99 685.89 2.00
32.00 685.42 2.00
32.01 684.94 2.00
32.02 684.46 2.00
32.03 683.99 2.00
32.04 683.51 2.00
32.05 683.03 2.00
32.06 682.56 2.00
32.07 682.08 2.00
32.08 681.60 2.00
32.09 681.13 2.00
32.10 680.65 2.00
32.11 680.17 2.00
32.12 679.70 2.00
32.13 679.22 2.00
32.14 678.74 2.00
32.15 678.27 2.00
32.16 677.79 2.00
32.17 677.31 2.00
32.18 676.84 2.00
32.19 676.36 2.00
32.20 675.88 2.00
32.21 675.41 2.00
32.22 674.93 2.00
32.23 674.45 2.00
32.24 673.98 2.00
32.25 673.50 2.00
32.26 673.02 2.00
32.27 672.55 2.00
32.28 672.07 2.00
32.29 671.59 2.00
32.30 671.12 2.00
32.31 670.64 2.00
32.32 670.16 2.00
32.33 669.69 2.00
32.34 669.21 2.00
32.35 668.73 2.00
32.36 668.26 2.00
32.37 667.78 2.00
32.38 667.30 2.00
32.39 666.83 2.00
32.40 666.35 2.00
32.41 665.87 2.00
32.42 665.40 2.00
32.43 664.92 2.00
32.44 664.44 2.00
32.45 663.97 2.00
32.46 663.49 2.00
32.47 663.01 2.00
32.48 662.53 2.00
32.49 662.06 2.00
32.50 661.58 2.00
32.51 661.10 2.00
32.52 660.63 2.00
32.53 660.15 2.00
32.54 659.67 2.00
32.55 659.20 2.00
32.56 658.72 2.00
32.57 658.24 2.00
32.58 657.77 2.00
32.59 657.29 2.00
32.60 656.81 2.00
32.61 656.33 2.00
32.62 655.86 2.00
32.63 655.38 2.00
32.64 654.90 2.00
32.65 654.43 2.00
32.66 653.95 2.00
32.67 653.47 2.00
32.68 653.00 2.00
32.69 652.52 2.00
32.70 652.04 2.00
32.71 651.57 2.00
32.72 651.09 2.00
32.73 650.61 2.00
32.74 650.13 2.00
32.75 649.66 2.00
32.76 649.18 2.00
32.77 648.70 2.00
32.78 648.23 2.00
32.79 647.75 2.00
32.80 647.27 2.00
32.81 646.79 2.00
32.82 646.32 2.00
32.83 645.84 2.00
32.84 645.36 2.00
32.85 644.89 2.00
32.86 644.41 2.00
32.87 643.93 2.00
32.88 643.45 2.00
32.89 642.98 2.00
32.90 642.50 2.00
32.91 642.02 2.00
32.92 641.55 2.00
32.93 641.07 2.00
32.94 640.59 2.00
32.95 640.11 2.00
32.96 639.64 2.00
32.97 639.16 2.00
32.98 638.68 2.00
32.99 638.21 2.00
33.00 637.73 2.00
33.01 637.25 2.00
33.02 636.77 2.00
33.03 636.30 2.00
33.04 635.82 2.00
33.05 635.34 2.00
33.06 634.87 2.00
33.07 634.39 2.00
33.08 633.91 2.00
33.09 633.43 2.00
33.10 632.96 2.00
33.11 632.48 2.00
33.12 632.00 2.00
33.13 631.52 2.00
33.14 631.05 2.00
33.15 630.57 2.00
33.16 630.09 2.00
33.17 629.62 2.00
33.18 629.14 2.00
33.19 628.66 2.00
33.20 628.18 2.00
33.21 627.71 2.00
33.22 627.23 2.00
33.23 626.75 2.00
33.24 626.27 2.00
33.25 625.80 2.00
33.26 625.32 2.00
33.27 624.84 2.00
33.28 624.36 2.00
33.29 623.89 2.00
33.30 623.41 2.00
33.31 622.93 2.00
33.32 622.45 2.00
33.33 621.98 2.00
33.34 621.50 2.00
33.35 621.02 2.00
33.36 620.55 2.00
33.37 620.07 2.00
33.38 619.59 2.00
33.39 619.11 2.00
33.40 618.64 2.00
33.41 618.16 2.00
33.42 617.68 2.00
33.43 617.20 2.00
33.44 616.73 2.00
33.45 616.25 2.00
33.46 615.77 2.00
33.47 615.29 2.00
33.48 614.82 2.00
33.49 614.34 2.00
33.50 613.86 2.00
33.51 613.38 2.00
33.52 612.91 2.00
33.53 612.43 2.00
33.54 611.95 2.00
33.55 611.47 2.00
33.56 610.99 2.00
33.57 610.52 2.00
33.58 610.04 2.00
33.59 609.56 2.00
33.60 609.08 2.00
33.61 608.61 2.00
33.62 608.13 2.00
33.63 607.65 2.00
33.64 607.17 2.00
33.65 606.70 2.00
33.66 606.22 2.00
33.67 605.74 2.00
33.68 605.26 2.00
33.69 604.79 2.00
33.70 604.31 2.00
33.71 603.83 2.00
33.72 603.35 2.00
33.73 602.88 2.00
33.74 602.40 2.00
33.75 601.92 2.00
33.76 601.44 2.00
33.77 600.96 2.00
33.78 600.49 2.00
33.79 600.01 2.00
33.80 599.53 2.00
33.81 599.05 2.00
33.82 598.58 2.00
33.83 598.10 2.00
33.84 597.62 2.00
33.85 597.14 2.00
33.86 596.66 2.00
33.87 596.19 2.00
33.88 595.71 2.00
33.89 595.23 2.00
33.90 594.75 2.00
33.91 594.28 2.00
33.92 593.80 2.00
33.93 593.32 2.00
33.94 592.84 2.00
33.95 592.36 2.00
33.96 591.89 2.00
33.97 591.41 2.00
33.98 590.93 2.00
33.99 590.45 2.00
34.00 589.98 2.00
34.01 589.50 2.00
34.02 589.02 2.00
34.03 588.54 2.00
34.04 588.06 2.00
34.05 587.59 2.00
34.06 587.11 2.00
34.07 586.63 2.00
34.08 586.15 2.00
34.09 585.67 2.00
34.10 585.20 2.00
34.11 584.72 2.00
34.12 584.24 2.00
34.13 583.76 2.00
34.14 583.28 2.00
34.15 582.81 2.00
34.16 582.33 2.00
34.17 581.85 2.00
34.18 581.37 2.00
34.19 580.89 2.00
34.20 580.42 2.00
34.21 579.94 2.00
34.22 579.46 2.00
34.23 578.98 2.00
34.24 578.50 2.00
34.25 578.03 2.00
34.26 577.55 2.00
34.27 577.07 2.00
34.28 576.59 2.00
34.29 576.11 2.00
34.30 575.64 2.00
34.31 575.16 2.00
34.32 574.68 2.00
34.33 574.20 2.00
34.34 573.72 2.00
34.35 573.25 2.00
34.36 572.77 2.00
34.37 572.29 2.00
34.38 571.81 2.00
34.39 571.33 2.00
34.40 570.86 2.00
34.41 570.38 2.00
34.42 569.90 2.00
34.43 569.42 2.00
34.44 568.94 2.00
34.45 568.47 2.00
34.46 567.99 2.00
34.47 567.51 2.00
34.48 567.03 2.00
34.49 566.55 2.00
34.50 566.07 2.00
34.51 565.60 2.00
34.52 565.12 2.00
34.53 564.64 2.00
34.54 564.16 2.00
34.55 563.68 2.00
34.56 563.21 2.00
34.57 562.73 2.00
34.58 562.25 2.00
34.59 561.77 2.00
34.60 561.29 2.00
34.61 560.81 2.00
34.62 560.34 2.00
34.63 559.86 2.00
34.64 559.38 2.00
34.65 558.90 2.00
34.66 558.42 2.00
34.67 557.94 2.00
34.68 557.47 2.00
34.69 556.99 2.00
34.70 556.51 2.00
34.71 556.03 2.00
34.72 555.55 2.00
34.73 555.07 2.00
34.74 554.60 2.00
34.75 554.12 2.00
34.76 553.64 2.00
34.77 553.16 2.00
34.78 552.68 2.00
34.79 552.20 2.00
34.80 551.73 2.00
34.81 551.25 2.00
34.82 550.77 2.00
34.83 550.29 2.00
34.84 549.81 2.00
34.85 549.33 2.00
34.86 548.86 2.00
34.87 548.38 2.00
34.88 547.90 2.00
34.89 547.42 2.00
34.90 546.94 2.00
34.91 546.46 2.00
34.92 545.99 2.00
34.93 545.51 2.00
34.94 545.03 2.00
34.95 544.55 2.00
34.96 544.07 2.00
34.97 543.59 2.00
34.98 543.12 2.00
34.99 542.64 2.00
35.00 542.16 2.00
35.01 541.68 2.00
35.02 541.20 2.00
35.03 540.72 2.00
35.04 540.24 2.00
35.05 539.77 2.00
35.06 539.29 2.00
35.07 538.81 2.00
35.08 538.33 2.00
35.09 537.85 2.00
35.10 537.37 2.00
35.11 536.89 2.00
35.12 536.42 2.00
35.13 535.94 2.00
35.14 535.46 2.00
35.15 534.98 2.00
35.16 534.50 2.00
35.17 534.02 2.00
35.18 533.54 2.00
35.19 533.07 2.00
35.20 532.59 2.00
35.21 532.11 2.00
35.22 531.63 2.00
35.23 531.15 2.00
35.24 530.67 2.00
35.25 530.19 2.00
35.26 529.72 2.00
35.27 529.24 2.00
35.28 528.76 2.00
35.29 528.28 2.00
35.30 527.80 2.00
35.31 527.32 2.00
35.32 526.84 2.00
35.33 526.37 2.00
35.34 525.89 2.00
35.35 525.41 2.00
35.36 524.93 2.00
35.37 524.45 2.00
35.38 523.97 2.00
35.39 523.49 2.00
35.40 523.01 2.00
35.41 522.54 2.00
35.42 522.06 2.00
35.43 521.58 2.00
35.44 521.10 2.00
35.45 520.62 2.00
35.46 520.14 2.00
35.47 519.66 2.00
35.48 519.18 2.00
35.49 518.71 2.00
35.50 518.23 2.00
35.51 517.75 2.00
35.52 517.27 2.00
35.53 516.79 2.00
35.54 516.31 2.00
35.55 515.83 2.00
35.56 515.35 2.00
35.57 514.88 2.00
35.58 514.40 2.00
35.59 513.92 2.00
35.60 513.44 2.00
35.61 512.96 2.00
35.62 512.48 2.00
35.63 512.00 2.00
35.64 511.52 2.00
35.65 511.05 2.00
35.66 510.57 2.00
35.67 510.09 2.00
35.68 509.61 2.00
35.69 509.13 2.00
35.70 508.65 2.00
35.71 508.17 2.00
35.72 507.69 2.00
35.73 507.21 2.00
35.74 506.74 2.00
35.75 506.26 2.00
35.76 505.78 2.00
35.77 505.30 2.00
35.78 504.82 2.00
35.79 504.34 2.00
35.80 503.86 2.00
35.81 503.38 2.00
35.82 502.90 2.00
35.83 502.43 2.00
35.84 501.95 2.00
35.85 501.47 2.00
35.86 500.99 2.00
35.87 500.51 2.00
35.88 500.03 2.00
35.89 499.55 2.00
35.90 499.07 2.00
35.91 498.59 2.00
35.92 498.11 2.00
35.93 497.64 2.00
35.94 497.16 2.00
35.95 496.68 2.00
35.96 496.20 2.00
35.97 495.72 2.00
35.98 495.24 2.00
35.99 494.76 2.00
36.00 494.28 2.00
36.01 493.80 2.00
36.02 493.32 2.00
36.03 492.84 2.00
36.04 492.37 2.00
36.05 491.89 2.00
36.06 491.41 2.00
36.07 490.93 2.00
36.08 490.45 2.00
36.09 489.97 2.00
36.10 489.49 2.00
36.11 489.01 2.00
36.12 488.53 2.00
36.13 488.05 2.00
36.14 487.57 2.00
36.15 487.10 2.00
36.16 486.62 2.00
36.17 486.14 2.00
36.18 485.66 2.00
36.19 485.18 2.00
36.20 484.70 2.00
36.21 484.22 2.00
36.22 483.74 2.00
36.23 483.26 2.00
36.24 482.78 2.00
36.25 482.30 2.00
36.26 481.82 2.00
36.27 481.35 2.00
36.28 480.87 2.00
36.29 480.39 2.00
36.30 479.91 2.00
36.31 479.43 2.00
36.32 478.95 2.00
36.33 478.47 2.00
36.34 477.99 2.00
36.35 477.51 2.00
36.36 477.03 2.00
36.37 476.55 2.00
36.38 476.07 2.00
36.39 475.60 2.00
36.40 475.12 2.00
36.41 474.64 2.00
36.42 474.16 2.00
36.43 473.68 2.00
36.44 473.20 2.00
36.45 472.72 2.00
36.46 472.24 2.00
36.47 471.76 2.00
36.48 471.28 2.00
36.49 470.80 2.00
36.50 470.32 2.00
36.51 469.84 2.00
36.52 469.36 2.00
36.53 468.88 2.00
36.54 468.41 2.00
36.55 467.93 2.00
36.56 467.45 2.00
36.57 466.97 2.00
36.58 466.49 2.00
36.59 466.01 2.00
36.60 465.53 2.00
36.61 465.05 2.00
36.62 464.57 2.00
36.63 464.09 2.00
36.64 463.61 2.00
36.65 463.13 2.00
36.66 462.65 2.00
36.67 462.17 2.00
36.68 461.69 2.00
36.69 461.21 2.00
36.70 460.74 2.00
36.71 460.26 2.00
36.72 459.78 2.00
36.73 459.30 2.00
36.74 458.82 2.00
36.75 458.34 2.00
36.76 457.86 2.00
36.77 457.38 2.00
36.78 456.90 2.00
36.79 456.42 2.00
36.80 455.94 2.00
36.81 455.46 2.00
36.82 454.98 2.00
36.83 454.50 2.00
36.84 454.02 2.00
36.85 453.54 2.00
36.86 453.06 2.00
36.87 452.58 2.00
36.88 452.10 2.00
36.89 451.63 2.00
36.90 451.15 2.00
36.91 450.67 2.00
36.92 450.19 2.00
36.93 449.71 2.00
36.94 449.23 2.00
36.95 448.75 2.00
36.96 448.27 2.00
36.97 447.79 2.00
36.98 447.31 2.00
36.99 446.83 2.00
37.00 446.35 2.00
37.01 445.87 2.00
37.02 445.39 2.00
37.03 444.91 2.00
37.04 444.43 2.00
37.05 443.95 2.00
37.06 443.47 2.00
37.07 442.99 2.00
37.08 442.51 2.00
37.09 442.03 2.00
37.10 441.55 2.00
37.11 441.07 2.00
37.12 440.59 2.00
37.13 440.12 2.00
37.14 439.64 2.00
37.15 439.16 2.00
37.16 438.68 2.00
37.17 438.20 2.00
37.18 437.72 2.00
37.19 437.24 2.00
37.20 436.76 2.00
37.21 436.28 2.00
37.22 435.80 2.00
37.23 435.32 2.00
37.24 434.84 2.00
37.25 434.36 2.00
37.26 433.88 2.00
37.27 433.40 2.00
37.28 432.92 2.00
37.29 432.44 2.00
37.30 431.96 2.00
37.31 431.48 2.00
37.32 431.00 2.00
37.33 430.52 2.00
37.34 430.04 2.00
37.35 429.56 2.00
37.36 429.08 2.00
37.37 428.60 2.00
37.38 428.12 2.00
37.39 427.64 2.00
37.40 427.16 2.00
37.41 426.68 2.00
37.42 426.20 2.00
37.43 425.72 2.00
37.44 425.24 2.00
37.45 424.76 2.00
37.46 424.28 2.00
37.47 423.80 2.00
37.48 423.32 2.00
37.49 422.84 2.00
37.50 422.36 2.00
37.51 421.88 2.00
37.52 421.40 2.00
37.53 420.92 2.00
37.54 420.45 2.00
37.55 419.97 2.00
37.56 419.49 2.00
37.57 419.01 2.00
37.58 418.53 2.00
37.59 418.05 2.00
37.60 417.57 2.00
37.61 417.09 2.00
37.62 416.61 2.00
37.63 416.13 2.00
37.64 415.65 2.00
37.65 415.17 2.00
37.66 414.69 2.00
37.67 414.21 2.00
37.68 413.73 2.00
37.69 413.25 2.00
37.70 412.77 2.00
37.71 412.29 2.00
37.72 411.81 2.00
37.73 411.33 2.00
37.74 410.85 2.00
37.75 410.37 2.00
37.76 409.89 2.00
37.77 409.41 2.00
37.78 408.93 2.00
37.79 408.45 2.00
37.80 407.97 2.00
37.81 407.49 2.00
37.82 407.01 2.00
37.83 406.53 2.00
37.84 406.05 2.00
37.85 405.57 2.00
37.86 405.09 2.00
37.87 404.61 2.00
37.88 404.13 2.00
37.89 403.65 2.00
37.90 403.17 2.00
37.91 402.69 2.00
37.92 402.21 2.00
37.93 401.73 2.00
37.94 401.25 2.00
37.95 400.77 2.00
37.96 400.29 2.00
37.97 399.81 2.00
37.98 399.33 2.00
37.99 398.85 2.00
38.00 398.37 2.00
38.01 397.89 2.00
38.02 397.41 2.00
38.03 396.93 2.00
38.04 396.45 2.00
38.05 395.97 2.00
38.06 395.49 2.00
38.07 395.01 2.00
38.08 394.53 2.00
38.09 394.04 2.00
38.10 393.56 2.00
38.11 393.08 2.00
38.12 392.60 2.00
38.13 392.12 2.00
38.14 391.64 2.00
38.15 391.16 2.00
38.16 390.68 2.00
38.17 390.20 2.00
38.18 389.72 2.00
38.19 389.24 2.00
38.20 388.76 2.00
38.21 388.28 2.00
38.22 387.80 2.00
38.23 387.32 2.00
38.24 386.84 2.00
38.25 386.36 2.00
38.26 385.88 2.00
38.27 385.40 2.00
38.28 384.92 2.00
38.29 384.44 2.00
38.30 383.96 2.00
38.31 383.48 2.00
38.32 383.00 2.00
38.33 382.52 2.00
38.34 382.04 2.00
38.35 381.56 2.00
38.36 381.08 2.00
38.37 380.60 2.00
38.38 380.12 2.00
38.39 379.64 2.00
38.40 379.16 2.00
38.41 378.68 2.00
38.42 378.20 2.00
38.43 377.72 2.00
38.44 377.24 2.00
38.45 376.76 2.00
38.46 376.28 2.00
38.47 375.80 2.00
38.48 375.32 2.00
38.49 374.84 2.00
38.50 374.36 2.00
38.51 373.87 2.00
38.52 373.39 2.00
38.53 372.91 2.00
38.54 372.43 2.00
38.55 371.95 2.00
38.56 371.47 2.00
38.57 370.99 2.00
38.58 370.51 2.00
38.59 370.03 2.00
38.60 369.55 2.00
38.61 369.07 2.00
38.62 368.59 2.00
38.63 368.11 2.00
38.64 367.63 2.00
38.65 367.15 2.00
38.66 366.67 2.00
38.67 366.19 2.00
38.68 365.71 2.00
38.69 365.23 2.00
38.70 364.75 2.00
38.71 364.27 2.00
38.72 363.79 2.00
38.73 363.31 2.00
38.74 362.83 2.00
38.75 362.35 2.00
38.76 361.86 2.00
38.77 361.38 2.00
38.78 360.90 2.00
38.79 360.42 2.00
38.80 359.94 2.00
38.81 359.46 2.00
38.82 358.98 2.00
38.83 358.50 2.00
38.84 358.02 2.00
38.85 357.54 2.00
38.86 357.06 2.00
38.87 356.58 2.00
38.88 356.10 2.00
38.89 355.62 2.00
38.90 355.14 2.00
38.91 354.66 2.00
38.92 354.18 2.00
38.93 353.70 2.00
38.94 353.22 2.00
38.95 352.73 2.00
38.96 352.25 2.00
38.97 351.77 2.00
38.98 351.29 2.00
38.99 350.81 2.00
39.00 350.33 2.00
39.01 349.85 2.00
39.02 349.37 2.00
39.03 348.89 2.00
39.04 348.41 2.00
39.05 347.93 2.00
39.06 347.45 2.00
39.07 346.97 2.00
39.08 346.49 2.00
39.09 346.01 2.00
39.10 345.53 2.00
39.11 345.05 2.00
39.12 344.56 2.00
39.13 344.08 2.00
39.14 343.60 2.00
39.15 343.12 2.00
39.16 342.64 2.00
39.17 342.16 2.00
39.18 341.68 2.00
39.19 341.20 2.00
39.20 340.72 2.00
39.21 340.24 2.00
39.22 339.76 2.00
39.23 339.28 2.00
39.24 338.80 2.00
39.25 338.32 2.00
39.26 337.84 2.00
39.27 337.35 2.00
39.28 336.87 2.00
39.29 336.39 2.00
39.30 335.91 2.00
39.31 335.43 2.00
39.32 334.95 2.00
39.33 334.47 2.00
39.34 333.99 2.00
39.35 333.51 2.00
39.36 333.03 2.00
39.37 332.55 2.00
39.38 332.07 2.00
39.39 331.59 2.00
39.40 331.11 2.00
39.41 330.62 2.00
39.42 330.14 2.00
39.43 329.66 2.00
39.44 329.18 2.00
39.45 328.70 2.00
39.46 328.22 2.00
39.47 327.74 2.00
39.48 327.26 2.00
39.49 326.78 2.00
39.50 326.30 2.00
39.51 325.82 2.00
39.52 325.34 2.00
39.53 324.86 2.00
39.54 324.37 2.00
39.55 323.89 2.00
39.56 323.41 2.00
39.57 322.93 2.00
39.58 322.45 2.00
39.59 321.97 2.00
39.60 321.49 2.00
39.61 321.01 2.00
39.62 320.53 2.00
39.63 320.05 2.00
39.64 319.57 2.00
39.65 319.08 2.00
39.66 318.60 2.00
39.67 318.12 2.00
39.68 317.64 2.00
39.69 317.16 2.00
39.70 316.68 2.00
39.71 316.20 2.00
39.72 315.72 2.00
39.73 315.24 2.00
39.74 314.76 2.00
39.75 314.28 2.00
39.76 313.80 2.00
39.77 313.31 2.00
39.78 312.83 2.00
39.79 312.35 2.00
39.80 311.87 2.00
39.81 311.39 2.00
39.82 310.91 2.00
39.83 310.43 2.00
39.84 309.95 2.00
39.85 309.47 2.00
39.86 308.99 2.00
39.87 308.50 2.00
39.88 308.02 2.00
39.89 307.54 2.00
39.90 307.06 2.00
39.91 306.58 2.00
39.92 306.10 2.00
39.93 305.62 2.00
39.94 305.14 2.00
39.95 304.66 2.00
39.96 304.18 2.00
39.97 303.69 2.00
39.98 303.21 2.00
39.99 302.73 2.00
40.00 302.25 2.00
40.01 301.77 2.00
40.02 301.29 2.00
40.03 300.81 2.00
40.04 300.33 2.00
40.05 299.85 2.00
40.06 299.37 2.00
40.07 298.88 2.00
40.08 298.40 2.00
40.09 297.92 2.00
40.10 297.44 2.00
40.11 296.96 2.00
40.12 296.48 2.00
40.13 296.00 2.00
40.14 295.52 2.00
40.15 295.04 2.00
40.16 294.55 2.00
40.17 294.07 2.00
40.18 293.59 2.00
40.19 293.11 2.00
40.20 292.63 2.00
40.21 292.15 2.00
40.22 291.67 2.00
40.23 291.19 2.00
40.24 290.71 2.00
40.25 290.22 2.00
40.26 289.74 2.00
40.27 289.26 2.00
40.28 288.78 2.00
40.29 288.30 2.00
40.30 287.82 2.00
40.31 287.34 2.00
40.32 286.86 2.00
40.33 286.38 2.00
40.34 285.89 2.00
40.35 285.41 2.00
40.36 284.93 2.00
40.37 284.45 2.00
40.38 283.97 2.00
40.39 283.49 2.00
40.40 283.01 2.00
40.41 282.53 2.00
40.42 282.04 2.00
40.43 281.56 2.00
40.44 281.08 2.00
40.45 280.60 2.00
40.46 280.12 2.00
40.47 279.64 2.00
40.48 279.16 2.00
40.49 278.68 2.00
40.50 278.19 2.00
40.51 277.71 2.00
40.52 277.23 2.00
40.53 276.75 2.00
40.54 276.27 2.00
40.55 275.79 2.00
40.56 275.31 2.00
40.57 274.83 2.00
40.58 274.34 2.00
40.59 273.86 2.00
40.60 273.38 2.00
40.61 272.90 2.00
40.62 272.42 2.00
40.63 271.94 2.00
40.64 271.46 2.00
40.65 270.98 2.00
40.66 270.49 2.00
40.67 270.01 2.00
40.68 269.53 2.00
40.69 269.05 2.00
40.70 268.57 2.00
40.71 268.09 2.00
40.72 267.61 2.00
40.73 267.12 2.00
40.74 266.64 2.00
40.75 266.16 2.00
40.76 265.68 2.00
40.77 265.20 2.00
40.78 264.72 2.00
40.79 264.24 2.00
40.80 263.76 2.00
40.81 263.27 2.00
40.82 262.79 2.00
40.83 262.31 2.00
40.84 261.83 2.00
40.85 261.35 2.00
40.86 260.87 2.00
40.87 260.39 2.00
40.88 259.90 2.00
40.89 259.42 2.00
40.90 258.94 2.00
40.91 258.46 2.00
40.92 257.98 2.00
40.93 257.50 2.00
40.94 257.02 2.00
40.95 256.53 2.00
40.96 256.05 2.00
40.97 255.57 2.00
40.98 255.09 2.00
40.99 254.61 2.00
41.00 254.13 2.00
41.01 253.65 2.00
41.02 253.16 2.00
41.03 252.68 2.00
41.04 252.20 2.00
41.05 251.72 2.00
41.06 251.24 2.00
41.07 250.76 2.00
41.08 250.27 2.00
41.09 249.79 2.00
41.10 249.31 2.00
41.11 248.83 2.00
41.12 248.35 2.00
41.13 247.87 2.00
41.14 247.39 2.00
41.15 246.90 2.00
41.16 246.42 2.00
41.17 245.94 2.00
41.18 245.46 2.00
41.19 244.98 2.00
41.20 244.50 2.00
41.21 244.02 2.00
41.22 243.53 2.00
41.23 243.05 2.00
41.24 242.57 2.00
41.25 242.09 2.00
41.26 241.61 2.00
41.27 241.13 2.00
41.28 240.64 2.00
41.29 240.16 2.00
41.30 239.68 2.00
41.31 239.20 2.00
41.32 238.72 2.00
41.33 238.24 2.00
41.34 237.75 2.00
41.35 237.27 2.00
41.36 236.79 2.00
41.37 236.31 2.00
41.38 235.83 2.00
41.39 235.35 2.00
41.40 234.86 2.00
41.41 234.38 2.00
41.42 233.90 2.00
41.43 233.42 2.00
41.44 232.94 2.00
41.45 232.46 2.00
41.46 231.97 2.00
41.47 231.49 2.00
41.48 231.01 2.00
41.49 230.53 2.00
41.50 230.05 2.00
41.51 229.57 2.00
41.52 229.08 2.00
41.53 228.60 2.00
41.54 228.12 2.00
41.55 227.64 2.00
41.56 227.16 2.00
41.57 226.68 2.00
41.58 226.19 2.00
41.59 225.71 2.00
41.60 225.23 2.00
41.61 224.75 2.00
41.62 224.27 2.00
41.63 223.79 2.00
41.64 223.30 2.00
41.65 222.82 2.00
41.66 222.34 2.00
41.67 221.86 2.00
41.68 221.38 2.00
41.69 220.90 2.00
41.70 220.41 2.00
41.71 219.93 2.00
41.72 219.45 2.00
41.73 218.97 2.00
41.74 218.49 2.00
41.75 218.01 2.00
41.76 217.52 2.00
41.77 217.04 2.00
41.78 216.56 2.00
41.79 216.08 2.00
41.80 215.60 2.00
41.81 215.11 2.00
41.82 214.63 2.00
41.83 214.15 2.00
41.84 213.67 2.00
41.85 213.19 2.00
41.86 212.71 2.00
41.87 212.22 2.00
41.88 211.74 2.00
41.89 211.26 2.00
41.90 210.78 2.00
41.91 210.30 2.00
41.92 209.81 2.00
41.93 209.33 2.00
41.94 208.85 2.00
41.95 208.37 2.00
41.96 207.89 2.00
41.97 207.41 2.00
41.98 206.92 2.00
41.99 206.44 2.00
42.00 205.96 2.00
42.01 205.48 2.00
42.02 205.00 2.00
42.03 204.51 2.00
42.04 204.03 2.00
42.05 203.55 2.00
42.06 203.07 2.00
42.07 202.59 2.00
42.08 202.10 2.00
42.09 201.62 2.00
42.10 201.14 2.00
42.11 200.66 2.00
42.12 200.18 2.00
42.13 199.70 2.00
42.14 199.21 2.00
42.15 198.73 2.00
42.16 198.25 2.00
42.17 197.77 2.00
42.18 197.29 2.00
42.19 196.80 2.00
42.20 196.32 2.00
42.21 195.84 2.00
42.22 195.36 2.00
42.23 194.88 2.00
42.24 194.39 2.00
42.25 193.91 2.00
42.26 193.43 2.00
42.27 192.95 2.00
42.28 192.47 2.00
42.29 191.98 2.00
42.30 191.50 2.00
42.31 191.02 2.00
42.32 190.54 2.00
42.33 190.06 2.00
42.34 189.57 2.00
42.35 189.09 2.00
42.36 188.61 2.00
42.37 188.13 2.00
42.38 187.65 2.00
42.39 187.16 2.00
42.40 186.68 2.00
42.41 186.20 2.00
42.42 185.72 2.00
42.43 185.24 2.00
42.44 184.75 2.00
42.45 184.27 2.00
42.46 183.79 2.00
42.47 183.31 2.00
42.48 182.83 2.00
42.49 182.34 2.00
42.50 181.86 2.00
42.51 181.38 2.00
42.52 180.90 2.00
42.53 180.41 2.00
42.54 179.93 2.00
42.55 179.45 2.00
42.56 178.97 2.00
42.57 178.49 2.00
42.58 178.00 2.00
42.59 177.52 2.00
42.60 177.04 2.00
42.61 176.56 2.00
42.62 176.08 2.00
42.63 175.59 2.00
42.64 175.11 2.00
42.65 174.63 2.00
42.66 174.15 2.00
42.67 173.67 2.00
42.68 173.18 2.00
42.69 172.70 2.00
42.70 172.22 2.00
42.71 171.74 2.00
42.72 171.25 2.00
42.73 170.77 2.00
42.74 170.29 2.00
42.75 169.81 2.00
42.76 169.33 2.00
42.77 168.84 2.00
42.78 168.36 2.00
42.79 167.88 2.00
42.80 167.40 2.00
42.81 166.92 2.00
42.82 166.43 2.00
42.83 165.95 2.00
42.84 165.47 2.00
42.85 164.99 2.00
42.86 164.50 2.00
42.87 164.02 2.00
42.88 163.54 2.00
42.89 163.06 2.00
42.90 162.58 2.00
42.91 162.09 2.00
42.92 161.61 2.00
42.93 161.13 2.00
42.94 160.65 2.00
42.95 160.16 2.00
42.96 159.68 2.00
42.97 159.20 2.00
42.98 158.72 2.00
42.99 158.24 2.00
43.00 157.75 2.00
43.01 157.27 2.00
43.02 156.79 2.00
43.03 156.31 2.00
43.04 155.82 2.00
43.05 155.34 2.00
43.06 154.86 2.00
43.07 154.38 2.00
43.08 153.89 2.00
43.09 153.41 2.00
43.10 152.93 2.00
43.11 152.45 2.00
43.12 151.97 2.00
43.13 151.48 2.00
43.14 151.00 2.00
43.15 150.52 2.00
43.16 150.04 2.00
43.17 149.55 2.00
43.18 149.07 2.00
43.19 148.59 2.00
43.20 148.11 2.00
43.21 147.62 2.00
43.22 147.14 2.00
43.23 146.66 2.00
43.24 146.18 2.00
43.25 145.70 2.00
43.26 145.21 2.00
43.27 144.73 2.00
43.28 144.25 2.00
43.29 143.77 2.00
43.30 143.28 2.00
43.31 142.80 2.00
43.32 142.32 2.00
43.33 141.84 2.00
43.34 141.35 2.00
43.35 140.87 2.00
43.36 140.39 2.00
43.37 139.91 2.00
43.38 139.42 2.00
43.39 138.94 2.00
43.40 138.46 2.00
43.41 137.98 2.00
43.42 137.49 2.00
43.43 137.01 2.00
43.44 136.53 2.00
43.45 136.05 2.00
43.46 135.56 2.00
43.47 135.08 2.00
43.48 134.60 2.00
43.49 134.12 2.00
43.50 133.64 2.00
43.51 133.15 2.00
43.52 132.67 2.00
43.53 132.19 2.00
43.54 131.71 2.00
43.55 131.22 2.00
43.56 130.74 2.00
43.57 130.26 2.00
43.58 129.78 2.00
43.59 129.29 2.00
43.60 128.81 2.00
43.61 128.33 2.00
43.62 127.85 2.00
43.63 127.36 2.00
43.64 126.88 2.00
43.65 126.40 2.00
43.66 125.92 2.00
43.67 125.43 2.00
43.68 124.95 2.00
43.69 124.47 2.00
43.70 123.99 2.00
43.71 123.50 2.00
43.72 123.02 2.00
43.73 122.54 2.00
43.74 122.06 2.00
43.75 121.57 2.00
43.76 121.09 2.00
43.77 120.61 2.00
43.78 120.13 2.00
43.79 119.64 2.00
43.80 119.16 2.00
43.81 118.68 2.00
43.82 118.19 2.00
43.83 117.71 2.00
43.84 117.23 2.00
43.85 116.75 2.00
43.86 116.26 2.00
43.87 115.78 2.00
43.88 115.30 2.00
43.89 114.82 2.00
43.90 114.33 2.00
43.91 113.85 2.00
43.92 113.37 2.00
43.93 112.89 2.00
43.94 112.40 2.00
43.95 111.92 2.00
43.96 111.44 2.00
43.97 110.95 2.00
43.98 110.47 2.00
43.99 109.99 2.00
44.00 109.50 2.00
44.01 109.02 2.00
44.02 108.54 2.00
44.03 108.05 2.00
44.04 107.57 2.00
44.05 107.09 2.00
44.06 106.61 2.00
44.07 106.12 2.00
44.08 105.64 2.00
44.09 105.16 2.00
44.10 104.67 2.00
44.11 104.19 2.00
44.12 103.70 2.00
44.13 103.22 2.00
44.14 102.74 2.00
44.15 102.25 2.00
44.16 101.77 2.00
44.17 101.29 2.00
44.18 100.80 2.00
44.19 100.32 2.00
44.20 99.84 2.00
44.21 99.35 2.00
44.22 98.87 2.00
44.23 98.38 2.00
44.24 97.90 2.00
44.25 97.42 2.00
44.26 96.93 2.00
44.27 96.45 2.00
44.28 95.96 2.00
44.29 95.48 2.00
44.30 95.00 2.00
44.31 94.51 2.00
44.32 94.03 2.00
44.33 93.54 2.00
44.34 93.06 2.00
44.35 92.58 2.00
44.36 92.09 2.00
44.37 91.61 2.00
44.38 91.12 2.00
44.39 90.64 2.00
44.40 90.15 2.00
44.41 89.67 2.00
44.42 89.19 2.00
44.43 88.70 2.00
44.44 88.22 2.00
44.45 87.73 2.00
44.46 87.25 2.00
44.47 86.76 2.00
44.48 86.28 2.00
44.49 85.79 2.00
44.50 85.31 2.00
44.51 84.82 2.00
44.52 84.34 2.00
44.53 83.85 2.00
44.54 83.37 2.00
44.55 82.88 2.00
44.56 82.40 2.00
44.57 81.92 2.00
44.58 81.43 2.00
44.59 80.95 2.00
44.60 80.46 2.00
44.61 79.98 2.00
44.62 79.49 2.00
44.63 79.01 2.00
44.64 78.52 2.00
44.65 78.03 2.00
44.66 77.55 2.00
44.67 77.06 2.00
44.68 76.58 2.00
44.69 76.09 2.00
44.70 75.61 2.00
44.71 75.12 2.00
44.72 74.64 2.00
44.73 74.15 2.00
44.74 73.67 2.00
44.75 73.18 2.00
44.76 72.70 2.00
44.77 72.21 2.00
44.78 71.73 2.00
44.79 71.24 2.00
44.80 70.75 2.00
44.81 70.27 2.00
44.82 69.78 2.00
44.83 69.30 2.00
44.84 68.81 2.00
44.85 68.33 2.00
44.86 67.84 2.00
44.87 67.35 2.00
44.88 66.87 2.00
44.89 66.38 2.00
44.90 65.90 2.00
44.91 65.41 2.00
44.92 64.93 2.00
44.93 64.44 2.00
44.94 63.95 2.00
44.95 63.47 2.00
44.96 62.98 2.00
44.97 62.50 2.00
44.98 62.01 2.00
44.99 61.52 2.00
45.00 61.04 2.00
45.01 60.55 2.00
45.02 60.06 2.00
45.03 59.58 2.00
45.04 59.09 2.00
45.05 58.61 2.00
45.06 58.12 2.00
45.07 57.63 2.00
45.08 57.15 2.00
45.09 56.66 2.00
45.10 56.17 2.00
45.11 55.69 2.00
45.12 55.20 2.00
45.13 54.71 2.00
45.14 54.23 2.00
45.15 53.74 2.00
45.16 53.26 2.00
45.17 52.77 2.00
45.18 52.28 2.00
45.19 51.80 2.00
45.20 51.31 2.00
45.21 50.82 2.00
45.22 50.34 2.00
45.23 49.85 2.00
45.24 49.36 2.00
45.25 48.87 2.00
45.26 48.39 2.00
45.27 47.90 2.00
45.28 47.41 2.00
45.29 46.93 2.00
45.30 46.44 2.00
45.31 45.95 2.00
45.32 45.47 2.00
45.33 44.98 2.00
45.34 44.49 2.00
45.35 44.01 2.00
45.36 43.52 2.00
45.37 43.03 2.00
45.38 42.54 2.00
45.39 42.06 2.00
45.40 41.57 2.00
45.41 41.08 2.00
45.42 40.60 2.00
45.43 40.11 2.00
45.44 39.62 2.00
45.45 39.13 2.00
45.46 38.65 2.00
45.47 38.16 2.00
45.48 37.67 2.00
45.49 37.18 2.00
45.50 36.70 2.00
45.51 36.21 2.00
45.52 35.72 2.00
45.53 35.23 2.00
45.54 34.75 2.00
45.55 34.26 2.00
45.56 33.77 2.00
45.57 33.28 2.00
45.58 32.80 2.00
45.59 32.31 2.00
45.60 31.82 2.00
45.61 31.33 2.00
45.62 30.84 2.00
45.63 30.36 2.00
45.64 29.87 2.00
45.65 29.38 2.00
45.66 28.89 2.00
45.67 28.41 2.00
45.68 27.92 2.00
45.69 27.43 2.00
45.70 26.94 2.00
45.71 26.45 2.00
45.72 25.97 2.00
45.73 25.48 2.00
45.74 24.99 2.00
45.75 24.50 2.00
45.76 24.01 2.00
45.77 23.53 2.00
45.78 23.04 2.00
45.79 22.55 2.00
45.80 22.06 2.00
45.81 21.57 2.00
45.82 21.08 2.00
45.83 20.60 2.00
45.84 20.11 2.00
45.85 19.62 2.00
45.86 19.13 2.00
45.87 18.64 2.00
45.88 18.15 2.00
45.89 17.67 2.00
45.90 17.18 2.00
45.91 16.69 2.00
45.92 16.20 2.00
45.93 15.71 2.00
45.94 15.22 2.00
45.95 14.74 2.00
45.96 14.25 2.00
45.97 13.76 2.00
45.98 13.27 2.00
45.99 12.78 2.00
46.00 12.29 2.00
46.01 11.80 2.00
46.02 11.32 2.00
46.03 10.83 2.00
46.04 10.34 2.00
46.05 9.85 2.00
46.06 9.36 2.00
46.07 8.87 2.00
46.08 8.38 2.00
46.09 7.89 2.00
46.10 7.40 2.00
46.11 6.92 2.00
46.12 6.43 2.00
46.13 5.94 2.00
46.14 5.45 2.00
46.15 4.96 2.00
46.16 4.47 2.00
46.17 3.98 2.00
46.18 3.49 2.00
46.19 3.00 2.00
46.20 2.51 2.00
46.21 2.03 2.00
46.22 1.54 2.00
46.23 1.05 2.00
46.24 0.56 2.00

# vehicle f_1.2
3.95 1994.90 2.00
3.96 1994.40 2.00
3.97 1993.90 2.00
3.98 1993.40 2.00
3.99 1992.90 2.00
4.00 1992.40 2.00
4.01 1991.90 2.00
4.02 1991.40 2.00
4.03 1990.90 2.00
4.04 1990.40 2.00
4.05 1989.90 2.00
4.06 1989.40 2.00
4.07 1988.90 2.00
4.08 1988.40 2.00
4.09 1987.90 2.00
4.10 1987.40 2.00
4.11 1986.90 2.00
4.12 1986.40 2.00
4.13 1985.90 2.00
4.14 1985.40 2.00
4.15 1984.90 2.00
4.16 1984.40 2.00
4.17 1983.90 2.00
4.18 1983.40 2.00
4.19 1982.90 2.00
4.20 1982.40 2.00
4.21 1981.90 2.00
4.22 1981.40 2.00
4.23 1980.90 2.00
4.24 1980.40 2.00
4.25 1979.90 2.00
4.26 1979.40 2.00
4.27 1978.90 2.00
4.28 1978.40 2.00
4.29 1977.90 2.00
4.30 1977.40 2.00
4.31 1976.90 2.00
4.32 1976.40 2.00
4.33 1975.90 2.00
4.34 1975.40 2.00
4.35 1974.90 2.00
4.36 1974.40 2.00
4.37 1973.90 2.00
4.38 1973.40 2.00
4.39 1972.90 2.00
4.40 1972.40 2.00
4.41 1971.90 2.00
4.42 1971.40 2.00
4.43 1970.90 2.00
4.44 1970.40 2.00
4.45 1969.90 2.00
4.46 1969.40 2.00
4.47 1968.90 2.00
4.48 1968.40 2.00
4.49 1967.90 2.00
4.50 1967.40 2.00
4.51 1966.90 2.00
4.52 1966.40 2.00
4.53 1965.90 2.00
4.54 1965.40 2.00
4.55 1964.90 2.00
4.56 1964.40 2.00
4.57 1963.90 2.00
4.58 1963.40 2.00
4.59 1962.90 2.00
4.60 1962.40 2.00
4.61 1961.90 2.00
4.62 1961.40 2.00
4.63 1960.90 2.00
4.64 1960.40 2.00
4.65 1959.90 2.00
4.66 1959.40 2.00
4.67 1958.90 2.00
4.68 1958.40 2.00
4.69 1957.90 2.00
4.70 1957.40 2.00
4.71 1956.90 2.00
4.72 1956.40 2.00
4.73 1955.90 2.00
4.74 1955.40 2.00
4.75 1954.90 2.00
4.76 1954.40 2.00
4.77 1953.90 2.00
4.78 1953.40 2.00
4.79 1952.90 2.00
4.80 1952.40 2.00
4.81 1951.90 2.00
4.82 1951.40 2.00
4.83 1950.90 2.00
4.84 1950.40 2.00
4.85 1949.90 2.00
4.86 1949.40 2.00
4.87 1948.90 2.00
4.88 1948.40 2.00
4.89 1947.90 2.00
4.90 1947.40 2.00
4.91 1946.90 2.00
4.92 1946.40 2.00
4.93 1945.90 2.00
4.94 1945.40 2.00
4.95 1944.90 2.00
4.96 1944.40 2.00
4.97 1943.90 2.00
4.98 1943.40 2.00
4.99 1942.90 2.00
5.00 1942.40 2.00
5.01 1941.90 2.00
5.02 1941.40 2.00
5.03 1940.90 2.00
5.04 1940.40 2.00
5.05 1939.90 2.00
5.06 1939.40 2.00
5.07 1938.90 2.00
5.08 1938.40 2.00
5.09 1937.90 2.00
5.10 1937.40 2.00
5.11 1936.90 2.00
5.12 1936.40 2.00
5.13 1935.90 2.00
5.14 1935.40 2.00
5.15 1934.90 2.00
5.16 1934.40 2.00
5.17 1933.90 2.00
5.18 1933.40 2.00
5.19 1932.90 2.00
5.20 1932.40 2.00
5.21 1931.90 2.00
5.22 1931.40 2.00
5.23 1930.90 2.00
5.24 1930.40 2.00
5.25 1929.90 2.00
5.26 1929.40 2.00
5.27 1928.90 2.00
5.28 1928.40 2.00
5.29 1927.90 2.00
5.30 1927.40 2.00
5.31 1926.90 2.00
5.32 1926.40 2.00
5.33 1925.90 2.00
5.34 1925.40 2.00
5.35 1924.90 2.00
5.36 1924.40 2.00
5.37 1923.90 2.00
5.38 1923.40 2.00
5.39 1922.90 2.00
5.40 1922.40 2.00
5.41 1921.90 2.00
5.42 1921.40 2.00
5.43 1920.90 2.00
5.44 1920.40 2.00
5.45 1919.90 2.00
5.46 1919.40 2.00
5.47 1918.90 2.00
5.48 1918.40 2.00
5.49 1917.90 2.00
5.50 1917.40 2.00
5.51 1916.90 2.00
5.52 1916.40 2.00
5.53 1915.90 2.00
5.54 1915.40 2.00
5.55 1914.90 2.00
5.56 1914.40 2.00
5.57 1913.90 2.00
5.58 1913.40 2.00
5.59 1912.90 2.00
5.60 1912.40 2.00
5.61 1911.90 2.00
5.62 1911.40 2.00
5.63 1910.90 2.00
5.64 1910.40 2.00
5.65 1909.90 2.00
5.66 1909.40 2.00
5.67 1908.90 2.00
5.68 1908.40 2.00
5.69 1907.90 2.00
5.70 1907.40 2.00
5.71 1906.90 2.00
5.72 1906.40 2.00
5.73 1905.90 2.00
5.74 1905.40 2.00
5.75 1904.90 2.00
5.76 1904.40 2.00
5.77 1903.90 2.00
5.78 1903.40 2.00
5.79 1902.90 2.00
5.80 1902.40 2.00
5.81 1901.90 2.00
5.82 1901.40 2.00
5.83 1900.90 2.00
5.84 1900.40 2.00
5.85 1899.90 2.00
5.86 1899.40 2.00
5.87 1898.90 2.00
5.88 1898.40 2.00
5.89 1897.90 2.00
5.90 1897.40 2.00
5.91 1896.90 2.00
5.92 1896.40 2.00
5.93 1895.90 2.00
5.94 1895.40 2.00
5.95 1894.90 2.00
5.96 1894.40 2.00
5.97 1893.90 2.00
5.98 1893.40 2.00
5.99 1892.90 2.00
6.00 1892.40 2.00
6.01 1891.90 2.00
6.02 1891.40 2.00
6.03 1890.90 2.00
6.04 1890.40 2.00
6.05 1889.90 2.00
6.06 1889.40 2.00
6.07 1888.90 2.00
6.08 1888.40 2.00
6.09 1887.90 2.00
6.10 1887.40 2.00
6.11 1886.90 2.00
6.12 1886.40 2.00
6.13 1885.90 2.00
6.14 1885.40 2.00
6.15 1884.90 2.00
6.16 1884.40 2.00
6.17 1883.90 2.00
6.18 1883.40 2.00
6.19 1882.90 2.00
6.20 1882.40 2.00
6.21 1881.90 2.00
6.22 1881.40 2.00
6.23 1880.90 2.00
6.24 1880.40 2.00
6.25 1879.90 2.00
6.26 1879.40 2.00
6.27 1878.90 2.00
6.28 1878.40 2.00
6.29 1877.90 2.00
6.30 1877.40 2.00
6.31 1876.90 2.00
6.32 1876.40 2.00
6.33 1875.90 2.00
6.34 1875.40 2.00
6.35 1874.90 2.00
6.36 1874.40 2.00
6.37 1873.90 2.00
6.38 1873.40 2.00
6.39 1872.90 2.00
6.40 1872.40 2.00
6.41 1871.90 2.00
6.42 1871.40 2.00
6.43 1870.90 2.00
6.44 1870.40 2.00
6.45 1869.90 2.00
6.46 1869.40 2.00
6.47 1868.90 2.00
6.48 1868.40 2.00
6.49 1867.90 2.00
6.50 1867.40 2.00
6.51 1866.90 2.00
6.52 1866.40 2.00
6.53 1865.90 2.00
6.54 1865.40 2.00
6.55 1864.90 2.00
6.56 1864.40 2.00
6.57 1863.90 2.00
6.58 1863.40 2.00
6.59 1862.90 2.00
6.60 1862.40 2.00
6.61 1861.90 2.00
6.62 1861.40 2.00
6.63 1860.90 2.00
6.64 1860.40 2.00
6.65 1859.90 2.00
6.66 1859.40 2.00
6.67 1858.90 2.00
6.68 1858.40 2.00
6.69 1857.90 2.00
6.70 1857.40 2.00
6.71 1856.90 2.00
6.72 1856.40 2.00
6.73 1855.90 2.00
6.74 1855.40 2.00
6.75 1854.90 2.00
6.76 1854.40 2.00
6.77 1853.90 2.00
6.78 1853.40 2.00
6.79 1852.90 2.00
6.80 1852.40 2.00
6.81 1851.90 2.00
6.82 1851.40 2.00
6.83 1850.90 2.00
6.84 1850.40 2.00
6.85 1849.90 2.00
6.86 1849.40 2.00
6.87 1848.90 2.00
6.88 1848.40 2.00
6.89 1847.90 2.00
6.90 1847.40 2.00
6.91 1846.90 2.00
6.92 1846.40 2.00
6.93 1845.90 2.00
6.94 1845.40 2.00
6.95 1844.90 2.00
6.96 1844.40 2.00
6.97 1843.90 2.00
6.98 1843.40 2.00
6.99 1842.90 2.00
7.00 1842.40 2.00
7.01 1841.90 2.00
7.02 1841.40 2.00
7.03 1840.90 2.00
7.04 1840.40 2.00
7.05 1839.90 2.00
7.06 1839.40 2.00
7.07 1838.90 2.00
7.08 1838.40 2.00
7.09 1837.90 2.00
7.10 1837.40 2.00
7.11 1836.90 2.00
7.12 1836.40 2.00
7.13 1835.90 2.00
7.14 1835.40 2.00
7.15 1834.90 2.00
7.16 1834.40 2.00
7.17 1833.90 2.00
7.18 1833.40 2.00
7.19 1832.90 2.00
7.20 1832.40 2.00
7.21 1831.90 2.00
7.22 1831.40 2.00
7.23 1830.90 2.00
7.24 1830.40 2.00
7.25 1829.90 2.00
7.26 1829.40 2.00
7.27 1828.90 2.00
7.28 1828.40 2.00
7.29 1827.90 2.00
7.30 1827.40 2.00
7.31 1826.90 2.00
7.32 1826.40 2.00
7.33 1825.90 2.00
7.34 1825.40 2.00
7.35 1824.90 2.00
7.36 1824.40 2.00
7.37 1823.90 2.00
7.38 1823.40 2.00
7.39 1822.90 2.00
7.40 1822.40 2.00
7.41 1821.90 2.00
7.42 1821.40 2.00
7.43 1820.90 2.00
7.44 1820.40 2.00
7.45 1819.90 2.00
7.46 1819.40 2.00
7.47 1818.90 2.00
7.48 1818.40 2.00
7.49 1817.90 2.00
7.50 1817.40 2.00
7.51 1816.90 2.00
7.52 1816.40 2.00
7.53 1815.90 2.00
7.54 1815.40 2.00
7.55 1814.90 2.00
7.56 1814.40 2.00
7.57 1813.90 2.00
7.58 1813.40 2.00
7.59 1812.90 2.00
7.60 1812.40 2.00
7.61 1811.90 2.00
7.62 1811.40 2.00
7.63 1810.90 2.00
7.64 1810.40 2.00
7.65 1809.90 2.00
7.66 1809.40 2.00
7.67 1808.90 2.00
7.68 1808.40 2.00
7.69 1807.90 2.00
7.70 1807.40 2.00
7.71 1806.90 2.00
7.72 1806.40 2.00
7.73 1805.90 2.00
7.74 1805.40 2.00
7.75 1804.90 2.00
7.76 1804.40 2.00
7.77 1803.90 2.00
7.78 1803.40 2.00
7.79 1802.90 2.00
7.80 1802.40 2.00
7.81 1801.90 2.00
7.82 1801.40 2.00
7.83 1800.90 2.00
7.84 1800.40 2.00
7.85 1799.90 2.00
7.86 1799.40 2.00
7.87 1798.90 2.00
7.88 1798.40 2.00
7.89 1797.90 2.00
7.90 1797.40 2.00
7.91 1796.90 2.00
7.92 1796.40 2.00
7.93 1795.90 2.00
7.94 1795.40 2.00
7.95 1794.90 2.00
7.96 1794.40 2.00
7.97 1793.90 2.00
7.98 1793.40 2.00
7.99 1792.90 2.00
8.00 1792.40 2.00
8.01 1791.90 2.00
8.02 1791.40 2.00
8.03 1790.90 2.00
8.04 1790.40 2.00
8.05 1789.90 2.00
8.06 1789.40 2.00
8.07 1788.90 2.00
8.08 1788.40 2.00
8.09 1787.90 2.00
8.10 1787.40 2.00
8.11 1786.90 2.00
8.12 1786.40 2.00
8.13 1785.90 2.00
8.14 1785.40 2.00
8.15 1784.90 2.00
8.16 1784.40 2.00
8.17 1783.90 2.00
8.18 1783.40 2.00
8.19 1782.90 2.00
8.20 1782.40 2.00
8.21 1781.90 2.00
8.22 1781.40 2.00
8.23 1780.90 2.00
8.24 1780.40 2.00
8.25 1779.90 2.00
8.26 1779.40 2.00
8.27 1778.90 2.00
8.28 1778.40 2.00
8.29 1777.90 2.00
8.30 1777.40 2.00
8.31 1776.90 2.00
8.32 1776.40 2.00
8.33 1775.90 2.00
8.34 1775.40 2.00
8.35 1774.90 2.00
8.36 1774.40 2.00
8.37 1773.90 2.00
8.38 1773.40 2.00
8.39 1772.90 2.00
8.40 1772.40 2.00
8.41 1771.90 2.00
8.42 1771.40 2.00
8.43 1770.90 2.00
8.44 1770.40 2.00
8.45 1769.90 2.00
8.46 1769.40 2.00
8.47 1768.90 2.00
8.48 1768.40 2.00
8.49 1767.90 2.00
8.50 1767.40 2.00
8.51 1766.90 2.00
8.52 1766.40 2.00
8.53 1765.90 2.00
8.54 1765.40 2.00
8.55 1764.90 2.00
8.56 1764.40 2.00
8.57 1763.90 2.00
8.58 1763.40 2.00
8.59 1762.90 2.00
8.60 1762.40 2.00
8.61 1761.90 2.00
8.62 1761.40 2.00
8.63 1760.90 2.00
8.64 1760.40 2.00
8.65 1759.90 2.00
8.66 1759.40 2.00
8.67 1758.90 2.00
8.68 1758.40 2.00
8.69 1757.90 2.00
8.70 1757.40 2.00
8.71 1756.90 2.00
8.72 1756.40 2.00
8.73 1755.90 2.00
8.74 1755.40 2.00
8.75 1754.90 2.00
8.76 1754.40 2.00
8.77 1753.90 2.00
8.78 1753.40 2.00
8.79 1752.90 2.00
8.80 1752.40 2.00
8.81 1751.90 2.00
8.82 1751.40 2.00
8.83 1750.90 2.00
8.84 1750.40 2.00
8.85 1749.90 2.00
8.86 1749.40 2.00
8.87 1748.90 2.00
8.88 1748.40 2.00
8.89 1747.90 2.00
8.90 1747.40 2.00
8.91 1746.90 2.00
8.92 1746.40 2.00
8.93 1745.90 2.00
8.94 1745.40 2.00
8.95 1744.90 2.00
8.96 1744.40 2.00
8.97 1743.90 2.00
8.98 1743.40 2.00
8.99 1742.90 2.00
9.00 1742.40 2.00
9.01 1741.90 2.00
9.02 1741.40 2.00
9.03 1740.90 2.00
9.04 1740.40 2.00
9.05 1739.90 2.00
9.06 1739.40 2.00
9.07 1738.90 2.00
9.08 1738.40 2.00
9.09 1737.90 2.00
9.10 1737.40 2.00
9.11 1736.90 2.00
9.12 1736.40 2.00
9.13 1735.90 2.00
9.14 1735.40 2.00
9.15 1734.90 2.00
9.16 1734.40 2.00
9.17 1733.90 2.00
9.18 1733.40 2.00
9.19 1732.90 2.00
9.20 1732.40 2.00
9.21 1731.90 2.00
9.22 1731.40 2.00
9.23 1730.90 2.00
9.24 1730.40 2.00
9.25 1729.90 2.00
9.26 1729.40 2.00
9.27 1728.90 2.00
9.28 1728.40 2.00
9.29 1727.90 2.00
9.30 1727.40 2.00
9.31 1726.90 2.00
9.32 1726.40 2.00
9.33 1725.90 2.00
9.34 1725.40 2.00
9.35 1724.90 2.00
9.36 1724.40 2.00
9.37 1723.90 2.00
9.38 1723.40 2.00
9.39 1722.90 2.00
9.40 1722.40 2.00
9.41 1721.90 2.00
9.42 1721.40 2.00
9.43 1720.90 2.00
9.44 1720.40 2.00
9.45 1719.90 2.00
9.46 1719.40 2.00
9.47 1718.90 2.00
9.48 1718.40 2.00
9.49 1717.90 2.00
9.50 1717.40 2.00
9.51 1716.90 2.00
9.52 1716.40 2.00
9.53 1715.90 2.00
9.54 1715.40 2.00
9.55 1714.90 2.00
9.56 1714.40 2.00
9.57 1713.90 2.00
9.58 1713.40 2.00
9.59 1712.90 2.00
9.60 1712.40 2.00
9.61 1711.90 2.00
9.62 1711.40 2.00
9.63 1710.90 2.00
9.64 1710.40 2.00
9.65 1709.90 2.00
9.66 1709.40 2.00
9.67 1708.90 2.00
9.68 1708.40 2.00
9.69 1707.90 2.00
9.70 1707.40 2.00
9.71 1706.90 2.00
9.72 1706.40 2.00
9.73 1705.90 2.00
9.74 1705.40 2.00
9.75 1704.90 2.00
9.76 1704.40 2.00
9.77 1703.90 2.00
9.78 1703.40 2.00
9.79 1702.90 2.00
9.80 1702.40 2.00
9.81 1701.90 2.00
9.82 1701.40 2.00
9.83 1700.90 2.00
9.84 1700.40 2.00
9.85 1699.90 2.00
9.86 1699.40 2.00
9.87 1698.90 2.00
9.88 1698.40 2.00
9.89 1697.90 2.00
9.90 1697.40 2.00
9.91 1696.90 2.00
9.92 1696.40 2.00
9.93 1695.90 2.00
9.94 1695.40 2.00
9.95 1694.90 2.00
9.96 1694.40 2.00
9.97 1693.90 2.00
9.98 1693.40 2.00
9.99 1692.90 2.00
10.00 1692.40 2.00
10.01 1691.90 2.00
10.02 1691.40 2.00
10.03 1690.90 2.00
10.04 1690.40 2.00
10.05 1689.90 2.00
10.06 1689.40 2.00
10.07 1688.90 2.00
10.08 1688.40 2.00
10.09 1687.90 2.00
10.10 1687.40 2.00
10.11 1686.90 2.00
10.12 1686.40 2.00
10.13 1685.90 2.00
10.14 1685.40 2.00
10.15 1684.90 2.00
10.16 1684.40 2.00
10.17 1683.90 2.00
10.18 1683.40 2.00
10.19 1682.90 2.00
10.20 1682.40 2.00
10.21 1681.90 2.00
10.22 1681.40 2.00
10.23 1680.90 2.00
10.24 1680.40 2.00
10.25 1679.90 2.00
10.26 1679.40 2.00
10.27 1678.90 2.00
10.28 1678.40 2.00
10.29 1677.90 2.00
10.30 1677.40 2.00
10.31 1676.90 2.00
10.32 1676.40 2.00
10.33 1675.90 2.00
10.34 1675.40 2.00
10.35 1674.90 2.00
10.36 1674.40 2.00
10.37 1673.90 2.00
10.38 1673.40 2.00
10.39 1672.90 2.00
10.40 1672.40 2.00
10.41 1671.90 2.00
10.42 1671.40 2.00
10.43 1670.90 2.00
10.44 1670.40 2.00
10.45 1669.90 2.00
10.46 1669.40 2.00
10.47 1668.90 2.00
10.48 1668.40 2.00
10.49 1667.90 2.00
10.50 1667.40 2.00
10.51 1666.90 2.00
10.52 1666.40 2.00
10.53 1665.90 2.00
10.54 1665.40 2.00
10.55 1664.90 2.00
10.56 1664.40 2.00
10.57 1663.90 2.00
10.58 1663.40 2.00
10.59 1662.90 2.00
10.60 1662.40 2.00
10.61 1661.90 2.00
10.62 1661.40 2.00
10.63 1660.90 2.00
10.64 1660.40 2.00
10.65 1659.90 2.00
10.66 1659.40 2.00
10.67 1658.90 2.00
10.68 1658.40 2.00
10.69 1657.90 2.00
10.70 1657.40 2.00
10.71 1656.90 2.00
10.72 1656.40 2.00
10.73 1655.90 2.00
10.74 1655.40 2.00
10.75 1654.90 2.00
10.76 1654.40 2.00
10.77 1653.90 2.00
10.78 1653.40 2.00
10.79 1652.90 2.00
10.80 1652.40 2.00
10.81 1651.90 2.00
10.82 1651.40 2.00
10.83 1650.90 2.00
10.84 1650.40 2.00
10.85 1649.90 2.00
10.86 1649.40 2.00
10.87 1648.90 2.00
10.88 1648.40 2.00
10.89 1647.90 2.00
10.90 1647.40 2.00
10.91 1646.90 2.00
10.92 1646.40 2.00
10.93 1645.90 2.00
10.94 1645.40 2.00
10.95 1644.90 2.00
10.96 1644.40 2.00
10.97 1643.90 2.00
10.98 1643.40 2.00
10.99 1642.90 2.00
11.00 1642.40 2.00
11.01 1641.90 2.00
11.02 1641.40 2.00
11.03 1640.90 2.00
11.04 1640.40 2.00
11.05 1639.90 2.00
11.06 1639.40 2.00
11.07 1638.90 2.00
11.08 1638.40 2.00
11.09 1637.90 2.00
11.10 1637.40 2.00
11.11 1636.90 2.00
11.12 1636.40 2.00
11.13 1635.90 2.00
11.14 1635.40 2.00
11.15 1634.90 2.00
11.16 1634.40 2.00
11.17 1633.90 2.00
11.18 1633.40 2.00
11.19 1632.90 2.00
11.20 1632.40 2.00
11.21 1631.90 2.00
11.22 1631.40 2.00
11.23 1630.90 2.00
11.24 1630.40 2.00
11.25 1629.90 2.00
11.26 1629.40 2.00
11.27 1628.90 2.00
11.28 1628.40 2.00
11.29 1627.90 2.00
11.30 1627.40 2.00
11.31 1626.90 2.00
11.32 1626.40 2.00
11.33 1625.90 2.00
11.34 1625.40 2.00
11.35 1624.90 2.00
11.36 1624.40 2.00
11.37 1623.90 2.00
11.38 1623.40 2.00
11.39 1622.90 2.00
11.40 1622.40 2.00
11.41 1621.90 2.00
11.42 1621.40 2.00
11.43 1620.90 2.00
11.44 1620.40 2.00
11.45 1619.90 2.00
11.46 1619.40 2.00
11.47 1618.90 2.00
11.48 1618.40 2.00
11.49 1617.90 2.00
11.50 1617.40 2.00
11.51 1616.90 2.00
11.52 1616.40 2.00
11.53 1615.90 2.00
11.54 1615.40 2.00
11.55 1614.90 2.00
11.56 1614.40 2.00
11.57 1613.90 2.00
11.58 1613.40 2.00
11.59 1612.90 2.00
11.60 1612.40 2.00
11.61 1611.90 2.00
11.62 1611.40 2.00
11.63 1610.90 2.00
11.64 1610.40 2.00
11.65 1609.90 2.00
11.66 1609.40 2.00
11.67 1608.90 2.00
11.68 1608.40 2.00
11.69 1607.90 2.00
11.70 1607.40 2.00
11.71 1606.90 2.00
11.72 1606.40 2.00
11.73 1605.90 2.00
11.74 1605.40 2.00
11.75 1604.90 2.00
11.76 1604.40 2.00
11.77 1603.90 2.00
11.78 1603.40 2.00
11.79 1602.90 2.00
11.80 1602.40 2.00
11.81 1601.90 2.00
11.82 1601.40 2.00
11.83 1600.90 2.00
11.84 1600.40 2.00
11.85 1599.90 2.00
11.86 1599.40 2.00
11.87 1598.90 2.00
11.88 1598.40 2.00
11.89 1597.90 2.00
11.90 1597.40 2.00
11.91 1596.90 2.00
11.92 1596.40 2.00
11.93 1595.90 2.00
11.94 1595.40 2.00
11.95 1594.90 2.00
11.96 1594.40 2.00
11.97 1593.90 2.00
11.98 1593.40 2.00
11.99 1592.90 2.00
12.00 1592.40 2.00
12.01 1591.90 2.00
12.02 1591.40 2.00
12.03 1590.90 2.00
12.04 1590.40 2.00
12.05 1589.90 2.00
12.06 1589.40 2.00
12.07 1588.90 2.00
12.08 1588.40 2.00
12.09 1587.90 2.00
12.10 1587.40 2.00
12.11 1586.90 2.00
12.12 1586.40 2.00
12.13 1585.90 2.00
12.14 1585.40 2.00
12.15 1584.90 2.00
12.16 1584.40 2.00
12.17 1583.90 2.00
12.18 1583.40 2.00
12.19 1582.90 2.00
12.20 1582.40 2.00
12.21 1581.90 2.00
12.22 1581.40 2.00
12.23 1580.90 2.00
12.24 1580.40 2.00
12.25 1579.90 2.00
12.26 1579.40 2.00
12.27 1578.90 2.00
12.28 1578.40 2.00
12.29 1577.90 2.00
12.30 1577.40 2.00
12.31 1576.90 2.00
12.32 1576.40 2.00
12.33 1575.90 2.00
12.34 1575.40 2.00
12.35 1574.90 2.00
12.36 1574.40 2.00
12.37 1573.90 2.00
12.38 1573.40 2.00
12.39 1572.90 2.00
12.40 1572.40 2.00
12.41 1571.90 2.00
12.42 1571.40 2.00
12.43 1570.90 2.00
12.44 1570.40 2.00
12.45 1569.90 2.00
12.46 1569.40 2.00
12.47 1568.90 2.00
12.48 1568.40 2.00
12.49 1567.90 2.00
12.50 1567.40 2.00
12.51 1566.90 2.00
12.52 1566.40 2.00
12.53 1565.90 2.00
12.54 1565.40 2.00
12.55 1564.90 2.00
12.56 1564.40 2.00
12.57 1563.90 2.00
12.58 1563.40 2.00
12.59 1562.90 2.00
12.60 1562.40 2.00
12.61 1561.90 2.00
12.62 1561.40 2.00
12.63 1560.90 2.00
12.64 1560.40 2.00
12.65 1559.90 2.00
12.66 1559.40 2.00
12.67 1558.90 2.00
12.68 1558.40 2.00
12.69 1557.90 2.00
12.70 1557.40 2.00
12.71 1556.90 2.00
12.72 1556.40 2.00
12.73 1555.90 2.00
12.74 1555.40 2.00
12.75 1554.90 2.00
12.76 1554.40 2.00
12.77 1553.90 2.00
12.78 1553.40 2.00
12.79 1552.90 2.00
12.80 1552.40 2.00
12.81 1551.90 2.00
12.82 1551.40 2.00
12.83 1550.90 2.00
12.84 1550.40 2.00
12.85 1549.90 2.00
12.86 1549.40 2.00
12.87 1548.90 2.00
12.88 1548.40 2.00
12.89 1547.90 2.00
12.90 1547.40 2.00
12.91 1546.90 2.00
12.92 1546.40 2.00
12.93 1545.90 2.00
12.94 1545.40 2.00
12.95 1544.90 2.00
12.96 1544.40 2.00
12.97 1543.90 2.00
12.98 1543.40 2.00
12.99 1542.90 2.00
13.00 1542.40 2.00
13.01 1541.90 2.00
13.02 1541.40 2.00
13.03 1540.90 2.00
13.04 1540.40 2.00
13.05 1539.90 2.00
13.06 1539.40 2.00
13.07 1538.90 2.00
13.08 1538.40 2.00
13.09 1537.90 2.00
13.10 1537.40 2.00
13.11 1536.90 2.00
13.12 1536.40 2.00
13.13 1535.90 2.00
13.14 1535.40 2.00
13.15 1534.90 2.00
13.16 1534.40 2.00
13.17 1533.90 2.00
13.18 1533.40 2.00
13.19 1532.90 2.00
13.20 1532.40 2.00
13.21 1531.90 2.00
13.22 1531.40 2.00
13.23 1530.90 2.00
13.24 1530.40 2.00
13.25 1529.90 2.00
13.26 1529.40 2.00
13.27 1528.90 2.00
13.28 1528.40 2.00
13.29 1527.90 2.00
13.30 1527.40 2.00
13.31 1526.90 2.00
13.32 1526.40 2.00
13.33 1525.90 2.00
13.34 1525.40 2.00
13.35 1524.90 2.00
13.36 1524.40 2.00
13.37 1523.90 2.00
13.38 1523.40 2.00
13.39 1522.90 2.00
13.40 1522.40 2.00
13.41 1521.90 2.00
13.42 1521.40 2.00
13.43 1520.90 2.00
13.44 1520.40 2.00
13.45 1519.90 2.00
13.46 1519.40 2.00
13.47 1518.90 2.00
13.48 1518.40 2.00
13.49 1517.90 2.00
13.50 1517.40 2.00
13.51 1516.90 2.00
13.52 1516.40 2.00
13.53 1515.90 2.00
13.54 1515.40 2.00
13.55 1514.90 2.00
13.56 1514.40 2.00
13.57 1513.90 2.00
13.58 1513.40 2.00
13.59 1512.90 2.00
13.60 1512.40 2.00
13.61 1511.90 2.00
13.62 1511.40 2.00
13.63 1510.90 2.00
13.64 1510.40 2.00
13.65 1509.90 2.00
13.66 1509.40 2.00
13.67 1508.90 2.00
13.68 1508.40 2.00
13.69 1507.90 2.00
13.70 1507.40 2.00
13.71 1506.90 2.00
13.72 1506.40 2.00
13.73 1505.90 2.00
13.74 1505.40 2.00
13.75 1504.90 2.00
13.76 1504.40 2.00
13.77 1503.90 2.00
13.78 1503.40 2.00
13.79 1502.90 2.00
13.80 1502.40 2.00
13.81 1501.90 2.00
13.82 1501.40 2.00
13.83 1500.90 2.00
13.84 1500.40 2.00
13.85 1499.90 2.00
13.86 1499.40 2.00
13.87 1498.90 2.00
13.88 1498.40 2.00
13.89 1497.90 2.00
13.90 1497.40 2.00
13.91 1496.90 2.00
13.92 1496.40 2.00
13.93 1495.90 2.00
13.94 1495.40 2.00
13.95 1494.90 2.00
13.96 1494.40 2.00
13.97 1493.90 2.00
13.98 1493.40 2.00
13.99 1492.90 2.00
14.00 1492.40 2.00
14.01 1491.90 2.00
14.02 1491.40 2.00
14.03 1490.90 2.00
14.04 1490.40 2.00
14.05 1489.90 2.00
14.06 1489.40 2.00
14.07 1488.90 2.00
14.08 1488.40 2.00
14.09 1487.90 2.00
14.10 1487.40 2.00
14.11 1486.90 2.00
14.12 1486.40 2.00
14.13 1485.90 2.00
14.14 1485.40 2.00
14.15 1484.90 2.00
14.16 1484.40 2.00
14.17 1483.90 2.00
14.18 1483.40 2.00
14.19 1482.90 2.00
14.20 1482.40 2.00
14.21 1481.90 2.00
14.22 1481.40 2.00
14.23 1480.90 2.00
14.24 1480.40 2.00
14.25 1479.90 2.00
14.26 1479.40 2.00
14.27 1478.90 2.00
14.28 1478.40 2.00
14.29 1477.90 2.00
14.30 1477.40 2.00
14.31 1476.90 2.00
14.32 1476.40 2.00
14.33 1475.90 2.00
14.34 1475.40 2.00
14.35 1474.90 2.00
14.36 1474.40 2.00
14.37 1473.90 2.00
14.38 1473.40 2.00
14.39 1472.90 2.00
14.40 1472.40 2.00
14.41 1471.90 2.00
14.42 1471.40 2.00
14.43 1470.90 2.00
14.44 1470.40 2.00
14.45 1469.90 2.00
14.46 1469.40 2.00
14.47 1468.90 2.00
14.48 1468.40 2.00
14.49 1467.90 2.00
14.50 1467.40 2.00
14.51 1466.90 2.00
14.52 1466.40 2.00
14.53 1465.90 2.00
14.54 1465.40 2.00
14.55 1464.90 2.00
14.56 1464.40 2.00
14.57 1463.90 2.00
14.58 1463.40 2.00
14.59 1462.90 2.00
14.60 1462.40 2.00
14.61 1461.90 2.00
14.62 1461.40 2.00
14.63 1460.90 2.00
14.64 1460.40 2.00
14.65 1459.90 2.00
14.66 1459.40 2.00
14.67 1458.90 2.00
14.68 1458.40 2.00
14.69 1457.90 2.00
14.70 1457.40 2.00
14.71 1456.90 2.00
14.72 1456.40 2.00
14.73 1455.90 2.00
14.74 1455.40 2.00
14.75 1454.90 2.00
14.76 1454.40 2.00
14.77 1453.90 2.00
14.78 1453.40 2.00
14.79 1452.90 2.00
14.80 1452.40 2.00
14.81 1451.90 2.00
14.82 1451.40 2.00
14.83 1450.90 2.00
14.84 1450.40 2.00
14.85 1449.90 2.00
14.86 1449.40 2.00
14.87 1448.90 2.00
14.88 1448.40 2.00
14.89 1447.90 2.00
14.90 1447.40 2.00
14.91 1446.90 2.00
14.92 1446.40 2.00
14.93 1445.90 2.00
14.94 1445.40 2.00
14.95 1444.90 2.00
14.96 1444.40 2.00
14.97 1443.90 2.00
14.98 1443.40 2.00
14.99 1442.90 2.00
15.00 1442.40 2.00
15.01 1441.90 2.00
15.02 1441.40 2.00
15.03 1440.90 2.00
15.04 1440.40 2.00
15.05 1439.90 2.00
15.06 1439.40 2.00
15.07 1438.90 2.00
15.08 1438.40 2.00
15.09 1437.90 2.00
15.10 1437.40 2.00
15.11 1436.90 2.00
15.12 1436.40 2.00
15.13 1435.90 2.00
15.14 1435.40 2.00
15.15 1434.90 2.00
15.16 1434.40 2.00
15.17 1433.90 2.00
15.18 1433.40 2.00
15.19 1432.90 2.00
15.20 1432.40 2.00
15.21 1431.90 2.00
15.22 1431.40 2.00
15.23 1430.90 2.00
15.24 1430.40 2.00
15.25 1429.90 2.00
15.26 1429.40 2.00
15.27 1428.90 2.00
15.28 1428.40 2.00
15.29 1427.90 2.00
15.30 1427.40 2.00
15.31 1426.90 2.00
15.32 1426.40 2.00
15.33 1425.90 2.00
15.34 1425.40 2.00
15.35 1424.90 2.00
15.36 1424.40 2.00
15.37 1423.90 2.00
15.38 1423.40 2.00
15.39 1422.90 2.00
15.40 1422.40 2.00
15.41 1421.90 2.00
15.42 1421.40 2.00
15.43 1420.90 2.00
15.44 1420.40 2.00
15.45 1419.90 2.00
15.46 1419.40 2.00
15.47 1418.90 2.00
15.48 1418.40 2.00
15.49 1417.90 2.00
15.50 1417.40 2.00
15.51 1416.90 2.00
15.52 1416.40 2.00
15.53 1415.90 2.00
15.54 1415.40 2.00
15.55 1414.90 2.00
15.56 1414.40 2.00
15.57 1413.90 2.00
15.58 1413.40 2.00
15.59 1412.90 2.00
15.60 1412.40 2.00
15.61 1411.90 2.00
15.62 1411.40 2.00
15.63 1410.90 2.00
15.64 1410.40 2.00
15.65 1409.90 2.00
15.66 1409.40 2.00
15.67 1408.90 2.00
15.68 1408.40 2.00
15.69 1407.90 2.00
15.70 1407.40 2.00
15.71 1406.90 2.00
15.72 1406.40 2.00
15.73 1405.90 2.00
15.74 1405.40 2.00
15.75 1404.90 2.00
15.76 1404.40 2.00
15.77 1403.90 2.00
15.78 1403.40 2.00
15.79 1402.90 2.00
15.80 1402.40 2.00
15.81 1401.90 2.00
15.82 1401.40 2.00
15.83 1400.90 2.00
15.84 1400.40 2.00
15.85 1399.90 2.00
15.86 1399.40 2.00
15.87 1398.90 2.00
15.88 1398.40 2.00
15.89 1397.90 2.00
15.90 1397.40 2.00
15.91 1396.90 2.00
15.92 1396.40 2.00
15.93 1395.90 2.00
15.94 1395.40 2.00
15.95 1394.90 2.00
15.96 1394.40 2.00
15.97 1393.90 2.00
15.98 1393.40 2.00
15.99 1392.90 2.00
16.00 1392.40 2.00
16.01 1391.90 2.00
16.02 1391.40 2.00
16.03 1390.90 2.00
16.04 1390.40 2.00
16.05 1389.90 2.00
16.06 1389.40 2.00
16.07 1388.90 2.00
16.08 1388.40 2.00
16.09 1387.90 2.00
16.10 1387.40 2.00
16.11 1386.90 2.00
16.12 1386.40 2.00
16.13 1385.90 2.00
16.14 1385.40 2.00
16.15 1384.90 2.00
16.16 1384.40 2.00
16.17 1383.90 2.00
16.18 1383.40 2.00
16.19 1382.90 2.00
16.20 1382.40 2.00
16.21 1381.90 2.00
16.22 1381.40 2.00
16.23 1380.90 2.00
16.24 1380.40 2.00
16.25 1379.90 2.00
16.26 1379.40 2.00
16.27 1378.90 2.00
16.28 1378.40 2.00
16.29 1377.90 2.00
16.30 1377.40 2.00
16.31 1376.90 2.00
16.32 1376.40 2.00
16.33 1375.90 2.00
16.34 1375.40 2.00
16.35 1374.90 2.00
16.36 1374.40 2.00
16.37 1373.90 2.00
16.38 1373.40 2.00
16.39 1372.90 2.00
16.40 1372.40 2.00
16.41 1371.90 2.00
16.42 1371.40 2.00
16.43 1370.90 2.00
16.44 1370.40 2.00
16.45 1369.90 2.00
16.46 1369.40 2.00
16.47 1368.90 2.00
16.48 1368.40 2.00
16.49 1367.90 2.00
16.50 1367.40 2.00
16.51 1366.90 2.00
16.52 1366.40 2.00
16.53 1365.90 2.00
16.54 1365.40 2.00
16.55 1364.90 2.00
16.56 1364.40 2.00
16.57 1363.90 2.00
16.58 1363.40 2.00
16.59 1362.90 2.00
16.60 1362.40 2.00
16.61 1361.90 2.00
16.62 1361.40 2.00
16.63 1360.90 2.00
16.64 1360.40 2.00
16.65 1359.90 2.00
16.66 1359.40 2.00
16.67 1358.90 2.00
16.68 1358.40 2.00
16.69 1357.90 2.00
16.70 1357.40 2.00
16.71 1356.90 2.00
16.72 1356.40 2.00
16.73 1355.90 2.00
16.74 1355.40 2.00
16.75 1354.90 2.00
16.76 1354.40 2.00
16.77 1353.90 2.00
16.78 1353.40 2.00
16.79 1352.90 2.00
16.80 1352.40 2.00
16.81 1351.90 2.00
16.82 1351.40 2.00
16.83 1350.90 2.00
16.84 1350.40 2.00
16.85 1349.90 2.00
16.86 1349.40 2.00
16.87 1348.90 2.00
16.88 1348.40 2.00
16.89 1347.90 2.00
16.90 1347.40 2.00
16.91 1346.90 2.00
16.92 1346.40 2.00
16.93 1345.90 2.00
16.94 1345.40 2.00
16.95 1344.90 2.00
16.96 1344.40 2.00
16.97 1343.90 2.00
16.98 1343.40 2.00
16.99 1342.90 2.00
17.00 1342.40 2.00
17.01 1341.90 2.00
17.02 1341.40 2.00
17.03 1340.90 2.00
17.04 1340.40 2.00
17.05 1339.90 2.00
17.06 1339.40 2.00
17.07 1338.90 2.00
17.08 1338.40 2.00
17.09 1337.90 2.00
17.10 1337.40 2.00
17.11 1336.90 2.00
17.12 1336.40 2.00
17.13 1335.90 2.00
17.14 1335.40 2.00
17.15 1334.90 2.00
17.16 1334.40 2.00
17.17 1333.90 2.00
17.18 1333.40 2.00
17.19 1332.90 2.00
17.20 1332.40 2.00
17.21 1331.90 2.00
17.22 1331.40 2.00
17.23 1330.90 2.00
17.24 1330.40 2.00
17.25 1329.90 2.00
17.26 1329.40 2.00
17.27 1328.90 2.00
17.28 1328.40 2.00
17.29 1327.90 2.00
17.30 1327.40 2.00
17.31 1326.90 2.00
17.32 1326.40 2.00
17.33 1325.90 2.00
17.34 1325.40 2.00
17.35 1324.90 2.00
17.36 1324.40 2.00
17.37 1323.90 2.00
17.38 1323.40 2.00
17.39 1322.90 2.00
17.40 1322.40 2.00
17.41 1321.90 2.00
17.42 1321.40 2.00
17.43 1320.90 2.00
17.44 1320.40 2.00
17.45 1319.90 2.00
17.46 1319.40 2.00
17.47 1318.90 2.00
17.48 1318.40 2.00
17.49 1317.90 2.00
17.50 1317.40 2.00
17.51 1316.90 2.00
17.52 1316.40 2.00
17.53 1315.90 2.00
17.54 1315.40 2.00
17.55 1314.90 2.00
17.56 1314.40 2.00
17.57 1313.90 2.00
17.58 1313.40 2.00
17.59 1312.90 2.00
17.60 1312.40 2.00
17.61 1311.90 2.00
17.62 1311.40 2.00
17.63 1310.90 2.00
17.64 1310.40 2.00
17.65 1309.90 2.00
17.66 1309.40 2.00
17.67 1308.90 2.00
17.68 1308.40 2.00
17.69 1307.90 2.00
17.70 1307.40 2.00
17.71 1306.90 2.00
17.72 1306.40 2.00
17.73 1305.90 2.00
17.74 1305.40 2.00
17.75 1304.90 2.00
17.76 1304.40 2.00
17.77 1303.90 2.00
17.78 1303.40 2.00
17.79 1302.90 2.00
17.80 1302.40 2.00
17.81 1301.90 2.00
17.82 1301.40 2.00
17.83 1300.90 2.00
17.84 1300.40 2.00
17.85 1299.90 2.00
17.86 1299.40 2.00
17.87 1298.90 2.00
17.88 1298.40 2.00
17.89 1297.90 2.00
17.90 1297.40 2.00
17.91 1296.90 2.00
17.92 1296.40 2.00
17.93 1295.90 2.00
17.94 1295.40 2.00
17.95 1294.90 2.00
17.96 1294.40 2.00
17.97 1293.90 2.00
17.98 1293.40 2.00
17.99 1292.90 2.00
18.00 1292.40 2.00
18.01 1291.90 2.00
18.02 1291.40 2.00
18.03 1290.90 2.00
18.04 1290.40 2.00
18.05 1289.90 2.00
18.06 1289.40 2.00
18.07 1288.90 2.00
18.08 1288.40 2.00
18.09 1287.90 2.00
18.10 1287.40 2.00
18.11 1286.90 2.00
18.12 1286.40 2.00
18.13 1285.90 2.00
18.14 1285.40 2.00
18.15 1284.90 2.00
18.16 1284.40 2.00
18.17 1283.90 2.00
18.18 1283.40 2.00
18.19 1282.90 2.00
18.20 1282.40 2.00
18.21 1281.90 2.00
18.22 1281.40 2.00
18.23 1280.90 2.00
18.24 1280.40 2.00
18.25 1279.90 2.00
18.26 1279.40 2.00
18.27 1278.90 2.00
18.28 1278.40 2.00
18.29 1277.90 2.00
18.30 1277.40 2.00
18.31 1276.90 2.00
18.32 1276.40 2.00
18.33 1275.90 2.00
18.34 1275.40 2.00
18.35 1274.90 2.00
18.36 1274.40 2.00
18.37 1273.90 2.00
18.38 1273.40 2.00
18.39 1272.90 2.00
18.40 1272.40 2.00
18.41 1271.90 2.00
18.42 1271.40 2.00
18.43 1270.90 2.00
18.44 1270.40 2.00
18.45 1269.90 2.00
18.46 1269.40 2.00
18.47 1268.90 2.00
18.48 1268.40 2.00
18.49 1267.90 2.00
18.50 1267.40 2.00
18.51 1266.90 2.00
18.52 1266.40 2.00
18.53 1265.90 2.00
18.54 1265.40 2.00
18.55 1264.90 2.00
18.56 1264.40 2.00
18.57 1263.90 2.00
18.58 1263.40 2.00
18.59 1262.90 2.00
18.60 1262.40 2.00
18.61 1261.90 2.00
18.62 1261.40 2.00
18.63 1260.90 2.00
18.64 1260.40 2.00
18.65 1259.90 2.00
18.66 1259.40 2.00
18.67 1258.90 2.00
18.68 1258.40 2.00
18.69 1257.90 2.00
18.70 1257.40 2.00
18.71 1256.90 2.00
18.72 1256.40 2.00
18.73 1255.90 2.00
18.74 1255.40 2.00
18.75 1254.90 2.00
18.76 1254.40 2.00
18.77 1253.90 2.00
18.78 1253.40 2.00
18.79 1252.90 2.00
18.80 1252.40 2.00
18.81 1251.90 2.00
18.82 1251.40 2.00
18.83 1250.90 2.00
18.84 1250.40 2.00
18.85 1249.90 2.00
18.86 1249.40 2.00
18.87 1248.90 2.00
18.88 1248.40 2.00
18.89 1247.90 2.00
18.90 1247.40 2.00
18.91 1246.90 2.00
18.92 1246.40 2.00
18.93 1245.90 2.00
18.94 1245.40 2.00
18.95 1244.90 2.00
18.96 1244.40 2.00
18.97 1243.90 2.00
18.98 1243.40 2.00
18.99 1242.90 2.00
19.00 1242.40 2.00
19.01 1241.90 2.00
19.02 1241.40 2.00
19.03 1240.90 2.00
19.04 1240.40 2.00
19.05 1239.90 2.00
19.06 1239.40 2.00
19.07 1238.90 2.00
19.08 1238.40 2.00
19.09 1237.90 2.00
19.10 1237.40 2.00
19.11 1236.90 2.00
19.12 1236.40 2.00
19.13 1235.90 2.00
19.14 1235.40 2.00
19.15 1234.90 2.00
19.16 1234.40 2.00
19.17 1233.90 2.00
19.18 1233.40 2.00
19.19 1232.90 2.00
19.20 1232.40 2.00
19.21 1231.90 2.00
19.22 1231.40 2.00
19.23 1230.90 2.00
19.24 1230.40 2.00
19.25 1229.90 2.00
19.26 1229.40 2.00
19.27 1228.90 2.00
19.28 1228.40 2.00
19.29 1227.90 2.00
19.30 1227.40 2.00
19.31 1226.90 2.00
19.32 1226.40 2.00
19.33 1225.90 2.00
19.34 1225.40 2.00
19.35 1224.90 2.00
19.36 1224.40 2.00
19.37 1223.90 2.00
19.38 1223.40 2.00
19.39 1222.90 2.00
19.40 1222.40 2.00
19.41 1221.90 2.00
19.42 1221.40 2.00
19.43 1220.90 2.00
19.44 1220.40 2.00
19.45 1219.90 2.00
19.46 1219.40 2.00
19.47 1218.90 2.00
19.48 1218.40 2.00
19.49 1217.90 2.00
19.50 1217.40 2.00
19.51 1216.90 2.00
19.52 1216.40 2.00
19.53 1215.90 2.00
19.54 1215.40 2.00
19.55 1214.90 2.00
19.56 1214.40 2.00
19.57 1213.90 2.00
19.58 1213.40 2.00
19.59 1212.90 2.00
19.60 1212.40 2.00
19.61 1211.90 2.00
19.62 1211.40 2.00
19.63 1210.90 2.00
19.64 1210.40 2.00
19.65 1209.90 2.00
19.66 1209.40 2.00
19.67 1208.90 2.00
19.68 1208.40 2.00
19.69 1207.90 2.00
19.70 1207.40 2.00
19.71 1206.90 2.00
19.72 1206.40 2.00
19.73 1205.90 2.00
19.74 1205.40 2.00
19.75 1204.90 2.00
19.76 1204.40 2.00
19.77 1203.90 2.00
19.78 1203.40 2.00
19.79 1202.90 2.00
19.80 1202.40 2.00
19.81 1201.90 2.00
19.82 1201.40 2.00
19.83 1200.90 2.00
19.84 1200.40 2.00
19.85 1199.90 2.00
19.86 1199.40 2.00
19.87 1198.90 2.00
19.88 1198.40 2.00
19.89 1197.90 2.00
19.90 1197.40 2.00
19.91 1196.90 2.00
19.92 1196.40 2.00
19.93 1195.90 2.00
19.94 1195.40 2.00
19.95 1194.90 2.00
19.96 1194.40 2.00
19.97 1193.90 2.00
19.98 1193.40 2.00
19.99 1192.90 2.00
20.00 1192.40 2.00
20.01 1191.90 2.00
20.02 1191.40 2.00
20.03 1190.90 2.00
20.04 1190.40 2.00
20.05 1189.90 2.00
20.06 1189.40 2.00
20.07 1188.90 2.00
20.08 1188.40 2.00
20.09 1187.90 2.00
20.10 1187.40 2.00
20.11 1186.90 2.00
20.12 1186.40 2.00
20.13 1185.90 2.00
20.14 1185.40 2.00
20.15 1184.90 2.00
20.16 1184.40 2.00
20.17 1183.90 2.00
20.18 1183.40 2.00
20.19 1182.90 2.00
20.20 1182.40 2.00
20.21 1181.90 2.00
20.22 1181.40 2.00
20.23 1180.90 2.00
20.24 1180.40 2.00
20.25 1179.90 2.00
20.26 1179.40 2.00
20.27 1178.90 2.00
20.28 1178.40 2.00
20.29 1177.90 2.00
20.30 1177.40 2.00
20.31 1176.90 2.00
20.32 1176.40 2.00
20.33 1175.90 2.00
20.34 1175.40 2.00
20.35 1174.90 2.00
20.36 1174.40 2.00
20.37 1173.90 2.00
20.38 1173.40 2.00
20.39 1172.90 2.00
20.40 1172.40 2.00
20.41 1171.90 2.00
20.42 1171.40 2.00
20.43 1170.90 2.00
20.44 1170.40 2.00
20.45 1169.90 2.00
20.46 1169.40 2.00
20.47 1168.90 2.00
20.48 1168.40 2.00
20.49 1167.90 2.00
20.50 1167.40 2.00
20.51 1166.90 2.00
20.52 1166.40 2.00
20.53 1165.90 2.00
20.54 1165.40 2.00
20.55 1164.90 2.00
20.56 1164.40 2.00
20.57 1163.90 2.00
20.58 1163.40 2.00
20.59 1162.90 2.00
20.60 1162.40 2.00
20.61 1161.90 2.00
20.62 1161.40 2.00
20.63 1160.90 2.00
20.64 1160.40 2.00
20.65 1159.90 2.00
20.66 1159.40 2.00
20.67 1158.90 2.00
20.68 1158.40 2.00
20.69 1157.90 2.00
20.70 1157.40 2.00
20.71 1156.90 2.00
20.72 1156.40 2.00
20.73 1155.90 2.00
20.74 1155.40 2.00
20.75 1154.90 2.00
20.76 1154.40 2.00
20.77 1153.90 2.00
20.78 1153.40 2.00
20.79 1152.90 2.00
20.80 1152.40 2.00
20.81 1151.90 2.00
20.82 1151.40 2.00
20.83 1150.90 2.00
20.84 1150.40 2.00
20.85 1149.90 2.00
20.86 1149.40 2.00
20.87 1148.90 2.00
20.88 1148.40 2.00
20.89 1147.90 2.00
20.90 1147.40 2.00
20.91 1146.90 2.00
20.92 1146.40 2.00
20.93 1145.90 2.00
20.94 1145.40 2.00
20.95 1144.90 2.00
20.96 1144.40 2.00
20.97 1143.90 2.00
20.98 1143.40 2.00
20.99 1142.90 2.00
21.00 1142.40 2.00
21.01 1141.90 2.00
21.02 1141.40 2.00
21.03 1140.90 2.00
21.04 1140.40 2.00
21.05 1139.90 2.00
21.06 1139.40 2.00
21.07 1138.90 2.00
21.08 1138.40 2.00
21.09 1137.90 2.00
21.10 1137.40 2.00
21.11 1136.90 2.00
21.12 1136.40 2.00
21.13 1135.90 2.00
21.14 1135.40 2.00
21.15 1134.90 2.00
21.16 1134.40 2.00
21.17 1133.90 2.00
21.18 1133.40 2.00
21.19 1132.90 2.00
21.20 1132.40 2.00
21.21 1131.90 2.00
21.22 1131.40 2.00
21.23 1130.90 2.00
21.24 1130.40 2.00
21.25 1129.90 2.00
21.26 1129.40 2.00
21.27 1128.90 2.00
21.28 1128.40 2.00
21.29 1127.90 2.00
21.30 1127.40 2.00
21.31 1126.90 2.00
21.32 1126.40 2.00
21.33 1125.90 2.00
21.34 1125.40 2.00
21.35 1124.90 2.00
21.36 1124.40 2.00
21.37 1123.90 2.00
21.38 1123.40 2.00
21.39 1122.90 2.00
21.40 1122.40 2.00
21.41 1121.90 2.00
21.42 1121.40 2.00
21.43 1120.90 2.00
21.44 1120.40 2.00
21.45 1119.90 2.00
21.46 1119.40 2.00
21.47 1118.90 2.00
21.48 1118.40 2.00
21.49 1117.90 2.00
21.50 1117.40 2.00
21.51 1116.90 2.00
21.52 1116.40 2.00
21.53 1115.90 2.00
21.54 1115.40 2.00
21.55 1114.90 2.00
21.56 1114.40 2.00
21.57 1113.90 2.00
21.58 1113.40 2.00
21.59 1112.90 2.00
21.60 1112.40 2.00
21.61 1111.90 2.00
21.62 1111.40 2.00
21.63 1110.90 2.00
21.64 1110.40 2.00
21.65 1109.90 2.00
21.66 1109.40 2.00
21.67 1108.90 2.00
21.68 1108.40 2.00
21.69 1107.90 2.00
21.70 1107.40 2.00
21.71 1106.90 2.00
21.72 1106.40 2.00
21.73 1105.90 2.00
21.74 1105.40 2.00
21.75 1104.90 2.00
21.76 1104.40 2.00
21.77 1103.90 2.00
21.78 1103.40 2.00
21.79 1102.90 2.00
21.80 1102.40 2.00
21.81 1101.90 2.00
21.82 1101.40 2.00
21.83 1100.90 2.00
21.84 1100.40 2.00
21.85 1099.90 2.00
21.86 1099.40 2.00
21.87 1098.90 2.00
21.88 1098.40 2.00
21.89 1097.90 2.00
21.90 1097.40 2.00
21.91 1096.90 2.00
21.92 1096.40 2.00
21.93 1095.90 2.00
21.94 1095.40 2.00
21.95 1094.90 2.00
21.96 1094.40 2.00
21.97 1093.90 2.00
21.98 1093.40 2.00
21.99 1092.90 2.00
22.00 1092.40 2.00
22.01 1091.90 2.00
22.02 1091.40 2.00
22.03 1090.90 2.00
22.04 1090.40 2.00
22.05 1089.90 2.00
22.06 1089.40 2.00
22.07 1088.90 2.00
22.08 1088.40 2.00
22.09 1087.90 2.00
22.10 1087.40 2.00
22.11 1086.90 2.00
22.12 1086.40 2.00
22.13 1085.90 2.00
22.14 1085.40 2.00
22.15 1084.90 2.00
22.16 1084.40 2.00
22.17 1083.90 2.00
22.18 1083.40 2.00
22.19 1082.90 2.00
22.20 1082.40 2.00
22.21 1081.90 2.00
22.22 1081.40 2.00
22.23 1080.90 2.00
22.24 1080.40 2.00
22.25 1079.90 2.00
22.26 1079.40 2.00
22.27 1078.90 2.00
22.28 1078.40 2.00
22.29 1077.90 2.00
22.30 1077.40 2.00
22.31 1076.90 2.00
22.32 1076.40 2.00
22.33 1075.90 2.00
22.34 1075.40 2.00
22.35 1074.90 2.00
22.36 1074.40 2.00
22.37 1073.90 2.00
22.38 1073.40 2.00
22.39 1072.90 2.00
22.40 1072.40 2.00
22.41 1071.90 2.00
22.42 1071.40 2.00
22.43 1070.90 2.00
22.44 1070.40 2.00
22.45 1069.90 2.00
22.46 1069.40 2.00
22.47 1068.90 2.00
22.48 1068.40 2.00
22.49 1067.90 2.00
22.50 1067.40 2.00
22.51 1066.90 2.00
22.52 1066.40 2.00
22.53 1065.90 2.00
22.54 1065.40 2.00
22.55 1064.90 2.00
22.56 1064.40 2.00
22.57 1063.90 2.00
22.58 1063.40 2.00
22.59 1062.90 2.00
22.60 1062.40 2.00
22.61 1061.90 2.00
22.62 1061.40 2.00
22.63 1060.90 2.00
22.64 1060.40 2.00
22.65 1059.90 2.00
22.66 1059.40 2.00
22.67 1058.90 2.00
22.68 1058.40 2.00
22.69 1057.90 2.00
22.70 1057.40 2.00
22.71 1056.90 2.00
22.72 1056.40 2.00
22.73 1055.90 2.00
22.74 1055.40 2.00
22.75 1054.90 2.00
22.76 1054.40 2.00
22.77 1053.90 2.00
22.78 1053.40 2.00
22.79 1052.90 2.00
22.80 1052.40 2.00
22.81 1051.90 2.00
22.82 1051.40 2.00
22.83 1050.90 2.00
22.84 1050.40 2.00
22.85 1049.90 2.00
22.86 1049.40 2.00
22.87 1048.90 2.00
22.88 1048.40 2.00
22.89 1047.90 2.00
22.90 1047.40 2.00
22.91 1046.90 2.00
22.92 1046.40 2.00
22.93 1045.90 2.00
22.94 1045.40 2.00
22.95 1044.90 2.00
22.96 1044.40 2.00
22.97 1043.90 2.00
22.98 1043.40 2.00
22.99 1042.90 2.00
23.00 1042.40 2.00
23.01 1041.90 2.00
23.02 1041.40 2.00
23.03 1040.90 2.00
23.04 1040.40 2.00
23.05 1039.90 2.00
23.06 1039.40 2.00
23.07 1038.90 2.00
23.08 1038.40 2.00
23.09 1037.90 2.00
23.10 1037.40 2.00
23.11 1036.90 2.00
23.12 1036.40 2.00
23.13 1035.90 2.00
23.14 1035.40 2.00
23.15 1034.90 2.00
23.16 1034.40 2.00
23.17 1033.90 2.00
23.18 1033.40 2.00
23.19 1032.90 2.00
23.20 1032.40 2.00
23.21 1031.90 2.00
23.22 1031.40 2.00
23.23 1030.90 2.00
23.24 1030.40 2.00
23.25 1029.90 2.00
23.26 1029.40 2.00
23.27 1028.90 2.00
23.28 1028.40 2.00
23.29 1027.90 2.00
23.30 1027.40 2.00
23.31 1026.90 2.00
23.32 1026.40 2.00
23.33 1025.90 2.00
23.34 1025.40 2.00
23.35 1024.90 2.00
23.36 1024.40 2.00
23.37 1023.90 2.00
23.38 1023.40 2.00
23.39 1022.90 2.00
23.40 1022.40 2.00
23.41 1021.90 2.00
23.42 1021.40 2.00
23.43 1020.90 2.00
23.44 1020.40 2.00
23.45 1019.90 2.00
23.46 1019.40 2.00
23.47 1018.90 2.00
23.48 1018.40 2.00
23.49 1017.90 2.00
23.50 1017.40 2.00
23.51 1016.90 2.00
23.52 1016.40 2.00
23.53 1015.90 2.00
23.54 1015.40 2.00
23.55 1014.90 2.00
23.56 1014.40 2.00
23.57 1013.90 2.00
23.58 1013.40 2.00
23.59 1012.90 2.00
23.60 1012.40 2.00
23.61 1011.90 2.00
23.62 1011.40 2.00
23.63 1010.90 2.00
23.64 1010.40 2.00
23.65 1009.90 2.00
23.66 1009.40 2.00
23.67 1008.90 2.00
23.68 1008.40 2.00
23.69 1007.90 2.00
23.70 1007.40 2.00
23.71 1006.90 2.00
23.72 1006.40 2.00
23.73 1005.90 2.00
23.74 1005.40 2.00
23.75 1004.90 2.00
23.76 1004.40 2.00
23.77 1003.90 2.00
23.78 1003.40 2.00
23.79 1002.90 2.00
23.80 1002.40 2.00
23.81 1001.90 2.00
23.82 1001.40 2.00
23.83 1000.90 2.00
23.84 1000.40 2.00
23.85 999.90 2.00
23.86 999.40 2.00
23.87 998.90 2.00
23.88 998.40 2.00
23.89 997.90 2.00
23.90 997.40 2.00
23.91 996.90 2.00
23.92 996.40 2.00
23.93 995.90 2.00
23.94 995.40 2.00
23.95 994.90 2.00
23.96 994.40 2.00
23.97 993.90 2.00
23.98 993.40 2.00
23.99 992.90 2.00
24.00 992.40 2.00
24.01 991.90 2.00
24.02 991.40 2.00
24.03 990.90 2.00
24.04 990.40 2.00
24.05 989.90 2.00
24.06 989.40 2.00
24.07 988.90 2.00
24.08 988.40 2.00
24.09 987.90 2.00
24.10 987.40 2.00
24.11 986.90 2.00
24.12 986.40 2.00
24.13 985.90 2.00
24.14 985.40 2.00
24.15 984.90 2.00
24.16 984.40 2.00
24.17 983.90 2.00
24.18 983.40 2.00
24.19 982.90 2.00
24.20 982.40 2.00
24.21 981.90 2.00
24.22 981.40 2.00
24.23 980.90 2.00
24.24 980.40 2.00
24.25 979.90 2.00
24.26 979.40 2.00
24.27 978.90 2.00
24.28 978.40 2.00
24.29 977.90 2.00
24.30 977.40 2.00
24.31 976.90 2.00
24.32 976.40 2.00
24.33 975.90 2.00
24.34 975.40 2.00
24.35 974.90 2.00
24.36 974.40 2.00
24.37 973.90 2.00
24.38 973.40 2.00
24.39 972.90 2.00
24.40 972.40 2.00
24.41 971.90 2.00
24.42 971.40 2.00
24.43 970.90 2.00
24.44 970.40 2.00
24.45 969.90 2.00
24.46 969.40 2.00
24.47 968.90 2.00
24.48 968.40 2.00
24.49 967.90 2.00
24.50 967.40 2.00
24.51 966.90 2.00
24.52 966.40 2.00
24.53 965.90 2.00
24.54 965.40 2.00
24.55 964.90 2.00
24.56 964.40 2.00
24.57 963.90 2.00
24.58 963.40 2.00
24.59 962.90 2.00
24.60 962.40 2.00
24.61 961.90 2.00
24.62 961.40 2.00
24.63 960.90 2.00
24.64 960.40 2.00
24.65 959.90 2.00
24.66 959.40 2.00
24.67 958.90 2.00
24.68 958.40 2.00
24.69 957.90 2.00
24.70 957.40 2.00
24.71 956.90 2.00
24.72 956.40 2.00
24.73 955.90 2.00
24.74 955.40 2.00
24.75 954.90 2.00
24.76 954.40 2.00
24.77 953.90 2.00
24.78 953.40 2.00
24.79 952.90 2.00
24.80 952.40 2.00
24.81 951.90 2.00
24.82 951.40 2.00
24.83 950.90 2.00
24.84 950.40 2.00
24.85 949.90 2.00
24.86 949.40 2.00
24.87 948.90 2.00
24.88 948.40 2.00
24.89 947.90 2.00
24.90 947.40 2.00
24.91 946.90 2.00
24.92 946.40 2.00
24.93 945.90 2.00
24.94 945.40 2.00
24.95 944.90 2.00
24.96 944.40 2.00
24.97 943.90 2.00
24.98 943.40 2.00
24.99 942.90 2.00
25.00 942.40 2.00
25.01 941.90 2.00
25.02 941.40 2.00
25.03 940.90 2.00
25.04 940.40 2.00
25.05 939.90 2.00
25.06 939.40 2.00
25.07 938.90 2.00
25.08 938.40 2.00
25.09 937.90 2.00
25.10 937.40 2.00
25.11 936.90 2.00
25.12 936.40 2.00
25.13 935.90 2.00
25.14 935.40 2.00
25.15 934.90 2.00
25.16 934.40 2.00
25.17 933.90 2.00
25.18 933.40 2.00
25.19 932.90 2.00
25.20 932.40 2.00
25.21 931.90 2.00
25.22 931.40 2.00
25.23 930.90 2.00
25.24 930.40 2.00
25.25 929.90 2.00
25.26 929.40 2.00
25.27 928.90 2.00
25.28 928.40 2.00
25.29 927.90 2.00
25.30 927.40 2.00
25.31 926.90 2.00
25.32 926.40 2.00
25.33 925.90 2.00
25.34 925.40 2.00
25.35 924.90 2.00
25.36 924.40 2.00
25.37 923.90 2.00
25.38 923.40 2.00
25.39 922.90 2.00
25.40 922.40 2.00
25.41 921.90 2.00
25.42 921.40 2.00
25.43 920.90 2.00
25.44 920.40 2.00
25.45 919.90 2.00
25.46 919.40 2.00
25.47 918.90 2.00
25.48 918.40 2.00
25.49 917.90 2.00
25.50 917.40 2.00
25.51 916.90 2.00
25.52 916.40 2.00
25.53 915.90 2.00
25.54 915.40 2.00
25.55 914.90 2.00
25.56 914.40 2.00
25.57 913.90 2.00
25.58 913.40 2.00
25.59 912.90 2.00
25.60 912.40 2.00
25.61 911.90 2.00
25.62 911.40 2.00
25.63 910.90 2.00
25.64 910.40 2.00
25.65 909.90 2.00
25.66 909.40 2.00
25.67 908.90 2.00
25.68 908.40 2.00
25.69 907.90 2.00
25.70 907.40 2.00
25.71 906.90 2.00
25.72 906.40 2.00
25.73 905.90 2.00
25.74 905.40 2.00
25.75 904.90 2.00
25.76 904.40 2.00
25.77 903.90 2.00
25.78 903.40 2.00
25.79 902.90 2.00
25.80 902.40 2.00
25.81 901.90 2.00
25.82 901.40 2.00
25.83 900.90 2.00
25.84 900.40 2.00
25.85 899.90 2.00
25.86 899.40 2.00
25.87 898.90 2.00
25.88 898.40 2.00
25.89 897.90 2.00
25.90 897.40 2.00
25.91 896.90 2.00
25.92 896.40 2.00
25.93 895.90 2.00
25.94 895.40 2.00
25.95 894.90 2.00
25.96 894.40 2.00
25.97 893.90 2.00
25.98 893.40 2.00
25.99 892.90 2.00
26.00 892.40 2.00
26.01 891.90 2.00
26.02 891.40 2.00
26.03 890.90 2.00
26.04 890.40 2.00
26.05 889.90 2.00
26.06 889.40 2.00
26.07 888.90 2.00
26.08 888.40 2.00
26.09 887.90 2.00
26.10 887.40 2.00
26.11 886.90 2.00
26.12 886.40 2.00
26.13 885.90 2.00
26.14 885.40 2.00
26.15 884.90 2.00
26.16 884.40 2.00
26.17 883.90 2.00
26.18 883.40 2.00
26.19 882.90 2.00
26.20 882.40 2.00
26.21 881.90 2.00
26.22 881.40 2.00
26.23 880.90 2.00
26.24 880.40 2.00
26.25 879.90 2.00
26.26 879.40 2.00
26.27 878.90 2.00
26.28 878.40 2.00
26.29 877.90 2.00
26.30 877.40 2.00
26.31 876.90 2.00
26.32 876.40 2.00
26.33 875.90 2.00
26.34 875.40 2.00
26.35 874.90 2.00
26.36 874.40 2.00
26.37 873.90 2.00
26.38 873.40 2.00
26.39 872.90 2.00
26.40 872.40 2.00
26.41 871.90 2.00
26.42 871.40 2.00
26.43 870.90 2.00
26.44 870.40 2.00
26.45 869.90 2.00
26.46 869.40 2.00
26.47 868.90 2.00
26.48 868.40 2.00
26.49 867.90 2.00
26.50 867.40 2.00
26.51 866.90 2.00
26.52 866.40 2.00
26.53 865.90 2.00
26.54 865.40 2.00
26.55 864.90 2.00
26.56 864.40 2.00
26.57 863.90 2.00
26.58 863.40 2.00
26.59 862.90 2.00
26.60 862.40 2.00
26.61 861.90 2.00
26.62 861.40 2.00
26.63 860.90 2.00
26.64 860.40 2.00
26.65 859.90 2.00
26.66 859.40 2.00
26.67 858.90 2.00
26.68 858.40 2.00
26.69 857.90 2.00
26.70 857.40 2.00
26.71 856.90 2.00
26.72 856.40 2.00
26.73 855.90 2.00
26.74 855.40 2.00
26.75 854.90 2.00
26.76 854.40 2.00
26.77 853.90 2.00
26.78 853.40 2.00
26.79 852.90 2.00
26.80 852.40 2.00
26.81 851.90 2.00
26.82 851.40 2.00
26.83 850.90 2.00
26.84 850.40 2.00
26.85 849.90 2.00
26.86 849.40 2.00
26.87 848.90 2.00
26.88 848.40 2.00
26.89 847.90 2.00
26.90 847.40 2.00
26.91 846.90 2.00
26.92 846.40 2.00
26.93 845.90 2.00
26.94 845.40 2.00
26.95 844.90 2.00
26.96 844.40 2.00
26.97 843.90 2.00
26.98 843.40 2.00
26.99 842.90 2.00
27.00 842.40 2.00
27.01 841.90 2.00
27.02 841.40 2.00
27.03 840.90 2.00
27.04 840.40 2.00
27.05 839.90 2.00
27.06 839.40 2.00
27.07 838.90 2.00
27.08 838.40 2.00
27.09 837.90 2.00
27.10 837.40 2.00
27.11 836.90 2.00
27.12 836.40 2.00
27.13 835.90 2.00
27.14 835.40 2.00
27.15 834.90 2.00
27.16 834.40 2.00
27.17 833.90 2.00
27.18 833.40 2.00
27.19 832.90 2.00
27.20 832.40 2.00
27.21 831.90 2.00
27.22 831.40 2.00
27.23 830.90 2.00
27.24 830.40 2.00
27.25 829.90 2.00
27.26 829.40 2.00
27.27 828.90 2.00
27.28 828.40 2.00
27.29 827.90 2.00
27.30 827.40 2.00
27.31 826.90 2.00
27.32 826.40 2.00
27.33 825.90 2.00
27.34 825.40 2.00
27.35 824.90 2.00
27.36 824.40 2.00
27.37 823.90 2.00
27.38 823.40 2.00
27.39 822.90 2.00
27.40 822.40 2.00
27.41 821.90 2.00
27.42 821.40 2.00
27.43 820.90 2.00
27.44 820.40 2.00
27.45 819.90 2.00
27.46 819.40 2.00
27.47 818.90 2.00
27.48 818.40 2.00
27.49 817.90 2.00
27.50 817.40 2.00
27.51 816.90 2.00
27.52 816.40 2.00
27.53 815.90 2.00
27.54 815.40 2.00
27.55 814.90 2.00
27.56 814.40 2.00
27.57 813.90 2.00
27.58 813.40 2.00
27.59 812.90 2.00
27.60 812.40 2.00
27.61 811.90 2.00
27.62 811.40 2.00
27.63 810.90 2.00
27.64 810.40 2.00
27.65 809.90 2.00
27.66 809.40 2.00
27.67 808.90 2.00
27.68 808.40 2.00
27.69 807.90 2.00
27.70 807.40 2.00
27.71 806.90 2.00
27.72 806.40 2.00
27.73 805.90 2.00
27.74 805.40 2.00
27.75 804.90 2.00
27.76 804.40 2.00
27.77 803.90 2.00
27.78 803.40 2.00
27.79 802.90 2.00
27.80 802.40 2.00
27.81 801.90 2.00
27.82 801.40 2.00
27.83 800.90 2.00
27.84 800.40 2.00
27.85 799.90 2.00
27.86 799.40 2.00
27.87 798.90 2.00
27.88 798.40 2.00
27.89 797.90 2.00
27.90 797.40 2.00
27.91 796.90 2.00
27.92 796.40 2.00
27.93 795.90 2.00
27.94 795.40 2.00
27.95 794.90 2.00
27.96 794.40 2.00
27.97 793.90 2.00
27.98 793.40 2.00
27.99 792.90 2.00
28.00 792.40 2.00
28.01 791.90 2.00
28.02 791.40 2.00
28.03 790.90 2.00
28.04 790.40 2.00
28.05 789.90 2.00
28.06 789.40 2.00
28.07 788.90 2.00
28.08 788.40 2.00
28.09 787.90 2.00
28.10 787.40 2.00
28.11 786.90 2.00
28.12 786.40 2.00
28.13 785.90 2.00
28.14 785.40 2.00
28.15 784.90 2.00
28.16 784.40 2.00
28.17 783.90 2.00
28.18 783.40 2.00
28.19 782.90 2.00
28.20 782.40 2.00
28.21 781.90 2.00
28.22 781.40 2.00
28.23 780.90 2.00
28.24 780.40 2.00
28.25 779.90 2.00
28.26 779.40 2.00
28.27 778.90 2.00
28.28 778.40 2.00
28.29 777.90 2.00
28.30 777.40 2.00
28.31 776.90 2.00
28.32 776.40 2.00
28.33 775.90 2.00
28.34 775.40 2.00
28.35 774.90 2.00
28.36 774.40 2.00
28.37 773.90 2.00
28.38 773.40 2.00
28.39 772.90 2.00
28.40 772.40 2.00
28.41 771.90 2.00
28.42 771.40 2.00
28.43 770.90 2.00
28.44 770.40 2.00
28.45 769.90 2.00
28.46 769.40 2.00
28.47 768.90 2.00
28.48 768.40 2.00
28.49 767.90 2.00
28.50 767.40 2.00
28.51 766.90 2.00
28.52 766.40 2.00
28.53 765.90 2.00
28.54 765.40 2.00
28.55 764.90 2.00
28.56 764.40 2.00
28.57 763.90 2.00
28.58 763.40 2.00
28.59 762.90 2.00
28.60 762.40 2.00
28.61 761.90 2.00
28.62 761.40 2.00
28.63 760.90 2.00
28.64 760.40 2.00
28.65 759.90 2.00
28.66 759.40 2.00
28.67 758.90 2.00
28.68 758.40 2.00
28.69 757.90 2.00
28.70 757.40 2.00
28.71 756.90 2.00
28.72 756.40 2.00
28.73 755.90 2.00
28.74 755.40 2.00
28.75 754.90 2.00
28.76 754.40 2.00
28.77 753.90 2.00
28.78 753.40 2.00
28.79 752.90 2.00
28.80 752.40 2.00
28.81 751.90 2.00
28.82 751.40 2.00
28.83 750.90 2.00
28.84 750.40 2.00
28.85 749.90 2.00
28.86 749.40 2.00
28.87 748.90 2.00
28.88 748.40 2.00
28.89 747.90 2.00
28.90 747.40 2.00
28.91 746.90 2.00
28.92 746.40 2.00
28.93 745.90 2.00
28.94 745.40 2.00
28.95 744.90 2.00
28.96 744.40 2.00
28.97 743.90 2.00
28.98 743.40 2.00
28.99 742.90 2.00
29.00 742.40 2.00
29.01 741.90 2.00
29.02 741.40 2.00
29.03 740.90 2.00
29.04 740.40 2.00
29.05 739.90 2.00
29.06 739.40 2.00
29.07 738.90 2.00
29.08 738.40 2.00
29.09 737.90 2.00
29.10 737.40 2.00
29.11 736.90 2.00
29.12 736.40 2.00
29.13 735.90 2.00
29.14 735.40 2.00
29.15 734.90 2.00
29.16 734.40 2.00
29.17 733.90 2.00
29.18 733.40 2.00
29.19 732.90 2.00
29.20 732.40 2.00
29.21 731.90 2.00
29.22 731.40 2.00
29.23 730.90 2.00
29.24 730.40 2.00
29.25 729.90 2.00
29.26 729.40 2.00
29.27 728.90 2.00
29.28 728.40 2.00
29.29 727.90 2.00
29.30 727.40 2.00
29.31 726.90 2.00
29.32 726.40 2.00
29.33 725.90 2.00
29.34 725.40 2.00
29.35 724.90 2.00
29.36 724.40 2.00
29.37 723.90 2.00
29.38 723.40 2.00
29.39 722.90 2.00
29.40 722.40 2.00
29.41 721.90 2.00
29.42 721.40 2.00
29.43 720.90 2.00
29.44 720.40 2.00
29.45 719.90 2.00
29.46 719.40 2.00
29.47 718.90 2.00
29.48 718.40 2.00
29.49 717.90 2.00
29.50 717.40 2.00
29.51 716.90 2.00
29.52 716.40 2.00
29.53 715.90 2.00
29.54 715.40 2.00
29.55 714.90 2.00
29.56 714.40 2.00
29.57 713.90 2.00
29.58 713.40 2.00
29.59 712.90 2.00
29.60 712.40 2.00
29.61 711.90 2.00
29.62 711.40 2.00
29.63 710.90 2.00
29.64 710.40 2.00
29.65 709.90 2.00
29.66 709.40 2.00
29.67 708.90 2.00
29.68 708.40 2.00
29.69 707.90 2.00
29.70 707.40 2.00
29.71 706.90 2.00
29.72 706.40 2.00
29.73 705.90 2.00
29.74 705.40 2.00
29.75 704.90 2.00
29.76 704.40 2.00
29.77 703.90 2.00
29.78 703.40 2.00
29.79 702.90 2.00
29.80 702.40 2.00
29.81 701.90 2.00
29.82 701.40 2.00
29.83 700.90 2.00
29.84 700.40 2.00
29.85 699.90 2.00
29.86 699.40 2.00
29.87 698.90 2.00
29.88 698.40 2.00
29.89 697.90 2.00
29.90 697.40 2.00
29.91 696.90 2.00
29.92 696.40 2.00
29.93 695.90 2.00
29.94 695.40 2.00
29.95 694.90 2.00
29.96 694.40 2.00
29.97 693.90 2.00
29.98 693.40 2.00
29.99 692.90 2.00
30.00 692.40 2.00
30.01 691.90 2.00
30.02 691.40 2.00
30.03 690.90 2.00
30.04 690.40 2.00
30.05 689.90 2.00
30.06 689.40 2.00
30.07 688.90 2.00
30.08 688.40 2.00
30.09 687.90 2.00
30.10 687.40 2.00
30.11 686.90 2.00
30.12 686.40 2.00
30.13 685.90 2.00
30.14 685.40 2.00
30.15 684.90 2.00
30.16 684.40 2.00
30.17 683.90 2.00
30.18 683.40 2.00
30.19 682.90 2.00
30.20 682.40 2.00
30.21 681.90 2.00
30.22 681.40 2.00
30.23 680.90 2.00
30.24 680.40 2.00
30.25 679.90 2.00
30.26 679.40 2.00
30.27 678.90 2.00
30.28 678.40 2.00
30.29 677.90 2.00
30.30 677.40 2.00
30.31 676.90 2.00
30.32 676.40 2.00
30.33 675.90 2.00
30.34 675.40 2.00
30.35 674.90 2.00
30.36 674.40 2.00
30.37 673.90 2.00
30.38 673.40 2.00
30.39 672.90 2.00
30.40 672.40 2.00
30.41 671.90 2.00
30.42 671.40 2.00
30.43 670.90 2.00
30.44 670.40 2.00
30.45 669.90 2.00
30.46 669.40 2.00
30.47 668.90 2.00
30.48 668.40 2.00
30.49 667.90 2.00
30.50 667.40 2.00
30.51 666.90 2.00
30.52 666.40 2.00
30.53 665.90 2.00
30.54 665.40 2.00
30.55 664.90 2.00
30.56 664.40 2.00
30.57 663.90 2.00
30.58 663.40 2.00
30.59 662.90 2.00
30.60 662.40 2.00
30.61 661.90 2.00
30.62 661.40 2.00
30.63 660.90 2.00
30.64 660.40 2.00
30.65 659.90 2.00
30.66 659.40 2.00
30.67 658.90 2.00
30.68 658.40 2.00
30.69 657.90 2.00
30.70 657.40 2.00
30.71 656.90 2.00
30.72 656.40 2.00
30.73 655.90 2.00
30.74 655.40 2.00
30.75 654.90 2.00
30.76 654.40 2.00
30.77 653.90 2.00
30.78 653.40 2.00
30.79 652.90 2.00
30.80 652.40 2.00
30.81 651.90 2.00
30.82 651.40 2.00
30.83 650.90 2.00
30.84 650.40 2.00
30.85 649.90 2.00
30.86 649.40 2.00
30.87 648.90 2.00
30.88 648.40 2.00
30.89 647.90 2.00
30.90 647.40 2.00
30.91 646.90 2.00
30.92 646.40 2.00
30.93 645.90 2.00
30.94 645.40 2.00
30.95 644.90 2.00
30.96 644.40 2.00
30.97 643.90 2.00
30.98 643.40 2.00
30.99 642.90 2.00
31.00 642.40 2.00
31.01 641.90 2.00
31.02 641.40 2.00
31.03 640.90 2.00
31.04 640.40 2.00
31.05 639.90 2.00
31.06 639.40 2.00
31.07 638.90 2.00
31.08 638.40 2.00
31.09 637.90 2.00
31.10 637.40 2.00
31.11 636.90 2.00
31.12 636.40 2.00
31.13 635.90 2.00
31.14 635.40 2.00
31.15 634.90 2.00
31.16 634.40 2.00
31.17 633.90 2.00
31.18 633.40 2.00
31.19 632.90 2.00
31.20 632.40 2.00
31.21 631.90 2.00
31.22 631.40 2.00
31.23 630.90 2.00
31.24 630.40 2.00
31.25 629.90 2.00
31.26 629.40 2.00
31.27 628.90 2.00
31.28 628.40 2.00
31.29 627.90 2.00
31.30 627.40 2.00
31.31 626.90 2.00
31.32 626.40 2.00
31.33 625.90 2.00
31.34 625.40 2.00
31.35 624.90 2.00
31.36 624.40 2.00
31.37 623.90 2.00
31.38 623.40 2.00
31.39 622.90 2.00
31.40 622.40 2.00
31.41 621.90 2.00
31.42 621.40 2.00
31.43 620.90 2.00
31.44 620.40 2.00
31.45 619.90 2.00
31.46 619.40 2.00
31.47 618.90 2.00
31.48 618.40 2.00
31.49 617.90 2.00
31.50 617.40 2.00
31.51 616.90 2.00
31.52 616.40 2.00
31.53 615.90 2.00
31.54 615.40 2.00
31.55 614.90 2.00
31.56 614.40 2.00
31.57 613.90 2.00
31.58 613.40 2.00
31.59 612.90 2.00
31.60 612.40 2.00
31.61 611.90 2.00
31.62 611.40 2.00
31.63 610.90 2.00
31.64 610.40 2.00
31.65 609.90 2.00
31.66 609.40 2.00
31.67 608.90 2.00
31.68 608.40 2.00
31.69 607.90 2.00
31.70 607.40 2.00
31.71 606.90 2.00
31.72 606.40 2.00
31.73 605.90 2.00
31.74 605.40 2.00
31.75 604.90 2.00
31.76 604.40 2.00
31.77 603.90 2.00
31.78 603.40 2.00
31.79 602.90 2.00
31.80 602.40 2.00
31.81 601.90 2.00
31.82 601.40 2.00
31.83 600.90 2.00
31.84 600.40 2.00
31.85 599.90 2.00
31.86 599.40 2.00
31.87 598.90 2.00
31.88 598.40 2.00
31.89 597.90 2.00
31.90 597.40 2.00
31.91 596.90 2.00
31.92 596.40 2.00
31.93 595.90 2.00
31.94 595.40 2.00
31.95 594.90 2.00
31.96 594.40 2.00
31.97 593.90 2.00
31.98 593.40 2.00
31.99 592.90 2.00
32.00 592.40 2.00
32.01 591.90 2.00
32.02 591.40 2.00
32.03 590.90 2.00
32.04 590.40 2.00
32.05 589.90 2.00
32.06 589.40 2.00
32.07 588.90 2.00
32.08 588.40 2.00
32.09 587.90 2.00
32.10 587.40 2.00
32.11 586.90 2.00
32.12 586.40 2.00
32.13 585.90 2.00
32.14 585.40 2.00
32.15 584.90 2.00
32.16 584.40 2.00
32.17 583.90 2.00
32.18 583.40 2.00
32.19 582.90 2.00
32.20 582.40 2.00
32.21 581.90 2.00
32.22 581.40 2.00
32.23 580.90 2.00
32.24 580.40 2.00
32.25 579.90 2.00
32.26 579.40 2.00
32.27 578.90 2.00
32.28 578.40 2.00
32.29 577.90 2.00
32.30 577.40 2.00
32.31 576.90 2.00
32.32 576.40 2.00
32.33 575.90 2.00
32.34 575.40 2.00
32.35 574.90 2.00
32.36 574.40 2.00
32.37 573.90 2.00
32.38 573.40 2.00
32.39 572.90 2.00
32.40 572.40 2.00
32.41 571.90 2.00
32.42 571.40 2.00
32.43 570.90 2.00
32.44 570.40 2.00
32.45 569.90 2.00
32.46 569.40 2.00
32.47 568.90 2.00
32.48 568.40 2.00
32.49 567.90 2.00
32.50 567.40 2.00
32.51 566.90 2.00
32.52 566.40 2.00
32.53 565.90 2.00
32.54 565.40 2.00
32.55 564.90 2.00
32.56 564.40 2.00
32.57 563.90 2.00
32.58 563.40 2.00
32.59 562.90 2.00
32.60 562.40 2.00
32.61 561.90 2.00
32.62 561.40 2.00
32.63 560.90 2.00
32.64 560.40 2.00
32.65 559.90 2.00
32.66 559.40 2.00
32.67 558.90 2.00
32.68 558.40 2.00
32.69 557.90 2.00
32.70 557.40 2.00
32.71 556.90 2.00
32.72 556.40 2.00
32.73 555.90 2.00
32.74 555.40 2.00
32.75 554.90 2.00
32.76 554.40 2.00
32.77 553.90 2.00
32.78 553.40 2.00
32.79 552.90 2.00
32.80 552.40 2.00
32.81 551.90 2.00
32.82 551.40 2.00
32.83 550.90 2.00
32.84 550.40 2.00
32.85 549.90 2.00
32.86 549.40 2.00
32.87 548.90 2.00
32.88 548.40 2.00
32.89 547.90 2.00
32.90 547.40 2.00
32.91 546.90 2.00
32.92 546.40 2.00
32.93 545.90 2.00
32.94 545.40 2.00
32.95 544.90 2.00
32.96 544.40 2.00
32.97 543.90 2.00
32.98 543.40 2.00
32.99 542.90 2.00
33.00 542.40 2.00
33.01 541.90 2.00
33.02 541.40 2.00
33.03 540.90 2.00
33.04 540.40 2.00
33.05 539.90 2.00
33.06 539.40 2.00
33.07 538.90 2.00
33.08 538.40 2.00
33.09 537.90 2.00
33.10 537.40 2.00
33.11 536.90 2.00
33.12 536.40 2.00
33.13 535.90 2.00
33.14 535.40 2.00
33.15 534.90 2.00
33.16 534.40 2.00
33.17 533.90 2.00
33.18 533.40 2.00
33.19 532.90 2.00
33.20 532.40 2.00
33.21 531.90 2.00
33.22 531.40 2.00
33.23 530.90 2.00
33.24 530.40 2.00
33.25 529.90 2.00
33.26 529.40 2.00
33.27 528.90 2.00
33.28 528.40 2.00
33.29 527.90 2.00
33.30 527.40 2.00
33.31 526.90 2.00
33.32 526.40 2.00
33.33 525.90 2.00
33.34 525.40 2.00
33.35 524.90 2.00
33.36 524.40 2.00
33.37 523.90 2.00
33.38 523.40 2.00
33.39 522.90 2.00
33.40 522.40 2.00
33.41 521.90 2.00
33.42 521.40 2.00
33.43 520.90 2.00
33.44 520.40 2.00
33.45 519.90 2.00
33.46 519.40 2.00
33.47 518.90 2.00
33.48 518.40 2.00
33.49 517.90 2.00
33.50 517.40 2.00
33.51 516.90 2.00
33.52 516.40 2.00
33.53 515.90 2.00
33.54 515.40 2.00
33.55 514.90 2.00
33.56 514.40 2.00
33.57 513.90 2.00
33.58 513.40 2.00
33.59 512.90 2.00
33.60 512.40 2.00
33.61 511.90 2.00
33.62 511.40 2.00
33.63 510.90 2.00
33.64 510.40 2.00
33.65 509.90 2.00
33.66 509.40 2.00
33.67 508.90 2.00
33.68 508.40 2.00
33.69 507.90 2.00
33.70 507.40 2.00
33.71 506.90 2.00
33.72 506.40 2.00
33.73 505.90 2.00
33.74 505.40 2.00
33.75 504.90 2.00
33.76 504.40 2.00
33.77 503.90 2.00
33.78 503.40 2.00
33.79 502.90 2.00
33.80 502.40 2.00
33.81 501.90 2.00
33.82 501.40 2.00
33.83 500.90 2.00
33.84 500.40 2.00
33.85 499.90 2.00
33.86 499.40 2.00
33.87 498.90 2.00
33.88 498.40 2.00
33.89 497.90 2.00
33.90 497.40 2.00
33.91 496.90 2.00
33.92 496.40 2.00
33.93 495.90 2.00
33.94 495.40 2.00
33.95 494.90 2.00
33.96 494.40 2.00
33.97 493.90 2.00
33.98 493.40 2.00
33.99 492.90 2.00
34.00 492.40 2.00
34.01 491.90 2.00
34.02 491.40 2.00
34.03 490.90 2.00
34.04 490.40 2.00
34.05 489.90 2.00
34.06 489.40 2.00
34.07 488.90 2.00
34.08 488.40 2.00
34.09 487.90 2.00
34.10 487.40 2.00
34.11 486.90 2.00
34.12 486.40 2.00
34.13 485.90 2.00
34.14 485.40 2.00
34.15 484.90 2.00
34.16 484.40 2.00
34.17 483.90 2.00
34.18 483.40 2.00
34.19 482.90 2.00
34.20 482.40 2.00
34.21 481.90 2.00
34.22 481.40 2.00
34.23 480.90 2.00
34.24 480.40 2.00
34.25 479.90 2.00
34.26 479.40 2.00
34.27 478.90 2.00
34.28 478.40 2.00
34.29 477.90 2.00
34.30 477.40 2.00
34.31 476.90 2.00
34.32 476.40 2.00
34.33 475.90 2.00
34.34 475.40 2.00
34.35 474.90 2.00
34.36 474.40 2.00
34.37 473.90 2.00
34.38 473.40 2.00
34.39 472.90 2.00
34.40 472.40 2.00
34.41 471.90 2.00
34.42 471.40 2.00
34.43 470.90 2.00
34.44 470.40 2.00
34.45 469.90 2.00
34.46 469.40 2.00
34.47 468.90 2.00
34.48 468.40 2.00
34.49 467.90 2.00
34.50 467.40 2.00
34.51 466.90 2.00
34.52 466.40 2.00
34.53 465.90 2.00
34.54 465.40 2.00
34.55 464.90 2.00
34.56 464.40 2.00
34.57 463.90 2.00
34.58 463.40 2.00
34.59 462.90 2.00
34.60 462.40 2.00
34.61 461.90 2.00
34.62 461.40 2.00
34.63 460.90 2.00
34.64 460.40 2.00
34.65 459.90 2.00
34.66 459.40 2.00
34.67 458.90 2.00
34.68 458.40 2.00
34.69 457.90 2.00
34.70 457.40 2.00
34.71 456.90 2.00
34.72 456.40 2.00
34.73 455.90 2.00
34.74 455.40 2.00
34.75 454.90 2.00
34.76 454.40 2.00
34.77 453.90 2.00
34.78 453.40 2.00
34.79 452.90 2.00
34.80 452.40 2.00
34.81 451.90 2.00
34.82 451.40 2.00
34.83 450.90 2.00
34.84 450.40 2.00
34.85 449.90 2.00
34.86 449.40 2.00
34.87 448.90 2.00
34.88 448.40 2.00
34.89 447.90 2.00
34.90 447.40 2.00
34.91 446.90 2.00
34.92 446.40 2.00
34.93 445.90 2.00
34.94 445.40 2.00
34.95 444.90 2.00
34.96 444.40 2.00
34.97 443.90 2.00
34.98 443.40 2.00
34.99 442.90 2.00
35.00 442.40 2.00
35.01 441.90 2.00
35.02 441.40 2.00
35.03 440.90 2.00
35.04 440.40 2.00
35.05 439.90 2.00
35.06 439.40 2.00
35.07 438.90 2.00
35.08 438.40 2.00
35.09 437.90 2.00
35.10 437.40 2.00
35.11 436.90 2.00
35.12 436.40 2.00
35.13 435.90 2.00
35.14 435.40 2.00
35.15 434.90 2.00
35.16 434.40 2.00
35.17 433.90 2.00
35.18 433.40 2.00
35.19 432.90 2.00
35.20 432.40 2.00
35.21 431.90 2.00
35.22 431.40 2.00
35.23 430.90 2.00
35.24 430.40 2.00
35.25 429.90 2.00
35.26 429.40 2.00
35.27 428.90 2.00
35.28 428.40 2.00
35.29 427.90 2.00
35.30 427.40 2.00
35.31 426.90 2.00
35.32 426.40 2.00
35.33 425.90 2.00
35.34 425.40 2.00
35.35 424.90 2.00
35.36 424.40 2.00
35.37 423.90 2.00
35.38 423.40 2.00
35.39 422.90 2.00
35.40 422.40 2.00
35.41 421.90 2.00
35.42 421.40 2.00
35.43 420.90 2.00
35.44 420.40 2.00
35.45 419.90 2.00
35.46 419.40 2.00
35.47 418.90 2.00
35.48 418.40 2.00
35.49 417.90 2.00
35.50 417.40 2.00
35.51 416.90 2.00
35.52 416.40 2.00
35.53 415.90 2.00
35.54 415.40 2.00
35.55 414.90 2.00
35.56 414.40 2.00
35.57 413.90 2.00
35.58 413.40 2.00
35.59 412.90 2.00
35.60 412.40 2.00
35.61 411.90 2.00
35.62 411.40 2.00
35.63 410.90 2.00
35.64 410.40 2.00
35.65 409.90 2.00
35.66 409.40 2.00
35.67 408.90 2.00
35.68 408.40 2.00
35.69 407.90 2.00
35.70 407.40 2.00
35.71 406.90 2.00
35.72 406.40 2.00
35.73 405.90 2.00
35.74 405.40 2.00
35.75 404.90 2.00
35.76 404.40 2.00
35.77 403.90 2.00
35.78 403.40 2.00
35.79 402.90 2.00
35.80 402.40 2.00
35.81 401.90 2.00
35.82 401.40 2.00
35.83 400.90 2.00
35.84 400.40 2.00
35.85 399.90 2.00
35.86 399.40 2.00
35.87 398.90 2.00
35.88 398.40 2.00
35.89 397.90 2.00
35.90 397.40 2.00
35.91 396.90 2.00
35.92 396.40 2.00
35.93 395.90 2.00
35.94 395.40 2.00
35.95 394.90 2.00
35.96 394.40 2.00
35.97 393.90 2.00
35.98 393.40 2.00
35.99 392.90 2.00
36.00 392.40 2.00
36.01 391.90 2.00
36.02 391.40 2.00
36.03 390.90 2.00
36.04 390.40 2.00
36.05 389.90 2.00
36.06 389.40 2.00
36.07 388.90 2.00
36.08 388.40 2.00
36.09 387.90 2.00
36.10 387.40 2.00
36.11 386.90 2.00
36.12 386.40 2.00
36.13 385.90 2.00
36.14 385.40 2.00
36.15 384.90 2.00
36.16 384.40 2.00
36.17 383.90 2.00
36.18 383.40 2.00
36.19 382.90 2.00
36.20 382.40 2.00
36.21 381.90 2.00
36.22 381.40 2.00
36.23 380.90 2.00
36.24 380.40 2.00
36.25 379.90 2.00
36.26 379.40 2.00
36.27 378.90 2.00
36.28 378.40 2.00
36.29 377.90 2.00
36.30 377.40 2.00
36.31 376.90 2.00
36.32 376.40 2.00
36.33 375.90 2.00
36.34 375.40 2.00
36.35 374.90 2.00
36.36 374.40 2.00
36.37 373.90 2.00
36.38 373.40 2.00
36.39 372.90 2.00
36.40 372.40 2.00
36.41 371.90 2.00
36.42 371.40 2.00
36.43 370.90 2.00
36.44 370.40 2.00
36.45 369.90 2.00
36.46 369.40 2.00
36.47 368.90 2.00
36.48 368.40 2.00
36.49 367.90 2.00
36.50 367.40 2.00
36.51 366.90 2.00
36.52 366.40 2.00
36.53 365.90 2.00
36.54 365.40 2.00
36.55 364.90 2.00
36.56 364.40 2.00
36.57 363.90 2.00
36.58 363.40 2.00
36.59 362.90 2.00
36.60 362.40 2.00
36.61 361.90 2.00
36.62 361.40 2.00
36.63 360.90 2.00
36.64 360.40 2.00
36.65 359.90 2.00
36.66 359.40 2.00
36.67 358.90 2.00
36.68 358.40 2.00
36.69 357.90 2.00
36.70 357.40 2.00
36.71 356.90 2.00
36.72 356.40 2.00
36.73 355.90 2.00
36.74 355.40 2.00
36.75 354.90 2.00
36.76 354.40 2.00
36.77 353.90 2.00
36.78 353.40 2.00
36.79 352.90 2.00
36.80 352.40 2.00
36.81 351.90 2.00
36.82 351.40 2.00
36.83 350.90 2.00
36.84 350.40 2.00
36.85 349.90 2.00
36.86 349.40 2.00
36.87 348.90 2.00
36.88 348.40 2.00
36.89 347.90 2.00
36.90 347.40 2.00
36.91 346.90 2.00
36.92 346.40 2.00
36.93 345.90 2.00
36.94 345.40 2.00
36.95 344.90 2.00
36.96 344.40 2.00
36.97 343.90 2.00
36.98 343.40 2.00
36.99 342.90 2.00
37.00 342.40 2.00
37.01 341.90 2.00
37.02 341.40 2.00
37.03 340.90 2.00
37.04 340.40 2.00
37.05 339.90 2.00
37.06 339.40 2.00
37.07 338.90 2.00
37.08 338.40 2.00
37.09 337.90 2.00
37.10 337.40 2.00
37.11 336.90 2.00
37.12 336.40 2.00
37.13 335.90 2.00
37.14 335.40 2.00
37.15 334.90 2.00
37.16 334.40 2.00
37.17 333.90 2.00
37.18 333.40 2.00
37.19 332.90 2.00
37.20 332.40 2.00
37.21 331.90 2.00
37.22 331.40 2.00
37.23 330.90 2.00
37.24 330.40 2.00
37.25 329.90 2.00
37.26 329.40 2.00
37.27 328.90 2.00
37.28 328.40 2.00
37.29 327.90 2.00
37.30 327.40 2.00
37.31 326.90 2.00
37.32 326.40 2.00
37.33 325.90 2.00
37.34 325.40 2.00
37.35 324.90 2.00
37.36 324.40 2.00
37.37 323.90 2.00
37.38 323.40 2.00
37.39 322.90 2.00
37.40 322.40 2.00
37.41 321.90 2.00
37.42 321.40 2.00
37.43 320.90 2.00
37.44 320.40 2.00
37.45 319.90 2.00
37.46 319.40 2.00
37.47 318.90 2.00
37.48 318.40 2.00
37.49 317.90 2.00
37.50 317.40 2.00
37.51 316.90 2.00
37.52 316.40 2.00
37.53 315.90 2.00
37.54 315.40 2.00
37.55 314.90 2.00
37.56 314.40 2.00
37.57 313.90 2.00
37.58 313.40 2.00
37.59 312.90 2.00
37.60 312.40 2.00
37.61 311.90 2.00
37.62 311.40 2.00
37.63 310.90 2.00
37.64 310.40 2.00
37.65 309.90 2.00
37.66 309.40 2.00
37.67 308.90 2.00
37.68 308.40 2.00
37.69 307.90 2.00
37.70 307.40 2.00
37.71 306.90 2.00
37.72 306.40 2.00
37.73 305.90 2.00
37.74 305.40 2.00
37.75 304.90 2.00
37.76 304.40 2.00
37.77 303.90 2.00
37.78 303.40 2.00
37.79 302.90 2.00
37.80 302.40 2.00
37.81 301.90 2.00
37.82 301.40 2.00
37.83 300.90 2.00
37.84 300.40 2.00
37.85 299.90 2.00
37.86 299.40 2.00
37.87 298.90 2.00
37.88 298.40 2.00
37.89 297.90 2.00
37.90 297.40 2.00
37.91 296.90 2.00
37.92 296.40 2.00
37.93 295.90 2.00
37.94 295.40 2.00
37.95 294.90 2.00
37.96 294.40 2.00
37.97 293.90 2.00
37.98 293.40 2.00
37.99 292.90 2.00
38.00 292.40 2.00
38.01 291.90 2.00
38.02 291.40 2.00
38.03 290.90 2.00
38.04 290.40 2.00
38.05 289.90 2.00
38.06 289.40 2.00
38.07 288.90 2.00
38.08 288.40 2.00
38.09 287.90 2.00
38.10 287.40 2.00
38.11 286.90 2.00
38.12 286.40 2.00
38.13 285.90 2.00
38.14 285.40 2.00
38.15 284.90 2.00
38.16 284.40 2.00
38.17 283.90 2.00
38.18 283.40 2.00
38.19 282.90 2.00
38.20 282.40 2.00
38.21 281.90 2.00
38.22 281.40 2.00
38.23 280.90 2.00
38.24 280.40 2.00
38.25 279.90 2.00
38.26 279.40 2.00
38.27 278.90 2.00
38.28 278.40 2.00
38.29 277.90 2.00
38.30 277.40 2.00
38.31 276.90 2.00
38.32 276.40 2.00
38.33 275.90 2.00
38.34 275.40 2.00
38.35 274.90 2.00
38.36 274.40 2.00
38.37 273.90 2.00
38.38 273.40 2.00
38.39 272.90 2.00
38.40 272.40 2.00
38.41 271.90 2.00
38.42 271.40 2.00
38.43 270.90 2.00
38.44 270.40 2.00
38.45 269.90 2.00
38.46 269.40 2.00
38.47 268.90 2.00
38.48 268.40 2.00
38.49 267.90 2.00
38.50 267.40 2.00
38.51 266.90 2.00
38.52 266.40 2.00
38.53 265.90 2.00
38.54 265.40 2.00
38.55 264.90 2.00
38.56 264.40 2.00
38.57 263.90 2.00
38.58 263.40 2.00
38.59 262.90 2.00
38.60 262.40 2.00
38.61 261.90 2.00
38.62 261.40 2.00
38.63 260.90 2.00
38.64 260.40 2.00
38.65 259.90 2.00
38.66 259.40 2.00
38.67 258.90 2.00
38.68 258.40 2.00
38.69 257.90 2.00
38.70 257.40 2.00
38.71 256.90 2.00
38.72 256.40 2.00
38.73 255.90 2.00
38.74 255.40 2.00
38.75 254.90 2.00
38.76 254.40 2.00
38.77 253.90 2.00
38.78 253.40 2.00
38.79 252.90 2.00
38.80 252.40 2.00
38.81 251.90 2.00
38.82 251.40 2.00
38.83 250.90 2.00
38.84 250.40 2.00
38.85 249.90 2.00
38.86 249.40 2.00
38.87 248.90 2.00
38.88 248.40 2.00
38.89 247.90 2.00
38.90 247.40 2.00
38.91 246.90 2.00
38.92 246.40 2.00
38.93 245.90 2.00
38.94 245.40 2.00
38.95 244.90 2.00
38.96 244.40 2.00
38.97 243.90 2.00
38.98 243.40 2.00
38.99 242.90 2.00
39.00 242.40 2.00
39.01 241.90 2.00
39.02 241.40 2.00
39.03 240.90 2.00
39.04 240.40 2.00
39.05 239.90 2.00
39.06 239.40 2.00
39.07 238.90 2.00
39.08 238.40 2.00
39.09 237.90 2.00
39.10 237.40 2.00
39.11 236.90 2.00
39.12 236.40 2.00
39.13 235.90 2.00
39.14 235.40 2.00
39.15 234.90 2.00
39.16 234.40 2.00
39.17 233.90 2.00
39.18 233.40 2.00
39.19 232.90 2.00
39.20 232.40 2.00
39.21 231.90 2.00
39.22 231.40 2.00
39.23 230.90 2.00
39.24 230.40 2.00
39.25 229.90 2.00
39.26 229.40 2.00
39.27 228.90 2.00
39.28 228.40 2.00
39.29 227.90 2.00
39.30 227.40 2.00
39.31 226.90 2.00
39.32 226.40 2.00
39.33 225.90 2.00
39.34 225.40 2.00
39.35 224.90 2.00
39.36 224.40 2.00
39.37 223.90 2.00
39.38 223.40 2.00
39.39 222.90 2.00
39.40 222.40 2.00
39.41 221.90 2.00
39.42 221.40 2.00
39.43 220.90 2.00
39.44 220.40 2.00
39.45 219.90 2.00
39.46 219.40 2.00
39.47 218.90 2.00
39.48 218.40 2.00
39.49 217.90 2.00
39.50 217.40 2.00
39.51 216.90 2.00
39.52 216.40 2.00
39.53 215.90 2.00
39.54 215.40 2.00
39.55 214.90 2.00
39.56 214.40 2.00
39.57 213.90 2.00
39.58 213.40 2.00
39.59 212.90 2.00
39.60 212.40 2.00
39.61 211.90 2.00
39.62 211.40 2.00
39.63 210.90 2.00
39.64 210.40 2.00
39.65 209.90 2.00
39.66 209.40 2.00
39.67 208.90 2.00
39.68 208.40 2.00
39.69 207.90 2.00
39.70 207.40 2.00
39.71 206.90 2.00
39.72 206.40 2.00
39.73 205.90 2.00
39.74 205.40 2.00
39.75 204.90 2.00
39.76 204.40 2.00
39.77 203.90 2.00
39.78 203.40 2.00
39.79 202.90 2.00
39.80 202.40 2.00
39.81 201.90 2.00
39.82 201.40 2.00
39.83 200.90 2.00
39.84 200.40 2.00
39.85 199.90 2.00
39.86 199.40 2.00
39.87 198.90 2.00
39.88 198.40 2.00
39.89 197.90 2.00
39.90 197.40 2.00
39.91 196.90 2.00
39.92 196.40 2.00
39.93 195.90 2.00
39.94 195.40 2.00
39.95 194.90 2.00
39.96 194.40 2.00
39.97 193.90 2.00
39.98 193.40 2.00
39.99 192.90 2.00
40.00 192.40 2.00
40.01 191.90 2.00
40.02 191.40 2.00
40.03 190.90 2.00
40.04 190.40 2.00
40.05 189.90 2.00
40.06 189.40 2.00
40.07 188.90 2.00
40.08 188.40 2.00
40.09 187.90 2.00
40.10 187.40 2.00
40.11 186.90 2.00
40.12 186.40 2.00
40.13 185.90 2.00
40.14 185.40 2.00
40.15 184.90 2.00
40.16 184.40 2.00
40.17 183.90 2.00
40.18 183.40 2.00
40.19 182.90 2.00
40.20 182.40 2.00
40.21 181.90 2.00
40.22 181.40 2.00
40.23 180.90 2.00
40.24 180.40 2.00
40.25 179.90 2.00
40.26 179.40 2.00
40.27 178.90 2.00
40.28 178.40 2.00
40.29 177.90 2.00
40.30 177.40 2.00
40.31 176.90 2.00
40.32 176.40 2.00
40.33 175.90 2.00
40.34 175.40 2.00
40.35 174.90 2.00
40.36 174.40 2.00
40.37 173.90 2.00
40.38 173.40 2.00
40.39 172.90 2.00
40.40 172.40 2.00
40.41 171.90 2.00
40.42 171.40 2.00
40.43 170.90 2.00
40.44 170.40 2.00
40.45 169.90 2.00
40.46 169.40 2.00
40.47 168.90 2.00
40.48 168.40 2.00
40.49 167.90 2.00
40.50 167.40 2.00
40.51 166.90 2.00
40.52 166.40 2.00
40.53 165.90 2.00
40.54 165.40 2.00
40.55 164.90 2.00
40.56 164.40 2.00
40.57 163.90 2.00
40.58 163.40 2.00
40.59 162.90 2.00
40.60 162.40 2.00
40.61 161.90 2.00
40.62 161.40 2.00
40.63 160.90 2.00
40.64 160.40 2.00
40.65 159.90 2.00
40.66 159.40 2.00
40.67 158.90 2.00
40.68 158.40 2.00
40.69 157.90 2.00
40.70 157.40 2.00
40.71 156.90 2.00
40.72 156.40 2.00
40.73 155.90 2.00
40.74 155.40 2.00
40.75 154.90 2.00
40.76 154.40 2.00
40.77 153.90 2.00
40.78 153.40 2.00
40.79 152.90 2.00
40.80 152.40 2.00
40.81 151.90 2.00
40.82 151.40 2.00
40.83 150.90 2.00
40.84 150.40 2.00
40.85 149.90 2.00
40.86 149.40 2.00
40.87 148.90 2.00
40.88 148.40 2.00
40.89 147.90 2.00
40.90 147.40 2.00
40.91 146.90 2.00
40.92 146.40 2.00
40.93 145.90 2.00
40.94 145.40 2.00
40.95 144.90 2.00
40.96 144.40 2.00
40.97 143.90 2.00
40.98 143.40 2.00
40.99 142.90 2.00
41.00 142.40 2.00
41.01 141.90 2.00
41.02 141.40 2.00
41.03 140.90 2.00
41.04 140.40 2.00
41.05 139.90 2.00
41.06 139.40 2.00
41.07 138.90 2.00
41.08 138.40 2.00
41.09 137.90 2.00
41.10 137.40 2.00
41.11 136.90 2.00
41.12 136.40 2.00
41.13 135.90 2.00
41.14 135.40 2.00
41.15 134.90 2.00
41.16 134.40 2.00
41.17 133.90 2.00
41.18 133.40 2.00
41.19 132.90 2.00
41.20 132.40 2.00
41.21 131.90 2.00
41.22 131.40 2.00
41.23 130.90 2.00
41.24 130.40 2.00
41.25 129.90 2.00
41.26 129.40 2.00
41.27 128.90 2.00
41.28 128.40 2.00
41.29 127.90 2.00
41.30 127.40 2.00
41.31 126.90 2.00
41.32 126.40 2.00
41.33 125.90 2.00
41.34 125.40 2.00
41.35 124.90 2.00
41.36 124.40 2.00
41.37 123.90 2.00
41.38 123.40 2.00
41.39 122.90 2.00
41.40 122.40 2.00
41.41 121.90 2.00
41.42 121.40 2.00
41.43 120.90 2.00
41.44 120.40 2.00
41.45 119.90 2.00
41.46 119.40 2.00
41.47 118.90 2.00
41.48 118.40 2.00
41.49 117.90 2.00
41.50 117.40 2.00
41.51 116.90 2.00
41.52 116.40 2.00
41.53 115.90 2.00
41.54 115.40 2.00
41.55 114.90 2.00
41.56 114.40 2.00
41.57 113.90 2.00
41.58 113.40 2.00
41.59 112.90 2.00
41.60 112.40 2.00
41.61 111.90 2.00
41.62 111.40 2.00
41.63 110.90 2.00
41.64 110.40 2.00
41.65 109.90 2.00
41.66 109.40 2.00
41.67 108.90 2.00
41.68 108.40 2.00
41.69 107.90 2.00
41.70 107.40 2.00
41.71 106.90 2.00
41.72 106.40 2.00
41.73 105.90 2.00
41.74 105.40 2.00
41.75 104.90 2.00
41.76 104.40 2.00
41.77 103.90 2.00
41.78 103.40 2.00
41.79 102.90 2.00
41.80 102.40 2.00
41.81 101.90 2.00
41.82 101.40 2.00
41.83 100.90 2.00
41.84 100.40 2.00
41.85 99.90 2.00
41.86 99.40 2.00
41.87 98.90 2.00
41.88 98.40 2.00
41.89 97.90 2.00
41.90 97.40 2.00
41.91 96.90 2.00
41.92 96.40 2.00
41.93 95.90 2.00
41.94 95.40 2.00
41.95 94.90 2.00
41.96 94.40 2.00
41.97 93.90 2.00
41.98 93.40 2.00
41.99 92.90 2.00
42.00 92.40 2.00
42.01 91.90 2.00
42.02 91.40 2.00
42.03 90.90 2.00
42.04 90.40 2.00
42.05 89.90 2.00
42.06 89.40 2.00
42.07 88.90 2.00
42.08 88.40 2.00
42.09 87.90 2.00
42.10 87.40 2.00
42.11 86.90 2.00
42.12 86.40 2.00
42.13 85.90 2.00
42.14 85.40 2.00
42.15 84.90 2.00
42.16 84.40 2.00
42.17 83.90 2.00
42.18 83.40 2.00
42.19 82.90 2.00
42.20 82.40 2.00
42.21 81.90 2.00
42.22 81.40 2.00
42.23 80.90 2.00
42.24 80.40 2.00
42.25 79.90 2.00
42.26 79.40 2.00
42.27 78.90 2.00
42.28 78.40 2.00
42.29 77.90 2.00
42.30 77.40 2.00
42.31 76.90 2.00
42.32 76.40 2.00
42.33 75.90 2.00
42.34 75.40 2.00
42.35 74.90 2.00
42.36 74.40 2.00
42.37 73.90 2.00
42.38 73.40 2.00
42.39 72.90 2.00
42.40 72.40 2.00
42.41 71.90 2.00
42.42 71.40 2.00
42.43 70.90 2.00
42.44 70.40 2.00
42.45 69.90 2.00
42.46 69.40 2.00
42.47 68.90 2.00
42.48 68.40 2.00
42.49 67.90 2.00
42.50 67.40 2.00
42.51 66.90 2.00
42.52 66.40 2.00
42.53 65.90 2.00
42.54 65.40 2.00
42.55 64.90 2.00
42.56 64.40 2.00
42.57 63.90 2.00
42.58 63.40 2.00
42.59 62.90 2.00
42.60 62.40 2.00
42.61 61.90 2.00
42.62 61.40 2.00
42.63 60.90 2.00
42.64 60.40 2.00
42.65 59.90 2.00
42.66 59.40 2.00
42.67 58.90 2.00
42.68 58.40 2.00
42.69 57.90 2.00
42.70 57.40 2.00
42.71 56.90 2.00
42.72 56.40 2.00
42.73 55.90 2.00
42.74 55.40 2.00
42.75 54.90 2.00
42.76 54.40 2.00
42.77 53.90 2.00
42.78 53.40 2.00
42.79 52.90 2.00
42.80 52.40 2.00
42.81 51.90 2.00
42.82 51.40 2.00
42.83 50.90 2.00
42.84 50.40 2.00
42.85 49.90 2.00
42.86 49.40 2.00
42.87 48.90 2.00
42.88 48.40 2.00
42.89 47.90 2.00
42.90 47.40 2.00
42.91 46.90 2.00
42.92 46.40 2.00
42.93 45.90 2.00
42.94 45.40 2.00
42.95 44.90 2.00
42.96 44.40 2.00
42.97 43.90 2.00
42.98 43.40 2.00
42.99 42.90 2.00
43.00 42.40 2.00
43.01 41.90 2.00
43.02 41.40 2.00
43.03 40.90 2.00
43.04 40.40 2.00
43.05 39.90 2.00
43.06 39.40 2.00
43.07 38.90 2.00
43.08 38.40 2.00
43.09 37.90 2.00
43.10 37.40 2.00
43.11 36.90 2.00
43.12 36.40 2.00
43.13 35.90 2.00
43.14 35.40 2.00
43.15 34.90 2.00
43.16 34.40 2.00
43.17 33.90 2.00
43.18 33.40 2.00
43.19 32.90 2.00
43.20 32.40 2.00
43.21 31.90 2.00
43.22 31.40 2.00
43.23 30.90 2.00
43.24 30.40 2.00
43.25 29.90 2.00
43.26 29.40 2.00
43.27 28.90 2.00
43.28 28.40 2.00
43.29 27.90 2.00
43.30 27.40 2.00
43.31 26.90 2.00
43.32 26.40 2.00
43.33 25.90 2.00
43.34 25.40 2.00
43.35 24.90 2.00
43.36 24.40 2.00
43.37 23.90 2.00
43.38 23.40 2.00
43.39 22.90 2.00
43.40 22.40 2.00
43.41 21.90 2.00
43.42 21.40 2.00
43.43 20.90 2.00
43.44 20.40 2.00
43.45 19.90 2.00
43.46 19.40 2.00
43.47 18.90 2.00
43.48 18.40 2.00
43.49 17.90 2.00
43.50 17.40 2.00
43.51 16.90 2.00
43.52 16.40 2.00
43.53 15.90 2.00
43.54 15.40 2.00
43.55 14.90 2.00
43.56 14.40 2.00
43.57 13.90 2.00
43.58 13.40 2.00
43.59 12.90 2.00
43.60 12.40 2.00
43.61 11.90 2.00
43.62 11.40 2.00
43.63 10.90 2.00
43.64 10.40 2.00
43.65 9.90 2.00
43.66 9.40 2.00
43.67 8.90 2.00
43.68 8.40 2.00
43.69 7.90 2.00
43.70 7.40 2.00
43.71 6.90 2.00
43.72 6.40 2.00
43.73 5.90 2.00
43.74 5.40 2.00
43.75 4.90 2.00
43.76 4.40 2.00
43.77 3.90 2.00
43.78 3.40 2.00
43.79 2.90 2.00
43.80 2.40 2.00
43.81 1.90 2.00
43.82 1.40 2.00
43.83 0.90 2.00
43.84 0.40 2.00
