timestamp,2activeVeh,2SINR,2SINR-3,2SINR-4,2SINR-5,2SINR-6,2SINR-7,2SINR-8,2SINR-9,2SINR-10,2SINR-11,2avgLatency,2numTBInitial,2numTBRetran,2numTBQPSK,2numTB16QAM,2numTB64QAM,3activeVeh,3SINR-2,3SINR,3SINR-4,3SINR-5,3SINR-6,3SINR-7,3SINR-8,3SINR-9,3SINR-10,3SINR-11,3avgLatency,3numTBInitial,3numTBRetran,3numTBQPSK,3numTB16QAM,3numTB64QAM,4activeVeh,4SINR-2,4SINR-3,4SINR,4SINR-5,4SINR-6,4SINR-7,4SINR-8,4SINR-9,4SINR-10,4SINR-11,4avgLatency,4numTBInitial,4numTBRetran,4numTBQPSK,4numTB16QAM,4numTB64QAM,5activeVeh,5SINR-2,5SINR-3,5SINR-4,5SINR,5SINR-6,5SINR-7,5SINR-8,5SINR-9,5SINR-10,5SINR-11,5avgLatency,5numTBInitial,5numTBRetran,5numTBQPSK,5numTB16QAM,5numTB64QAM,6activeVeh,6SINR-2,6SINR-3,6SINR-4,6SINR-5,6SINR,6SINR-7,6SINR-8,6SINR-9,6SINR-10,6SINR-11,6avgLatency,6numTBInitial,6numTBRetran,6numTBQPSK,6numTB16QAM,6numTB64QAM,7activeVeh,7SINR-2,7SINR-3,7SINR-4,7SINR-5,7SINR-6,7SINR,7SINR-8,7SINR-9,7SINR-10,7SINR-11,7avgLatency,7numTBInitial,7numTBRetran,7numTBQPSK,7numTB16QAM,7numTB64QAM,8activeVeh,8SINR-2,8SINR-3,8SINR-4,8SINR-5,8SINR-6,8SINR-7,8SINR,8SINR-9,8SINR-10,8SINR-11,8avgLatency,8numTBInitial,8numTBRetran,8numTBQPSK,8numTB16QAM,8numTB64QAM,9activeVeh,9SINR-2,9SINR-3,9SINR-4,9SINR-5,9SINR-6,9SINR-7,9SINR-8,9SINR,9SINR-10,9SINR-11,9avgLatency,9numTBInitial,9numTBRetran,9numTBQPSK,9numTB16QAM,9numTB64QAM,10activeVeh,10SINR-2,10SINR-3,10SINR-4,10SINR-5,10SINR-6,10SINR-7,10SINR-8,10SINR-9,10SINR,10SINR-11,10avgLatency,10numTBInitial,10numTBRetran,10numTBQPSK,10numTB16QAM,10numTB64QAM,11activeVeh,11SINR-2,11SINR-3,11SINR-4,11SINR-5,11SINR-6,11SINR-7,11SINR-8,11SINR-9,11SINR-10,11SINR,11avgLatency,11numTBInitial,11numTBRetran,11numTBQPSK,11numTB16QAM,11numTB64QAM
0.4,1.0,55.71,28.81,25.97,20.14,16.45,15.18,0.0,13.21,1.04,3.42,2.3,9.0,0.0,3.0,0.0,6.0,0.0,0.0,0.0,0.0,0.0,0.0,0.0,0.0,0.0,0.0,0.0,0.0,0.0,0.0,0.0,0.0,0.0,0.0,0.0,0.0,0.0,0.0,0.0,0.0,0.0,0.0,0.0,0.0,0.0,0.0,0.0,0.0,0.0,0.0,0.0,0.0,0.0,0.0,0.0,0.0,0.0,0.0,0.0,0.0,0.0,0.0,0.0,0.0,0.0,0.0,0.0,0.0,0.0,0.0,0.0,0.0,0.0,0.0,0.0,0.0,0.0,0.0,0.0,0.0,0.0,0.0,0.0,0.0,0.0,0.0,0.0,0.0,0.0,0.0,0.0,0.0,0.0,0.0,0.0,0.0,0.0,0.0,0.0,0.0,0.0,0.0,0.0,0.0,0.0,0.0,0.0,0.0,0.0,0.0,0.0,0.0,0.0,0.0,0.0,0.0,0.0,0.0,0.0,0.0,0.0,0.0,0.0,0.0,0.0,0.0,0.0,0.0,0.0,0.0,0.0,0.0,0.0,0.0,0.0,0.0,0.0,0.0,0.0,0.0,0.0,0.0,0.0,0.0,0.0,0.0,0.0,0.0,0.0,0.0,0.0,0.0,0.0,0.0,0.0,0.0,0.0,0.0,0.0,0.0,0.0,0.0,0.0,0.0,0.0,0.0,0.0,0.0,0.0
0.5,1.0,57.36,31.2,28.16,15.85,19.0,17.05,0.0,12.67,4.64,5.39,2.25,97.0,0.0,0.0,0.0,97.0,0.0,0.0,0.0,0.0,0.0,0.0,0.0,0.0,0.0,0.0,0.0,0.0,0.0,0.0,0.0,0.0,0.0,0.0,0.0,0.0,0.0,0.0,0.0,0.0,0.0,0.0,0.0,0.0,0.0,0.0,0.0,0.0,0.0,0.0,0.0,0.0,0.0,0.0,0.0,0.0,0.0,0.0,0.0,0.0,0.0,0.0,0.0,0.0,0.0,0.0,0.0,0.0,0.0,0.0,0.0,0.0,0.0,0.0,0.0,0.0,0.0,0.0,0.0,0.0,0.0,0.0,0.0,0.0,0.0,0.0,0.0,0.0,0.0,0.0,0.0,0.0,0.0,0.0,0.0,0.0,0.0,0.0,0.0,0.0,0.0,0.0,0.0,0.0,0.0,0.0,0.0,0.0,0.0,0.0,0.0,0.0,0.0,0.0,0.0,0.0,0.0,0.0,0.0,0.0,0.0,0.0,0.0,0.0,0.0,0.0,0.0,0.0,0.0,0.0,0.0,0.0,0.0,0.0,0.0,0.0,0.0,0.0,0.0,0.0,0.0,0.0,0.0,0.0,0.0,0.0,0.0,0.0,0.0,0.0,0.0,0.0,0.0,0.0,0.0,0.0,0.0,0.0,0.0,0.0,0.0,0.0,0.0,0.0,0.0,0.0,0.0,0.0,0.0
0.6,1.0,56.55,26.3,25.95,17.5,22.62,13.57,3.34,11.42,0.0,4.64,2.14,105.0,0.0,0.0,0.0,105.0,0.0,0.0,0.0,0.0,0.0,0.0,0.0,0.0,0.0,0.0,0.0,0.0,0.0,0.0,0.0,0.0,0.0,0.0,0.0,0.0,0.0,0.0,0.0,0.0,0.0,0.0,0.0,0.0,0.0,0.0,0.0,0.0,0.0,0.0,0.0,0.0,0.0,0.0,0.0,0.0,0.0,0.0,0.0,0.0,0.0,0.0,0.0,0.0,0.0,0.0,0.0,0.0,0.0,0.0,0.0,0.0,0.0,0.0,0.0,0.0,0.0,0.0,0.0,0.0,0.0,0.0,0.0,0.0,0.0,0.0,0.0,0.0,0.0,0.0,0.0,0.0,0.0,0.0,0.0,0.0,0.0,0.0,0.0,0.0,0.0,0.0,0.0,0.0,0.0,0.0,0.0,0.0,0.0,0.0,0.0,0.0,0.0,0.0,0.0,0.0,0.0,0.0,0.0,0.0,0.0,0.0,0.0,0.0,0.0,0.0,0.0,0.0,0.0,0.0,0.0,0.0,0.0,0.0,0.0,0.0,0.0,0.0,0.0,0.0,0.0,0.0,0.0,0.0,0.0,0.0,0.0,0.0,0.0,0.0,0.0,0.0,0.0,0.0,0.0,0.0,0.0,0.0,0.0,0.0,0.0,0.0,0.0,0.0,0.0,0.0,0.0,0.0,0.0
0.7,1.0,56.44,28.38,27.6,18.7,24.19,9.52,5.22,8.52,4.37,0.0,2.27,97.0,0.0,0.0,0.0,97.0,0.0,0.0,0.0,0.0,0.0,0.0,0.0,0.0,0.0,0.0,0.0,0.0,0.0,0.0,0.0,0.0,0.0,0.0,0.0,0.0,0.0,0.0,0.0,0.0,0.0,0.0,0.0,0.0,0.0,0.0,0.0,0.0,0.0,0.0,0.0,0.0,0.0,0.0,0.0,0.0,0.0,0.0,0.0,0.0,0.0,0.0,0.0,0.0,0.0,0.0,0.0,0.0,0.0,0.0,0.0,0.0,0.0,0.0,0.0,0.0,0.0,0.0,0.0,0.0,0.0,0.0,0.0,0.0,0.0,0.0,0.0,0.0,0.0,0.0,0.0,0.0,0.0,0.0,0.0,0.0,0.0,0.0,0.0,0.0,0.0,0.0,0.0,0.0,0.0,0.0,0.0,0.0,0.0,0.0,0.0,0.0,0.0,0.0,0.0,0.0,0.0,0.0,0.0,0.0,0.0,0.0,0.0,0.0,0.0,0.0,0.0,0.0,0.0,0.0,0.0,0.0,0.0,0.0,0.0,0.0,0.0,0.0,0.0,0.0,0.0,0.0,0.0,0.0,0.0,0.0,0.0,0.0,0.0,0.0,0.0,0.0,0.0,0.0,0.0,0.0,0.0,0.0,0.0,0.0,0.0,0.0,0.0,0.0,0.0,0.0,0.0,0.0,0.0
0.8,1.0,57.1,26.91,29.64,23.26,19.04,6.29,0.0,7.93,4.35,0.91,2.03,114.0,0.0,0.0,0.0,114.0,0.0,0.0,0.0,0.0,0.0,0.0,0.0,0.0,0.0,0.0,0.0,0.0,0.0,0.0,0.0,0.0,0.0,0.0,0.0,0.0,0.0,0.0,0.0,0.0,0.0,0.0,0.0,0.0,0.0,0.0,0.0,0.0,0.0,0.0,0.0,0.0,0.0,0.0,0.0,0.0,0.0,0.0,0.0,0.0,0.0,0.0,0.0,0.0,0.0,0.0,0.0,0.0,0.0,0.0,0.0,0.0,0.0,0.0,0.0,0.0,0.0,0.0,0.0,0.0,0.0,0.0,0.0,0.0,0.0,0.0,0.0,0.0,0.0,0.0,0.0,0.0,0.0,0.0,0.0,0.0,0.0,0.0,0.0,0.0,0.0,0.0,0.0,0.0,0.0,0.0,0.0,0.0,0.0,0.0,0.0,0.0,0.0,0.0,0.0,0.0,0.0,0.0,0.0,0.0,0.0,0.0,0.0,0.0,0.0,0.0,0.0,0.0,0.0,0.0,0.0,0.0,0.0,0.0,0.0,0.0,0.0,0.0,0.0,0.0,0.0,0.0,0.0,0.0,0.0,0.0,0.0,0.0,0.0,0.0,0.0,0.0,0.0,0.0,0.0,0.0,0.0,0.0,0.0,0.0,0.0,0.0,0.0,0.0,0.0,0.0,0.0,0.0,0.0
0.9,1.0,57.77,28.66,29.7,20.22,20.32,0.0,6.38,6.06,3.64,4.41,2.24,99.0,0.0,0.0,0.0,99.0,0.0,0.0,0.0,0.0,0.0,0.0,0.0,0.0,0.0,0.0,0.0,0.0,0.0,0.0,0.0,0.0,0.0,0.0,0.0,0.0,0.0,0.0,0.0,0.0,0.0,0.0,0.0,0.0,0.0,0.0,0.0,0.0,0.0,0.0,0.0,0.0,0.0,0.0,0.0,0.0,0.0,0.0,0.0,0.0,0.0,0.0,0.0,0.0,0.0,0.0,0.0,0.0,0.0,0.0,0.0,0.0,0.0,0.0,0.0,0.0,0.0,0.0,0.0,0.0,0.0,0.0,0.0,0.0,0.0,0.0,0.0,0.0,0.0,0.0,0.0,0.0,0.0,0.0,0.0,0.0,0.0,0.0,0.0,0.0,0.0,0.0,0.0,0.0,0.0,0.0,0.0,0.0,0.0,0.0,0.0,0.0,0.0,0.0,0.0,0.0,0.0,0.0,0.0,0.0,0.0,0.0,0.0,0.0,0.0,0.0,0.0,0.0,0.0,0.0,0.0,0.0,0.0,0.0,0.0,0.0,0.0,0.0,0.0,0.0,0.0,0.0,0.0,0.0,0.0,0.0,0.0,0.0,0.0,0.0,0.0,0.0,0.0,0.0,0.0,0.0,0.0,0.0,0.0,0.0,0.0,0.0,0.0,0.0,0.0,0.0,0.0,0.0,0.0
1.0,1.0,57.8,28.49,29.73,17.87,18.85,9.05,8.49,6.49,6.5,0.0,2.77,114.0,0.0,0.0,0.0,114.0,0.0,0.0,0.0,0.0,0.0,0.0,0.0,0.0,0.0,0.0,0.0,0.0,0.0,0.0,0.0,0.0,0.0,0.0,0.0,0.0,0.0,0.0,0.0,0.0,0.0,0.0,0.0,0.0,0.0,0.0,0.0,0.0,0.0,0.0,0.0,0.0,0.0,0.0,0.0,0.0,0.0,0.0,0.0,0.0,0.0,0.0,0.0,0.0,0.0,0.0,0.0,0.0,0.0,0.0,0.0,0.0,0.0,0.0,0.0,0.0,0.0,0.0,0.0,0.0,0.0,0.0,0.0,0.0,0.0,0.0,0.0,0.0,0.0,0.0,0.0,0.0,0.0,0.0,0.0,0.0,0.0,0.0,0.0,0.0,0.0,0.0,0.0,0.0,0.0,0.0,0.0,0.0,0.0,0.0,0.0,0.0,0.0,0.0,0.0,0.0,0.0,0.0,0.0,0.0,0.0,0.0,0.0,0.0,0.0,0.0,0.0,0.0,0.0,0.0,0.0,0.0,0.0,0.0,0.0,0.0,0.0,0.0,0.0,0.0,0.0,0.0,0.0,0.0,0.0,0.0,0.0,0.0,0.0,0.0,0.0,0.0,2.0,2.88,4.15,0.0,6.9,16.78,18.01,20.21,25.98,27.1,53.25,2.08,53.0,0.0,3.0,0.0,50.0
1.1,1.0,57.86,31.83,31.37,18.85,14.3,8.62,5.32,4.96,3.19,0.0,2.74,108.0,0.0,0.0,0.0,108.0,0.0,0.0,0.0,0.0,0.0,0.0,0.0,0.0,0.0,0.0,0.0,0.0,0.0,0.0,0.0,0.0,0.0,0.0,0.0,0.0,0.0,0.0,0.0,0.0,0.0,0.0,0.0,0.0,0.0,0.0,0.0,0.0,0.0,0.0,0.0,0.0,0.0,0.0,0.0,0.0,0.0,0.0,0.0,0.0,0.0,0.0,0.0,0.0,0.0,0.0,0.0,0.0,0.0,0.0,0.0,0.0,0.0,0.0,0.0,0.0,0.0,0.0,0.0,0.0,0.0,0.0,0.0,0.0,0.0,0.0,0.0,0.0,0.0,0.0,0.0,0.0,0.0,0.0,0.0,0.0,0.0,0.0,0.0,0.0,0.0,0.0,0.0,0.0,0.0,0.0,0.0,0.0,0.0,0.0,0.0,0.0,0.0,0.0,0.0,0.0,0.0,0.0,0.0,0.0,0.0,0.0,0.0,0.0,0.0,0.0,0.0,0.0,0.0,0.0,0.0,0.0,0.0,0.0,0.0,0.0,0.0,0.0,0.0,0.0,0.0,0.0,0.0,0.0,0.0,0.0,0.0,0.0,0.0,0.0,0.0,0.0,2.0,2.14,4.31,0.0,3.58,16.23,18.56,19.44,25.82,28.94,56.24,2.39,99.0,0.0,0.0,0.0,99.0
1.2,1.0,59.73,31.54,31.84,18.91,14.67,11.43,3.72,5.17,7.12,0.0,2.38,105.0,0.0,0.0,0.0,105.0,0.0,0.0,0.0,0.0,0.0,0.0,0.0,0.0,0.0,0.0,0.0,0.0,0.0,0.0,0.0,0.0,0.0,0.0,0.0,0.0,0.0,0.0,0.0,0.0,0.0,0.0,0.0,0.0,0.0,0.0,0.0,0.0,0.0,0.0,0.0,0.0,0.0,0.0,0.0,0.0,0.0,0.0,0.0,0.0,0.0,0.0,0.0,0.0,0.0,0.0,0.0,0.0,0.0,0.0,0.0,0.0,0.0,0.0,0.0,0.0,0.0,0.0,0.0,0.0,0.0,0.0,0.0,0.0,0.0,0.0,0.0,0.0,0.0,0.0,0.0,0.0,0.0,0.0,0.0,0.0,0.0,0.0,0.0,0.0,0.0,0.0,0.0,0.0,0.0,0.0,0.0,0.0,0.0,0.0,0.0,0.0,0.0,0.0,0.0,0.0,0.0,0.0,0.0,0.0,0.0,0.0,0.0,0.0,0.0,0.0,0.0,0.0,0.0,0.0,0.0,0.0,0.0,0.0,0.0,0.0,0.0,0.0,0.0,0.0,0.0,0.0,0.0,0.0,0.0,0.0,0.0,0.0,0.0,0.0,0.0,0.0,2.0,1.68,4.71,0.0,5.94,18.16,17.36,21.4,26.14,29.89,55.67,2.65,89.0,0.0,0.0,0.0,89.0
1.3,1.0,60.21,32.69,32.91,20.49,17.0,7.63,5.65,4.72,6.02,0.0,2.34,108.0,0.0,0.0,0.0,108.0,0.0,0.0,0.0,0.0,0.0,0.0,0.0,0.0,0.0,0.0,0.0,0.0,0.0,0.0,0.0,0.0,0.0,0.0,0.0,0.0,0.0,0.0,0.0,0.0,0.0,0.0,0.0,0.0,0.0,0.0,0.0,0.0,0.0,0.0,0.0,0.0,0.0,0.0,0.0,0.0,0.0,0.0,0.0,0.0,0.0,0.0,0.0,0.0,0.0,0.0,0.0,0.0,0.0,0.0,0.0,0.0,0.0,0.0,0.0,0.0,0.0,0.0,0.0,0.0,0.0,0.0,0.0,0.0,0.0,0.0,0.0,0.0,0.0,0.0,0.0,0.0,0.0,0.0,0.0,0.0,0.0,0.0,0.0,0.0,0.0,0.0,0.0,0.0,0.0,0.0,0.0,0.0,0.0,0.0,0.0,0.0,0.0,0.0,0.0,0.0,0.0,0.0,0.0,0.0,0.0,0.0,0.0,0.0,0.0,0.0,0.0,0.0,0.0,0.0,0.0,0.0,0.0,0.0,0.0,0.0,0.0,0.0,0.0,0.0,0.0,0.0,0.0,0.0,0.0,0.0,0.0,0.0,0.0,0.0,0.0,0.0,2.0,0.0,6.03,3.17,4.09,16.36,11.52,20.51,25.5,28.28,60.73,2.51,99.0,0.0,0.0,0.0,99.0
1.4,1.0,56.03,32.39,32.58,17.27,16.22,12.3,6.35,5.2,2.88,0.0,2.34,110.0,0.0,0.0,0.0,110.0,0.0,0.0,0.0,0.0,0.0,0.0,0.0,0.0,0.0,0.0,0.0,0.0,0.0,0.0,0.0,0.0,0.0,0.0,0.0,0.0,0.0,0.0,0.0,0.0,0.0,0.0,0.0,0.0,0.0,0.0,0.0,0.0,0.0,0.0,0.0,0.0,0.0,0.0,0.0,0.0,0.0,0.0,0.0,0.0,0.0,0.0,0.0,0.0,0.0,0.0,0.0,0.0,0.0,0.0,0.0,0.0,0.0,0.0,0.0,0.0,0.0,0.0,0.0,0.0,0.0,0.0,0.0,0.0,0.0,0.0,0.0,0.0,0.0,0.0,0.0,0.0,0.0,0.0,0.0,0.0,0.0,0.0,0.0,0.0,0.0,0.0,0.0,0.0,0.0,0.0,0.0,0.0,0.0,0.0,0.0,0.0,0.0,0.0,0.0,0.0,0.0,0.0,0.0,0.0,0.0,0.0,0.0,0.0,0.0,0.0,0.0,0.0,0.0,0.0,0.0,0.0,0.0,0.0,0.0,0.0,0.0,0.0,0.0,0.0,0.0,0.0,0.0,0.0,0.0,0.0,0.0,0.0,0.0,0.0,0.0,0.0,2.0,4.95,5.19,0.0,5.27,15.51,14.88,24.54,23.03,31.22,61.86,2.53,99.0,0.0,0.0,0.0,99.0
1.5,1.0,63.21,34.52,30.0,10.99,17.16,13.47,8.62,5.64,2.53,0.0,2.46,101.0,0.0,0.0,0.0,101.0,0.0,0.0,0.0,0.0,0.0,0.0,0.0,0.0,0.0,0.0,0.0,0.0,0.0,0.0,0.0,0.0,0.0,0.0,0.0,0.0,0.0,0.0,0.0,0.0,0.0,0.0,0.0,0.0,0.0,0.0,0.0,0.0,0.0,0.0,0.0,0.0,0.0,0.0,0.0,0.0,0.0,0.0,0.0,0.0,0.0,0.0,0.0,0.0,0.0,0.0,0.0,0.0,0.0,0.0,0.0,0.0,0.0,0.0,0.0,0.0,0.0,0.0,0.0,0.0,0.0,0.0,0.0,0.0,0.0,0.0,0.0,0.0,0.0,0.0,0.0,0.0,0.0,0.0,0.0,0.0,0.0,0.0,0.0,0.0,0.0,0.0,0.0,0.0,0.0,0.0,0.0,0.0,0.0,0.0,0.0,0.0,0.0,0.0,0.0,0.0,0.0,0.0,0.0,0.0,0.0,0.0,0.0,0.0,0.0,0.0,0.0,0.0,0.0,0.0,0.0,0.0,0.0,0.0,0.0,0.0,0.0,0.0,0.0,0.0,0.0,0.0,0.0,0.0,0.0,0.0,0.0,0.0,0.0,0.0,0.0,0.0,2.0,0.0,4.23,4.24,5.78,15.33,14.59,22.17,23.17,28.83,65.03,2.69,84.0,0.0,0.0,0.0,84.0
1.6,1.0,66.48,33.14,28.12,18.92,15.08,12.61,6.83,7.29,0.98,0.0,2.34,105.0,0.0,0.0,0.0,105.0,0.0,0.0,0.0,0.0,0.0,0.0,0.0,0.0,0.0,0.0,0.0,0.0,0.0,0.0,0.0,0.0,0.0,0.0,0.0,0.0,0.0,0.0,0.0,0.0,0.0,0.0,0.0,0.0,0.0,0.0,0.0,0.0,0.0,0.0,0.0,0.0,0.0,0.0,0.0,0.0,0.0,0.0,0.0,0.0,0.0,0.0,0.0,0.0,0.0,0.0,0.0,0.0,0.0,0.0,0.0,0.0,0.0,0.0,0.0,0.0,0.0,0.0,0.0,0.0,0.0,0.0,0.0,0.0,0.0,0.0,0.0,0.0,0.0,0.0,0.0,0.0,0.0,0.0,0.0,0.0,0.0,0.0,0.0,0.0,0.0,0.0,0.0,0.0,0.0,0.0,0.0,0.0,0.0,0.0,0.0,0.0,0.0,0.0,0.0,0.0,0.0,0.0,0.0,0.0,0.0,0.0,0.0,0.0,0.0,0.0,0.0,0.0,0.0,0.0,0.0,0.0,0.0,0.0,0.0,0.0,0.0,0.0,0.0,0.0,0.0,0.0,0.0,0.0,0.0,0.0,0.0,0.0,0.0,0.0,0.0,0.0,2.0,2.82,0.0,2.72,7.39,14.86,14.03,23.15,25.46,33.64,63.34,2.53,98.0,0.0,0.0,0.0,98.0
1.7,1.0,65.42,34.21,27.03,13.84,10.44,14.64,9.04,11.7,6.16,0.0,2.29,111.0,0.0,0.0,0.0,111.0,0.0,0.0,0.0,0.0,0.0,0.0,0.0,0.0,0.0,0.0,0.0,0.0,0.0,0.0,0.0,0.0,0.0,0.0,0.0,0.0,0.0,0.0,0.0,0.0,0.0,0.0,0.0,0.0,0.0,0.0,0.0,0.0,0.0,0.0,0.0,0.0,0.0,0.0,0.0,0.0,0.0,0.0,0.0,0.0,0.0,0.0,0.0,0.0,0.0,0.0,0.0,0.0,0.0,0.0,0.0,0.0,0.0,0.0,0.0,0.0,0.0,0.0,0.0,0.0,0.0,0.0,0.0,0.0,0.0,0.0,0.0,0.0,0.0,0.0,0.0,0.0,0.0,0.0,0.0,0.0,0.0,0.0,0.0,0.0,0.0,0.0,0.0,0.0,0.0,0.0,0.0,0.0,0.0,0.0,0.0,0.0,0.0,0.0,0.0,0.0,0.0,0.0,0.0,0.0,0.0,0.0,0.0,0.0,0.0,0.0,0.0,0.0,0.0,0.0,0.0,0.0,0.0,0.0,0.0,0.0,0.0,0.0,0.0,0.0,0.0,0.0,0.0,0.0,0.0,0.0,0.0,0.0,0.0,0.0,0.0,0.0,2.0,0.0,5.03,4.09,4.12,12.83,13.15,23.92,25.97,33.53,64.75,2.51,102.0,0.0,0.0,0.0,102.0
1.8,1.0,67.21,36.77,29.27,14.95,12.49,17.43,8.47,6.84,6.63,0.0,2.32,110.0,0.0,0.0,0.0,110.0,0.0,0.0,0.0,0.0,0.0,0.0,0.0,0.0,0.0,0.0,0.0,0.0,0.0,0.0,0.0,0.0,0.0,0.0,0.0,0.0,0.0,0.0,0.0,0.0,0.0,0.0,0.0,0.0,0.0,0.0,0.0,0.0,0.0,0.0,0.0,0.0,0.0,0.0,0.0,0.0,0.0,0.0,0.0,0.0,0.0,0.0,0.0,0.0,0.0,0.0,0.0,0.0,0.0,0.0,0.0,0.0,0.0,0.0,0.0,0.0,0.0,0.0,0.0,0.0,0.0,0.0,0.0,0.0,0.0,0.0,0.0,0.0,0.0,0.0,0.0,0.0,0.0,0.0,0.0,0.0,0.0,0.0,0.0,0.0,0.0,0.0,0.0,0.0,0.0,0.0,0.0,0.0,0.0,0.0,0.0,0.0,0.0,0.0,0.0,0.0,0.0,0.0,0.0,0.0,0.0,0.0,0.0,0.0,0.0,0.0,0.0,0.0,0.0,0.0,0.0,0.0,0.0,0.0,0.0,0.0,0.0,0.0,0.0,0.0,0.0,0.0,0.0,0.0,0.0,0.0,0.0,0.0,0.0,0.0,0.0,0.0,2.0,5.39,1.22,0.0,4.94,11.79,15.01,23.56,29.17,36.4,60.13,2.38,103.0,0.0,0.0,0.0,103.0
1.9,1.0,67.17,37.21,29.9,18.06,8.7,18.06,7.39,3.79,6.32,0.0,2.53,97.0,0.0,0.0,0.0,97.0,0.0,0.0,0.0,0.0,0.0,0.0,0.0,0.0,0.0,0.0,0.0,0.0,0.0,0.0,0.0,0.0,0.0,0.0,0.0,0.0,0.0,0.0,0.0,0.0,0.0,0.0,0.0,0.0,0.0,0.0,0.0,0.0,0.0,0.0,0.0,0.0,0.0,0.0,0.0,0.0,0.0,0.0,0.0,0.0,0.0,0.0,0.0,0.0,0.0,0.0,0.0,0.0,0.0,0.0,0.0,0.0,0.0,0.0,0.0,0.0,0.0,0.0,0.0,0.0,0.0,0.0,0.0,0.0,0.0,0.0,0.0,0.0,0.0,0.0,0.0,0.0,0.0,0.0,0.0,0.0,0.0,0.0,0.0,0.0,0.0,0.0,0.0,0.0,0.0,0.0,0.0,0.0,0.0,0.0,0.0,0.0,0.0,0.0,0.0,0.0,0.0,0.0,0.0,0.0,0.0,0.0,0.0,0.0,0.0,0.0,0.0,0.0,0.0,0.0,0.0,0.0,0.0,0.0,0.0,0.0,0.0,0.0,0.0,0.0,0.0,0.0,0.0,0.0,0.0,0.0,0.0,0.0,0.0,0.0,0.0,0.0,2.0,4.89,0.0,3.49,1.47,14.12,18.66,23.42,29.25,32.13,63.17,2.49,96.0,0.0,0.0,0.0,96.0
2.0,1.0,69.32,38.88,28.21,18.13,11.65,14.94,9.15,7.83,4.44,0.0,2.36,107.0,0.0,0.0,0.0,107.0,0.0,0.0,0.0,0.0,0.0,0.0,0.0,0.0,0.0,0.0,0.0,0.0,0.0,0.0,0.0,0.0,0.0,0.0,0.0,0.0,0.0,0.0,0.0,0.0,0.0,0.0,0.0,0.0,0.0,0.0,0.0,0.0,0.0,0.0,0.0,0.0,0.0,0.0,0.0,0.0,0.0,0.0,0.0,0.0,0.0,0.0,0.0,0.0,0.0,0.0,0.0,0.0,0.0,0.0,0.0,0.0,0.0,0.0,0.0,0.0,0.0,0.0,0.0,0.0,0.0,0.0,0.0,0.0,0.0,0.0,0.0,0.0,0.0,0.0,0.0,0.0,0.0,0.0,0.0,0.0,0.0,0.0,0.0,0.0,0.0,0.0,0.0,0.0,0.0,0.0,0.0,0.0,0.0,0.0,0.0,0.0,0.0,0.0,0.0,0.0,0.0,0.0,0.0,0.0,0.0,0.0,0.0,0.0,0.0,0.0,0.0,0.0,0.0,0.0,0.0,0.0,0.0,0.0,0.0,0.0,0.0,0.0,0.0,0.0,0.0,0.0,0.0,0.0,0.0,0.0,0.0,0.0,0.0,0.0,0.0,0.0,2.0,2.87,0.0,3.26,2.53,15.86,21.08,19.58,31.86,35.61,62.82,2.38,106.0,0.0,0.0,0.0,106.0
2.1,1.0,68.02,37.72,24.94,18.86,10.68,14.77,11.2,5.38,7.22,0.0,2.49,100.0,0.0,0.0,0.0,100.0,0.0,0.0,0.0,0.0,0.0,0.0,0.0,0.0,0.0,0.0,0.0,0.0,0.0,0.0,0.0,0.0,0.0,0.0,0.0,0.0,0.0,0.0,0.0,0.0,0.0,0.0,0.0,0.0,0.0,0.0,0.0,0.0,0.0,0.0,0.0,0.0,0.0,0.0,0.0,0.0,0.0,0.0,0.0,0.0,0.0,0.0,0.0,0.0,0.0,0.0,0.0,0.0,0.0,0.0,0.0,0.0,0.0,0.0,0.0,0.0,0.0,0.0,0.0,0.0,0.0,0.0,0.0,0.0,0.0,0.0,0.0,0.0,0.0,0.0,0.0,0.0,0.0,0.0,0.0,0.0,0.0,0.0,0.0,0.0,0.0,0.0,0.0,0.0,0.0,0.0,0.0,0.0,0.0,0.0,0.0,0.0,0.0,0.0,0.0,0.0,0.0,0.0,0.0,0.0,0.0,0.0,0.0,0.0,0.0,0.0,0.0,0.0,0.0,0.0,0.0,0.0,0.0,0.0,0.0,0.0,0.0,0.0,0.0,0.0,0.0,0.0,0.0,0.0,0.0,0.0,0.0,0.0,0.0,0.0,0.0,0.0,2.0,1.8,0.0,3.03,2.55,16.43,21.86,19.36,33.65,32.96,62.73,2.27,108.0,0.0,0.0,0.0,108.0
2.2,1.0,67.24,37.62,22.12,19.38,11.92,15.5,10.36,6.15,7.55,0.0,2.26,113.0,0.0,0.0,0.0,113.0,0.0,0.0,0.0,0.0,0.0,0.0,0.0,0.0,0.0,0.0,0.0,0.0,0.0,0.0,0.0,0.0,0.0,0.0,0.0,0.0,0.0,0.0,0.0,0.0,0.0,0.0,0.0,0.0,0.0,0.0,0.0,0.0,0.0,0.0,0.0,0.0,0.0,0.0,0.0,0.0,0.0,0.0,0.0,0.0,0.0,0.0,0.0,0.0,0.0,0.0,0.0,0.0,0.0,0.0,0.0,0.0,0.0,0.0,0.0,0.0,0.0,0.0,0.0,0.0,0.0,0.0,0.0,0.0,0.0,0.0,0.0,0.0,0.0,0.0,0.0,0.0,0.0,0.0,0.0,0.0,0.0,0.0,0.0,0.0,0.0,0.0,0.0,0.0,0.0,0.0,0.0,0.0,0.0,0.0,0.0,0.0,0.0,0.0,0.0,0.0,0.0,0.0,0.0,0.0,0.0,0.0,0.0,0.0,0.0,0.0,0.0,0.0,0.0,0.0,0.0,0.0,0.0,0.0,0.0,0.0,0.0,0.0,0.0,0.0,0.0,0.0,0.0,0.0,0.0,0.0,0.0,0.0,0.0,0.0,0.0,0.0,2.0,3.43,0.0,5.31,6.21,17.35,21.96,23.93,33.85,32.08,63.57,2.39,106.0,0.0,0.0,0.0,106.0
2.3,1.0,66.07,39.86,21.28,18.48,10.09,15.3,11.72,1.81,3.49,0.0,2.58,92.0,0.0,0.0,0.0,92.0,0.0,0.0,0.0,0.0,0.0,0.0,0.0,0.0,0.0,0.0,0.0,0.0,0.0,0.0,0.0,0.0,0.0,0.0,0.0,0.0,0.0,0.0,0.0,0.0,0.0,0.0,0.0,0.0,0.0,0.0,0.0,0.0,0.0,0.0,0.0,0.0,0.0,0.0,0.0,0.0,0.0,0.0,0.0,0.0,0.0,0.0,0.0,0.0,0.0,0.0,0.0,0.0,0.0,0.0,0.0,0.0,0.0,0.0,0.0,0.0,0.0,0.0,0.0,0.0,0.0,0.0,0.0,0.0,0.0,0.0,0.0,0.0,0.0,0.0,0.0,0.0,0.0,0.0,0.0,0.0,0.0,0.0,0.0,0.0,0.0,0.0,0.0,0.0,0.0,0.0,0.0,0.0,0.0,0.0,0.0,0.0,0.0,0.0,0.0,0.0,0.0,0.0,0.0,0.0,0.0,0.0,0.0,0.0,0.0,0.0,0.0,0.0,0.0,0.0,0.0,0.0,0.0,0.0,0.0,0.0,0.0,0.0,0.0,0.0,0.0,0.0,0.0,0.0,0.0,0.0,0.0,0.0,0.0,0.0,0.0,0.0,2.0,1.57,0.0,6.94,4.92,17.52,23.74,23.83,31.69,32.69,65.09,2.44,103.0,0.0,0.0,0.0,103.0
2.4,1.0,72.04,39.42,19.55,20.61,11.61,17.47,10.39,0.0,5.48,3.69,2.49,102.0,0.0,0.0,0.0,102.0,0.0,0.0,0.0,0.0,0.0,0.0,0.0,0.0,0.0,0.0,0.0,0.0,0.0,0.0,0.0,0.0,0.0,0.0,0.0,0.0,0.0,0.0,0.0,0.0,0.0,0.0,0.0,0.0,0.0,0.0,0.0,0.0,0.0,0.0,0.0,0.0,0.0,0.0,0.0,0.0,0.0,0.0,0.0,0.0,0.0,0.0,0.0,0.0,0.0,0.0,0.0,0.0,0.0,0.0,0.0,0.0,0.0,0.0,0.0,0.0,0.0,0.0,0.0,0.0,0.0,0.0,0.0,0.0,0.0,0.0,0.0,0.0,0.0,0.0,0.0,0.0,0.0,0.0,0.0,0.0,0.0,0.0,0.0,0.0,0.0,0.0,0.0,0.0,0.0,0.0,0.0,0.0,0.0,0.0,0.0,0.0,0.0,0.0,0.0,0.0,0.0,0.0,0.0,0.0,0.0,0.0,0.0,0.0,0.0,0.0,0.0,0.0,0.0,0.0,0.0,0.0,0.0,0.0,0.0,0.0,0.0,0.0,0.0,0.0,0.0,0.0,0.0,0.0,0.0,0.0,0.0,0.0,0.0,0.0,0.0,0.0,2.0,0.0,3.15,7.1,4.61,19.15,22.99,27.56,28.38,33.53,64.39,2.4,105.0,0.0,0.0,0.0,105.0
2.5,1.0,76.04,41.17,23.08,19.64,12.28,15.91,13.07,0.0,6.28,5.33,2.43,99.0,0.0,0.0,0.0,99.0,0.0,0.0,0.0,0.0,0.0,0.0,0.0,0.0,0.0,0.0,0.0,0.0,0.0,0.0,0.0,0.0,0.0,0.0,0.0,0.0,0.0,0.0,0.0,0.0,0.0,0.0,0.0,0.0,0.0,0.0,0.0,0.0,0.0,0.0,0.0,0.0,0.0,0.0,0.0,0.0,0.0,0.0,0.0,0.0,0.0,0.0,0.0,0.0,0.0,0.0,0.0,0.0,0.0,0.0,0.0,0.0,0.0,0.0,0.0,0.0,0.0,0.0,0.0,0.0,0.0,0.0,0.0,0.0,0.0,0.0,0.0,0.0,0.0,0.0,0.0,0.0,0.0,0.0,0.0,0.0,0.0,0.0,0.0,0.0,0.0,0.0,0.0,0.0,0.0,0.0,0.0,0.0,0.0,0.0,0.0,0.0,0.0,0.0,0.0,0.0,0.0,0.0,0.0,0.0,0.0,0.0,0.0,0.0,0.0,0.0,0.0,0.0,0.0,0.0,0.0,0.0,0.0,0.0,0.0,0.0,0.0,0.0,0.0,0.0,0.0,0.0,0.0,0.0,0.0,0.0,0.0,0.0,0.0,0.0,0.0,0.0,2.0,0.0,4.02,6.79,5.86,19.22,20.59,25.85,34.49,30.67,66.35,2.62,93.0,0.0,0.0,0.0,93.0
2.6,1.0,78.3,41.92,21.87,22.33,13.96,13.6,13.74,0.0,7.8,4.08,2.38,107.0,0.0,0.0,0.0,107.0,0.0,0.0,0.0,0.0,0.0,0.0,0.0,0.0,0.0,0.0,0.0,0.0,0.0,0.0,0.0,0.0,0.0,0.0,0.0,0.0,0.0,0.0,0.0,0.0,0.0,0.0,0.0,0.0,0.0,0.0,0.0,0.0,0.0,0.0,0.0,0.0,0.0,0.0,0.0,0.0,0.0,0.0,0.0,0.0,0.0,0.0,0.0,0.0,0.0,0.0,0.0,0.0,0.0,0.0,0.0,0.0,0.0,0.0,0.0,0.0,0.0,0.0,0.0,0.0,0.0,0.0,0.0,0.0,0.0,0.0,0.0,0.0,0.0,0.0,0.0,0.0,0.0,0.0,0.0,0.0,0.0,0.0,0.0,0.0,0.0,0.0,0.0,0.0,0.0,0.0,0.0,0.0,0.0,0.0,0.0,0.0,0.0,0.0,0.0,0.0,0.0,0.0,0.0,0.0,0.0,0.0,0.0,0.0,0.0,0.0,0.0,0.0,0.0,0.0,0.0,0.0,0.0,0.0,0.0,0.0,0.0,0.0,0.0,0.0,0.0,0.0,0.0,0.0,0.0,0.0,0.0,0.0,0.0,0.0,0.0,0.0,2.0,0.0,8.08,6.43,5.08,16.45,19.77,22.95,31.21,32.8,66.66,2.35,106.0,0.0,0.0,0.0,106.0
2.7,1.0,80.37,43.26,23.32,22.1,10.99,11.72,14.56,4.15,6.4,0.0,2.41,105.0,0.0,0.0,0.0,105.0,0.0,0.0,0.0,0.0,0.0,0.0,0.0,0.0,0.0,0.0,0.0,0.0,0.0,0.0,0.0,0.0,0.0,0.0,0.0,0.0,0.0,0.0,0.0,0.0,0.0,0.0,0.0,0.0,0.0,0.0,0.0,0.0,0.0,0.0,0.0,0.0,0.0,0.0,0.0,0.0,0.0,0.0,0.0,0.0,0.0,0.0,0.0,0.0,0.0,0.0,0.0,0.0,0.0,0.0,0.0,0.0,0.0,0.0,0.0,0.0,0.0,0.0,0.0,0.0,0.0,0.0,0.0,0.0,0.0,0.0,0.0,0.0,0.0,0.0,0.0,0.0,0.0,0.0,0.0,0.0,0.0,0.0,0.0,0.0,0.0,0.0,0.0,0.0,0.0,0.0,0.0,0.0,0.0,0.0,0.0,0.0,0.0,0.0,0.0,0.0,0.0,0.0,0.0,0.0,0.0,0.0,0.0,0.0,0.0,0.0,0.0,0.0,0.0,0.0,0.0,0.0,0.0,0.0,0.0,0.0,0.0,0.0,0.0,0.0,0.0,0.0,0.0,0.0,0.0,0.0,0.0,0.0,0.0,0.0,0.0,0.0,2.0,0.0,7.97,4.66,6.27,12.82,18.52,23.74,31.4,35.36,71.1,2.49,100.0,0.0,0.0,0.0,100.0
2.8,1.0,80.35,41.08,25.6,19.86,10.24,8.57,11.95,0.66,8.42,0.0,3.27,108.0,0.0,0.0,0.0,108.0,0.0,0.0,0.0,0.0,0.0,0.0,0.0,0.0,0.0,0.0,0.0,0.0,0.0,0.0,0.0,0.0,0.0,0.0,0.0,0.0,0.0,0.0,0.0,0.0,0.0,0.0,0.0,0.0,0.0,0.0,0.0,0.0,0.0,0.0,0.0,0.0,0.0,0.0,0.0,0.0,0.0,0.0,0.0,0.0,0.0,0.0,0.0,0.0,0.0,0.0,0.0,0.0,0.0,0.0,0.0,0.0,0.0,0.0,0.0,0.0,0.0,0.0,0.0,0.0,0.0,0.0,0.0,0.0,0.0,0.0,0.0,0.0,0.0,0.0,0.0,0.0,0.0,0.0,0.0,0.0,0.0,0.0,0.0,0.0,0.0,3.0,0.0,9.42,11.5,9.31,7.08,16.38,30.02,28.65,21.92,52.15,7.87,47.0,16.0,6.0,0.0,57.0,0.0,0.0,0.0,0.0,0.0,0.0,0.0,0.0,0.0,0.0,0.0,0.0,0.0,0.0,0.0,0.0,0.0,0.0,0.0,0.0,0.0,0.0,0.0,0.0,0.0,0.0,0.0,0.0,0.0,0.0,0.0,0.0,0.0,0.0,2.0,-0.03,0.0,6.52,5.71,16.94,20.16,21.41,30.08,37.15,72.26,3.69,97.0,0.0,0.0,0.0,97.0
2.9,1.0,82.57,41.3,25.64,21.58,13.99,10.5,13.91,2.54,7.88,0.0,2.52,114.0,0.0,0.0,0.0,114.0,0.0,0.0,0.0,0.0,0.0,0.0,0.0,0.0,0.0,0.0,0.0,0.0,0.0,0.0,0.0,0.0,0.0,0.0,0.0,0.0,0.0,0.0,0.0,0.0,0.0,0.0,0.0,0.0,0.0,0.0,0.0,0.0,0.0,0.0,0.0,0.0,0.0,0.0,0.0,0.0,0.0,0.0,0.0,0.0,0.0,0.0,0.0,0.0,0.0,0.0,0.0,0.0,0.0,0.0,0.0,0.0,0.0,0.0,0.0,0.0,0.0,0.0,0.0,0.0,0.0,0.0,0.0,0.0,0.0,0.0,0.0,0.0,0.0,0.0,0.0,0.0,0.0,0.0,0.0,0.0,0.0,0.0,0.0,0.0,0.0,3.0,0.0,9.95,9.81,6.34,5.71,14.0,32.41,27.82,22.69,55.87,7.13,66.0,26.0,3.0,0.0,89.0,0.0,0.0,0.0,0.0,0.0,0.0,0.0,0.0,0.0,0.0,0.0,0.0,0.0,0.0,0.0,0.0,0.0,0.0,0.0,0.0,0.0,0.0,0.0,0.0,0.0,0.0,0.0,0.0,0.0,0.0,0.0,0.0,0.0,0.0,2.0,0.0,5.24,7.12,6.96,19.72,19.09,22.49,32.99,41.51,74.18,2.66,105.0,0.0,0.0,0.0,105.0
3.0,1.0,75.68,44.43,23.13,22.12,14.29,12.45,13.57,0.0,8.17,5.26,2.57,106.0,0.0,0.0,0.0,106.0,0.0,0.0,0.0,0.0,0.0,0.0,0.0,0.0,0.0,0.0,0.0,0.0,0.0,0.0,0.0,0.0,0.0,0.0,0.0,0.0,0.0,0.0,0.0,0.0,0.0,0.0,0.0,0.0,0.0,0.0,0.0,0.0,0.0,0.0,0.0,0.0,0.0,0.0,0.0,0.0,0.0,0.0,0.0,0.0,0.0,0.0,0.0,0.0,0.0,0.0,0.0,0.0,0.0,0.0,0.0,0.0,0.0,0.0,0.0,0.0,0.0,0.0,0.0,0.0,0.0,0.0,0.0,0.0,0.0,0.0,0.0,0.0,0.0,0.0,0.0,0.0,0.0,0.0,0.0,0.0,0.0,0.0,0.0,0.0,0.0,3.0,0.0,6.9,9.05,3.88,9.52,11.06,31.2,27.53,24.93,56.12,6.05,57.0,24.0,3.0,0.0,78.0,0.0,0.0,0.0,0.0,0.0,0.0,0.0,0.0,0.0,0.0,0.0,0.0,0.0,0.0,0.0,0.0,0.0,0.0,0.0,0.0,0.0,0.0,0.0,0.0,0.0,0.0,0.0,0.0,0.0,0.0,0.0,0.0,0.0,0.0,2.0,0.0,2.99,5.7,10.51,14.55,21.33,22.09,32.83,40.15,73.17,2.65,103.0,0.0,0.0,0.0,103.0
3.1,1.0,82.43,42.92,24.81,24.32,12.15,11.69,12.49,0.0,5.72,8.5,2.53,112.0,0.0,0.0,0.0,112.0,0.0,0.0,0.0,0.0,0.0,0.0,0.0,0.0,0.0,0.0,0.0,0.0,0.0,0.0,0.0,0.0,0.0,0.0,0.0,0.0,0.0,0.0,0.0,0.0,0.0,0.0,0.0,0.0,0.0,0.0,0.0,0.0,0.0,0.0,0.0,0.0,0.0,0.0,0.0,0.0,0.0,0.0,0.0,0.0,0.0,0.0,0.0,0.0,0.0,0.0,0.0,0.0,0.0,0.0,0.0,0.0,0.0,0.0,0.0,0.0,0.0,0.0,0.0,0.0,0.0,0.0,0.0,0.0,0.0,0.0,0.0,0.0,0.0,0.0,0.0,0.0,0.0,0.0,0.0,0.0,0.0,0.0,0.0,0.0,0.0,3.0,0.0,8.17,5.76,5.05,10.39,15.17,27.46,30.32,23.19,58.89,8.74,96.0,32.0,6.0,0.0,122.0,0.0,0.0,0.0,0.0,0.0,0.0,0.0,0.0,0.0,0.0,0.0,0.0,0.0,0.0,0.0,0.0,0.0,0.0,0.0,0.0,0.0,0.0,0.0,0.0,0.0,0.0,0.0,0.0,0.0,0.0,0.0,0.0,0.0,0.0,2.0,0.0,4.68,3.35,10.59,13.5,20.65,23.25,30.79,39.3,63.51,2.46,116.0,0.0,0.0,0.0,116.0
3.2,1.0,78.87,42.66,23.58,21.87,13.38,11.1,11.15,0.0,7.6,6.19,2.74,94.0,0.0,0.0,0.0,94.0,0.0,0.0,0.0,0.0,0.0,0.0,0.0,0.0,0.0,0.0,0.0,0.0,0.0,0.0,0.0,0.0,0.0,0.0,0.0,0.0,0.0,0.0,0.0,0.0,0.0,0.0,0.0,0.0,0.0,0.0,0.0,0.0,0.0,0.0,0.0,0.0,0.0,0.0,0.0,0.0,0.0,0.0,0.0,0.0,0.0,0.0,0.0,0.0,0.0,0.0,0.0,0.0,0.0,0.0,0.0,0.0,0.0,0.0,0.0,0.0,0.0,0.0,0.0,0.0,0.0,0.0,0.0,0.0,0.0,0.0,0.0,0.0,0.0,0.0,0.0,0.0,0.0,0.0,0.0,0.0,0.0,0.0,0.0,0.0,0.0,0.0,0.0,0.0,0.0,0.0,0.0,0.0,0.0,0.0,0.0,0.0,0.0,0.0,0.0,0.0,0.0,0.0,3.0,0.0,10.13,3.85,7.25,9.9,10.47,25.88,27.93,24.23,57.37,3.23,93.0,42.0,3.0,0.0,132.0,0.0,0.0,0.0,0.0,0.0,0.0,0.0,0.0,0.0,0.0,0.0,0.0,0.0,0.0,0.0,0.0,0.0,2.0,0.0,3.11,5.93,10.8,17.2,26.32,25.35,33.3,38.43,74.07,2.59,104.0,0.0,0.0,0.0,104.0
3.3,1.0,79.38,41.36,24.48,21.53,12.96,12.16,11.35,7.83,0.0,2.53,2.65,102.0,0.0,0.0,0.0,102.0,0.0,0.0,0.0,0.0,0.0,0.0,0.0,0.0,0.0,0.0,0.0,0.0,0.0,0.0,0.0,0.0,0.0,0.0,0.0,0.0,0.0,0.0,0.0,0.0,0.0,0.0,0.0,0.0,0.0,0.0,0.0,0.0,0.0,0.0,0.0,0.0,0.0,0.0,0.0,0.0,0.0,0.0,0.0,0.0,0.0,0.0,0.0,0.0,0.0,0.0,0.0,0.0,0.0,0.0,0.0,0.0,0.0,0.0,0.0,0.0,0.0,0.0,0.0,0.0,0.0,0.0,0.0,0.0,0.0,0.0,0.0,0.0,0.0,0.0,0.0,0.0,0.0,0.0,0.0,0.0,0.0,0.0,0.0,0.0,0.0,0.0,0.0,0.0,0.0,0.0,0.0,0.0,0.0,0.0,0.0,0.0,0.0,0.0,0.0,0.0,0.0,0.0,3.0,0.0,10.97,6.95,3.87,11.02,17.06,28.07,29.54,25.06,59.98,6.46,74.0,30.0,3.0,0.0,101.0,0.0,0.0,0.0,0.0,0.0,0.0,0.0,0.0,0.0,0.0,0.0,0.0,0.0,0.0,0.0,0.0,0.0,2.0,0.0,6.57,6.0,6.88,16.27,24.96,28.42,30.25,39.51,75.68,2.69,101.0,0.0,0.0,0.0,101.0
3.4,1.0,77.52,41.66,22.45,19.81,11.98,12.0,10.93,9.02,0.0,1.13,2.52,108.0,0.0,0.0,0.0,108.0,0.0,0.0,0.0,0.0,0.0,0.0,0.0,0.0,0.0,0.0,0.0,0.0,0.0,0.0,0.0,0.0,0.0,0.0,0.0,0.0,0.0,0.0,0.0,0.0,0.0,0.0,0.0,0.0,0.0,0.0,0.0,0.0,0.0,0.0,0.0,0.0,0.0,0.0,0.0,0.0,0.0,0.0,0.0,0.0,0.0,0.0,0.0,0.0,0.0,0.0,0.0,0.0,0.0,0.0,0.0,0.0,0.0,0.0,0.0,0.0,0.0,0.0,0.0,0.0,0.0,0.0,0.0,0.0,0.0,0.0,0.0,0.0,0.0,0.0,0.0,0.0,0.0,0.0,0.0,0.0,0.0,0.0,0.0,0.0,0.0,0.0,0.0,0.0,0.0,0.0,0.0,0.0,0.0,0.0,0.0,0.0,0.0,0.0,0.0,0.0,0.0,0.0,3.0,0.0,11.99,8.6,10.58,12.74,17.06,31.01,26.56,26.5,61.47,5.83,85.0,30.0,3.0,0.0,112.0,0.0,0.0,0.0,0.0,0.0,0.0,0.0,0.0,0.0,0.0,0.0,0.0,0.0,0.0,0.0,0.0,0.0,2.0,0.0,7.28,4.13,8.58,14.7,25.36,28.59,29.24,36.39,81.9,2.41,120.0,0.0,0.0,0.0,120.0
3.5,1.0,77.5,40.06,21.32,21.32,13.06,13.05,12.27,9.45,0.0,1.47,2.69,99.0,0.0,0.0,0.0,99.0,0.0,0.0,0.0,0.0,0.0,0.0,0.0,0.0,0.0,0.0,0.0,0.0,0.0,0.0,0.0,0.0,0.0,0.0,0.0,0.0,0.0,0.0,0.0,0.0,0.0,0.0,0.0,0.0,0.0,0.0,0.0,0.0,0.0,0.0,0.0,0.0,0.0,0.0,0.0,0.0,0.0,0.0,0.0,0.0,0.0,0.0,0.0,0.0,0.0,0.0,0.0,0.0,0.0,0.0,0.0,0.0,0.0,0.0,0.0,0.0,0.0,0.0,0.0,0.0,0.0,0.0,0.0,0.0,0.0,0.0,0.0,0.0,0.0,0.0,0.0,0.0,0.0,0.0,0.0,0.0,0.0,0.0,0.0,0.0,0.0,3.0,0.0,11.88,7.03,6.45,14.87,12.7,27.59,25.44,28.68,61.41,2.98,93.0,24.0,3.0,0.0,114.0,0.0,0.0,0.0,0.0,0.0,0.0,0.0,0.0,0.0,0.0,0.0,0.0,0.0,0.0,0.0,0.0,0.0,0.0,0.0,0.0,0.0,0.0,0.0,0.0,0.0,0.0,0.0,0.0,0.0,0.0,0.0,0.0,0.0,0.0,2.0,0.0,7.19,3.36,10.74,12.83,22.09,28.32,31.82,38.78,77.38,2.66,103.0,0.0,0.0,0.0,103.0
3.6,1.0,75.28,41.13,22.51,23.85,16.34,15.74,10.47,5.27,0.0,2.08,2.72,100.0,0.0,0.0,0.0,100.0,0.0,0.0,0.0,0.0,0.0,0.0,0.0,0.0,0.0,0.0,0.0,0.0,0.0,0.0,0.0,0.0,0.0,0.0,0.0,0.0,0.0,0.0,0.0,0.0,0.0,0.0,0.0,0.0,0.0,0.0,0.0,0.0,0.0,0.0,0.0,0.0,0.0,0.0,0.0,0.0,0.0,0.0,0.0,0.0,0.0,0.0,0.0,0.0,0.0,0.0,0.0,0.0,0.0,0.0,0.0,0.0,0.0,0.0,0.0,0.0,0.0,0.0,0.0,0.0,0.0,0.0,0.0,0.0,0.0,0.0,0.0,0.0,0.0,0.0,0.0,0.0,0.0,0.0,0.0,0.0,0.0,0.0,0.0,0.0,0.0,3.0,0.0,11.15,11.55,8.48,15.62,10.15,26.66,26.77,28.38,61.22,6.37,92.0,22.0,3.0,0.0,111.0,0.0,0.0,0.0,0.0,0.0,0.0,0.0,0.0,0.0,0.0,0.0,0.0,0.0,0.0,0.0,0.0,0.0,0.0,0.0,0.0,0.0,0.0,0.0,0.0,0.0,0.0,0.0,0.0,0.0,0.0,0.0,0.0,0.0,0.0,2.0,0.0,8.41,8.42,10.76,13.15,18.09,27.23,34.08,39.34,78.14,2.83,95.0,0.0,0.0,0.0,95.0
3.7,1.0,74.83,42.01,24.17,24.09,15.57,14.87,9.0,6.7,0.0,4.88,2.83,91.0,0.0,0.0,0.0,91.0,0.0,0.0,0.0,0.0,0.0,0.0,0.0,0.0,0.0,0.0,0.0,0.0,0.0,0.0,0.0,0.0,0.0,0.0,0.0,0.0,0.0,0.0,0.0,0.0,0.0,0.0,0.0,0.0,0.0,0.0,0.0,0.0,0.0,0.0,0.0,0.0,0.0,0.0,0.0,0.0,0.0,0.0,0.0,0.0,0.0,0.0,0.0,0.0,0.0,0.0,0.0,0.0,0.0,0.0,0.0,0.0,0.0,0.0,0.0,0.0,0.0,0.0,0.0,0.0,0.0,0.0,0.0,0.0,0.0,0.0,0.0,0.0,0.0,0.0,0.0,0.0,0.0,0.0,0.0,0.0,0.0,0.0,0.0,0.0,0.0,3.0,0.0,13.24,8.89,10.33,15.27,10.59,27.17,26.8,30.44,63.9,6.77,71.0,32.0,6.0,0.0,97.0,0.0,0.0,0.0,0.0,0.0,0.0,0.0,0.0,0.0,0.0,0.0,0.0,0.0,0.0,0.0,0.0,0.0,0.0,0.0,0.0,0.0,0.0,0.0,0.0,0.0,0.0,0.0,0.0,0.0,0.0,0.0,0.0,0.0,0.0,2.0,0.0,8.06,8.26,11.22,12.76,23.57,27.37,33.4,39.19,81.59,2.73,97.0,0.0,0.0,0.0,97.0
3.8,1.0,74.67,40.96,23.19,22.28,18.04,15.35,9.63,4.63,0.0,2.19,2.67,105.0,0.0,0.0,0.0,105.0,0.0,0.0,0.0,0.0,0.0,0.0,0.0,0.0,0.0,0.0,0.0,0.0,0.0,0.0,0.0,0.0,0.0,0.0,0.0,0.0,0.0,0.0,0.0,0.0,0.0,0.0,0.0,0.0,0.0,0.0,0.0,0.0,0.0,0.0,0.0,0.0,0.0,0.0,0.0,0.0,0.0,0.0,0.0,0.0,0.0,0.0,0.0,0.0,0.0,0.0,0.0,0.0,0.0,0.0,0.0,0.0,0.0,0.0,0.0,0.0,0.0,0.0,0.0,0.0,0.0,0.0,0.0,0.0,0.0,0.0,0.0,0.0,0.0,0.0,0.0,0.0,0.0,0.0,0.0,0.0,0.0,0.0,0.0,0.0,0.0,3.0,0.0,9.08,9.27,11.31,16.64,9.11,26.51,29.55,33.07,64.23,8.0,84.0,36.0,3.0,0.0,117.0,0.0,0.0,0.0,0.0,0.0,0.0,0.0,0.0,0.0,0.0,0.0,0.0,0.0,0.0,0.0,0.0,0.0,0.0,0.0,0.0,0.0,0.0,0.0,0.0,0.0,0.0,0.0,0.0,0.0,0.0,0.0,0.0,0.0,0.0,2.0,0.0,6.16,8.56,10.41,13.16,24.23,23.19,31.84,39.5,78.96,2.32,121.0,0.0,0.0,0.0,121.0
3.9,1.0,73.39,40.48,25.66,19.96,20.33,17.66,12.62,3.46,2.75,0.0,2.64,102.0,0.0,0.0,0.0,102.0,0.0,0.0,0.0,0.0,0.0,0.0,0.0,0.0,0.0,0.0,0.0,0.0,0.0,0.0,0.0,0.0,0.0,0.0,0.0,0.0,0.0,0.0,0.0,0.0,0.0,0.0,0.0,0.0,0.0,0.0,0.0,0.0,0.0,0.0,0.0,0.0,0.0,0.0,0.0,0.0,0.0,0.0,0.0,0.0,0.0,0.0,0.0,0.0,0.0,0.0,0.0,0.0,0.0,0.0,0.0,0.0,0.0,0.0,0.0,0.0,0.0,0.0,0.0,0.0,0.0,0.0,0.0,0.0,0.0,0.0,0.0,0.0,0.0,0.0,0.0,0.0,0.0,0.0,0.0,0.0,0.0,0.0,0.0,0.0,0.0,0.0,0.0,0.0,0.0,0.0,0.0,0.0,0.0,0.0,0.0,0.0,0.0,0.0,0.0,0.0,0.0,0.0,0.0,0.0,0.0,0.0,0.0,0.0,0.0,0.0,0.0,0.0,0.0,0.0,0.0,0.0,0.0,0.0,0.0,3.0,0.0,5.27,8.96,9.19,17.68,14.03,26.06,27.6,32.68,66.62,5.59,78.0,22.0,6.0,0.0,94.0,2.0,0.0,6.46,12.45,11.95,9.37,21.19,21.49,33.46,38.65,78.61,2.67,102.0,0.0,0.0,0.0,102.0
4.0,1.0,72.43,40.75,28.95,20.2,19.9,14.41,12.09,4.58,0.0,4.85,2.93,87.0,0.0,0.0,0.0,87.0,0.0,0.0,0.0,0.0,0.0,0.0,0.0,0.0,0.0,0.0,0.0,0.0,0.0,0.0,0.0,0.0,0.0,0.0,0.0,0.0,0.0,0.0,0.0,0.0,0.0,0.0,0.0,0.0,0.0,0.0,0.0,0.0,0.0,0.0,0.0,0.0,0.0,0.0,0.0,0.0,0.0,0.0,0.0,0.0,0.0,0.0,0.0,0.0,0.0,0.0,0.0,0.0,0.0,0.0,0.0,0.0,0.0,0.0,0.0,0.0,0.0,0.0,0.0,0.0,0.0,0.0,0.0,0.0,0.0,0.0,0.0,0.0,0.0,0.0,0.0,0.0,0.0,0.0,0.0,0.0,0.0,0.0,0.0,0.0,0.0,0.0,0.0,0.0,0.0,0.0,0.0,0.0,0.0,0.0,0.0,0.0,0.0,0.0,0.0,0.0,0.0,0.0,0.0,0.0,0.0,0.0,0.0,0.0,0.0,0.0,0.0,0.0,0.0,0.0,0.0,0.0,0.0,0.0,0.0,3.0,0.0,4.92,9.32,5.21,19.83,16.0,25.99,29.29,34.51,69.14,6.64,65.0,24.0,3.0,0.0,86.0,2.0,0.0,4.54,11.97,13.81,9.65,22.87,23.21,37.61,37.02,81.39,2.64,102.0,0.0,0.0,0.0,102.0
4.1,1.0,70.61,38.99,25.94,21.48,22.25,13.67,10.37,5.57,0.0,6.5,3.42,117.0,0.0,0.0,0.0,117.0,0.0,0.0,0.0,0.0,0.0,0.0,0.0,0.0,0.0,0.0,0.0,0.0,0.0,0.0,0.0,0.0,0.0,0.0,0.0,0.0,0.0,0.0,0.0,0.0,0.0,0.0,0.0,0.0,0.0,0.0,0.0,0.0,0.0,0.0,0.0,0.0,0.0,0.0,0.0,0.0,0.0,0.0,0.0,0.0,0.0,0.0,0.0,0.0,0.0,0.0,0.0,0.0,0.0,0.0,0.0,0.0,0.0,0.0,0.0,0.0,0.0,0.0,0.0,0.0,0.0,0.0,0.0,0.0,0.0,0.0,0.0,0.0,0.0,0.0,0.0,0.0,0.0,0.0,0.0,0.0,0.0,0.0,0.0,0.0,0.0,0.0,0.0,0.0,0.0,0.0,0.0,0.0,0.0,0.0,0.0,0.0,0.0,0.0,0.0,0.0,0.0,0.0,4.0,4.76,0.0,8.03,7.84,15.17,18.3,13.55,21.03,42.34,60.68,3.45,41.0,22.0,3.0,1.0,59.0,3.0,4.79,0.0,7.94,7.78,18.12,16.43,24.27,26.13,29.31,70.6,9.24,66.0,18.0,9.0,0.0,75.0,2.0,0.0,8.35,8.75,15.16,11.66,23.8,21.19,33.24,37.14,82.24,3.73,93.0,0.0,0.0,0.0,93.0
4.2,1.0,69.07,43.63,23.42,24.07,21.63,13.91,13.3,4.6,0.0,9.14,2.65,113.0,0.0,0.0,0.0,113.0,0.0,0.0,0.0,0.0,0.0,0.0,0.0,0.0,0.0,0.0,0.0,0.0,0.0,0.0,0.0,0.0,0.0,0.0,0.0,0.0,0.0,0.0,0.0,0.0,0.0,0.0,0.0,0.0,0.0,0.0,0.0,0.0,0.0,0.0,0.0,0.0,0.0,0.0,0.0,0.0,0.0,0.0,0.0,0.0,0.0,0.0,0.0,0.0,0.0,0.0,0.0,0.0,0.0,0.0,0.0,0.0,0.0,0.0,0.0,0.0,0.0,0.0,0.0,0.0,0.0,0.0,0.0,0.0,0.0,0.0,0.0,0.0,0.0,0.0,0.0,0.0,0.0,0.0,0.0,0.0,0.0,0.0,0.0,0.0,0.0,0.0,0.0,0.0,0.0,0.0,0.0,0.0,0.0,0.0,0.0,0.0,0.0,0.0,0.0,0.0,0.0,0.0,4.0,7.31,0.0,5.43,10.53,13.82,24.0,12.78,27.59,42.73,62.81,14.66,61.0,35.0,9.0,0.0,87.0,3.0,0.0,5.48,5.41,10.33,14.77,18.81,24.03,27.38,33.45,70.6,12.87,90.0,37.0,19.0,1.0,107.0,2.0,0.0,5.78,16.29,13.59,9.79,20.8,24.96,31.88,39.16,84.56,3.1,94.0,0.0,0.0,0.0,94.0
4.3,1.0,70.44,42.91,24.14,24.54,21.99,15.8,14.83,5.68,0.0,11.45,2.71,114.0,0.0,0.0,0.0,114.0,0.0,0.0,0.0,0.0,0.0,0.0,0.0,0.0,0.0,0.0,0.0,0.0,0.0,0.0,0.0,0.0,0.0,0.0,0.0,0.0,0.0,0.0,0.0,0.0,0.0,0.0,0.0,0.0,0.0,0.0,0.0,0.0,0.0,0.0,0.0,0.0,0.0,0.0,0.0,0.0,0.0,0.0,0.0,0.0,0.0,0.0,0.0,0.0,0.0,0.0,0.0,0.0,0.0,0.0,0.0,0.0,0.0,0.0,0.0,0.0,0.0,0.0,0.0,0.0,0.0,0.0,0.0,0.0,0.0,0.0,0.0,0.0,0.0,0.0,0.0,0.0,0.0,0.0,0.0,0.0,0.0,0.0,0.0,0.0,0.0,0.0,0.0,0.0,0.0,0.0,0.0,0.0,0.0,0.0,0.0,0.0,0.0,0.0,0.0,0.0,0.0,0.0,4.0,5.36,0.0,3.72,8.43,13.3,22.74,13.15,28.01,42.89,65.51,10.89,58.0,30.0,6.0,0.0,82.0,3.0,0.0,6.02,8.1,8.73,17.89,16.51,25.16,27.87,34.06,72.19,7.86,65.0,20.0,6.0,3.0,76.0,2.0,0.0,6.5,12.91,11.75,11.57,21.29,24.53,28.29,42.86,83.36,3.15,92.0,0.0,0.0,0.0,92.0
4.4,1.0,70.49,42.28,26.91,27.04,21.37,18.14,11.82,0.0,6.49,11.56,2.98,101.0,0.0,0.0,0.0,101.0,0.0,0.0,0.0,0.0,0.0,0.0,0.0,0.0,0.0,0.0,0.0,0.0,0.0,0.0,0.0,0.0,0.0,0.0,0.0,0.0,0.0,0.0,0.0,0.0,0.0,0.0,0.0,0.0,0.0,0.0,0.0,0.0,0.0,0.0,0.0,0.0,0.0,0.0,0.0,0.0,0.0,0.0,0.0,0.0,0.0,0.0,0.0,0.0,0.0,0.0,0.0,0.0,0.0,0.0,0.0,0.0,0.0,0.0,0.0,0.0,0.0,0.0,0.0,0.0,0.0,0.0,0.0,0.0,0.0,0.0,0.0,0.0,0.0,0.0,0.0,0.0,0.0,0.0,0.0,0.0,0.0,0.0,0.0,0.0,0.0,0.0,0.0,0.0,0.0,0.0,0.0,0.0,0.0,0.0,0.0,0.0,0.0,0.0,0.0,0.0,0.0,0.0,4.0,5.92,0.0,2.39,10.78,13.49,18.62,15.14,25.49,45.15,64.08,12.64,56.0,28.0,9.0,0.0,75.0,3.0,5.07,11.13,0.0,9.84,14.75,19.44,23.83,22.13,35.26,70.64,8.13,90.0,44.0,0.0,13.0,121.0,2.0,0.0,8.79,14.8,15.04,14.43,20.53,28.17,28.4,45.58,82.73,2.89,104.0,0.0,0.0,0.0,104.0
4.5,1.0,69.07,41.42,27.25,28.55,20.94,18.28,13.93,0.0,3.61,10.15,2.9,107.0,0.0,0.0,0.0,107.0,0.0,0.0,0.0,0.0,0.0,0.0,0.0,0.0,0.0,0.0,0.0,0.0,0.0,0.0,0.0,0.0,0.0,0.0,0.0,0.0,0.0,0.0,0.0,0.0,0.0,0.0,0.0,0.0,0.0,0.0,0.0,0.0,0.0,0.0,0.0,0.0,0.0,0.0,0.0,0.0,0.0,0.0,0.0,0.0,0.0,0.0,0.0,0.0,0.0,0.0,0.0,0.0,0.0,0.0,0.0,0.0,0.0,0.0,0.0,0.0,0.0,0.0,0.0,0.0,0.0,0.0,0.0,0.0,0.0,0.0,0.0,0.0,0.0,0.0,0.0,0.0,0.0,0.0,0.0,0.0,0.0,0.0,0.0,0.0,0.0,0.0,0.0,0.0,0.0,0.0,0.0,0.0,0.0,0.0,0.0,0.0,0.0,0.0,0.0,0.0,0.0,0.0,4.0,4.25,0.0,9.16,10.62,15.84,16.61,16.51,24.91,42.14,64.3,11.54,54.0,27.0,9.0,0.0,72.0,3.0,3.06,12.3,0.0,8.87,13.24,18.31,25.32,21.09,35.3,71.13,3.3,98.0,44.0,0.0,5.0,137.0,2.0,0.0,8.29,14.35,10.49,15.44,17.03,29.97,27.21,44.03,83.03,2.87,108.0,0.0,0.0,0.0,108.0
4.6,1.0,69.32,42.44,29.7,29.88,21.3,18.43,11.65,0.0,4.63,9.74,3.09,96.0,0.0,0.0,0.0,96.0,0.0,0.0,0.0,0.0,0.0,0.0,0.0,0.0,0.0,0.0,0.0,0.0,0.0,0.0,0.0,0.0,0.0,0.0,0.0,0.0,0.0,0.0,0.0,0.0,0.0,0.0,0.0,0.0,0.0,0.0,0.0,0.0,0.0,0.0,0.0,0.0,0.0,0.0,0.0,0.0,0.0,0.0,0.0,0.0,0.0,0.0,0.0,0.0,0.0,0.0,0.0,0.0,0.0,0.0,0.0,0.0,0.0,0.0,0.0,0.0,0.0,0.0,0.0,0.0,0.0,0.0,0.0,0.0,0.0,0.0,0.0,0.0,0.0,0.0,0.0,0.0,0.0,0.0,0.0,0.0,0.0,0.0,0.0,0.0,0.0,0.0,0.0,0.0,0.0,0.0,0.0,0.0,0.0,0.0,0.0,0.0,0.0,0.0,0.0,0.0,0.0,0.0,4.0,2.96,0.0,11.77,9.61,14.89,20.27,17.46,28.35,41.67,63.67,14.87,53.0,30.0,6.0,0.0,77.0,3.0,0.0,11.22,3.99,10.32,14.15,20.93,23.49,27.74,37.85,74.73,7.39,95.0,57.0,3.0,23.0,126.0,2.0,0.0,9.01,16.81,9.87,15.21,17.73,31.56,28.86,42.37,79.62,2.78,108.0,0.0,0.0,0.0,108.0
4.7,1.0,70.06,40.21,31.74,31.93,21.71,19.32,12.98,0.0,4.61,9.91,2.78,109.0,0.0,0.0,0.0,109.0,0.0,0.0,0.0,0.0,0.0,0.0,0.0,0.0,0.0,0.0,0.0,0.0,0.0,0.0,0.0,0.0,0.0,0.0,0.0,0.0,0.0,0.0,0.0,0.0,0.0,0.0,0.0,0.0,0.0,0.0,0.0,0.0,0.0,0.0,0.0,0.0,0.0,0.0,0.0,0.0,0.0,0.0,0.0,0.0,0.0,0.0,0.0,0.0,0.0,0.0,0.0,0.0,0.0,0.0,0.0,0.0,0.0,0.0,0.0,0.0,0.0,0.0,0.0,0.0,0.0,0.0,0.0,0.0,0.0,0.0,0.0,0.0,0.0,0.0,0.0,0.0,0.0,0.0,0.0,0.0,0.0,0.0,0.0,0.0,0.0,0.0,0.0,0.0,0.0,0.0,0.0,0.0,0.0,0.0,0.0,0.0,0.0,0.0,0.0,0.0,0.0,0.0,4.0,-0.69,0.0,9.97,10.46,13.0,23.37,19.46,24.82,45.95,63.57,11.67,60.0,31.0,9.0,0.0,82.0,3.0,0.0,8.4,2.67,11.18,13.86,16.54,20.35,29.19,38.21,81.71,8.99,69.0,28.0,6.0,16.0,75.0,2.0,0.0,7.13,16.35,8.7,14.64,17.51,29.26,33.6,42.94,75.77,3.04,100.0,0.0,0.0,0.0,100.0
4.8,1.0,65.88,40.03,33.17,31.67,19.23,15.97,10.09,0.0,5.75,8.21,3.01,103.0,0.0,0.0,0.0,103.0,0.0,0.0,0.0,0.0,0.0,0.0,0.0,0.0,0.0,0.0,0.0,0.0,0.0,0.0,0.0,0.0,0.0,0.0,0.0,0.0,0.0,0.0,0.0,0.0,0.0,0.0,0.0,0.0,0.0,0.0,0.0,0.0,0.0,0.0,0.0,0.0,0.0,0.0,0.0,0.0,0.0,0.0,0.0,0.0,0.0,0.0,0.0,0.0,0.0,0.0,0.0,0.0,0.0,0.0,0.0,0.0,0.0,0.0,0.0,0.0,0.0,0.0,0.0,0.0,0.0,0.0,0.0,0.0,0.0,0.0,0.0,0.0,0.0,0.0,0.0,0.0,0.0,0.0,0.0,0.0,0.0,0.0,0.0,0.0,0.0,0.0,0.0,0.0,0.0,0.0,0.0,0.0,0.0,0.0,0.0,0.0,0.0,0.0,0.0,0.0,0.0,0.0,4.0,0.0,-0.57,6.79,12.18,11.87,21.71,22.42,26.54,45.16,63.57,9.23,54.0,26.0,6.0,0.0,74.0,3.0,0.0,14.77,2.46,12.39,14.47,19.07,21.54,19.34,40.14,83.44,10.71,97.0,52.0,3.0,0.0,146.0,2.0,0.0,9.35,14.85,11.12,18.82,18.47,31.41,31.05,41.74,79.07,3.02,98.0,0.0,0.0,0.0,98.0
4.9,1.0,65.28,40.78,33.05,30.85,18.77,16.53,10.43,7.62,0.0,11.18,3.16,94.0,0.0,0.0,0.0,94.0,0.0,0.0,0.0,0.0,0.0,0.0,0.0,0.0,0.0,0.0,0.0,0.0,0.0,0.0,0.0,0.0,0.0,0.0,0.0,0.0,0.0,0.0,0.0,0.0,0.0,0.0,0.0,0.0,0.0,0.0,0.0,0.0,0.0,0.0,0.0,0.0,0.0,0.0,0.0,0.0,0.0,0.0,0.0,0.0,0.0,0.0,0.0,0.0,0.0,0.0,0.0,0.0,0.0,0.0,0.0,0.0,0.0,0.0,0.0,0.0,0.0,0.0,0.0,0.0,0.0,0.0,0.0,0.0,0.0,0.0,0.0,0.0,0.0,0.0,0.0,0.0,0.0,0.0,0.0,0.0,0.0,0.0,0.0,0.0,0.0,0.0,0.0,0.0,0.0,0.0,0.0,0.0,0.0,0.0,0.0,0.0,0.0,0.0,0.0,0.0,0.0,0.0,4.0,0.0,3.11,2.64,9.45,14.86,18.34,18.55,29.16,46.0,62.73,11.09,54.0,19.0,9.0,0.0,64.0,3.0,0.0,11.18,5.05,10.08,16.58,18.41,20.57,27.63,32.79,82.34,6.88,89.0,37.0,5.0,10.0,111.0,2.0,0.0,9.42,17.02,9.77,16.12,19.27,31.29,33.33,40.94,73.08,3.07,96.0,4.0,0.0,0.0,100.0
5.0,1.0,61.33,42.35,36.32,29.91,21.61,18.05,8.68,0.0,7.04,9.22,2.83,109.0,0.0,0.0,0.0,109.0,0.0,0.0,0.0,0.0,0.0,0.0,0.0,0.0,0.0,0.0,0.0,0.0,0.0,0.0,0.0,0.0,0.0,0.0,0.0,0.0,0.0,0.0,0.0,0.0,0.0,0.0,0.0,0.0,0.0,0.0,0.0,0.0,0.0,0.0,0.0,0.0,0.0,0.0,0.0,0.0,0.0,0.0,0.0,0.0,0.0,0.0,0.0,0.0,0.0,0.0,0.0,0.0,0.0,0.0,0.0,0.0,0.0,0.0,0.0,0.0,0.0,0.0,0.0,0.0,0.0,0.0,0.0,0.0,0.0,0.0,0.0,0.0,0.0,0.0,0.0,0.0,0.0,0.0,0.0,0.0,0.0,0.0,0.0,0.0,0.0,0.0,0.0,0.0,0.0,0.0,0.0,0.0,0.0,0.0,0.0,0.0,0.0,0.0,0.0,0.0,0.0,0.0,4.0,0.0,2.05,-0.88,9.31,17.49,19.23,21.0,27.5,44.82,63.74,11.03,44.0,18.0,6.0,0.0,56.0,3.0,0.0,8.88,1.07,9.44,17.45,17.13,18.12,26.04,39.94,79.4,8.02,70.0,31.0,6.0,1.0,94.0,2.0,0.0,9.99,17.57,4.72,14.92,21.65,33.7,34.63,39.14,75.28,2.95,102.0,0.0,0.0,0.0,102.0
5.1,1.0,63.97,42.39,35.11,32.1,21.09,22.02,11.19,9.64,0.0,11.56,2.97,101.0,0.0,0.0,0.0,101.0,0.0,0.0,0.0,0.0,0.0,0.0,0.0,0.0,0.0,0.0,0.0,0.0,0.0,0.0,0.0,0.0,0.0,0.0,0.0,0.0,0.0,0.0,0.0,0.0,0.0,0.0,0.0,0.0,0.0,0.0,0.0,0.0,0.0,0.0,0.0,0.0,0.0,0.0,0.0,0.0,0.0,0.0,0.0,0.0,0.0,0.0,0.0,0.0,0.0,0.0,0.0,0.0,0.0,0.0,0.0,0.0,0.0,0.0,0.0,0.0,0.0,0.0,0.0,0.0,0.0,0.0,0.0,0.0,0.0,0.0,0.0,0.0,0.0,0.0,0.0,0.0,0.0,0.0,0.0,0.0,0.0,0.0,0.0,0.0,0.0,0.0,0.0,0.0,0.0,0.0,0.0,0.0,0.0,0.0,0.0,0.0,0.0,0.0,0.0,0.0,0.0,0.0,4.0,0.15,1.37,0.0,9.53,17.4,17.17,22.01,32.33,42.13,64.95,11.24,45.0,18.0,9.0,0.0,54.0,3.0,0.0,9.57,3.67,9.72,16.76,18.1,17.56,29.82,38.4,81.93,8.25,76.0,31.0,6.0,4.0,97.0,2.0,0.0,8.11,17.56,13.42,18.51,21.36,35.12,33.4,41.98,75.37,2.77,109.0,0.0,0.0,0.0,109.0
5.2,1.0,66.41,42.63,38.12,34.6,19.87,20.11,10.27,11.35,0.0,12.1,2.91,106.0,0.0,0.0,0.0,106.0,0.0,0.0,0.0,0.0,0.0,0.0,0.0,0.0,0.0,0.0,0.0,0.0,0.0,0.0,0.0,0.0,0.0,0.0,0.0,0.0,0.0,0.0,0.0,0.0,0.0,0.0,0.0,0.0,0.0,0.0,0.0,0.0,0.0,0.0,0.0,0.0,0.0,0.0,0.0,0.0,0.0,0.0,0.0,0.0,0.0,0.0,0.0,0.0,0.0,0.0,0.0,0.0,0.0,0.0,0.0,0.0,0.0,0.0,0.0,0.0,0.0,0.0,0.0,0.0,0.0,0.0,0.0,0.0,0.0,0.0,0.0,0.0,0.0,0.0,0.0,0.0,0.0,0.0,0.0,0.0,0.0,0.0,0.0,0.0,0.0,0.0,0.0,0.0,0.0,0.0,0.0,0.0,0.0,0.0,0.0,0.0,0.0,0.0,0.0,0.0,0.0,0.0,4.0,0.0,0.41,2.57,7.69,18.8,14.21,19.95,33.86,39.76,66.99,16.06,64.0,40.0,11.0,0.0,93.0,3.0,0.0,8.54,2.64,6.12,17.64,17.86,16.56,30.3,31.69,79.56,6.11,133.0,71.0,53.0,0.0,151.0,2.0,0.0,7.8,15.96,9.43,16.59,20.19,32.59,31.07,43.21,77.53,3.12,96.0,0.0,0.0,0.0,96.0
5.3,1.0,65.94,42.45,36.6,32.58,19.24,20.57,9.69,7.45,0.0,7.71,3.1,96.0,0.0,0.0,0.0,96.0,0.0,0.0,0.0,0.0,0.0,0.0,0.0,0.0,0.0,0.0,0.0,0.0,0.0,0.0,0.0,0.0,0.0,0.0,0.0,0.0,0.0,0.0,0.0,0.0,0.0,0.0,0.0,0.0,0.0,0.0,0.0,0.0,0.0,0.0,0.0,0.0,0.0,0.0,0.0,0.0,0.0,0.0,0.0,0.0,0.0,0.0,0.0,0.0,0.0,0.0,0.0,0.0,0.0,0.0,0.0,0.0,0.0,0.0,0.0,0.0,0.0,0.0,0.0,0.0,0.0,0.0,0.0,0.0,0.0,0.0,0.0,0.0,0.0,0.0,0.0,0.0,0.0,0.0,0.0,0.0,0.0,0.0,0.0,0.0,0.0,0.0,0.0,0.0,0.0,0.0,0.0,0.0,0.0,0.0,0.0,0.0,0.0,0.0,0.0,0.0,0.0,0.0,4.0,0.0,2.03,3.26,9.98,18.43,15.85,16.85,34.33,43.51,70.44,16.07,43.0,14.0,6.0,0.0,51.0,3.0,0.0,5.76,4.0,8.69,16.92,17.38,13.29,27.69,37.8,77.89,9.86,73.0,26.0,10.0,0.0,89.0,2.0,0.0,5.87,17.22,5.88,17.43,13.94,34.37,30.68,40.69,78.45,2.88,108.0,0.0,0.0,0.0,108.0
5.4,1.0,65.78,41.28,32.93,32.14,19.31,19.38,6.26,11.61,0.0,5.97,2.9,106.0,0.0,0.0,0.0,106.0,0.0,0.0,0.0,0.0,0.0,0.0,0.0,0.0,0.0,0.0,0.0,0.0,0.0,0.0,0.0,0.0,0.0,0.0,0.0,0.0,0.0,0.0,0.0,0.0,0.0,0.0,0.0,0.0,0.0,0.0,0.0,0.0,0.0,0.0,0.0,0.0,0.0,0.0,0.0,0.0,0.0,0.0,0.0,0.0,0.0,0.0,0.0,0.0,0.0,0.0,0.0,0.0,0.0,0.0,0.0,0.0,0.0,0.0,0.0,0.0,0.0,0.0,0.0,0.0,0.0,0.0,0.0,0.0,0.0,0.0,0.0,0.0,0.0,0.0,0.0,0.0,0.0,0.0,0.0,0.0,0.0,0.0,0.0,0.0,0.0,0.0,0.0,0.0,0.0,0.0,0.0,0.0,0.0,0.0,0.0,0.0,0.0,0.0,0.0,0.0,0.0,0.0,4.0,0.0,1.96,2.16,11.41,22.55,13.89,16.84,33.19,42.02,73.47,13.01,72.0,36.0,9.0,0.0,99.0,3.0,0.0,5.47,4.25,11.64,17.68,22.63,20.21,23.66,39.31,77.72,9.02,70.0,24.0,6.0,7.0,81.0,2.0,0.0,6.57,14.61,13.79,15.59,14.52,35.96,31.43,43.01,78.97,2.83,110.0,0.0,0.0,0.0,110.0
5.5,1.0,64.65,44.51,31.63,32.16,15.99,18.33,7.03,11.62,0.0,7.44,2.82,110.0,0.0,0.0,0.0,110.0,0.0,0.0,0.0,0.0,0.0,0.0,0.0,0.0,0.0,0.0,0.0,0.0,0.0,0.0,0.0,0.0,0.0,0.0,0.0,0.0,0.0,0.0,0.0,0.0,0.0,0.0,0.0,0.0,0.0,0.0,0.0,0.0,0.0,0.0,0.0,0.0,0.0,0.0,0.0,0.0,0.0,0.0,0.0,0.0,0.0,0.0,0.0,0.0,0.0,0.0,0.0,0.0,0.0,0.0,0.0,0.0,0.0,0.0,0.0,0.0,0.0,0.0,0.0,0.0,0.0,0.0,0.0,0.0,0.0,0.0,0.0,0.0,0.0,0.0,0.0,0.0,0.0,0.0,0.0,0.0,0.0,0.0,0.0,0.0,0.0,0.0,0.0,0.0,0.0,0.0,0.0,0.0,0.0,0.0,0.0,0.0,0.0,0.0,0.0,0.0,0.0,0.0,4.0,0.0,4.33,5.29,8.22,22.73,16.0,19.88,34.25,43.93,78.75,10.69,51.0,18.0,6.0,0.0,63.0,3.0,0.0,4.84,3.92,16.9,17.34,20.79,20.47,22.08,44.85,74.75,9.46,69.0,26.0,3.0,0.0,92.0,2.0,0.0,7.04,9.01,12.16,14.31,14.86,36.34,29.9,42.7,75.35,3.09,99.0,0.0,0.0,0.0,99.0
5.6,1.0,63.21,47.2,35.6,30.65,24.7,21.08,6.34,12.08,0.0,7.46,3.16,97.0,0.0,0.0,0.0,97.0,0.0,0.0,0.0,0.0,0.0,0.0,0.0,0.0,0.0,0.0,0.0,0.0,0.0,0.0,0.0,0.0,0.0,0.0,0.0,0.0,0.0,0.0,0.0,0.0,0.0,0.0,0.0,0.0,0.0,0.0,0.0,0.0,0.0,0.0,0.0,0.0,0.0,0.0,0.0,0.0,0.0,0.0,0.0,0.0,0.0,0.0,0.0,0.0,0.0,0.0,0.0,0.0,0.0,0.0,0.0,0.0,0.0,0.0,0.0,0.0,0.0,0.0,0.0,0.0,0.0,0.0,0.0,0.0,0.0,0.0,0.0,0.0,0.0,0.0,0.0,0.0,0.0,0.0,0.0,0.0,0.0,0.0,0.0,0.0,0.0,0.0,0.0,0.0,0.0,0.0,0.0,0.0,0.0,0.0,0.0,0.0,0.0,0.0,0.0,0.0,0.0,0.0,4.0,0.0,8.92,3.49,8.23,23.93,14.9,19.9,33.58,46.98,81.81,16.55,52.0,6.0,9.0,0.0,49.0,3.0,0.0,3.31,2.55,14.82,16.16,19.01,25.54,21.07,46.26,75.39,8.17,81.0,32.0,6.0,0.0,107.0,2.0,0.0,6.85,9.07,11.97,13.49,18.14,39.31,27.77,41.67,74.33,3.02,99.0,0.0,0.0,0.0,99.0
5.7,1.0,61.2,46.78,34.95,35.42,23.74,21.0,7.56,11.58,0.0,10.63,2.91,103.0,0.0,0.0,0.0,103.0,0.0,0.0,0.0,0.0,0.0,0.0,0.0,0.0,0.0,0.0,0.0,0.0,0.0,0.0,0.0,0.0,0.0,0.0,0.0,0.0,0.0,0.0,0.0,0.0,0.0,0.0,0.0,0.0,0.0,0.0,0.0,0.0,0.0,0.0,0.0,0.0,0.0,0.0,0.0,0.0,0.0,0.0,0.0,0.0,0.0,0.0,0.0,0.0,0.0,0.0,0.0,0.0,0.0,0.0,0.0,0.0,0.0,0.0,0.0,0.0,0.0,0.0,0.0,0.0,0.0,0.0,0.0,0.0,0.0,0.0,0.0,0.0,0.0,0.0,0.0,0.0,0.0,0.0,0.0,0.0,0.0,0.0,0.0,0.0,0.0,0.0,0.0,0.0,0.0,0.0,0.0,0.0,0.0,0.0,0.0,0.0,0.0,0.0,0.0,0.0,0.0,0.0,4.0,0.0,10.38,6.82,6.29,24.01,16.81,20.94,34.29,44.51,86.21,9.58,58.0,9.0,6.0,0.0,61.0,3.0,0.0,8.31,1.58,13.75,14.83,21.61,26.54,19.41,45.51,71.34,8.23,86.0,40.0,3.0,0.0,123.0,2.0,0.0,4.21,6.56,13.57,12.46,20.16,38.39,30.0,42.01,75.45,2.65,114.0,0.0,0.0,0.0,114.0
5.8,1.0,61.07,46.22,35.84,30.88,24.41,23.34,10.67,10.45,0.0,9.98,3.05,96.0,0.0,0.0,0.0,96.0,0.0,0.0,0.0,0.0,0.0,0.0,0.0,0.0,0.0,0.0,0.0,0.0,0.0,0.0,0.0,0.0,0.0,0.0,0.0,0.0,0.0,0.0,0.0,0.0,0.0,0.0,0.0,0.0,0.0,0.0,0.0,0.0,0.0,0.0,0.0,0.0,0.0,0.0,0.0,0.0,0.0,0.0,0.0,0.0,0.0,0.0,0.0,0.0,0.0,0.0,0.0,0.0,0.0,0.0,0.0,0.0,0.0,0.0,0.0,0.0,0.0,0.0,0.0,0.0,0.0,0.0,0.0,0.0,0.0,0.0,0.0,0.0,0.0,0.0,0.0,0.0,0.0,0.0,0.0,0.0,0.0,0.0,0.0,0.0,0.0,0.0,0.0,0.0,0.0,0.0,0.0,0.0,0.0,0.0,0.0,0.0,0.0,0.0,0.0,0.0,0.0,0.0,4.0,0.0,12.41,5.32,4.66,16.33,14.45,19.4,32.52,46.97,88.09,12.42,49.0,8.0,9.0,0.0,48.0,3.0,0.0,5.42,6.43,13.55,14.78,20.55,27.02,23.37,43.9,69.66,3.23,88.0,34.0,0.0,0.0,122.0,2.0,0.0,8.31,10.33,10.57,11.64,19.58,36.21,28.62,40.52,71.5,2.99,103.0,0.0,0.0,0.0,103.0
5.9,1.0,55.89,47.42,37.05,27.98,25.42,23.31,10.16,10.24,0.0,7.86,2.9,105.0,0.0,0.0,0.0,105.0,0.0,0.0,0.0,0.0,0.0,0.0,0.0,0.0,0.0,0.0,0.0,0.0,0.0,0.0,0.0,0.0,0.0,0.0,0.0,0.0,0.0,0.0,0.0,0.0,0.0,0.0,0.0,0.0,0.0,0.0,0.0,0.0,0.0,0.0,0.0,0.0,0.0,0.0,0.0,0.0,0.0,0.0,0.0,0.0,0.0,0.0,0.0,0.0,0.0,0.0,0.0,0.0,0.0,0.0,0.0,0.0,0.0,0.0,0.0,0.0,0.0,0.0,0.0,0.0,0.0,0.0,0.0,0.0,0.0,0.0,0.0,0.0,0.0,0.0,0.0,0.0,0.0,0.0,0.0,0.0,0.0,0.0,0.0,0.0,0.0,0.0,0.0,0.0,0.0,0.0,0.0,0.0,0.0,0.0,0.0,0.0,0.0,0.0,0.0,0.0,0.0,0.0,4.0,0.0,12.13,9.32,5.85,23.09,15.37,16.21,36.15,46.16,87.5,12.59,59.0,18.0,9.0,0.0,68.0,3.0,0.0,5.72,7.59,16.9,14.53,15.43,26.88,20.29,42.65,70.48,9.51,58.0,22.0,6.0,0.0,74.0,2.0,0.0,4.39,9.05,10.53,10.77,19.44,36.99,22.44,39.38,70.49,2.99,103.0,0.0,0.0,0.0,103.0
6.0,1.0,52.45,46.04,37.8,27.93,25.0,20.3,11.1,11.29,0.0,5.21,2.98,103.0,0.0,0.0,0.0,103.0,0.0,0.0,0.0,0.0,0.0,0.0,0.0,0.0,0.0,0.0,0.0,0.0,0.0,0.0,0.0,0.0,0.0,0.0,0.0,0.0,0.0,0.0,0.0,0.0,0.0,0.0,0.0,0.0,0.0,0.0,0.0,0.0,0.0,0.0,0.0,0.0,0.0,0.0,0.0,0.0,0.0,0.0,0.0,0.0,0.0,0.0,0.0,0.0,0.0,0.0,0.0,0.0,0.0,0.0,0.0,0.0,0.0,0.0,0.0,0.0,0.0,0.0,0.0,0.0,0.0,0.0,0.0,0.0,0.0,0.0,0.0,0.0,0.0,0.0,0.0,0.0,0.0,0.0,0.0,0.0,0.0,0.0,0.0,0.0,0.0,0.0,0.0,0.0,0.0,0.0,0.0,0.0,0.0,0.0,0.0,0.0,0.0,0.0,0.0,0.0,0.0,0.0,4.0,0.0,12.76,11.12,8.8,22.83,16.23,20.13,39.22,46.15,85.17,15.23,40.0,12.0,11.0,0.0,41.0,3.0,0.0,6.31,7.0,15.59,15.15,15.51,28.08,25.17,41.74,70.22,5.11,90.0,34.0,3.0,0.0,121.0,2.0,0.0,5.38,7.04,9.75,12.09,25.26,34.59,28.64,40.81,71.06,2.63,118.0,0.0,0.0,0.0,118.0
6.1,1.0,51.68,46.83,33.51,29.84,25.43,17.98,13.15,12.18,0.0,5.72,2.7,118.0,0.0,0.0,0.0,118.0,0.0,0.0,0.0,0.0,0.0,0.0,0.0,0.0,0.0,0.0,0.0,0.0,0.0,0.0,0.0,0.0,0.0,0.0,0.0,0.0,0.0,0.0,0.0,0.0,0.0,0.0,0.0,0.0,0.0,0.0,0.0,0.0,0.0,0.0,0.0,0.0,0.0,0.0,0.0,0.0,0.0,0.0,0.0,0.0,0.0,0.0,0.0,0.0,0.0,0.0,0.0,0.0,0.0,0.0,0.0,0.0,0.0,0.0,0.0,0.0,0.0,0.0,0.0,0.0,0.0,0.0,0.0,0.0,0.0,0.0,0.0,0.0,0.0,0.0,0.0,0.0,0.0,0.0,0.0,0.0,0.0,0.0,0.0,0.0,0.0,0.0,0.0,0.0,0.0,0.0,0.0,0.0,0.0,0.0,0.0,0.0,0.0,0.0,0.0,0.0,0.0,0.0,4.0,0.0,12.27,7.54,4.34,19.04,16.01,24.22,34.48,42.17,83.92,11.79,62.0,37.0,9.0,0.0,90.0,3.0,0.0,8.46,8.56,13.82,14.08,16.61,26.36,28.02,41.76,67.92,3.26,103.0,58.0,0.0,0.0,161.0,2.0,0.0,3.91,3.97,11.28,17.61,17.97,36.48,26.89,40.38,70.55,2.94,103.0,0.0,0.0,0.0,103.0
6.2,1.0,51.51,48.75,34.35,26.0,23.41,18.72,13.78,12.24,4.58,0.0,2.84,108.0,0.0,0.0,0.0,108.0,0.0,0.0,0.0,0.0,0.0,0.0,0.0,0.0,0.0,0.0,0.0,0.0,0.0,0.0,0.0,0.0,0.0,0.0,0.0,0.0,0.0,0.0,0.0,0.0,0.0,0.0,0.0,0.0,0.0,0.0,0.0,0.0,0.0,0.0,0.0,0.0,0.0,0.0,0.0,0.0,0.0,0.0,0.0,0.0,0.0,0.0,0.0,0.0,0.0,0.0,0.0,0.0,0.0,0.0,0.0,0.0,0.0,0.0,0.0,0.0,0.0,0.0,0.0,0.0,0.0,0.0,0.0,0.0,0.0,0.0,0.0,0.0,0.0,0.0,0.0,0.0,0.0,0.0,0.0,0.0,0.0,0.0,0.0,0.0,0.0,0.0,0.0,0.0,0.0,0.0,0.0,0.0,0.0,0.0,0.0,0.0,0.0,0.0,0.0,0.0,0.0,0.0,4.0,0.0,11.09,10.26,7.67,18.95,17.21,26.65,35.78,43.61,87.78,8.47,36.0,10.0,9.0,0.0,37.0,3.0,0.0,10.61,6.56,12.56,17.16,14.43,29.27,27.96,41.14,65.27,8.45,68.0,26.0,6.0,0.0,88.0,2.0,0.0,6.85,7.79,11.25,15.17,17.1,35.68,27.12,44.1,66.82,2.81,114.0,4.0,0.0,0.0,118.0
6.3,1.0,52.28,51.61,31.69,27.86,20.69,14.65,17.66,11.78,6.58,0.0,3.05,99.0,0.0,0.0,0.0,99.0,0.0,0.0,0.0,0.0,0.0,0.0,0.0,0.0,0.0,0.0,0.0,0.0,0.0,0.0,0.0,0.0,0.0,0.0,0.0,0.0,0.0,0.0,0.0,0.0,0.0,0.0,0.0,0.0,0.0,0.0,0.0,0.0,0.0,0.0,0.0,0.0,0.0,0.0,0.0,0.0,0.0,0.0,0.0,0.0,0.0,0.0,0.0,0.0,0.0,0.0,0.0,0.0,0.0,0.0,0.0,0.0,0.0,0.0,0.0,0.0,0.0,0.0,0.0,0.0,0.0,0.0,0.0,0.0,0.0,0.0,0.0,0.0,0.0,0.0,0.0,0.0,0.0,0.0,0.0,0.0,0.0,0.0,0.0,0.0,0.0,0.0,0.0,0.0,0.0,0.0,0.0,0.0,0.0,0.0,0.0,0.0,0.0,0.0,0.0,0.0,0.0,0.0,4.0,0.0,10.24,12.09,7.91,18.38,10.43,25.97,34.68,44.03,83.9,19.67,55.0,25.0,8.0,0.0,72.0,3.0,0.0,10.35,10.34,13.54,18.23,17.15,28.13,29.71,42.01,59.48,10.76,66.0,24.0,6.0,4.0,80.0,2.0,0.0,2.5,6.53,12.88,14.83,19.78,37.27,27.05,47.19,68.35,3.07,93.0,2.0,0.0,0.0,95.0
6.4,1.0,40.31,51.8,33.8,31.03,20.31,16.29,15.98,13.41,4.97,0.0,2.89,106.0,20.0,0.0,0.0,126.0,0.0,0.0,0.0,0.0,0.0,0.0,0.0,0.0,0.0,0.0,0.0,0.0,0.0,0.0,0.0,0.0,0.0,0.0,0.0,0.0,0.0,0.0,0.0,0.0,0.0,0.0,0.0,0.0,0.0,0.0,0.0,0.0,0.0,0.0,0.0,0.0,0.0,0.0,0.0,0.0,0.0,0.0,0.0,0.0,0.0,0.0,0.0,0.0,0.0,0.0,0.0,0.0,0.0,0.0,0.0,0.0,0.0,0.0,0.0,0.0,0.0,0.0,0.0,0.0,0.0,0.0,0.0,0.0,0.0,0.0,0.0,0.0,0.0,0.0,0.0,0.0,0.0,0.0,0.0,0.0,0.0,0.0,0.0,0.0,0.0,0.0,0.0,0.0,0.0,0.0,0.0,0.0,0.0,0.0,0.0,0.0,0.0,0.0,0.0,0.0,0.0,0.0,4.0,0.0,8.62,8.95,8.32,16.69,13.96,27.98,35.18,39.05,82.0,11.21,55.0,16.0,9.0,0.0,62.0,3.0,0.0,8.44,9.16,14.28,17.96,20.95,26.11,31.32,43.43,60.94,10.78,55.0,6.0,9.0,0.0,52.0,2.0,5.97,0.0,10.07,14.05,13.03,20.1,34.0,26.31,44.33,68.3,3.09,95.0,8.0,0.0,0.0,103.0
6.5,0.0,0.0,0.0,0.0,0.0,0.0,0.0,0.0,0.0,0.0,0.0,0.0,0.0,0.0,0.0,0.0,0.0,1.0,45.44,53.01,35.97,29.79,17.85,12.13,15.37,8.25,7.39,0.0,2.91,101.0,0.0,3.0,0.0,98.0,0.0,0.0,0.0,0.0,0.0,0.0,0.0,0.0,0.0,0.0,0.0,0.0,0.0,0.0,0.0,0.0,0.0,0.0,0.0,0.0,0.0,0.0,0.0,0.0,0.0,0.0,0.0,0.0,0.0,0.0,0.0,0.0,0.0,0.0,0.0,0.0,0.0,0.0,0.0,0.0,0.0,0.0,0.0,0.0,0.0,0.0,0.0,0.0,0.0,0.0,0.0,0.0,0.0,0.0,0.0,0.0,0.0,0.0,0.0,0.0,0.0,0.0,0.0,0.0,0.0,0.0,0.0,0.0,0.0,0.0,0.0,0.0,0.0,0.0,0.0,0.0,0.0,0.0,0.0,0.0,0.0,0.0,0.0,0.0,0.0,4.0,0.0,11.02,8.78,6.5,16.33,16.2,24.95,30.68,38.46,74.26,11.37,47.0,18.0,6.0,0.0,59.0,3.0,0.0,5.2,6.61,8.97,15.08,21.81,30.3,31.17,42.03,60.81,5.91,85.0,41.0,3.0,6.0,117.0,2.0,0.0,2.36,11.47,12.32,14.41,18.05,35.22,28.57,44.01,65.12,2.86,107.0,20.0,0.0,0.0,127.0
6.6,0.0,0.0,0.0,0.0,0.0,0.0,0.0,0.0,0.0,0.0,0.0,0.0,0.0,0.0,0.0,0.0,0.0,1.0,49.91,57.61,35.8,29.55,17.63,13.59,16.34,0.0,6.73,4.69,2.64,119.0,0.0,0.0,0.0,119.0,0.0,0.0,0.0,0.0,0.0,0.0,0.0,0.0,0.0,0.0,0.0,0.0,0.0,0.0,0.0,0.0,0.0,0.0,0.0,0.0,0.0,0.0,0.0,0.0,0.0,0.0,0.0,0.0,0.0,0.0,0.0,0.0,0.0,0.0,0.0,0.0,0.0,0.0,0.0,0.0,0.0,0.0,0.0,0.0,0.0,0.0,0.0,0.0,0.0,0.0,0.0,0.0,0.0,0.0,0.0,0.0,0.0,0.0,0.0,0.0,0.0,0.0,0.0,0.0,0.0,0.0,0.0,0.0,0.0,0.0,0.0,0.0,0.0,0.0,0.0,0.0,0.0,0.0,0.0,0.0,0.0,0.0,0.0,0.0,0.0,4.0,10.53,11.97,0.0,7.86,16.79,17.09,27.56,29.66,43.28,69.75,12.66,64.0,28.0,9.0,0.0,83.0,3.0,0.0,3.41,5.05,9.3,16.18,18.02,29.33,31.86,45.86,61.37,13.06,66.0,14.0,9.0,3.0,68.0,2.0,8.65,0.0,9.75,13.32,11.73,15.18,34.33,23.18,43.91,67.47,3.04,100.0,18.0,0.0,0.0,118.0
6.7,0.0,0.0,0.0,0.0,0.0,0.0,0.0,0.0,0.0,0.0,0.0,0.0,0.0,0.0,0.0,0.0,0.0,1.0,47.99,58.94,36.72,24.06,15.81,14.34,12.81,0.0,7.58,6.37,2.88,106.0,0.0,0.0,0.0,106.0,0.0,0.0,0.0,0.0,0.0,0.0,0.0,0.0,0.0,0.0,0.0,0.0,0.0,0.0,0.0,0.0,0.0,0.0,0.0,0.0,0.0,0.0,0.0,0.0,0.0,0.0,0.0,0.0,0.0,0.0,0.0,0.0,0.0,0.0,0.0,0.0,0.0,0.0,0.0,0.0,0.0,0.0,0.0,0.0,0.0,0.0,0.0,0.0,0.0,0.0,0.0,0.0,0.0,0.0,0.0,0.0,0.0,0.0,0.0,0.0,0.0,0.0,0.0,0.0,0.0,0.0,0.0,0.0,0.0,0.0,0.0,0.0,0.0,0.0,0.0,0.0,0.0,0.0,0.0,0.0,0.0,0.0,0.0,0.0,0.0,4.0,9.28,7.44,0.0,8.38,16.63,18.6,27.81,32.47,42.06,68.71,10.0,48.0,12.0,9.0,0.0,51.0,3.0,0.0,5.42,6.99,8.98,18.5,18.17,26.43,37.63,46.49,57.76,10.32,52.0,14.0,9.0,3.0,54.0,2.0,6.58,0.0,10.66,11.11,14.44,11.9,34.61,30.55,45.82,62.32,2.72,114.0,24.0,0.0,0.0,138.0
6.8,0.0,0.0,0.0,0.0,0.0,0.0,0.0,0.0,0.0,0.0,0.0,0.0,0.0,0.0,0.0,0.0,0.0,1.0,47.31,58.79,38.43,23.26,18.14,14.41,13.48,9.0,0.0,8.7,2.72,112.0,0.0,0.0,0.0,112.0,0.0,0.0,0.0,0.0,0.0,0.0,0.0,0.0,0.0,0.0,0.0,0.0,0.0,0.0,0.0,0.0,0.0,0.0,0.0,0.0,0.0,0.0,0.0,0.0,0.0,0.0,0.0,0.0,0.0,0.0,0.0,0.0,0.0,0.0,0.0,0.0,0.0,0.0,0.0,0.0,0.0,0.0,0.0,0.0,0.0,0.0,0.0,0.0,0.0,0.0,0.0,0.0,0.0,0.0,0.0,0.0,0.0,0.0,0.0,0.0,0.0,0.0,0.0,0.0,0.0,0.0,0.0,0.0,0.0,0.0,0.0,0.0,0.0,0.0,0.0,0.0,0.0,0.0,0.0,0.0,0.0,0.0,0.0,0.0,0.0,4.0,7.75,9.52,0.0,7.34,15.67,22.3,24.24,33.31,42.03,68.39,11.15,58.0,26.0,9.0,0.0,75.0,3.0,0.0,5.83,4.08,11.83,19.46,18.82,25.79,40.35,49.93,56.05,12.32,51.0,14.0,7.0,0.0,58.0,2.0,5.41,0.0,9.76,9.42,15.17,14.07,31.56,30.72,47.84,60.32,3.39,99.0,18.0,0.0,1.0,116.0
6.9,0.0,0.0,0.0,0.0,0.0,0.0,0.0,0.0,0.0,0.0,0.0,0.0,0.0,0.0,0.0,0.0,0.0,1.0,41.6,61.25,40.71,26.15,17.27,12.81,10.91,0.0,8.26,8.93,2.89,107.0,0.0,0.0,0.0,107.0,0.0,0.0,0.0,0.0,0.0,0.0,0.0,0.0,0.0,0.0,0.0,0.0,0.0,0.0,0.0,0.0,0.0,0.0,0.0,0.0,0.0,0.0,0.0,0.0,0.0,0.0,0.0,0.0,0.0,0.0,0.0,0.0,0.0,0.0,0.0,0.0,0.0,0.0,0.0,0.0,0.0,0.0,0.0,0.0,0.0,0.0,0.0,0.0,0.0,0.0,0.0,0.0,0.0,0.0,0.0,0.0,0.0,0.0,0.0,0.0,0.0,0.0,0.0,0.0,0.0,0.0,0.0,0.0,0.0,0.0,0.0,0.0,0.0,0.0,0.0,0.0,0.0,0.0,0.0,0.0,0.0,0.0,0.0,0.0,0.0,4.0,8.41,8.16,0.0,8.03,14.54,18.14,19.49,33.19,44.12,65.91,12.24,38.0,18.0,6.0,0.0,50.0,3.0,0.0,7.92,2.63,13.1,14.79,19.07,24.38,43.98,51.59,55.1,12.02,53.0,10.0,9.0,0.0,54.0,2.0,6.43,0.0,10.92,11.03,12.64,14.07,31.3,29.36,51.46,55.65,2.97,121.0,18.0,1.0,10.0,128.0
7.0,0.0,0.0,0.0,0.0,0.0,0.0,0.0,0.0,0.0,0.0,0.0,0.0,0.0,0.0,0.0,0.0,0.0,1.0,46.78,63.76,39.24,28.5,20.84,12.53,14.82,9.56,8.7,0.0,2.68,117.0,0.0,0.0,0.0,117.0,0.0,0.0,0.0,0.0,0.0,0.0,0.0,0.0,0.0,0.0,0.0,0.0,0.0,0.0,0.0,0.0,0.0,0.0,0.0,0.0,0.0,0.0,0.0,0.0,0.0,0.0,0.0,0.0,0.0,0.0,0.0,0.0,0.0,0.0,0.0,0.0,0.0,0.0,0.0,0.0,0.0,0.0,0.0,0.0,0.0,0.0,0.0,0.0,0.0,0.0,0.0,0.0,0.0,0.0,0.0,0.0,0.0,0.0,0.0,0.0,0.0,0.0,0.0,0.0,0.0,0.0,0.0,0.0,0.0,0.0,0.0,0.0,0.0,0.0,0.0,0.0,0.0,0.0,0.0,0.0,0.0,0.0,0.0,0.0,0.0,4.0,12.93,12.04,0.0,13.4,15.93,14.9,21.22,29.13,47.72,65.03,13.13,62.0,26.0,9.0,0.0,79.0,3.0,0.0,9.51,4.05,11.88,11.94,21.76,28.96,42.38,47.65,55.29,12.44,54.0,15.0,9.0,0.0,60.0,2.0,0.0,9.53,10.95,8.02,15.13,17.19,32.27,29.28,51.99,56.33,3.03,103.0,26.0,0.0,11.0,118.0
7.1,0.0,0.0,0.0,0.0,0.0,0.0,0.0,0.0,0.0,0.0,0.0,0.0,0.0,0.0,0.0,0.0,0.0,1.0,45.67,65.28,40.89,26.0,20.81,14.51,16.34,11.68,8.4,0.0,3.02,102.0,0.0,0.0,0.0,102.0,0.0,0.0,0.0,0.0,0.0,0.0,0.0,0.0,0.0,0.0,0.0,0.0,0.0,0.0,0.0,0.0,0.0,0.0,0.0,0.0,0.0,0.0,0.0,0.0,0.0,0.0,0.0,0.0,0.0,0.0,0.0,0.0,0.0,0.0,0.0,0.0,0.0,0.0,0.0,0.0,0.0,0.0,0.0,0.0,0.0,0.0,0.0,0.0,0.0,0.0,0.0,0.0,0.0,0.0,0.0,0.0,0.0,0.0,0.0,0.0,0.0,0.0,0.0,0.0,0.0,0.0,0.0,0.0,0.0,0.0,0.0,0.0,0.0,0.0,0.0,0.0,0.0,0.0,0.0,0.0,0.0,0.0,0.0,0.0,0.0,4.0,8.43,13.9,0.0,17.43,15.5,15.51,18.5,27.69,48.19,66.34,17.14,45.0,21.0,15.0,0.0,51.0,3.0,0.0,13.17,5.73,14.69,19.46,23.05,27.25,39.66,54.46,50.12,10.56,196.0,61.0,159.0,0.0,98.0,2.0,0.0,4.61,11.07,12.09,14.73,17.16,27.71,28.4,50.72,55.37,5.82,216.0,48.0,160.0,0.0,104.0
7.2,0.0,0.0,0.0,0.0,0.0,0.0,0.0,0.0,0.0,0.0,0.0,0.0,0.0,0.0,0.0,0.0,0.0,1.0,45.58,64.99,39.75,29.68,16.86,13.45,13.19,11.58,0.0,7.78,3.14,96.0,0.0,0.0,0.0,96.0,0.0,0.0,0.0,0.0,0.0,0.0,0.0,0.0,0.0,0.0,0.0,0.0,0.0,0.0,0.0,0.0,0.0,0.0,0.0,0.0,0.0,0.0,0.0,0.0,0.0,0.0,0.0,0.0,0.0,0.0,0.0,0.0,0.0,0.0,0.0,0.0,0.0,0.0,0.0,0.0,0.0,0.0,0.0,0.0,0.0,0.0,0.0,0.0,0.0,0.0,0.0,0.0,0.0,0.0,0.0,0.0,0.0,0.0,0.0,0.0,0.0,0.0,0.0,0.0,0.0,0.0,0.0,0.0,0.0,0.0,0.0,0.0,0.0,0.0,0.0,0.0,0.0,0.0,0.0,0.0,0.0,0.0,0.0,0.0,0.0,4.0,0.0,12.43,10.03,18.47,16.77,16.98,22.95,26.19,49.57,62.85,14.73,53.0,32.0,12.0,0.0,73.0,3.0,0.0,12.71,2.91,12.23,20.29,24.14,27.78,41.35,55.88,50.85,6.62,116.0,55.0,38.0,8.0,125.0,2.0,0.0,2.38,12.17,11.8,15.43,21.16,23.42,31.19,54.1,54.84,7.91,131.0,50.0,38.0,2.0,141.0
7.3,0.0,0.0,0.0,0.0,0.0,0.0,0.0,0.0,0.0,0.0,0.0,0.0,0.0,0.0,0.0,0.0,0.0,1.0,45.37,69.06,39.95,33.67,18.33,15.43,13.1,9.61,0.0,9.95,3.01,99.0,0.0,0.0,0.0,99.0,0.0,0.0,0.0,0.0,0.0,0.0,0.0,0.0,0.0,0.0,0.0,0.0,0.0,0.0,0.0,0.0,0.0,0.0,0.0,0.0,0.0,0.0,0.0,0.0,0.0,0.0,0.0,0.0,0.0,0.0,0.0,0.0,0.0,0.0,0.0,0.0,0.0,0.0,0.0,0.0,0.0,0.0,0.0,0.0,0.0,0.0,0.0,0.0,0.0,0.0,0.0,0.0,0.0,0.0,0.0,0.0,0.0,0.0,0.0,0.0,0.0,0.0,0.0,0.0,0.0,0.0,0.0,0.0,0.0,0.0,0.0,0.0,0.0,0.0,0.0,0.0,0.0,0.0,0.0,0.0,0.0,0.0,0.0,0.0,0.0,4.0,9.38,13.54,0.0,18.83,15.58,18.11,26.77,30.55,48.28,66.06,11.84,63.0,35.0,9.0,0.0,89.0,3.0,0.0,9.37,2.75,11.22,19.6,22.15,28.63,41.03,58.95,46.4,4.15,107.0,54.0,0.0,24.0,137.0,2.0,0.0,1.84,9.44,11.32,14.34,21.9,26.67,31.11,53.07,59.14,7.09,118.0,54.0,39.0,0.0,133.0
7.4,0.0,0.0,0.0,0.0,0.0,0.0,0.0,0.0,0.0,0.0,0.0,0.0,0.0,0.0,0.0,0.0,0.0,1.0,46.13,66.6,43.02,33.9,16.65,14.95,11.32,0.0,10.34,7.51,2.78,109.0,0.0,0.0,0.0,109.0,0.0,0.0,0.0,0.0,0.0,0.0,0.0,0.0,0.0,0.0,0.0,0.0,0.0,0.0,0.0,0.0,0.0,0.0,0.0,0.0,0.0,0.0,0.0,0.0,0.0,0.0,0.0,0.0,0.0,0.0,0.0,0.0,0.0,0.0,0.0,0.0,0.0,0.0,0.0,0.0,0.0,0.0,0.0,0.0,0.0,0.0,0.0,0.0,0.0,0.0,0.0,0.0,0.0,0.0,0.0,0.0,0.0,0.0,0.0,0.0,0.0,0.0,0.0,0.0,0.0,0.0,0.0,0.0,0.0,0.0,0.0,0.0,0.0,0.0,0.0,0.0,0.0,0.0,0.0,0.0,0.0,0.0,0.0,0.0,0.0,4.0,9.28,14.09,0.0,15.04,14.25,15.56,27.31,30.36,48.29,64.14,12.46,41.0,22.0,12.0,0.0,51.0,3.0,0.0,6.6,2.84,9.39,21.71,23.99,27.88,39.01,60.39,50.14,3.46,110.0,58.0,0.0,41.0,127.0,2.0,0.0,0.42,12.56,11.72,10.48,22.85,27.1,28.53,54.26,56.24,8.54,147.0,78.0,59.0,0.0,166.0
7.5,0.0,0.0,0.0,0.0,0.0,0.0,0.0,0.0,0.0,0.0,0.0,0.0,0.0,0.0,0.0,0.0,0.0,1.0,46.64,67.47,44.17,30.82,16.7,16.32,11.66,0.0,7.01,5.91,2.5,124.0,0.0,0.0,0.0,124.0,0.0,0.0,0.0,0.0,0.0,0.0,0.0,0.0,0.0,0.0,0.0,0.0,0.0,0.0,0.0,0.0,0.0,0.0,0.0,0.0,0.0,0.0,0.0,0.0,0.0,0.0,0.0,0.0,0.0,0.0,0.0,0.0,0.0,0.0,0.0,0.0,0.0,0.0,0.0,0.0,0.0,0.0,0.0,0.0,0.0,0.0,0.0,0.0,0.0,0.0,0.0,0.0,0.0,0.0,0.0,0.0,0.0,0.0,0.0,0.0,0.0,0.0,0.0,0.0,0.0,0.0,0.0,0.0,0.0,0.0,0.0,0.0,0.0,0.0,0.0,0.0,0.0,0.0,0.0,0.0,0.0,0.0,0.0,0.0,0.0,4.0,0.0,11.71,8.58,18.4,17.52,14.15,24.92,28.31,48.0,62.75,13.41,45.0,29.0,6.0,0.0,68.0,3.0,0.0,7.49,5.0,9.43,19.61,22.88,26.71,36.1,60.84,51.54,4.89,110.0,57.0,24.0,16.0,127.0,2.0,0.0,2.19,12.09,12.88,10.71,23.0,26.13,31.68,53.48,59.67,5.83,101.0,39.0,7.0,22.0,111.0
7.6,0.0,0.0,0.0,0.0,0.0,0.0,0.0,0.0,0.0,0.0,0.0,0.0,0.0,0.0,0.0,0.0,0.0,1.0,46.15,69.61,42.44,36.77,17.12,16.32,15.5,0.0,8.22,2.76,3.09,96.0,0.0,0.0,0.0,96.0,0.0,0.0,0.0,0.0,0.0,0.0,0.0,0.0,0.0,0.0,0.0,0.0,0.0,0.0,0.0,0.0,0.0,0.0,0.0,0.0,0.0,0.0,0.0,0.0,0.0,0.0,0.0,0.0,0.0,0.0,0.0,0.0,0.0,0.0,0.0,0.0,0.0,0.0,0.0,0.0,0.0,0.0,0.0,0.0,0.0,0.0,0.0,0.0,0.0,0.0,0.0,0.0,0.0,0.0,0.0,0.0,0.0,0.0,0.0,0.0,0.0,0.0,0.0,0.0,0.0,0.0,0.0,0.0,0.0,0.0,0.0,0.0,0.0,0.0,0.0,0.0,0.0,0.0,0.0,0.0,0.0,0.0,0.0,0.0,0.0,4.0,0.0,12.1,8.06,15.42,12.62,16.44,23.75,25.47,49.54,56.23,16.09,62.0,34.0,9.0,1.0,86.0,3.0,0.0,9.9,5.62,11.04,17.57,21.86,27.77,37.52,57.5,51.38,3.98,114.0,46.0,5.0,21.0,134.0,2.0,0.0,-2.16,9.94,12.43,12.86,22.41,24.99,31.97,51.65,58.4,5.38,114.0,39.0,27.0,6.0,120.0
7.7,0.0,0.0,0.0,0.0,0.0,0.0,0.0,0.0,0.0,0.0,0.0,0.0,0.0,0.0,0.0,0.0,0.0,1.0,47.03,74.73,40.59,34.73,13.08,14.58,13.74,7.36,7.84,0.0,2.76,110.0,0.0,0.0,0.0,110.0,0.0,0.0,0.0,0.0,0.0,0.0,0.0,0.0,0.0,0.0,0.0,0.0,0.0,0.0,0.0,0.0,0.0,0.0,0.0,0.0,0.0,0.0,0.0,0.0,0.0,0.0,0.0,0.0,0.0,0.0,0.0,0.0,0.0,0.0,0.0,0.0,0.0,0.0,0.0,0.0,0.0,0.0,0.0,0.0,0.0,0.0,0.0,0.0,0.0,0.0,0.0,0.0,0.0,0.0,0.0,0.0,0.0,0.0,0.0,0.0,0.0,0.0,0.0,0.0,0.0,0.0,0.0,0.0,0.0,0.0,0.0,0.0,0.0,0.0,0.0,0.0,0.0,0.0,0.0,0.0,0.0,0.0,0.0,0.0,0.0,4.0,0.0,10.44,9.83,16.14,14.76,16.2,23.25,30.32,49.53,57.33,18.22,42.0,12.0,11.0,0.0,43.0,3.0,0.0,9.53,2.16,5.77,21.64,23.43,26.68,34.39,56.31,49.13,6.06,131.0,63.0,28.0,14.0,152.0,2.0,0.0,2.5,10.87,14.34,12.6,21.22,24.3,32.6,55.38,60.41,4.47,118.0,52.0,6.0,29.0,135.0
7.8,0.0,0.0,0.0,0.0,0.0,0.0,0.0,0.0,0.0,0.0,0.0,0.0,0.0,0.0,0.0,0.0,0.0,1.0,43.75,70.57,40.87,36.15,13.82,12.09,12.27,8.78,7.65,0.0,3.05,96.0,0.0,0.0,0.0,96.0,0.0,0.0,0.0,0.0,0.0,0.0,0.0,0.0,0.0,0.0,0.0,0.0,0.0,0.0,0.0,0.0,0.0,0.0,0.0,0.0,0.0,0.0,0.0,0.0,0.0,0.0,0.0,0.0,0.0,0.0,0.0,0.0,0.0,0.0,0.0,0.0,0.0,0.0,0.0,0.0,0.0,0.0,0.0,0.0,0.0,0.0,0.0,0.0,0.0,0.0,0.0,0.0,0.0,0.0,0.0,0.0,0.0,0.0,0.0,0.0,0.0,0.0,0.0,0.0,0.0,0.0,0.0,0.0,0.0,0.0,0.0,0.0,0.0,0.0,0.0,0.0,0.0,0.0,0.0,0.0,0.0,0.0,0.0,0.0,0.0,4.0,0.0,10.43,8.92,15.42,15.72,22.37,23.47,32.6,51.27,55.89,10.94,59.0,24.0,9.0,0.0,74.0,3.0,0.0,9.3,3.64,6.35,24.12,26.07,26.82,38.18,62.03,51.61,3.34,99.0,28.0,0.0,4.0,123.0,2.0,0.0,0.57,9.86,9.97,10.8,20.59,26.19,34.26,56.06,59.73,7.01,121.0,37.0,33.0,1.0,124.0
7.9,0.0,0.0,0.0,0.0,0.0,0.0,0.0,0.0,0.0,0.0,0.0,0.0,0.0,0.0,0.0,0.0,0.0,1.0,44.6,80.59,40.07,36.63,17.6,13.27,13.69,10.33,0.0,5.11,3.0,105.0,0.0,0.0,0.0,105.0,0.0,0.0,0.0,0.0,0.0,0.0,0.0,0.0,0.0,0.0,0.0,0.0,0.0,0.0,0.0,0.0,0.0,0.0,0.0,0.0,0.0,0.0,0.0,0.0,0.0,0.0,0.0,0.0,0.0,0.0,0.0,0.0,0.0,0.0,0.0,0.0,0.0,0.0,0.0,0.0,0.0,0.0,0.0,0.0,0.0,0.0,0.0,0.0,0.0,0.0,0.0,0.0,0.0,0.0,0.0,0.0,0.0,0.0,0.0,0.0,0.0,0.0,0.0,0.0,0.0,0.0,0.0,0.0,0.0,0.0,0.0,0.0,0.0,0.0,0.0,0.0,0.0,0.0,0.0,0.0,0.0,0.0,0.0,0.0,0.0,4.0,0.0,11.17,8.01,15.6,16.7,22.82,22.87,32.8,46.95,57.37,11.36,50.0,29.0,9.0,0.0,70.0,3.0,4.95,8.43,0.0,8.49,21.6,27.33,26.01,39.81,67.54,50.9,3.77,92.0,46.0,0.0,12.0,126.0,2.0,0.0,0.8,10.1,10.81,13.1,21.01,27.22,33.72,57.16,60.52,7.42,134.0,54.0,46.0,0.0,142.0
8.0,0.0,0.0,0.0,0.0,0.0,0.0,0.0,0.0,0.0,0.0,0.0,0.0,0.0,0.0,0.0,0.0,0.0,1.0,43.07,79.1,40.63,34.95,18.42,12.73,12.9,15.38,0.0,8.13,2.9,106.0,0.0,0.0,0.0,106.0,0.0,0.0,0.0,0.0,0.0,0.0,0.0,0.0,0.0,0.0,0.0,0.0,0.0,0.0,0.0,0.0,0.0,0.0,0.0,0.0,0.0,0.0,0.0,0.0,0.0,0.0,0.0,0.0,0.0,0.0,0.0,0.0,0.0,0.0,0.0,0.0,0.0,0.0,0.0,0.0,0.0,0.0,0.0,0.0,0.0,0.0,0.0,0.0,0.0,0.0,0.0,0.0,0.0,0.0,0.0,0.0,0.0,0.0,0.0,0.0,0.0,0.0,0.0,0.0,0.0,0.0,0.0,0.0,0.0,0.0,0.0,0.0,0.0,0.0,0.0,0.0,0.0,0.0,0.0,0.0,0.0,0.0,0.0,0.0,0.0,4.0,0.0,12.94,8.81,14.5,15.39,23.06,24.71,28.6,49.14,54.75,11.56,44.0,21.0,6.0,0.0,59.0,3.0,8.03,10.87,0.0,9.59,23.02,24.93,30.06,42.12,67.85,48.15,3.19,108.0,62.0,0.0,3.0,167.0,2.0,0.0,1.67,8.67,14.04,13.07,18.24,27.99,33.55,55.77,57.97,8.8,134.0,64.0,58.0,1.0,139.0
8.1,0.0,0.0,0.0,0.0,0.0,0.0,0.0,0.0,0.0,0.0,0.0,0.0,0.0,0.0,0.0,0.0,0.0,1.0,42.7,82.24,43.25,33.69,18.18,13.18,10.57,16.09,3.53,0.0,2.85,110.0,0.0,0.0,0.0,110.0,0.0,0.0,0.0,0.0,0.0,0.0,0.0,0.0,0.0,0.0,0.0,0.0,0.0,0.0,0.0,0.0,0.0,0.0,0.0,0.0,0.0,0.0,0.0,0.0,0.0,0.0,0.0,0.0,0.0,0.0,0.0,0.0,0.0,0.0,0.0,0.0,0.0,0.0,0.0,0.0,0.0,0.0,0.0,0.0,0.0,0.0,0.0,0.0,0.0,0.0,0.0,0.0,0.0,0.0,0.0,0.0,0.0,0.0,0.0,0.0,0.0,0.0,0.0,0.0,0.0,0.0,0.0,0.0,0.0,0.0,0.0,0.0,0.0,0.0,0.0,0.0,0.0,0.0,0.0,0.0,0.0,0.0,0.0,0.0,0.0,4.0,0.0,7.06,8.69,12.84,14.27,23.06,25.74,31.07,52.44,54.8,13.01,48.0,21.0,13.0,0.0,56.0,3.0,7.61,9.38,0.0,9.91,21.1,23.75,25.21,39.61,68.54,52.69,3.52,96.0,44.0,0.0,0.0,140.0,2.0,0.0,3.62,6.97,14.02,14.28,17.55,30.86,32.22,57.82,58.72,8.88,150.0,73.0,53.0,2.0,168.0
8.2,5.0,62.77,39.95,26.29,21.09,13.85,11.18,5.78,3.62,0.0,6.76,1.62,84.0,12.0,3.0,0.0,93.0,1.0,43.33,86.9,46.12,34.33,21.63,14.09,12.24,16.36,5.17,0.0,3.89,110.0,0.0,0.0,0.0,110.0,0.0,0.0,0.0,0.0,0.0,0.0,0.0,0.0,0.0,0.0,0.0,0.0,0.0,0.0,0.0,0.0,0.0,0.0,0.0,0.0,0.0,0.0,0.0,0.0,0.0,0.0,0.0,0.0,0.0,0.0,0.0,0.0,0.0,0.0,0.0,0.0,0.0,0.0,0.0,0.0,0.0,0.0,0.0,0.0,0.0,0.0,0.0,0.0,0.0,0.0,0.0,0.0,0.0,0.0,0.0,0.0,0.0,0.0,0.0,0.0,0.0,0.0,0.0,0.0,0.0,0.0,0.0,0.0,0.0,0.0,0.0,0.0,0.0,0.0,0.0,0.0,0.0,0.0,0.0,0.0,0.0,0.0,0.0,0.0,0.0,4.0,0.0,11.0,9.06,13.16,13.91,24.0,25.02,31.3,54.64,53.55,13.77,53.0,20.0,14.0,0.0,59.0,3.0,8.16,3.97,0.0,12.59,20.14,22.15,27.28,38.93,70.5,51.44,3.99,100.0,26.0,0.0,0.0,126.0,2.0,3.79,0.0,8.51,10.14,13.24,17.4,20.97,30.14,58.91,56.56,11.7,88.0,26.0,26.0,0.0,88.0
8.3,5.0,62.74,41.74,29.27,20.67,17.81,11.38,3.63,6.13,0.0,4.33,2.45,110.0,0.0,0.0,0.0,110.0,1.0,43.0,88.71,42.42,32.59,20.69,17.09,13.24,15.59,9.1,0.0,3.3,98.0,0.0,0.0,0.0,98.0,0.0,0.0,0.0,0.0,0.0,0.0,0.0,0.0,0.0,0.0,0.0,0.0,0.0,0.0,0.0,0.0,0.0,0.0,0.0,0.0,0.0,0.0,0.0,0.0,0.0,0.0,0.0,0.0,0.0,0.0,0.0,0.0,0.0,0.0,0.0,0.0,0.0,0.0,0.0,0.0,0.0,0.0,0.0,0.0,0.0,0.0,0.0,0.0,0.0,0.0,0.0,0.0,0.0,0.0,0.0,0.0,0.0,0.0,0.0,0.0,0.0,0.0,0.0,0.0,0.0,0.0,0.0,0.0,0.0,0.0,0.0,0.0,0.0,0.0,0.0,0.0,0.0,0.0,0.0,0.0,0.0,0.0,0.0,0.0,0.0,4.0,0.0,8.61,9.28,13.17,13.59,24.81,28.33,32.4,58.14,53.18,11.71,65.0,34.0,6.0,0.0,93.0,3.0,6.83,11.7,0.0,11.42,14.44,19.08,29.93,38.38,68.53,50.09,3.21,100.0,8.0,0.0,0.0,108.0,2.0,3.29,0.0,6.46,10.74,16.37,15.59,31.08,29.95,61.59,55.98,9.44,70.0,16.0,9.0,0.0,77.0
8.4,5.0,63.13,40.13,27.55,20.94,15.75,13.73,2.15,6.28,0.0,7.18,0.9,97.0,20.0,0.0,0.0,117.0,1.0,46.31,92.33,44.08,33.29,17.62,14.09,12.33,15.48,7.62,0.0,3.3,101.0,0.0,0.0,0.0,101.0,0.0,0.0,0.0,0.0,0.0,0.0,0.0,0.0,0.0,0.0,0.0,0.0,0.0,0.0,0.0,0.0,0.0,0.0,0.0,0.0,0.0,0.0,0.0,0.0,0.0,0.0,0.0,0.0,0.0,0.0,0.0,0.0,0.0,0.0,0.0,0.0,0.0,0.0,0.0,0.0,0.0,0.0,0.0,0.0,0.0,0.0,0.0,0.0,0.0,0.0,0.0,0.0,0.0,0.0,0.0,0.0,0.0,0.0,0.0,0.0,0.0,0.0,0.0,0.0,0.0,0.0,0.0,0.0,0.0,0.0,0.0,0.0,0.0,0.0,0.0,0.0,0.0,0.0,0.0,0.0,0.0,0.0,0.0,0.0,0.0,4.0,0.0,10.87,11.72,13.09,14.0,27.22,27.91,32.06,61.02,54.0,11.71,47.0,16.0,9.0,0.0,54.0,3.0,9.86,4.37,0.0,12.59,13.32,21.44,27.56,42.4,69.48,52.43,3.51,106.0,22.0,0.0,0.0,128.0,2.0,3.26,0.0,5.67,12.24,18.18,15.12,31.35,31.64,60.72,57.64,12.41,56.0,17.0,6.0,0.0,67.0
8.5,5.0,65.51,42.0,28.25,20.55,16.25,14.58,-0.54,8.09,0.0,5.9,0.81,108.0,0.0,0.0,0.0,108.0,1.0,44.66,97.65,45.67,34.02,19.08,14.31,11.21,17.21,4.2,0.0,3.06,106.0,0.0,0.0,0.0,106.0,0.0,0.0,0.0,0.0,0.0,0.0,0.0,0.0,0.0,0.0,0.0,0.0,0.0,0.0,0.0,0.0,0.0,0.0,0.0,0.0,0.0,0.0,0.0,0.0,0.0,0.0,0.0,0.0,0.0,0.0,0.0,0.0,0.0,0.0,0.0,0.0,0.0,0.0,0.0,0.0,0.0,0.0,0.0,0.0,0.0,0.0,0.0,0.0,0.0,0.0,0.0,0.0,0.0,0.0,0.0,0.0,0.0,0.0,0.0,0.0,0.0,0.0,0.0,0.0,0.0,0.0,0.0,0.0,0.0,0.0,0.0,0.0,0.0,0.0,0.0,0.0,0.0,0.0,0.0,0.0,0.0,0.0,0.0,0.0,0.0,4.0,0.0,11.4,12.63,14.15,13.65,22.91,29.66,32.52,62.08,50.92,10.91,62.0,24.0,6.0,0.0,80.0,3.0,9.6,4.8,0.0,12.67,13.72,22.33,27.21,41.78,69.55,51.17,3.27,103.0,20.0,0.0,0.0,123.0,2.0,0.0,2.58,5.67,13.21,16.07,17.89,31.0,29.09,58.5,55.81,9.6,67.0,9.0,12.0,0.0,64.0
8.6,5.0,65.44,42.57,28.71,19.22,13.02,14.68,3.09,6.57,0.0,6.7,0.81,99.0,0.0,0.0,0.0,99.0,1.0,45.39,98.8,44.26,30.7,18.73,12.16,10.26,16.9,4.51,0.0,3.17,107.0,0.0,0.0,0.0,107.0,0.0,0.0,0.0,0.0,0.0,0.0,0.0,0.0,0.0,0.0,0.0,0.0,0.0,0.0,0.0,0.0,0.0,0.0,0.0,0.0,0.0,0.0,0.0,0.0,0.0,0.0,0.0,0.0,0.0,0.0,0.0,0.0,0.0,0.0,0.0,0.0,0.0,0.0,0.0,0.0,0.0,0.0,0.0,0.0,0.0,0.0,0.0,0.0,0.0,0.0,0.0,0.0,0.0,0.0,0.0,0.0,0.0,0.0,0.0,0.0,0.0,0.0,0.0,0.0,0.0,0.0,0.0,0.0,0.0,0.0,0.0,0.0,0.0,0.0,0.0,0.0,0.0,0.0,0.0,0.0,0.0,0.0,0.0,0.0,0.0,4.0,0.0,10.48,16.36,12.63,14.22,21.72,32.45,38.16,68.52,51.69,12.26,42.0,20.0,6.0,0.0,56.0,3.0,9.38,5.1,0.0,13.68,17.25,18.79,25.06,39.93,71.7,48.84,3.08,123.0,18.0,0.0,0.0,141.0,2.0,3.28,0.0,4.37,10.38,15.88,18.76,32.49,29.92,60.89,55.19,11.73,63.0,23.0,12.0,0.0,74.0
8.7,5.0,65.77,41.18,31.58,21.29,14.55,12.74,-0.16,9.16,0.0,7.84,0.81,91.0,0.0,0.0,0.0,91.0,1.0,43.68,98.81,46.01,31.73,19.9,14.97,12.01,15.64,1.88,0.0,3.22,98.0,0.0,0.0,0.0,98.0,0.0,0.0,0.0,0.0,0.0,0.0,0.0,0.0,0.0,0.0,0.0,0.0,0.0,0.0,0.0,0.0,0.0,0.0,0.0,0.0,0.0,0.0,0.0,0.0,0.0,0.0,0.0,0.0,0.0,0.0,0.0,0.0,0.0,0.0,0.0,0.0,0.0,0.0,0.0,0.0,0.0,0.0,0.0,0.0,0.0,0.0,0.0,0.0,0.0,0.0,0.0,0.0,0.0,0.0,0.0,0.0,0.0,0.0,0.0,0.0,0.0,0.0,0.0,0.0,0.0,0.0,0.0,0.0,0.0,0.0,0.0,0.0,0.0,0.0,0.0,0.0,0.0,0.0,0.0,0.0,0.0,0.0,0.0,0.0,0.0,4.0,0.0,11.42,15.99,12.12,13.74,23.19,30.64,33.5,69.44,48.11,11.69,47.0,8.0,12.0,0.0,43.0,3.0,7.27,8.17,0.0,13.05,16.21,18.79,28.65,42.16,69.86,45.72,3.18,106.0,8.0,0.0,0.0,114.0,2.0,4.81,0.72,0.0,12.06,15.52,21.14,34.19,28.62,60.86,54.92,8.85,84.0,16.0,6.0,0.0,94.0
8.8,5.0,63.46,40.27,31.29,19.4,16.83,11.26,-0.09,8.0,0.0,9.66,0.81,96.0,0.0,0.0,0.0,96.0,1.0,40.43,94.79,46.52,33.57,19.98,15.92,12.6,15.71,1.47,0.0,3.38,99.0,0.0,0.0,0.0,99.0,0.0,0.0,0.0,0.0,0.0,0.0,0.0,0.0,0.0,0.0,0.0,0.0,0.0,0.0,0.0,0.0,0.0,0.0,0.0,0.0,0.0,0.0,0.0,0.0,0.0,0.0,0.0,0.0,0.0,0.0,0.0,0.0,0.0,0.0,0.0,0.0,0.0,0.0,0.0,0.0,0.0,0.0,0.0,0.0,0.0,0.0,0.0,0.0,0.0,0.0,0.0,0.0,0.0,0.0,0.0,0.0,0.0,0.0,0.0,0.0,0.0,0.0,0.0,0.0,0.0,0.0,0.0,0.0,0.0,0.0,0.0,0.0,0.0,0.0,0.0,0.0,0.0,0.0,0.0,0.0,0.0,0.0,0.0,0.0,0.0,4.0,0.0,11.85,15.34,11.21,14.89,19.62,24.84,35.24,69.74,48.11,14.81,67.0,28.0,6.0,0.0,89.0,3.0,9.14,10.67,0.0,15.68,16.56,15.43,28.97,40.56,71.55,45.6,3.08,109.0,12.0,0.0,0.0,121.0,2.0,7.06,4.01,0.0,11.94,14.93,19.98,34.9,26.61,61.0,54.52,10.77,61.0,27.0,6.0,1.0,81.0
8.9,5.0,65.14,42.12,29.75,19.66,16.18,12.6,0.0,9.3,3.39,8.88,0.82,105.0,0.0,0.0,0.0,105.0,1.0,38.69,90.58,47.2,32.18,17.91,17.17,14.37,15.6,0.0,1.03,4.47,103.0,0.0,0.0,0.0,103.0,6.0,60.31,34.1,23.13,19.96,19.25,9.84,5.44,5.91,6.24,0.0,4.59,37.0,36.0,6.0,0.0,67.0,0.0,0.0,0.0,0.0,0.0,0.0,0.0,0.0,0.0,0.0,0.0,0.0,0.0,0.0,0.0,0.0,0.0,0.0,0.0,0.0,0.0,0.0,0.0,0.0,0.0,0.0,0.0,0.0,0.0,0.0,0.0,0.0,0.0,0.0,0.0,0.0,0.0,0.0,0.0,0.0,0.0,0.0,0.0,0.0,0.0,0.0,0.0,0.0,0.0,0.0,0.0,0.0,0.0,0.0,0.0,0.0,0.0,0.0,0.0,0.0,0.0,0.0,0.0,0.0,0.0,0.0,0.0,0.0,4.0,0.0,11.5,17.1,14.15,11.12,27.17,25.73,35.62,73.78,44.46,12.64,51.0,14.0,9.0,0.0,56.0,3.0,10.8,11.96,0.0,15.41,16.53,17.64,27.9,41.11,73.42,45.51,3.47,113.0,0.0,0.0,0.0,113.0,2.0,5.64,6.55,0.0,13.64,16.15,18.17,34.45,29.02,59.0,55.82,13.28,53.0,10.0,9.0,0.0,54.0
9.0,5.0,65.28,42.22,29.18,15.64,15.59,11.54,2.72,6.66,0.0,8.12,0.81,110.0,0.0,0.0,0.0,110.0,1.0,38.92,83.01,49.0,32.71,19.72,18.5,8.73,15.5,0.0,2.84,3.41,102.0,0.0,0.0,0.0,102.0,6.0,59.13,32.61,22.68,17.83,19.45,9.3,9.88,10.49,5.19,0.0,9.61,73.0,43.0,9.0,2.0,105.0,0.0,0.0,0.0,0.0,0.0,0.0,0.0,0.0,0.0,0.0,0.0,0.0,0.0,0.0,0.0,0.0,0.0,0.0,0.0,0.0,0.0,0.0,0.0,0.0,0.0,0.0,0.0,0.0,0.0,0.0,0.0,0.0,0.0,0.0,0.0,0.0,0.0,0.0,0.0,0.0,0.0,0.0,0.0,0.0,0.0,0.0,0.0,0.0,0.0,0.0,0.0,0.0,0.0,0.0,0.0,0.0,0.0,0.0,0.0,0.0,0.0,0.0,0.0,0.0,0.0,0.0,0.0,0.0,4.0,0.0,11.83,16.08,18.18,14.31,27.92,28.58,39.22,73.16,46.98,11.53,58.0,31.0,9.0,0.0,80.0,3.0,10.94,9.29,0.0,10.58,16.48,18.82,25.9,39.76,73.73,44.19,3.58,105.0,18.0,0.0,0.0,123.0,2.0,6.4,7.04,0.0,11.41,16.4,16.32,35.8,27.48,60.1,55.13,10.8,69.0,30.0,6.0,0.0,93.0
9.1,5.0,64.83,41.9,27.5,17.15,14.66,12.3,0.0,6.04,3.08,11.74,0.81,94.0,0.0,0.0,0.0,94.0,1.0,35.83,84.99,50.39,34.66,17.78,18.99,10.85,16.01,0.0,4.33,3.53,98.0,0.0,0.0,0.0,98.0,6.0,57.93,38.02,21.72,19.57,19.02,9.71,8.26,8.57,2.48,0.0,9.43,110.0,90.0,2.0,8.0,190.0,0.0,0.0,0.0,0.0,0.0,0.0,0.0,0.0,0.0,0.0,0.0,0.0,0.0,0.0,0.0,0.0,0.0,0.0,0.0,0.0,0.0,0.0,0.0,0.0,0.0,0.0,0.0,0.0,0.0,0.0,0.0,0.0,0.0,0.0,0.0,0.0,0.0,0.0,0.0,0.0,0.0,0.0,0.0,0.0,0.0,0.0,0.0,0.0,0.0,0.0,0.0,0.0,0.0,0.0,0.0,0.0,0.0,0.0,0.0,0.0,0.0,0.0,0.0,0.0,0.0,0.0,0.0,0.0,4.0,0.0,14.1,12.26,15.83,16.1,32.95,25.21,40.81,72.97,50.41,11.99,52.0,20.0,9.0,0.0,63.0,3.0,6.23,6.49,0.0,12.34,16.59,21.29,26.8,41.74,78.29,45.54,3.56,100.0,0.0,0.0,0.0,100.0,2.0,5.98,5.45,0.0,9.79,14.29,19.06,38.04,32.83,61.35,56.13,7.2,85.0,22.0,3.0,0.0,104.0
9.2,5.0,65.38,40.35,23.97,12.53,17.12,9.0,0.0,6.0,5.32,9.36,0.82,102.0,0.0,0.0,0.0,102.0,1.0,37.79,77.38,47.94,29.46,18.21,23.01,11.52,17.48,0.0,5.0,3.49,101.0,4.0,0.0,0.0,105.0,6.0,60.46,38.49,23.69,16.36,18.68,8.43,9.78,9.98,2.16,0.0,10.78,72.0,44.0,6.0,0.0,110.0,0.0,0.0,0.0,0.0,0.0,0.0,0.0,0.0,0.0,0.0,0.0,0.0,0.0,0.0,0.0,0.0,0.0,0.0,0.0,0.0,0.0,0.0,0.0,0.0,0.0,0.0,0.0,0.0,0.0,0.0,0.0,0.0,0.0,0.0,0.0,0.0,0.0,0.0,0.0,0.0,0.0,0.0,0.0,0.0,0.0,0.0,0.0,0.0,0.0,0.0,0.0,0.0,0.0,0.0,0.0,0.0,0.0,0.0,0.0,0.0,0.0,0.0,0.0,0.0,0.0,0.0,0.0,0.0,4.0,0.0,14.72,11.34,16.7,16.45,30.06,21.48,39.72,73.99,53.33,13.55,66.0,38.0,6.0,0.0,98.0,3.0,6.75,7.08,0.0,14.79,12.25,18.81,28.55,45.18,83.58,45.43,3.45,109.0,0.0,0.0,0.0,109.0,2.0,5.84,6.19,0.0,9.11,16.62,14.05,37.93,30.78,62.16,54.17,4.79,80.0,44.0,0.0,2.0,122.0
9.3,5.0,65.75,41.33,27.17,10.54,15.26,12.52,0.0,6.84,5.34,9.82,0.82,105.0,0.0,0.0,0.0,105.0,1.0,37.39,80.12,51.36,29.06,18.3,25.35,10.21,18.12,0.0,5.73,3.64,96.0,2.0,0.0,0.0,98.0,6.0,58.69,36.09,24.28,18.76,19.8,9.84,11.12,15.62,-0.23,0.0,10.79,67.0,29.0,6.0,6.0,84.0,0.0,0.0,0.0,0.0,0.0,0.0,0.0,0.0,0.0,0.0,0.0,0.0,0.0,0.0,0.0,0.0,0.0,0.0,0.0,0.0,0.0,0.0,0.0,0.0,0.0,0.0,0.0,0.0,0.0,0.0,0.0,0.0,0.0,0.0,0.0,0.0,0.0,0.0,0.0,0.0,0.0,0.0,0.0,0.0,0.0,0.0,0.0,0.0,0.0,0.0,0.0,0.0,0.0,0.0,0.0,0.0,0.0,0.0,0.0,0.0,0.0,0.0,0.0,0.0,0.0,0.0,0.0,0.0,4.0,0.0,18.41,11.08,10.8,19.13,30.66,19.12,41.36,74.24,49.16,12.27,53.0,18.0,9.0,0.0,62.0,3.0,5.67,4.91,0.0,16.95,14.3,12.85,21.88,44.98,86.4,43.09,3.11,117.0,0.0,0.0,0.0,117.0,2.0,6.53,0.0,7.05,8.52,18.44,19.69,36.88,35.34,62.6,52.21,6.79,96.0,42.0,3.0,0.0,135.0
9.4,5.0,65.54,41.23,28.07,13.0,16.43,13.44,5.64,5.64,0.0,8.28,1.42,96.0,10.0,0.0,0.0,106.0,1.0,37.52,74.85,51.64,27.92,19.42,23.78,13.55,17.56,0.0,8.22,3.26,111.0,8.0,0.0,0.0,119.0,6.0,59.67,39.65,24.62,17.86,19.13,8.71,10.22,12.65,0.0,0.55,10.16,79.0,51.0,3.0,3.0,124.0,0.0,0.0,0.0,0.0,0.0,0.0,0.0,0.0,0.0,0.0,0.0,0.0,0.0,0.0,0.0,0.0,0.0,0.0,0.0,0.0,0.0,0.0,0.0,0.0,0.0,0.0,0.0,0.0,0.0,0.0,0.0,0.0,0.0,0.0,0.0,0.0,0.0,0.0,0.0,0.0,0.0,0.0,0.0,0.0,0.0,0.0,0.0,0.0,0.0,0.0,0.0,0.0,0.0,0.0,0.0,0.0,0.0,0.0,0.0,0.0,0.0,0.0,0.0,0.0,0.0,0.0,0.0,0.0,4.0,0.0,12.72,12.46,8.99,16.96,31.15,23.89,41.59,77.71,48.53,13.33,53.0,16.0,9.0,0.0,60.0,3.0,7.24,7.0,0.0,16.95,14.68,21.0,32.36,46.51,90.65,40.27,3.13,111.0,0.0,0.0,0.0,111.0,2.0,6.8,6.27,0.0,11.95,19.3,19.36,37.1,32.9,61.91,51.96,9.59,70.0,26.0,6.0,0.0,90.0
9.5,5.0,68.24,40.96,26.39,11.44,15.79,10.64,6.0,5.94,0.0,9.49,0.82,110.0,0.0,0.0,0.0,110.0,1.0,38.49,73.71,50.99,31.24,20.73,22.5,11.79,17.12,0.0,7.37,3.48,102.0,8.0,0.0,0.0,110.0,6.0,60.44,38.88,21.5,17.68,17.21,8.8,12.02,14.33,0.0,0.33,9.64,77.0,46.0,6.0,12.0,105.0,0.0,0.0,0.0,0.0,0.0,0.0,0.0,0.0,0.0,0.0,0.0,0.0,0.0,0.0,0.0,0.0,0.0,0.0,0.0,0.0,0.0,0.0,0.0,0.0,0.0,0.0,0.0,0.0,0.0,0.0,0.0,0.0,0.0,0.0,0.0,0.0,0.0,0.0,0.0,0.0,0.0,0.0,0.0,0.0,0.0,0.0,0.0,0.0,0.0,0.0,0.0,0.0,0.0,0.0,0.0,0.0,0.0,0.0,0.0,0.0,0.0,0.0,0.0,0.0,0.0,0.0,0.0,0.0,4.0,0.0,11.94,19.16,9.29,10.94,30.44,23.49,41.79,78.54,49.62,12.94,68.0,40.0,6.0,0.0,102.0,3.0,6.02,5.99,0.0,17.92,13.79,19.27,30.59,45.01,90.65,41.84,3.53,108.0,0.0,0.0,0.0,108.0,2.0,5.15,7.21,0.0,12.82,16.13,20.13,37.6,32.13,65.86,51.24,9.3,72.0,32.0,6.0,0.0,98.0
9.6,5.0,65.63,43.17,24.5,12.65,14.91,7.87,7.84,6.46,0.0,8.43,0.84,109.0,8.0,0.0,0.0,117.0,1.0,36.24,70.53,50.67,34.87,19.87,21.58,12.96,18.69,0.0,7.26,3.55,92.0,14.0,0.0,0.0,106.0,6.0,60.56,37.91,21.61,18.02,16.49,10.85,16.21,14.99,2.24,0.0,8.08,83.0,48.0,6.0,8.0,117.0,0.0,0.0,0.0,0.0,0.0,0.0,0.0,0.0,0.0,0.0,0.0,0.0,0.0,0.0,0.0,0.0,0.0,0.0,0.0,0.0,0.0,0.0,0.0,0.0,0.0,0.0,0.0,0.0,0.0,0.0,0.0,0.0,0.0,0.0,0.0,0.0,0.0,0.0,0.0,0.0,0.0,0.0,0.0,0.0,0.0,0.0,0.0,0.0,0.0,0.0,0.0,0.0,0.0,0.0,0.0,0.0,0.0,0.0,0.0,0.0,0.0,0.0,0.0,0.0,0.0,0.0,0.0,0.0,4.0,0.0,10.68,16.38,12.26,23.09,31.14,26.74,43.11,84.71,49.6,14.55,53.0,28.0,10.0,0.0,71.0,3.0,7.25,0.0,4.93,18.67,17.94,23.16,32.28,45.03,88.75,39.69,3.75,91.0,0.0,0.0,0.0,91.0,2.0,0.0,5.23,6.85,12.65,14.33,17.43,36.4,34.26,66.07,48.46,10.55,63.0,30.0,6.0,2.0,85.0
9.7,5.0,66.92,44.29,24.65,10.96,13.81,7.38,6.53,7.59,0.0,7.63,0.86,97.0,8.0,0.0,0.0,105.0,1.0,39.55,69.11,50.33,33.46,23.33,24.27,12.57,18.02,0.0,6.23,3.6,100.0,32.0,0.0,0.0,132.0,6.0,60.91,41.99,21.22,21.79,14.05,15.47,15.48,15.39,4.39,0.0,9.55,71.0,41.0,6.0,9.0,97.0,0.0,0.0,0.0,0.0,0.0,0.0,0.0,0.0,0.0,0.0,0.0,0.0,0.0,0.0,0.0,0.0,0.0,0.0,0.0,0.0,0.0,0.0,0.0,0.0,0.0,0.0,0.0,0.0,0.0,0.0,0.0,0.0,0.0,0.0,0.0,0.0,0.0,0.0,0.0,0.0,0.0,0.0,0.0,0.0,0.0,0.0,0.0,0.0,0.0,0.0,0.0,0.0,0.0,0.0,0.0,0.0,0.0,0.0,0.0,0.0,0.0,0.0,0.0,0.0,0.0,0.0,0.0,0.0,4.0,0.0,12.76,13.19,15.84,19.65,28.33,27.13,37.59,86.53,47.22,9.46,63.0,40.0,6.0,0.0,97.0,3.0,6.12,0.0,5.09,16.23,17.56,22.34,32.03,44.59,89.09,38.92,3.3,110.0,0.0,0.0,0.0,110.0,2.0,0.0,7.9,5.54,11.23,15.4,17.01,33.63,36.68,68.34,43.71,8.67,77.0,27.0,6.0,11.0,87.0
9.8,5.0,68.81,42.42,26.1,14.57,13.46,5.49,0.0,6.24,6.87,8.09,0.85,100.0,8.0,0.0,0.0,108.0,1.0,35.72,66.15,51.86,36.6,24.58,25.65,11.1,19.55,0.0,4.58,3.97,94.0,22.0,0.0,0.0,116.0,6.0,63.76,40.74,20.47,23.6,12.42,15.41,17.08,12.87,6.17,0.0,12.84,55.0,28.0,19.0,3.0,61.0,0.0,0.0,0.0,0.0,0.0,0.0,0.0,0.0,0.0,0.0,0.0,0.0,0.0,0.0,0.0,0.0,0.0,0.0,0.0,0.0,0.0,0.0,0.0,0.0,0.0,0.0,0.0,0.0,0.0,0.0,0.0,0.0,0.0,0.0,0.0,0.0,0.0,0.0,0.0,0.0,0.0,0.0,0.0,0.0,0.0,0.0,0.0,0.0,0.0,0.0,0.0,0.0,0.0,0.0,0.0,0.0,0.0,0.0,0.0,0.0,0.0,0.0,0.0,0.0,0.0,0.0,0.0,0.0,4.0,15.04,0.0,14.5,14.95,17.7,27.67,26.38,44.25,90.47,41.56,11.03,102.0,64.0,33.0,2.0,131.0,3.0,0.0,4.23,3.57,20.1,14.34,23.5,32.1,45.22,86.84,39.91,3.03,119.0,0.0,0.0,0.0,119.0,2.0,0.0,7.44,7.04,10.99,16.32,19.2,34.95,36.07,70.35,37.93,11.5,69.0,35.0,26.0,0.0,78.0
9.9,5.0,71.38,43.24,25.03,12.51,10.09,0.0,3.73,8.1,7.3,6.89,0.81,105.0,0.0,0.0,0.0,105.0,1.0,37.15,62.97,51.39,37.13,24.71,20.85,15.43,18.61,0.0,4.86,5.46,111.0,74.0,0.0,0.0,185.0,0.0,0.0,0.0,0.0,0.0,0.0,0.0,0.0,0.0,0.0,0.0,0.0,0.0,0.0,0.0,0.0,0.0,6.0,64.8,39.86,21.4,23.35,9.71,14.85,18.9,14.14,2.34,0.0,8.25,71.0,37.0,23.0,0.0,85.0,0.0,0.0,0.0,0.0,0.0,0.0,0.0,0.0,0.0,0.0,0.0,0.0,0.0,0.0,0.0,0.0,0.0,0.0,0.0,0.0,0.0,0.0,0.0,0.0,0.0,0.0,0.0,0.0,0.0,0.0,0.0,0.0,0.0,0.0,0.0,0.0,0.0,0.0,0.0,0.0,0.0,0.0,0.0,0.0,0.0,0.0,0.0,0.0,0.0,0.0,0.0,4.0,13.9,16.36,0.0,15.23,13.97,28.77,25.76,46.36,89.4,42.88,10.85,64.0,28.0,12.0,0.0,80.0,3.0,0.0,5.68,5.25,20.33,14.12,24.11,34.29,42.3,83.27,40.12,3.47,104.0,0.0,0.0,0.0,104.0,2.0,7.84,8.81,0.0,13.18,16.62,19.67,30.17,38.59,71.31,44.8,11.18,55.0,12.0,25.0,0.0,42.0
10.0,5.0,73.43,44.95,21.7,16.77,12.83,6.36,0.0,8.95,8.45,4.52,0.81,114.0,0.0,0.0,0.0,114.0,1.0,34.92,64.88,50.5,33.73,24.44,21.45,13.56,14.23,0.0,6.32,3.81,101.0,10.0,0.0,0.0,111.0,0.0,0.0,0.0,0.0,0.0,0.0,0.0,0.0,0.0,0.0,0.0,0.0,0.0,0.0,0.0,0.0,0.0,6.0,68.21,39.83,23.81,25.05,14.3,13.49,18.95,16.18,6.87,0.0,10.27,81.0,48.0,3.0,52.0,74.0,0.0,0.0,0.0,0.0,0.0,0.0,0.0,0.0,0.0,0.0,0.0,0.0,0.0,0.0,0.0,0.0,0.0,0.0,0.0,0.0,0.0,0.0,0.0,0.0,0.0,0.0,0.0,0.0,0.0,0.0,0.0,0.0,0.0,0.0,0.0,0.0,0.0,0.0,0.0,0.0,0.0,0.0,0.0,0.0,0.0,0.0,0.0,0.0,0.0,0.0,0.0,4.0,12.57,16.48,0.0,14.05,12.68,27.08,26.72,46.55,86.15,40.85,9.09,150.0,52.0,138.0,1.0,63.0,3.0,0.0,4.2,6.81,23.73,16.1,24.81,32.39,40.55,80.1,39.63,3.33,107.0,0.0,0.0,0.0,107.0,2.0,8.33,9.79,0.0,12.97,14.82,18.53,30.39,40.57,76.97,43.12,14.51,165.0,59.0,129.0,0.0,95.0
10.1,5.0,72.26,43.85,23.63,17.52,14.21,4.42,5.67,7.64,7.21,0.0,0.81,114.0,2.0,0.0,0.0,116.0,1.0,32.96,62.77,48.63,35.16,27.06,24.43,15.47,11.82,0.0,7.1,3.57,99.0,0.0,0.0,0.0,99.0,0.0,0.0,0.0,0.0,0.0,0.0,0.0,0.0,0.0,0.0,0.0,0.0,0.0,0.0,0.0,0.0,0.0,6.0,69.27,39.47,23.74,24.12,18.02,12.83,17.45,13.69,2.36,0.0,11.04,94.0,50.0,6.0,23.0,115.0,0.0,0.0,0.0,0.0,0.0,0.0,0.0,0.0,0.0,0.0,0.0,0.0,0.0,0.0,0.0,0.0,0.0,0.0,0.0,0.0,0.0,0.0,0.0,0.0,0.0,0.0,0.0,0.0,0.0,0.0,0.0,0.0,0.0,0.0,0.0,0.0,0.0,0.0,0.0,0.0,0.0,0.0,0.0,0.0,0.0,0.0,0.0,0.0,0.0,0.0,0.0,4.0,14.49,17.48,0.0,11.89,12.75,26.3,22.4,45.72,82.86,42.54,13.54,129.0,76.0,78.0,9.0,118.0,3.0,0.0,6.98,2.7,15.4,17.42,22.9,28.56,35.29,79.84,40.25,3.43,104.0,0.0,0.0,0.0,104.0,2.0,7.88,9.09,0.0,13.17,15.31,14.56,30.41,43.72,77.35,41.01,7.69,133.0,73.0,85.0,0.0,121.0
10.2,5.0,70.38,42.67,21.48,21.02,15.35,7.27,0.0,7.62,10.07,4.75,0.81,100.0,0.0,0.0,0.0,100.0,1.0,34.33,63.14,51.62,36.83,29.39,22.84,10.15,10.36,0.0,7.53,3.29,107.0,0.0,0.0,0.0,107.0,0.0,0.0,0.0,0.0,0.0,0.0,0.0,0.0,0.0,0.0,0.0,0.0,0.0,0.0,0.0,0.0,0.0,6.0,68.91,37.81,29.18,24.0,19.16,11.39,15.33,15.72,-1.22,0.0,9.55,68.0,47.0,6.0,1.0,108.0,0.0,0.0,0.0,0.0,0.0,0.0,0.0,0.0,0.0,0.0,0.0,0.0,0.0,0.0,0.0,0.0,0.0,0.0,0.0,0.0,0.0,0.0,0.0,0.0,0.0,0.0,0.0,0.0,0.0,0.0,0.0,0.0,0.0,0.0,0.0,0.0,0.0,0.0,0.0,0.0,0.0,0.0,0.0,0.0,0.0,0.0,0.0,0.0,0.0,0.0,0.0,4.0,15.59,16.71,0.0,13.36,15.3,27.06,22.35,46.58,81.5,40.33,9.4,81.0,53.0,13.0,0.0,121.0,3.0,0.0,5.68,5.24,19.12,18.18,20.96,28.9,36.54,77.25,42.64,3.6,103.0,0.0,0.0,0.0,103.0,2.0,7.16,5.9,0.0,11.01,15.1,14.8,30.82,44.98,79.33,39.5,10.53,48.0,21.0,10.0,0.0,59.0
10.3,5.0,70.48,44.06,20.15,23.99,17.26,5.98,0.0,5.89,7.92,3.56,0.81,97.0,0.0,0.0,0.0,97.0,1.0,35.85,60.49,50.13,35.61,30.02,24.41,7.83,10.81,0.0,8.63,3.41,119.0,30.0,0.0,6.0,143.0,6.0,69.97,37.24,23.34,22.67,22.59,9.45,16.91,13.37,2.58,0.0,11.33,53.0,30.0,9.0,4.0,70.0,0.0,0.0,0.0,0.0,0.0,0.0,0.0,0.0,0.0,0.0,0.0,0.0,0.0,0.0,0.0,0.0,0.0,0.0,0.0,0.0,0.0,0.0,0.0,0.0,0.0,0.0,0.0,0.0,0.0,0.0,0.0,0.0,0.0,0.0,0.0,0.0,0.0,0.0,0.0,0.0,0.0,0.0,0.0,0.0,0.0,0.0,0.0,0.0,0.0,0.0,0.0,0.0,0.0,0.0,0.0,0.0,0.0,0.0,0.0,0.0,0.0,0.0,0.0,0.0,0.0,0.0,0.0,0.0,4.0,12.57,15.06,0.0,16.3,18.12,30.36,25.76,51.94,77.98,41.67,8.76,84.0,61.0,10.0,1.0,134.0,3.0,4.67,0.0,6.58,16.44,18.98,20.8,29.14,36.54,73.58,38.79,3.36,105.0,0.0,0.0,0.0,105.0,2.0,8.63,8.73,0.0,13.57,15.62,15.94,32.65,42.88,82.78,42.82,13.15,66.0,23.0,16.0,0.0,73.0
10.4,5.0,71.22,44.97,17.7,24.54,14.91,7.53,6.17,7.71,8.27,0.0,0.82,97.0,0.0,0.0,0.0,97.0,1.0,32.41,62.21,55.52,36.45,23.26,22.09,10.39,10.09,0.0,8.08,3.67,110.0,28.0,0.0,22.0,116.0,6.0,73.15,39.03,25.32,24.5,21.19,10.0,18.06,15.02,6.0,0.0,12.14,64.0,37.0,9.0,10.0,82.0,0.0,0.0,0.0,0.0,0.0,0.0,0.0,0.0,0.0,0.0,0.0,0.0,0.0,0.0,0.0,0.0,0.0,0.0,0.0,0.0,0.0,0.0,0.0,0.0,0.0,0.0,0.0,0.0,0.0,0.0,0.0,0.0,0.0,0.0,0.0,0.0,0.0,0.0,0.0,0.0,0.0,0.0,0.0,0.0,0.0,0.0,0.0,0.0,0.0,0.0,0.0,0.0,0.0,0.0,0.0,0.0,0.0,0.0,0.0,0.0,0.0,0.0,0.0,0.0,0.0,0.0,0.0,0.0,4.0,0.0,18.16,12.5,16.98,19.08,32.51,26.07,45.3,77.78,40.41,9.9,81.0,43.0,35.0,6.0,83.0,3.0,6.96,0.0,7.74,18.98,19.39,19.42,30.9,40.78,68.19,41.43,3.59,101.0,0.0,0.0,0.0,101.0,2.0,9.83,9.66,0.0,12.93,15.0,19.13,34.19,41.38,83.53,42.84,9.53,107.0,43.0,45.0,0.0,105.0
10.5,5.0,68.73,43.7,17.75,24.93,12.99,9.5,6.91,9.18,9.89,0.0,1.87,108.0,18.0,0.0,0.0,126.0,1.0,31.86,63.75,52.5,31.93,24.53,22.08,11.87,9.77,0.0,9.57,3.82,118.0,27.0,13.0,17.0,115.0,6.0,74.8,38.91,25.81,21.96,23.99,15.85,16.03,15.47,6.69,0.0,12.31,64.0,49.0,6.0,3.0,104.0,0.0,0.0,0.0,0.0,0.0,0.0,0.0,0.0,0.0,0.0,0.0,0.0,0.0,0.0,0.0,0.0,0.0,0.0,0.0,0.0,0.0,0.0,0.0,0.0,0.0,0.0,0.0,0.0,0.0,0.0,0.0,0.0,0.0,0.0,0.0,0.0,0.0,0.0,0.0,0.0,0.0,0.0,0.0,0.0,0.0,0.0,0.0,0.0,0.0,0.0,0.0,0.0,0.0,0.0,0.0,0.0,0.0,0.0,0.0,0.0,0.0,0.0,0.0,0.0,0.0,0.0,0.0,0.0,4.0,0.0,16.52,16.88,17.64,18.06,33.84,25.75,47.79,75.64,41.94,11.2,66.0,42.0,13.0,3.0,92.0,3.0,9.77,0.0,7.96,18.51,20.55,23.17,33.19,39.6,64.99,40.33,3.4,105.0,4.0,0.0,0.0,109.0,2.0,8.43,8.26,0.0,10.1,16.04,23.92,33.98,39.51,82.77,39.08,11.1,102.0,37.0,13.0,0.0,126.0
10.6,5.0,67.81,47.48,21.32,25.31,16.6,6.02,6.79,8.32,10.06,0.0,1.0,92.0,44.0,0.0,0.0,136.0,1.0,31.62,59.33,57.0,29.02,24.49,21.38,16.66,8.75,0.0,8.67,6.49,116.0,31.0,31.0,8.0,108.0,6.0,72.5,40.88,27.86,25.78,24.23,15.05,15.08,13.54,3.09,0.0,12.1,60.0,37.0,11.0,23.0,63.0,0.0,0.0,0.0,0.0,0.0,0.0,0.0,0.0,0.0,0.0,0.0,0.0,0.0,0.0,0.0,0.0,0.0,0.0,0.0,0.0,0.0,0.0,0.0,0.0,0.0,0.0,0.0,0.0,0.0,0.0,0.0,0.0,0.0,0.0,0.0,0.0,0.0,0.0,0.0,0.0,0.0,0.0,0.0,0.0,0.0,0.0,0.0,0.0,0.0,0.0,0.0,0.0,0.0,0.0,0.0,0.0,0.0,0.0,0.0,0.0,0.0,0.0,0.0,0.0,0.0,0.0,0.0,0.0,4.0,0.0,15.56,17.81,16.27,15.47,30.04,31.18,51.16,72.19,39.72,11.5,47.0,23.0,9.0,5.0,56.0,3.0,7.81,0.0,9.34,18.99,16.42,22.29,31.98,42.21,59.17,39.68,3.62,98.0,36.0,0.0,0.0,134.0,2.0,8.34,9.34,0.0,11.67,18.37,19.01,37.29,42.13,84.47,43.16,9.87,72.0,28.0,20.0,0.0,80.0
10.7,5.0,66.12,46.28,23.35,27.36,21.56,7.78,9.28,9.89,7.79,0.0,2.66,96.0,32.0,0.0,0.0,128.0,1.0,33.07,54.8,55.99,31.13,27.73,22.97,16.96,7.35,0.0,7.32,7.25,66.0,8.0,8.0,0.0,66.0,6.0,73.29,37.41,25.61,24.59,21.4,15.31,12.64,12.33,4.75,0.0,10.88,84.0,50.0,6.0,0.0,128.0,0.0,0.0,0.0,0.0,0.0,0.0,0.0,0.0,0.0,0.0,0.0,0.0,0.0,0.0,0.0,0.0,0.0,0.0,0.0,0.0,0.0,0.0,0.0,0.0,0.0,0.0,0.0,0.0,0.0,0.0,0.0,0.0,0.0,0.0,0.0,0.0,0.0,0.0,0.0,0.0,0.0,0.0,0.0,0.0,0.0,0.0,0.0,0.0,0.0,0.0,0.0,0.0,0.0,0.0,0.0,0.0,0.0,0.0,0.0,0.0,0.0,0.0,0.0,0.0,0.0,0.0,0.0,0.0,4.0,14.73,0.0,13.15,17.13,16.29,30.26,35.01,51.07,72.26,38.07,14.2,81.0,40.0,10.0,9.0,102.0,3.0,10.43,0.0,10.74,18.52,17.11,20.98,33.27,39.23,59.42,40.44,4.56,102.0,46.0,0.0,0.0,148.0,2.0,9.93,8.06,0.0,11.43,18.54,21.92,37.22,41.3,87.99,42.46,10.28,75.0,29.0,19.0,0.0,85.0
10.8,5.0,73.65,47.37,25.12,25.2,20.85,6.42,10.52,9.51,8.32,0.0,1.32,99.0,16.0,0.0,0.0,115.0,1.0,29.83,57.28,58.65,28.97,27.2,25.83,18.73,9.96,0.0,7.72,9.28,68.0,7.0,8.0,0.0,67.0,6.0,72.73,37.33,30.94,23.18,22.19,14.6,14.4,10.47,2.04,0.0,10.03,62.0,31.0,6.0,0.0,87.0,0.0,0.0,0.0,0.0,0.0,0.0,0.0,0.0,0.0,0.0,0.0,0.0,0.0,0.0,0.0,0.0,0.0,0.0,0.0,0.0,0.0,0.0,0.0,0.0,0.0,0.0,0.0,0.0,0.0,0.0,0.0,0.0,0.0,0.0,0.0,0.0,0.0,0.0,0.0,0.0,0.0,0.0,0.0,0.0,0.0,0.0,0.0,0.0,0.0,0.0,0.0,0.0,0.0,0.0,0.0,0.0,0.0,0.0,0.0,0.0,0.0,0.0,0.0,0.0,0.0,0.0,0.0,0.0,4.0,13.13,13.68,0.0,14.52,13.68,33.0,34.63,46.25,71.21,35.08,12.9,46.0,17.0,9.0,0.0,54.0,3.0,9.17,0.0,12.5,19.69,13.63,20.46,33.42,46.34,62.41,39.44,4.24,102.0,24.0,0.0,0.0,126.0,2.0,9.95,9.94,0.0,11.84,18.97,20.61,38.37,42.78,91.24,42.21,12.29,67.0,34.0,11.0,0.0,90.0
10.9,5.0,76.22,46.97,26.86,19.17,20.08,8.55,7.74,8.81,11.4,0.0,0.82,109.0,0.0,0.0,0.0,109.0,1.0,32.12,56.68,59.37,31.48,28.05,25.82,19.14,11.83,0.0,7.18,9.2,64.0,6.0,3.0,0.0,67.0,6.0,73.8,36.1,29.15,24.89,19.34,13.54,11.67,9.77,3.47,0.0,9.3,72.0,28.0,6.0,0.0,94.0,0.0,0.0,0.0,0.0,0.0,0.0,0.0,0.0,0.0,0.0,0.0,0.0,0.0,0.0,0.0,0.0,0.0,0.0,0.0,0.0,0.0,0.0,0.0,0.0,0.0,0.0,0.0,0.0,0.0,0.0,0.0,0.0,0.0,0.0,0.0,0.0,0.0,0.0,0.0,0.0,0.0,0.0,0.0,0.0,0.0,0.0,0.0,0.0,0.0,0.0,0.0,0.0,0.0,0.0,0.0,0.0,0.0,0.0,0.0,0.0,0.0,0.0,0.0,0.0,0.0,0.0,0.0,0.0,4.0,0.0,12.97,10.4,18.17,13.43,34.51,28.27,47.55,67.04,32.45,13.7,42.0,16.0,9.0,0.0,49.0,3.0,9.75,0.0,12.88,21.33,13.42,22.37,35.14,48.19,60.03,40.65,3.78,106.0,36.0,0.0,1.0,141.0,2.0,7.81,8.24,0.0,11.46,18.56,20.34,37.92,43.74,91.64,41.71,11.42,48.0,20.0,6.0,0.0,62.0
11.0,5.0,76.79,45.92,30.05,25.18,20.42,10.21,0.0,8.93,9.77,8.56,0.81,116.0,0.0,0.0,0.0,116.0,1.0,27.99,55.27,58.27,30.07,28.85,29.61,19.32,14.4,0.0,7.0,9.44,76.0,6.0,6.0,0.0,76.0,6.0,76.57,38.72,29.64,22.43,18.14,14.08,10.67,8.87,4.44,0.0,10.76,61.0,29.0,6.0,0.0,84.0,0.0,0.0,0.0,0.0,0.0,0.0,0.0,0.0,0.0,0.0,0.0,0.0,0.0,0.0,0.0,0.0,0.0,0.0,0.0,0.0,0.0,0.0,0.0,0.0,0.0,0.0,0.0,0.0,0.0,0.0,0.0,0.0,0.0,0.0,0.0,0.0,0.0,0.0,0.0,0.0,0.0,0.0,0.0,0.0,0.0,0.0,0.0,0.0,0.0,0.0,0.0,0.0,0.0,0.0,0.0,0.0,0.0,0.0,0.0,0.0,0.0,0.0,0.0,0.0,0.0,0.0,0.0,0.0,4.0,0.0,11.82,11.05,16.34,15.61,32.73,33.85,44.74,62.87,35.5,18.68,60.0,31.0,6.0,12.0,73.0,3.0,9.97,0.0,14.26,22.8,10.7,20.73,33.65,45.36,57.46,46.9,4.48,111.0,33.0,0.0,16.0,128.0,2.0,0.0,8.36,5.57,10.16,22.97,19.14,35.32,43.12,91.6,38.93,13.06,74.0,31.0,31.0,0.0,74.0
11.1,5.0,79.83,45.73,28.57,26.93,20.9,10.82,7.73,0.0,9.97,8.46,0.82,113.0,0.0,0.0,0.0,113.0,1.0,30.11,50.51,57.13,36.16,27.7,24.98,17.95,14.35,8.3,0.0,8.84,62.0,8.0,13.0,0.0,57.0,6.0,78.6,39.99,31.22,21.88,19.75,12.77,11.51,6.86,4.25,0.0,9.91,85.0,32.0,6.0,0.0,111.0,0.0,0.0,0.0,0.0,0.0,0.0,0.0,0.0,0.0,0.0,0.0,0.0,0.0,0.0,0.0,0.0,0.0,0.0,0.0,0.0,0.0,0.0,0.0,0.0,0.0,0.0,0.0,0.0,0.0,0.0,0.0,0.0,0.0,0.0,0.0,0.0,0.0,0.0,0.0,0.0,0.0,0.0,0.0,0.0,0.0,0.0,0.0,0.0,0.0,0.0,0.0,0.0,0.0,0.0,0.0,0.0,0.0,0.0,0.0,0.0,0.0,0.0,0.0,0.0,0.0,0.0,0.0,0.0,4.0,0.0,14.44,15.3,19.26,15.52,25.18,33.52,47.22,63.42,33.82,10.02,44.0,11.0,9.0,2.0,44.0,3.0,12.79,0.0,13.54,24.94,11.66,26.21,33.67,47.27,56.0,42.93,3.82,94.0,34.0,0.0,17.0,111.0,2.0,5.98,8.68,0.0,10.12,21.82,17.59,35.33,44.39,87.49,39.9,13.54,50.0,12.0,12.0,0.0,50.0
11.2,5.0,83.33,44.18,27.84,29.14,17.92,14.32,7.33,0.0,8.15,11.41,0.81,109.0,0.0,0.0,0.0,109.0,1.0,31.62,52.07,58.84,34.39,27.77,25.05,16.5,13.08,0.0,6.75,9.42,69.0,6.0,3.0,0.0,72.0,6.0,81.74,39.52,29.12,21.3,17.65,14.04,8.88,6.1,2.9,0.0,10.13,67.0,22.0,6.0,0.0,83.0,0.0,0.0,0.0,0.0,0.0,0.0,0.0,0.0,0.0,0.0,0.0,0.0,0.0,0.0,0.0,0.0,0.0,0.0,0.0,0.0,0.0,0.0,0.0,0.0,0.0,0.0,0.0,0.0,0.0,0.0,0.0,0.0,0.0,0.0,0.0,0.0,0.0,0.0,0.0,0.0,0.0,0.0,0.0,0.0,0.0,0.0,0.0,0.0,0.0,0.0,0.0,0.0,0.0,0.0,0.0,0.0,0.0,0.0,0.0,0.0,0.0,0.0,0.0,0.0,0.0,0.0,0.0,0.0,4.0,0.0,14.11,17.75,18.14,16.3,29.45,36.29,48.38,60.99,35.59,15.27,42.0,14.0,12.0,0.0,44.0,3.0,15.48,0.0,14.07,25.99,16.75,28.68,30.92,46.78,57.78,43.48,3.63,121.0,52.0,7.0,16.0,150.0,2.0,0.0,10.1,9.95,11.89,20.33,20.95,33.57,42.65,86.32,35.34,13.84,67.0,22.0,6.0,0.0,83.0
11.3,5.0,82.01,46.44,27.3,28.18,20.81,13.43,9.07,0.0,6.84,10.85,0.82,98.0,0.0,0.0,0.0,98.0,1.0,29.96,50.08,56.49,35.19,27.68,21.92,18.91,7.76,0.0,7.51,9.91,71.0,8.0,6.0,0.0,73.0,6.0,81.11,37.71,29.0,20.51,15.53,15.25,5.17,6.86,2.41,0.0,10.34,46.0,21.0,6.0,0.0,61.0,0.0,0.0,0.0,0.0,0.0,0.0,0.0,0.0,0.0,0.0,0.0,0.0,0.0,0.0,0.0,0.0,0.0,0.0,0.0,0.0,0.0,0.0,0.0,0.0,0.0,0.0,0.0,0.0,0.0,0.0,0.0,0.0,0.0,0.0,0.0,0.0,0.0,0.0,0.0,0.0,0.0,0.0,0.0,0.0,0.0,0.0,0.0,0.0,0.0,0.0,0.0,0.0,0.0,0.0,0.0,0.0,0.0,0.0,0.0,0.0,0.0,0.0,0.0,0.0,0.0,0.0,0.0,0.0,4.0,0.0,15.11,18.4,18.19,19.24,28.0,35.95,47.29,56.32,34.55,13.92,47.0,19.0,6.0,0.0,60.0,3.0,15.12,0.0,14.14,22.51,17.17,27.85,31.26,45.07,55.24,40.54,3.37,115.0,56.0,0.0,16.0,155.0,2.0,0.0,10.75,10.41,10.34,20.03,21.03,30.36,43.89,85.6,35.72,12.85,53.0,12.0,9.0,0.0,56.0
11.4,5.0,83.11,44.75,26.41,28.95,23.05,13.47,8.46,0.0,9.05,10.45,0.82,106.0,0.0,0.0,0.0,106.0,1.0,31.16,51.52,56.78,33.98,28.81,24.25,18.02,13.21,6.68,0.0,14.87,45.0,7.0,10.0,0.0,42.0,6.0,82.15,39.56,31.82,23.46,16.22,13.99,10.44,6.41,2.53,0.0,12.77,64.0,12.0,13.0,0.0,63.0,0.0,0.0,0.0,0.0,0.0,0.0,0.0,0.0,0.0,0.0,0.0,0.0,0.0,0.0,0.0,0.0,0.0,0.0,0.0,0.0,0.0,0.0,0.0,0.0,0.0,0.0,0.0,0.0,0.0,0.0,0.0,0.0,0.0,0.0,0.0,0.0,0.0,0.0,0.0,0.0,0.0,0.0,0.0,0.0,0.0,0.0,0.0,0.0,0.0,0.0,0.0,0.0,0.0,0.0,0.0,0.0,0.0,0.0,0.0,0.0,0.0,0.0,0.0,0.0,0.0,0.0,0.0,0.0,4.0,0.0,16.74,18.38,18.48,18.38,27.13,32.04,48.19,56.56,31.46,11.77,52.0,19.0,9.0,0.0,62.0,3.0,15.7,0.0,17.57,22.72,15.64,26.95,25.88,43.88,52.85,39.8,4.22,104.0,32.0,11.0,15.0,110.0,2.0,0.0,10.63,11.87,10.05,20.34,22.34,30.35,48.66,82.77,35.68,11.63,45.0,10.0,9.0,0.0,46.0
11.5,5.0,80.86,47.09,28.1,27.89,22.81,11.68,9.52,0.0,11.19,11.08,0.81,105.0,0.0,0.0,0.0,105.0,1.0,28.3,55.8,57.34,33.36,30.03,21.47,16.06,11.69,0.0,7.52,9.81,73.0,8.0,6.0,0.0,75.0,6.0,80.65,38.36,30.9,23.85,15.65,16.99,11.93,8.53,4.53,0.0,8.37,63.0,32.0,6.0,0.0,89.0,0.0,0.0,0.0,0.0,0.0,0.0,0.0,0.0,0.0,0.0,0.0,0.0,0.0,0.0,0.0,0.0,0.0,0.0,0.0,0.0,0.0,0.0,0.0,0.0,0.0,0.0,0.0,0.0,0.0,0.0,0.0,0.0,0.0,0.0,0.0,0.0,0.0,0.0,0.0,0.0,0.0,0.0,0.0,0.0,0.0,0.0,0.0,0.0,0.0,0.0,0.0,0.0,0.0,0.0,0.0,0.0,0.0,0.0,0.0,0.0,0.0,0.0,0.0,0.0,0.0,0.0,0.0,0.0,4.0,0.0,13.38,16.94,17.17,15.36,29.59,34.64,47.08,54.81,34.55,15.07,48.0,21.0,9.0,0.0,60.0,3.0,16.81,0.0,12.36,23.72,22.35,27.71,32.42,45.75,53.45,41.81,4.8,105.0,39.0,4.0,29.0,111.0,2.0,0.0,12.87,7.51,11.86,21.36,22.77,27.78,46.97,80.18,35.6,14.5,59.0,31.0,10.0,0.0,80.0
11.6,5.0,78.29,48.42,27.36,29.56,21.01,11.14,10.06,0.0,9.57,13.3,0.82,111.0,0.0,0.0,0.0,111.0,1.0,25.17,54.57,60.28,33.38,32.3,22.16,16.25,14.25,6.74,0.0,10.12,77.0,6.0,8.0,0.0,75.0,6.0,81.1,38.4,25.48,24.95,14.56,19.47,10.05,3.36,4.44,0.0,9.91,73.0,42.0,3.0,0.0,112.0,0.0,0.0,0.0,0.0,0.0,0.0,0.0,0.0,0.0,0.0,0.0,0.0,0.0,0.0,0.0,0.0,0.0,0.0,0.0,0.0,0.0,0.0,0.0,0.0,0.0,0.0,0.0,0.0,0.0,0.0,0.0,0.0,0.0,0.0,0.0,0.0,0.0,0.0,0.0,0.0,0.0,0.0,0.0,0.0,0.0,0.0,0.0,0.0,0.0,0.0,0.0,0.0,0.0,0.0,0.0,0.0,0.0,0.0,0.0,0.0,0.0,0.0,0.0,0.0,0.0,0.0,0.0,0.0,4.0,0.0,20.3,17.93,13.6,17.58,29.77,33.42,48.01,49.76,34.09,14.01,57.0,19.0,9.0,3.0,64.0,3.0,13.47,0.0,13.2,23.82,22.92,26.79,32.04,42.85,58.71,41.19,3.47,111.0,36.0,0.0,12.0,135.0,2.0,0.0,16.5,7.16,9.95,16.35,21.83,27.05,48.82,78.54,34.03,16.17,45.0,22.0,13.0,0.0,54.0
11.7,5.0,78.39,47.43,30.09,29.68,20.02,12.89,8.64,0.0,12.53,14.05,0.82,99.0,0.0,0.0,0.0,99.0,1.0,24.64,53.86,60.3,36.14,29.8,22.94,17.86,15.27,0.0,7.66,10.91,67.0,8.0,6.0,0.0,69.0,6.0,83.72,38.94,28.28,23.78,16.11,16.08,10.84,5.03,3.33,0.0,7.32,67.0,39.0,3.0,0.0,103.0,0.0,0.0,0.0,0.0,0.0,0.0,0.0,0.0,0.0,0.0,0.0,0.0,0.0,0.0,0.0,0.0,0.0,0.0,0.0,0.0,0.0,0.0,0.0,0.0,0.0,0.0,0.0,0.0,0.0,0.0,0.0,0.0,0.0,0.0,0.0,0.0,0.0,0.0,0.0,0.0,0.0,0.0,0.0,0.0,0.0,0.0,0.0,0.0,0.0,0.0,0.0,0.0,0.0,0.0,0.0,0.0,0.0,0.0,0.0,0.0,0.0,0.0,0.0,0.0,0.0,0.0,0.0,0.0,4.0,0.0,17.8,17.93,17.19,22.87,26.44,32.71,47.93,52.6,35.2,13.53,48.0,17.0,11.0,0.0,54.0,3.0,8.32,0.0,12.4,17.75,26.48,24.78,36.31,43.56,56.5,33.43,3.78,105.0,44.0,0.0,0.0,149.0,2.0,9.31,17.05,0.0,9.1,20.54,20.02,31.23,46.8,75.3,36.49,13.68,44.0,17.0,9.0,0.0,52.0
11.8,5.0,79.81,45.9,28.94,29.07,19.88,11.4,10.18,0.0,11.03,14.4,0.82,107.0,0.0,0.0,0.0,107.0,1.0,25.09,52.94,56.85,39.16,25.73,27.71,17.94,16.99,0.0,11.78,9.74,60.0,8.0,6.0,0.0,62.0,6.0,84.0,39.96,32.18,26.5,14.35,11.16,12.87,6.18,0.0,4.75,9.87,74.0,35.0,6.0,0.0,103.0,0.0,0.0,0.0,0.0,0.0,0.0,0.0,0.0,0.0,0.0,0.0,0.0,0.0,0.0,0.0,0.0,0.0,0.0,0.0,0.0,0.0,0.0,0.0,0.0,0.0,0.0,0.0,0.0,0.0,0.0,0.0,0.0,0.0,0.0,0.0,0.0,0.0,0.0,0.0,0.0,0.0,0.0,0.0,0.0,0.0,0.0,0.0,0.0,0.0,0.0,0.0,0.0,0.0,0.0,0.0,0.0,0.0,0.0,0.0,0.0,0.0,0.0,0.0,0.0,0.0,0.0,0.0,0.0,4.0,0.0,17.23,16.97,12.75,20.67,28.53,34.88,49.93,48.61,35.48,12.37,87.0,49.0,31.0,3.0,102.0,3.0,6.08,0.0,15.22,17.13,23.82,28.3,38.41,39.89,56.9,37.14,3.37,119.0,56.0,0.0,0.0,175.0,2.0,10.03,16.41,9.82,0.0,17.81,18.41,28.35,46.62,73.14,37.73,11.5,55.0,26.0,9.0,0.0,72.0
11.9,5.0,77.53,46.42,29.91,28.48,18.76,13.06,11.67,0.0,10.28,12.08,0.82,106.0,0.0,0.0,0.0,106.0,1.0,25.8,51.05,56.75,40.73,28.61,24.24,17.25,15.55,0.0,9.35,9.38,69.0,8.0,6.0,0.0,71.0,6.0,81.51,39.54,32.8,25.86,14.21,13.18,12.15,6.43,0.0,6.29,10.8,69.0,21.0,6.0,0.0,84.0,0.0,0.0,0.0,0.0,0.0,0.0,0.0,0.0,0.0,0.0,0.0,0.0,0.0,0.0,0.0,0.0,0.0,0.0,0.0,0.0,0.0,0.0,0.0,0.0,0.0,0.0,0.0,0.0,0.0,0.0,0.0,0.0,0.0,0.0,0.0,0.0,0.0,0.0,0.0,0.0,0.0,0.0,0.0,0.0,0.0,0.0,0.0,0.0,0.0,0.0,0.0,0.0,0.0,0.0,0.0,0.0,0.0,0.0,0.0,0.0,0.0,0.0,0.0,0.0,0.0,0.0,0.0,0.0,4.0,0.0,16.44,16.04,15.34,19.56,31.11,36.21,53.0,48.69,35.43,9.04,127.0,86.0,53.0,0.0,160.0,3.0,9.19,0.0,14.44,18.31,25.55,31.63,33.33,40.97,56.66,37.25,5.03,107.0,68.0,0.0,0.0,175.0,2.0,0.0,16.36,14.55,7.89,20.86,18.63,24.77,48.26,67.52,33.91,18.39,43.0,13.0,10.0,0.0,46.0
12.0,5.0,75.3,49.18,26.64,27.48,22.49,11.34,11.78,0.0,6.88,12.18,0.81,100.0,0.0,0.0,0.0,100.0,1.0,26.29,49.59,57.08,36.94,26.5,25.18,17.27,16.32,0.0,14.68,8.17,73.0,6.0,6.0,0.0,73.0,6.0,82.24,42.79,32.11,25.56,14.62,11.58,7.7,7.55,3.98,0.0,9.5,71.0,26.0,6.0,0.0,91.0,0.0,0.0,0.0,0.0,0.0,0.0,0.0,0.0,0.0,0.0,0.0,0.0,0.0,0.0,0.0,0.0,0.0,0.0,0.0,0.0,0.0,0.0,0.0,0.0,0.0,0.0,0.0,0.0,0.0,0.0,0.0,0.0,0.0,0.0,0.0,0.0,0.0,0.0,0.0,0.0,0.0,0.0,0.0,0.0,0.0,0.0,0.0,0.0,0.0,0.0,0.0,0.0,0.0,0.0,0.0,0.0,0.0,0.0,0.0,0.0,0.0,0.0,0.0,0.0,0.0,0.0,0.0,0.0,4.0,0.0,14.33,15.93,18.73,18.0,29.56,37.87,52.77,50.13,38.06,9.91,152.0,93.0,74.0,1.0,170.0,3.0,8.5,0.0,13.79,20.27,25.29,28.31,37.2,43.36,55.96,37.28,4.12,123.0,82.0,0.0,10.0,195.0,2.0,0.0,15.93,11.91,6.35,20.16,18.73,25.74,44.97,66.73,35.22,13.94,40.0,15.0,11.0,0.0,44.0
12.1,5.0,75.59,48.29,30.55,28.03,20.89,10.61,11.23,4.35,0.0,8.55,0.82,102.0,0.0,0.0,0.0,102.0,1.0,26.94,49.91,59.75,40.9,27.61,23.8,16.6,16.79,0.0,14.81,9.4,68.0,10.0,3.0,0.0,75.0,6.0,81.77,36.68,31.35,22.94,14.58,12.65,7.99,5.26,0.0,3.46,10.61,65.0,24.0,6.0,0.0,83.0,0.0,0.0,0.0,0.0,0.0,0.0,0.0,0.0,0.0,0.0,0.0,0.0,0.0,0.0,0.0,0.0,0.0,0.0,0.0,0.0,0.0,0.0,0.0,0.0,0.0,0.0,0.0,0.0,0.0,0.0,0.0,0.0,0.0,0.0,0.0,0.0,0.0,0.0,0.0,0.0,0.0,0.0,0.0,0.0,0.0,0.0,0.0,0.0,0.0,0.0,0.0,0.0,0.0,0.0,0.0,0.0,0.0,0.0,0.0,0.0,0.0,0.0,0.0,0.0,0.0,0.0,0.0,0.0,4.0,0.0,15.29,17.3,15.96,21.92,24.87,36.23,51.43,51.65,36.24,8.74,130.0,78.0,54.0,6.0,148.0,3.0,0.0,7.64,14.48,17.8,23.36,32.25,34.16,45.45,55.55,35.45,4.88,98.0,64.0,0.0,15.0,147.0,2.0,0.0,12.52,14.65,7.97,25.29,15.12,27.05,46.6,67.43,37.9,13.25,53.0,28.0,16.0,0.0,65.0
12.2,5.0,75.61,48.44,29.85,27.07,23.8,13.54,11.9,7.21,6.75,0.0,2.61,112.0,26.0,0.0,0.0,138.0,1.0,29.1,51.06,63.35,40.52,28.46,26.48,16.02,14.97,0.0,12.44,10.3,84.0,8.0,6.0,0.0,86.0,6.0,79.57,38.74,32.85,23.39,15.99,11.8,9.36,5.4,4.41,0.0,10.68,53.0,23.0,6.0,0.0,70.0,0.0,0.0,0.0,0.0,0.0,0.0,0.0,0.0,0.0,0.0,0.0,0.0,0.0,0.0,0.0,0.0,0.0,0.0,0.0,0.0,0.0,0.0,0.0,0.0,0.0,0.0,0.0,0.0,0.0,0.0,0.0,0.0,0.0,0.0,0.0,0.0,0.0,0.0,0.0,0.0,0.0,0.0,0.0,0.0,0.0,0.0,0.0,0.0,0.0,0.0,0.0,0.0,0.0,0.0,0.0,0.0,0.0,0.0,0.0,0.0,0.0,0.0,0.0,0.0,0.0,0.0,0.0,0.0,4.0,0.0,14.2,15.95,15.5,25.49,22.7,38.84,56.32,49.97,37.57,9.58,105.0,70.0,35.0,9.0,131.0,3.0,0.0,9.72,12.5,19.48,25.44,30.02,34.69,48.87,54.11,34.98,4.44,110.0,72.0,16.0,21.0,145.0,2.0,0.0,16.35,12.48,7.54,19.3,17.76,26.23,47.49,66.59,36.9,11.79,53.0,23.0,9.0,0.0,67.0
12.3,5.0,73.28,50.15,29.58,28.3,23.41,14.76,11.68,6.57,6.63,0.0,0.83,102.0,6.0,0.0,0.0,108.0,1.0,28.43,50.19,65.71,43.28,28.74,20.59,17.61,18.24,0.0,8.05,10.71,45.0,12.0,6.0,0.0,51.0,6.0,75.85,42.8,35.69,22.5,19.14,11.26,10.95,6.76,0.0,9.32,9.76,83.0,22.0,6.0,0.0,99.0,0.0,0.0,0.0,0.0,0.0,0.0,0.0,0.0,0.0,0.0,0.0,0.0,0.0,0.0,0.0,0.0,0.0,0.0,0.0,0.0,0.0,0.0,0.0,0.0,0.0,0.0,0.0,0.0,0.0,0.0,0.0,0.0,0.0,0.0,0.0,0.0,0.0,0.0,0.0,0.0,0.0,0.0,0.0,0.0,0.0,0.0,0.0,0.0,0.0,0.0,0.0,0.0,0.0,0.0,0.0,0.0,0.0,0.0,0.0,0.0,0.0,0.0,0.0,0.0,0.0,0.0,0.0,0.0,4.0,0.0,11.78,13.27,17.41,26.52,25.93,38.63,60.91,46.06,37.57,4.21,110.0,70.0,2.0,33.0,145.0,3.0,0.0,9.98,11.24,22.18,21.94,33.76,36.68,50.74,52.15,32.71,6.71,146.0,93.0,49.0,10.0,180.0,2.0,0.0,17.23,17.17,8.86,19.95,16.88,28.48,47.93,67.58,35.31,15.81,41.0,20.0,8.0,1.0,52.0
12.4,5.0,68.15,49.54,29.84,27.32,20.93,16.78,9.9,5.24,6.5,0.0,1.71,105.0,36.0,0.0,0.0,141.0,1.0,25.89,50.6,72.41,42.49,23.21,24.2,18.57,16.81,0.0,10.11,9.43,82.0,8.0,6.0,0.0,84.0,6.0,75.4,42.23,34.91,26.64,16.44,12.1,12.42,6.32,0.0,9.71,9.76,46.0,11.0,9.0,0.0,48.0,0.0,0.0,0.0,0.0,0.0,0.0,0.0,0.0,0.0,0.0,0.0,0.0,0.0,0.0,0.0,0.0,0.0,0.0,0.0,0.0,0.0,0.0,0.0,0.0,0.0,0.0,0.0,0.0,0.0,0.0,0.0,0.0,0.0,0.0,0.0,0.0,0.0,0.0,0.0,0.0,0.0,0.0,0.0,0.0,0.0,0.0,0.0,0.0,0.0,0.0,0.0,0.0,0.0,0.0,0.0,0.0,0.0,0.0,0.0,0.0,0.0,0.0,0.0,0.0,0.0,0.0,0.0,0.0,4.0,0.0,12.59,13.34,16.22,24.3,26.03,37.41,64.1,46.01,36.67,4.04,95.0,62.0,0.0,11.0,146.0,3.0,7.86,0.0,12.2,20.32,24.79,32.48,38.06,49.28,51.94,34.95,9.91,138.0,77.0,61.0,2.0,152.0,2.0,0.0,17.86,18.88,10.43,20.26,16.15,30.56,47.08,67.97,35.61,9.68,69.0,46.0,10.0,1.0,104.0
12.5,5.0,64.99,47.35,29.62,28.14,18.0,14.25,7.21,7.65,5.08,0.0,2.38,105.0,24.0,0.0,0.0,129.0,1.0,23.01,47.96,67.85,43.63,21.51,23.28,18.19,16.8,0.0,10.26,19.23,54.0,13.0,14.0,0.0,53.0,6.0,69.9,41.49,34.94,26.6,16.89,12.53,11.83,7.72,0.0,5.3,14.32,28.0,21.0,15.0,0.0,34.0,0.0,0.0,0.0,0.0,0.0,0.0,0.0,0.0,0.0,0.0,0.0,0.0,0.0,0.0,0.0,0.0,0.0,0.0,0.0,0.0,0.0,0.0,0.0,0.0,0.0,0.0,0.0,0.0,0.0,0.0,0.0,0.0,0.0,0.0,0.0,0.0,0.0,0.0,0.0,0.0,0.0,0.0,0.0,0.0,0.0,0.0,0.0,0.0,0.0,0.0,0.0,0.0,0.0,0.0,0.0,0.0,0.0,0.0,0.0,0.0,0.0,0.0,0.0,0.0,0.0,0.0,0.0,0.0,4.0,0.0,11.78,16.82,16.27,26.31,27.65,42.85,58.8,44.68,36.49,4.05,107.0,65.0,0.0,11.0,161.0,3.0,7.83,0.0,11.82,20.8,21.62,30.4,40.01,50.04,49.57,37.15,10.95,119.0,70.0,45.0,3.0,141.0,2.0,0.0,25.38,16.94,8.83,21.69,23.09,30.25,42.76,64.63,35.33,13.15,49.0,23.0,11.0,0.0,61.0
12.6,5.0,61.25,44.12,31.83,28.75,20.56,17.78,9.37,9.72,5.77,0.0,5.0,112.0,40.0,0.0,0.0,152.0,1.0,25.91,49.54,71.63,41.29,22.27,21.68,18.08,19.72,0.0,8.91,9.85,78.0,8.0,6.0,0.0,80.0,6.0,68.83,45.2,35.82,26.45,19.21,10.37,17.6,7.33,0.0,8.25,17.5,82.0,26.0,6.0,0.0,102.0,0.0,0.0,0.0,0.0,0.0,0.0,0.0,0.0,0.0,0.0,0.0,0.0,0.0,0.0,0.0,0.0,0.0,0.0,0.0,0.0,0.0,0.0,0.0,0.0,0.0,0.0,0.0,0.0,0.0,0.0,0.0,0.0,0.0,0.0,0.0,0.0,0.0,0.0,0.0,0.0,0.0,0.0,0.0,0.0,0.0,0.0,0.0,0.0,0.0,0.0,0.0,0.0,0.0,0.0,0.0,0.0,0.0,0.0,0.0,0.0,0.0,0.0,0.0,0.0,0.0,0.0,0.0,0.0,4.0,0.0,9.38,15.35,11.11,30.63,30.1,41.56,56.48,43.9,36.27,5.51,117.0,56.0,0.0,4.0,169.0,3.0,8.95,0.0,11.57,20.8,23.05,30.9,39.96,54.33,53.86,35.79,10.77,100.0,54.0,31.0,0.0,123.0,2.0,0.0,21.33,14.76,7.11,23.14,28.13,34.46,48.74,61.08,34.72,11.1,58.0,35.0,6.0,8.0,79.0
12.7,5.0,59.46,45.7,29.94,25.47,18.29,18.94,8.19,9.99,6.69,0.0,1.27,102.0,28.0,0.0,0.0,130.0,1.0,26.45,48.06,79.61,38.51,24.27,23.33,17.76,19.43,0.0,9.54,8.26,59.0,8.0,6.0,0.0,61.0,6.0,68.72,45.89,33.92,24.8,19.77,11.39,16.5,13.95,0.0,8.14,9.93,73.0,25.0,6.0,0.0,92.0,0.0,0.0,0.0,0.0,0.0,0.0,0.0,0.0,0.0,0.0,0.0,0.0,0.0,0.0,0.0,0.0,0.0,0.0,0.0,0.0,0.0,0.0,0.0,0.0,0.0,0.0,0.0,0.0,0.0,0.0,0.0,0.0,0.0,0.0,0.0,0.0,0.0,0.0,0.0,0.0,0.0,0.0,0.0,0.0,0.0,0.0,0.0,0.0,0.0,0.0,0.0,0.0,0.0,0.0,0.0,0.0,0.0,0.0,0.0,0.0,0.0,0.0,0.0,0.0,0.0,0.0,0.0,0.0,4.0,0.0,10.57,16.61,14.72,32.14,29.35,45.17,59.77,42.64,37.84,3.56,100.0,24.0,0.0,0.0,124.0,3.0,13.17,11.92,0.0,18.52,24.66,32.85,39.87,57.65,51.14,39.26,13.04,55.0,20.0,9.0,4.0,62.0,2.0,0.0,16.57,15.46,7.04,27.02,26.04,33.47,49.17,60.37,32.63,11.79,65.0,41.0,6.0,0.0,100.0
12.8,5.0,54.51,48.4,31.36,27.11,16.65,15.06,8.4,7.09,5.18,0.0,1.78,110.0,44.0,0.0,17.0,137.0,1.0,28.93,43.41,82.88,38.42,24.04,22.38,16.12,19.54,0.0,8.35,10.0,58.0,20.0,6.0,0.0,72.0,6.0,71.2,46.93,27.88,22.11,16.34,6.58,11.08,11.18,0.0,7.01,11.49,82.0,55.0,7.0,0.0,130.0,0.0,0.0,0.0,0.0,0.0,0.0,0.0,0.0,0.0,0.0,0.0,0.0,0.0,0.0,0.0,0.0,0.0,0.0,0.0,0.0,0.0,0.0,0.0,0.0,0.0,0.0,0.0,0.0,0.0,0.0,0.0,0.0,0.0,0.0,0.0,0.0,0.0,0.0,0.0,0.0,0.0,0.0,0.0,0.0,0.0,0.0,0.0,0.0,0.0,0.0,0.0,0.0,0.0,0.0,0.0,0.0,0.0,0.0,0.0,0.0,0.0,0.0,0.0,0.0,0.0,0.0,0.0,0.0,4.0,0.0,9.1,12.2,10.84,26.63,31.08,42.18,64.08,42.92,40.52,3.24,109.0,20.0,0.0,0.0,129.0,3.0,13.74,0.0,13.27,17.7,18.22,31.16,38.19,56.23,53.31,36.63,16.38,49.0,14.0,9.0,0.0,54.0,2.0,7.34,17.08,10.78,0.0,24.85,26.61,29.49,46.46,58.73,33.32,9.56,59.0,38.0,6.0,0.0,91.0
12.9,5.0,55.09,48.45,33.29,30.07,17.19,15.96,10.39,8.54,7.57,0.0,2.75,104.0,38.0,1.0,18.0,123.0,1.0,31.91,45.39,86.51,38.04,26.5,20.92,16.8,14.65,0.0,10.12,9.6,71.0,32.0,4.0,0.0,99.0,6.0,68.88,47.22,25.89,24.98,19.81,8.26,12.64,11.63,0.0,7.27,12.79,51.0,24.0,6.0,0.0,69.0,0.0,0.0,0.0,0.0,0.0,0.0,0.0,0.0,0.0,0.0,0.0,0.0,0.0,0.0,0.0,0.0,0.0,0.0,0.0,0.0,0.0,0.0,0.0,0.0,0.0,0.0,0.0,0.0,0.0,0.0,0.0,0.0,0.0,0.0,0.0,0.0,0.0,0.0,0.0,0.0,0.0,0.0,0.0,0.0,0.0,0.0,0.0,0.0,0.0,0.0,0.0,0.0,0.0,0.0,0.0,0.0,0.0,0.0,0.0,0.0,0.0,0.0,0.0,0.0,0.0,0.0,0.0,0.0,4.0,10.69,0.0,15.17,18.12,28.44,28.94,41.88,68.22,37.7,40.04,3.21,114.0,0.0,0.0,0.0,114.0,3.0,11.37,0.0,15.31,16.59,20.08,30.14,39.6,58.03,50.32,34.22,10.49,55.0,30.0,6.0,0.0,79.0,2.0,0.0,17.34,15.45,9.69,22.19,28.14,32.41,49.43,63.21,34.33,9.79,53.0,34.0,6.0,0.0,81.0
13.0,5.0,58.4,50.71,31.86,25.82,17.66,18.45,10.91,7.89,0.0,7.02,2.69,114.0,48.0,11.0,18.0,133.0,1.0,30.73,46.32,83.53,37.52,27.24,20.27,17.81,14.96,0.0,10.85,11.21,76.0,40.0,8.0,0.0,108.0,6.0,67.0,43.9,22.39,24.13,18.2,9.56,13.2,14.47,0.0,4.17,11.53,65.0,39.0,6.0,5.0,93.0,0.0,0.0,0.0,0.0,0.0,0.0,0.0,0.0,0.0,0.0,0.0,0.0,0.0,0.0,0.0,0.0,0.0,0.0,0.0,0.0,0.0,0.0,0.0,0.0,0.0,0.0,0.0,0.0,0.0,0.0,0.0,0.0,0.0,0.0,0.0,0.0,0.0,0.0,0.0,0.0,0.0,0.0,0.0,0.0,0.0,0.0,0.0,0.0,0.0,0.0,0.0,0.0,0.0,0.0,0.0,0.0,0.0,0.0,0.0,0.0,0.0,0.0,0.0,0.0,0.0,0.0,0.0,0.0,4.0,9.6,0.0,12.93,19.19,25.37,28.49,45.98,73.91,39.97,38.07,3.38,103.0,0.0,0.0,0.0,103.0,3.0,15.26,0.0,15.94,14.83,22.27,33.17,40.2,59.27,49.34,34.11,11.17,83.0,46.0,6.0,4.0,119.0,2.0,0.0,16.46,14.13,11.14,21.46,27.54,30.38,49.68,61.37,31.68,16.02,59.0,22.0,9.0,0.0,72.0
13.1,5.0,56.68,51.67,34.49,22.9,14.12,19.55,11.65,7.6,8.88,0.0,2.19,111.0,44.0,10.0,13.0,132.0,1.0,34.17,43.96,85.9,40.04,29.89,19.13,17.52,17.67,0.0,9.41,11.01,65.0,31.0,6.0,17.0,73.0,6.0,64.98,48.03,28.78,27.61,20.35,8.53,9.05,12.08,0.0,4.09,9.55,79.0,43.0,7.0,8.0,107.0,0.0,0.0,0.0,0.0,0.0,0.0,0.0,0.0,0.0,0.0,0.0,0.0,0.0,0.0,0.0,0.0,0.0,0.0,0.0,0.0,0.0,0.0,0.0,0.0,0.0,0.0,0.0,0.0,0.0,0.0,0.0,0.0,0.0,0.0,0.0,0.0,0.0,0.0,0.0,0.0,0.0,0.0,0.0,0.0,0.0,0.0,0.0,0.0,0.0,0.0,0.0,0.0,0.0,0.0,0.0,0.0,0.0,0.0,0.0,0.0,0.0,0.0,0.0,0.0,0.0,0.0,0.0,0.0,4.0,10.97,0.0,11.75,12.55,22.49,24.99,45.39,73.98,40.67,33.81,3.02,117.0,0.0,0.0,0.0,117.0,3.0,15.43,0.0,19.5,15.98,17.74,33.23,40.76,64.91,48.11,34.6,10.76,41.0,10.0,9.0,0.0,42.0,2.0,0.0,17.19,12.08,9.85,18.87,28.56,28.3,50.67,60.78,30.34,11.79,79.0,41.0,9.0,3.0,108.0
13.2,5.0,56.28,50.3,33.07,29.34,15.86,19.71,15.6,0.0,10.37,7.66,6.84,116.0,40.0,28.0,15.0,113.0,1.0,31.61,41.22,85.16,34.19,30.56,18.45,19.63,16.53,0.0,11.77,10.77,66.0,43.0,7.0,30.0,72.0,6.0,64.46,50.01,27.94,27.43,21.15,4.59,10.3,13.94,0.0,3.28,12.58,65.0,35.0,6.0,0.0,94.0,0.0,0.0,0.0,0.0,0.0,0.0,0.0,0.0,0.0,0.0,0.0,0.0,0.0,0.0,0.0,0.0,0.0,0.0,0.0,0.0,0.0,0.0,0.0,0.0,0.0,0.0,0.0,0.0,0.0,0.0,0.0,0.0,0.0,0.0,0.0,0.0,0.0,0.0,0.0,0.0,0.0,0.0,0.0,0.0,0.0,0.0,0.0,0.0,0.0,0.0,0.0,0.0,0.0,0.0,0.0,0.0,0.0,0.0,0.0,0.0,0.0,0.0,0.0,0.0,0.0,0.0,0.0,0.0,4.0,17.55,0.0,12.36,14.87,23.37,24.03,44.8,73.16,42.01,38.0,3.22,113.0,0.0,0.0,0.0,113.0,3.0,16.86,0.0,15.44,15.49,17.57,31.74,39.21,67.88,47.83,35.27,10.05,70.0,42.0,6.0,3.0,103.0,2.0,0.0,15.74,11.66,9.64,21.68,27.58,29.38,50.01,54.46,27.54,8.88,50.0,22.0,9.0,3.0,60.0
13.3,5.0,56.7,46.05,35.99,26.85,14.44,20.74,11.66,5.6,8.11,0.0,4.1,106.0,24.0,2.0,21.0,107.0,1.0,33.35,42.96,84.11,37.27,26.98,19.93,19.68,12.89,11.52,0.0,9.66,49.0,20.0,6.0,8.0,55.0,6.0,62.87,50.58,28.68,26.69,19.82,7.72,8.58,12.67,2.26,0.0,11.9,63.0,29.0,13.0,0.0,79.0,0.0,0.0,0.0,0.0,0.0,0.0,0.0,0.0,0.0,0.0,0.0,0.0,0.0,0.0,0.0,0.0,0.0,0.0,0.0,0.0,0.0,0.0,0.0,0.0,0.0,0.0,0.0,0.0,0.0,0.0,0.0,0.0,0.0,0.0,0.0,0.0,0.0,0.0,0.0,0.0,0.0,0.0,0.0,0.0,0.0,0.0,0.0,0.0,0.0,0.0,0.0,0.0,0.0,0.0,0.0,0.0,0.0,0.0,0.0,0.0,0.0,0.0,0.0,0.0,0.0,0.0,0.0,0.0,4.0,14.67,0.0,14.69,14.47,25.41,23.08,47.38,77.51,46.57,33.86,3.35,110.0,0.0,0.0,0.0,110.0,3.0,16.03,15.26,14.48,0.0,19.75,29.56,41.75,70.15,45.1,29.7,10.52,87.0,62.0,3.0,0.0,146.0,2.0,0.0,13.06,8.15,11.36,18.56,27.36,30.41,53.84,59.23,30.51,12.55,43.0,10.0,9.0,0.0,44.0
13.4,5.0,55.03,46.48,34.39,30.26,8.97,19.85,17.05,7.28,6.48,0.0,1.64,104.0,46.0,1.0,20.0,129.0,1.0,31.66,44.16,83.85,38.6,30.08,22.72,21.04,14.04,0.0,14.86,10.71,59.0,35.0,6.0,14.0,74.0,6.0,62.28,51.11,28.74,26.82,20.65,10.34,8.4,8.97,6.87,0.0,9.9,52.0,29.0,6.0,0.0,75.0,0.0,0.0,0.0,0.0,0.0,0.0,0.0,0.0,0.0,0.0,0.0,0.0,0.0,0.0,0.0,0.0,0.0,0.0,0.0,0.0,0.0,0.0,0.0,0.0,0.0,0.0,0.0,0.0,0.0,0.0,0.0,0.0,0.0,0.0,0.0,0.0,0.0,0.0,0.0,0.0,0.0,0.0,0.0,0.0,0.0,0.0,0.0,0.0,0.0,0.0,0.0,0.0,0.0,0.0,0.0,0.0,0.0,0.0,0.0,0.0,0.0,0.0,0.0,0.0,0.0,0.0,0.0,0.0,4.0,13.06,0.0,12.24,14.61,23.84,28.65,44.61,83.26,47.55,30.77,3.7,95.0,0.0,0.0,0.0,95.0,3.0,13.67,0.0,13.87,12.29,18.35,32.97,38.43,72.21,42.86,33.95,5.55,86.0,58.0,3.0,10.0,131.0,2.0,9.08,16.8,11.02,0.0,18.03,27.14,27.99,52.08,57.37,30.54,13.24,68.0,41.0,6.0,0.0,103.0
13.5,5.0,55.34,45.56,34.3,27.19,13.18,22.37,18.1,4.64,5.71,0.0,2.38,106.0,48.0,0.0,28.0,126.0,1.0,27.18,46.23,80.08,36.65,31.7,23.83,20.23,0.0,11.19,12.41,14.89,76.0,33.0,9.0,8.0,92.0,6.0,58.83,54.03,26.31,24.29,21.53,9.01,10.26,9.88,0.0,5.3,12.18,67.0,27.0,10.0,0.0,84.0,0.0,0.0,0.0,0.0,0.0,0.0,0.0,0.0,0.0,0.0,0.0,0.0,0.0,0.0,0.0,0.0,0.0,0.0,0.0,0.0,0.0,0.0,0.0,0.0,0.0,0.0,0.0,0.0,0.0,0.0,0.0,0.0,0.0,0.0,0.0,0.0,0.0,0.0,0.0,0.0,0.0,0.0,0.0,0.0,0.0,0.0,0.0,0.0,0.0,0.0,0.0,0.0,0.0,0.0,0.0,0.0,0.0,0.0,0.0,0.0,0.0,0.0,0.0,0.0,0.0,0.0,0.0,0.0,4.0,13.58,0.0,10.8,15.85,26.95,29.55,44.39,86.56,48.9,30.18,3.74,93.0,0.0,0.0,0.0,93.0,3.0,13.22,12.26,0.0,14.1,20.53,33.41,37.91,73.76,42.52,31.52,9.87,62.0,28.0,6.0,1.0,83.0,2.0,0.0,14.63,10.51,8.98,21.33,26.76,32.04,55.22,56.29,30.01,11.44,67.0,39.0,6.0,3.0,97.0
13.6,5.0,46.77,43.8,36.9,27.87,12.47,20.0,18.51,0.0,5.0,3.8,3.93,111.0,47.0,31.0,11.0,116.0,1.0,29.83,47.1,76.96,35.76,32.54,25.3,24.11,10.07,0.0,13.25,12.01,44.0,21.0,6.0,0.0,59.0,6.0,60.0,48.7,24.12,26.01,21.39,8.39,11.7,5.06,0.0,7.69,12.87,71.0,38.0,9.0,1.0,99.0,0.0,0.0,0.0,0.0,0.0,0.0,0.0,0.0,0.0,0.0,0.0,0.0,0.0,0.0,0.0,0.0,0.0,0.0,0.0,0.0,0.0,0.0,0.0,0.0,0.0,0.0,0.0,0.0,0.0,0.0,0.0,0.0,0.0,0.0,0.0,0.0,0.0,0.0,0.0,0.0,0.0,0.0,0.0,0.0,0.0,0.0,0.0,0.0,0.0,0.0,0.0,2.0,0.0,15.18,9.39,10.91,19.02,26.56,30.84,58.78,54.31,29.18,11.12,63.0,42.0,9.0,0.0,96.0,4.0,13.51,9.56,0.0,14.09,26.27,30.45,44.12,89.62,43.37,30.64,3.35,106.0,0.0,0.0,0.0,106.0,3.0,0.0,13.84,12.87,16.4,21.26,32.58,35.58,68.38,45.92,32.68,11.08,59.0,39.0,9.0,10.0,79.0,0.0,0.0,0.0,0.0,0.0,0.0,0.0,0.0,0.0,0.0,0.0,0.0,0.0,0.0,0.0,0.0,0.0
13.7,5.0,49.56,47.31,35.28,27.36,18.04,20.46,16.53,6.53,7.66,0.0,6.27,131.0,56.0,55.0,6.0,126.0,1.0,32.11,47.86,78.01,36.51,29.3,25.9,25.48,0.0,13.71,12.97,9.99,72.0,45.0,9.0,0.0,108.0,6.0,57.19,49.15,27.45,23.68,22.45,10.59,13.65,0.0,3.98,9.03,11.29,43.0,19.0,13.0,0.0,49.0,0.0,0.0,0.0,0.0,0.0,0.0,0.0,0.0,0.0,0.0,0.0,0.0,0.0,0.0,0.0,0.0,0.0,0.0,0.0,0.0,0.0,0.0,0.0,0.0,0.0,0.0,0.0,0.0,0.0,0.0,0.0,0.0,0.0,0.0,0.0,0.0,0.0,0.0,0.0,0.0,0.0,0.0,0.0,0.0,0.0,0.0,0.0,0.0,0.0,0.0,0.0,2.0,0.0,12.18,11.01,9.59,19.06,23.46,36.06,61.37,53.86,31.69,12.2,54.0,22.0,9.0,0.0,67.0,4.0,12.67,0.0,10.82,12.0,27.25,32.97,46.33,90.58,41.42,30.78,3.13,112.0,2.0,0.0,0.0,114.0,3.0,0.0,13.99,14.62,16.05,24.77,33.83,36.45,69.56,41.01,27.67,10.95,71.0,29.0,9.0,10.0,81.0,0.0,0.0,0.0,0.0,0.0,0.0,0.0,0.0,0.0,0.0,0.0,0.0,0.0,0.0,0.0,0.0,0.0
13.8,5.0,48.83,48.98,35.59,29.07,19.34,19.52,16.45,8.74,7.76,0.0,5.8,125.0,30.0,43.0,0.0,112.0,1.0,27.26,47.81,75.4,38.37,30.36,24.1,26.84,10.04,0.0,13.96,13.55,52.0,20.0,14.0,0.0,58.0,6.0,56.94,51.93,29.24,24.46,21.12,7.21,13.97,3.4,0.0,10.25,15.61,47.0,21.0,8.0,0.0,60.0,0.0,0.0,0.0,0.0,0.0,0.0,0.0,0.0,0.0,0.0,0.0,0.0,0.0,0.0,0.0,0.0,0.0,0.0,0.0,0.0,0.0,0.0,0.0,0.0,0.0,0.0,0.0,0.0,0.0,0.0,0.0,0.0,0.0,0.0,0.0,0.0,0.0,0.0,0.0,0.0,0.0,0.0,0.0,0.0,0.0,0.0,0.0,0.0,0.0,0.0,0.0,2.0,0.0,11.65,7.66,10.22,19.59,21.61,35.69,62.17,50.0,28.84,11.32,44.0,12.0,9.0,0.0,47.0,4.0,0.0,15.3,10.39,11.68,24.42,32.54,37.75,93.97,38.55,30.29,3.47,102.0,0.0,0.0,0.0,102.0,3.0,13.52,12.58,0.0,17.29,25.29,31.14,35.85,70.56,40.26,29.77,11.61,63.0,27.0,6.0,0.0,84.0,0.0,0.0,0.0,0.0,0.0,0.0,0.0,0.0,0.0,0.0,0.0,0.0,0.0,0.0,0.0,0.0,0.0
13.9,5.0,48.28,48.9,33.72,26.74,14.83,18.99,16.46,10.89,6.24,0.0,6.72,131.0,42.0,31.0,1.0,141.0,1.0,24.67,46.89,76.58,39.26,30.96,24.29,19.9,0.0,12.73,13.01,13.24,56.0,32.0,6.0,0.0,82.0,6.0,55.05,53.16,29.86,25.35,19.02,5.37,13.92,6.98,0.0,10.56,10.59,55.0,21.0,12.0,0.0,64.0,0.0,0.0,0.0,0.0,0.0,0.0,0.0,0.0,0.0,0.0,0.0,0.0,0.0,0.0,0.0,0.0,0.0,0.0,0.0,0.0,0.0,0.0,0.0,0.0,0.0,0.0,0.0,0.0,0.0,0.0,0.0,0.0,0.0,0.0,0.0,0.0,0.0,0.0,0.0,0.0,0.0,0.0,0.0,0.0,0.0,0.0,0.0,0.0,0.0,0.0,0.0,2.0,8.12,11.75,0.0,16.16,23.83,23.67,28.51,60.96,48.89,32.01,11.01,59.0,38.0,6.0,1.0,90.0,4.0,0.0,12.27,11.36,11.78,23.95,31.46,40.42,91.72,30.31,31.3,3.12,113.0,0.0,0.0,0.0,113.0,3.0,14.6,13.77,0.0,18.3,26.51,32.2,36.59,71.15,36.94,29.81,11.51,52.0,18.0,9.0,0.0,61.0,0.0,0.0,0.0,0.0,0.0,0.0,0.0,0.0,0.0,0.0,0.0,0.0,0.0,0.0,0.0,0.0,0.0
14.0,5.0,45.93,47.18,31.62,25.74,14.99,19.95,15.74,7.57,0.0,5.2,10.42,75.0,23.0,10.0,1.0,87.0,1.0,31.14,42.94,71.88,39.07,35.05,21.9,20.82,13.59,13.25,0.0,12.82,71.0,15.0,9.0,0.0,77.0,6.0,57.48,54.96,29.73,30.46,19.78,7.03,13.04,8.6,0.0,8.11,10.59,46.0,14.0,9.0,0.0,51.0,0.0,0.0,0.0,0.0,0.0,0.0,0.0,0.0,0.0,0.0,0.0,0.0,0.0,0.0,0.0,0.0,0.0,0.0,0.0,0.0,0.0,0.0,0.0,0.0,0.0,0.0,0.0,0.0,0.0,0.0,0.0,0.0,0.0,0.0,0.0,0.0,0.0,0.0,0.0,0.0,0.0,0.0,0.0,0.0,0.0,0.0,0.0,0.0,0.0,0.0,0.0,0.0,0.0,0.0,0.0,0.0,0.0,0.0,0.0,0.0,0.0,0.0,0.0,0.0,0.0,0.0,0.0,0.0,4.0,0.0,9.46,10.48,14.63,25.26,32.73,43.06,91.77,37.27,26.11,3.56,96.0,0.0,0.0,0.0,96.0,3.0,15.27,14.14,0.0,18.22,25.48,36.12,37.28,76.29,35.77,32.29,9.74,80.0,48.0,15.0,2.0,111.0,2.0,7.46,10.5,0.0,17.67,21.44,26.53,35.13,60.85,47.47,32.24,10.62,62.0,33.0,9.0,0.0,86.0
14.1,5.0,46.54,48.55,30.84,23.92,10.67,18.54,12.54,5.85,5.4,0.0,16.83,74.0,4.0,9.0,0.0,69.0,1.0,29.82,44.29,71.3,40.42,36.18,22.54,21.08,13.58,0.0,8.76,11.2,47.0,10.0,6.0,0.0,51.0,6.0,55.45,51.67,31.38,30.89,22.49,6.96,11.4,11.88,0.0,8.97,12.76,61.0,10.0,6.0,0.0,65.0,0.0,0.0,0.0,0.0,0.0,0.0,0.0,0.0,0.0,0.0,0.0,0.0,0.0,0.0,0.0,0.0,0.0,0.0,0.0,0.0,0.0,0.0,0.0,0.0,0.0,0.0,0.0,0.0,0.0,0.0,0.0,0.0,0.0,0.0,0.0,0.0,0.0,0.0,0.0,0.0,0.0,0.0,0.0,0.0,0.0,0.0,0.0,0.0,0.0,0.0,0.0,0.0,0.0,0.0,0.0,0.0,0.0,0.0,0.0,0.0,0.0,0.0,0.0,0.0,0.0,0.0,0.0,0.0,4.0,0.0,9.29,8.93,16.04,23.26,30.96,41.06,83.79,39.6,25.74,3.42,103.0,0.0,0.0,0.0,103.0,3.0,9.97,15.21,0.0,15.22,22.7,37.42,35.9,77.36,35.85,29.56,10.47,70.0,40.0,7.0,0.0,103.0,2.0,8.13,7.84,0.0,16.82,23.47,25.27,38.5,59.2,45.81,33.58,13.12,57.0,20.0,6.0,0.0,71.0
14.2,5.0,46.63,48.98,30.28,24.97,13.42,17.52,12.62,7.4,5.02,0.0,15.98,62.0,8.0,6.0,0.0,64.0,1.0,29.34,40.61,70.98,40.73,34.03,21.86,21.71,14.15,13.74,0.0,11.39,62.0,16.0,9.0,0.0,69.0,6.0,54.5,54.78,33.49,29.62,22.22,10.4,10.65,10.14,0.0,6.64,11.13,50.0,17.0,9.0,0.0,58.0,0.0,0.0,0.0,0.0,0.0,0.0,0.0,0.0,0.0,0.0,0.0,0.0,0.0,0.0,0.0,0.0,0.0,0.0,0.0,0.0,0.0,0.0,0.0,0.0,0.0,0.0,0.0,0.0,0.0,0.0,0.0,0.0,0.0,0.0,0.0,0.0,0.0,0.0,0.0,0.0,0.0,0.0,0.0,0.0,0.0,0.0,0.0,0.0,0.0,0.0,0.0,2.0,10.03,7.45,0.0,16.13,21.76,26.06,32.33,61.14,43.95,32.47,9.74,62.0,27.0,6.0,0.0,83.0,4.0,9.4,0.0,10.86,20.41,23.14,32.78,43.37,79.89,37.64,26.24,3.01,118.0,0.0,0.0,0.0,118.0,3.0,11.5,14.7,0.0,19.15,26.16,35.5,34.76,78.96,35.71,31.42,9.93,41.0,19.0,9.0,0.0,51.0,0.0,0.0,0.0,0.0,0.0,0.0,0.0,0.0,0.0,0.0,0.0,0.0,0.0,0.0,0.0,0.0,0.0
14.3,5.0,49.44,51.55,30.95,26.98,11.09,16.04,15.63,6.93,3.57,0.0,13.78,46.0,10.0,9.0,0.0,47.0,1.0,27.35,40.63,63.49,41.1,34.13,17.77,19.17,13.36,15.44,0.0,10.42,55.0,15.0,6.0,1.0,63.0,6.0,52.57,51.48,38.85,28.97,19.81,9.14,13.32,10.98,0.0,11.92,12.08,75.0,8.0,6.0,0.0,77.0,0.0,0.0,0.0,0.0,0.0,0.0,0.0,0.0,0.0,0.0,0.0,0.0,0.0,0.0,0.0,0.0,0.0,0.0,0.0,0.0,0.0,0.0,0.0,0.0,0.0,0.0,0.0,0.0,0.0,0.0,0.0,0.0,0.0,0.0,0.0,0.0,0.0,0.0,0.0,0.0,0.0,0.0,0.0,0.0,0.0,0.0,0.0,0.0,0.0,0.0,0.0,2.0,6.75,0.0,4.04,14.2,22.71,24.76,33.32,63.44,46.25,35.4,10.16,27.0,17.0,21.0,0.0,23.0,4.0,0.0,10.84,8.53,18.15,21.53,29.17,41.44,78.58,37.85,25.87,3.3,103.0,0.0,0.0,0.0,103.0,3.0,13.42,15.0,0.0,18.16,26.49,36.89,40.14,78.78,34.52,31.49,12.04,62.0,34.0,19.0,0.0,77.0,0.0,0.0,0.0,0.0,0.0,0.0,0.0,0.0,0.0,0.0,0.0,0.0,0.0,0.0,0.0,0.0,0.0
14.4,5.0,50.07,52.06,29.89,25.6,12.46,16.21,14.0,7.66,0.0,5.55,15.33,71.0,12.0,9.0,0.0,74.0,1.0,24.62,35.57,68.54,42.56,31.48,18.5,16.1,8.35,18.61,0.0,10.15,50.0,20.0,9.0,1.0,60.0,6.0,54.25,54.11,40.11,26.06,19.42,8.89,14.05,15.7,0.0,7.77,10.68,54.0,12.0,6.0,0.0,60.0,0.0,0.0,0.0,0.0,0.0,0.0,0.0,0.0,0.0,0.0,0.0,0.0,0.0,0.0,0.0,0.0,0.0,0.0,0.0,0.0,0.0,0.0,0.0,0.0,0.0,0.0,0.0,0.0,0.0,0.0,0.0,0.0,0.0,0.0,0.0,0.0,0.0,0.0,0.0,0.0,0.0,0.0,0.0,0.0,0.0,0.0,0.0,0.0,0.0,0.0,0.0,3.0,10.03,11.12,0.0,19.22,24.84,36.35,39.85,75.72,34.34,26.86,11.87,91.0,46.0,7.0,33.0,97.0,4.0,8.9,8.36,0.0,22.01,22.66,31.15,36.98,75.07,41.97,26.17,3.61,98.0,0.0,0.0,0.0,98.0,0.0,0.0,0.0,0.0,0.0,0.0,0.0,0.0,0.0,0.0,0.0,0.0,0.0,0.0,0.0,0.0,0.0,2.0,6.3,5.44,0.0,18.71,24.87,24.43,34.83,63.16,45.63,33.38,26.83,110.0,44.0,28.0,0.0,126.0
14.5,5.0,43.2,53.64,31.02,24.85,12.35,20.72,15.33,10.84,0.0,6.49,16.4,52.0,43.0,6.0,0.0,89.0,6.0,53.66,51.57,39.03,25.92,18.9,8.14,14.89,16.43,0.0,4.79,6.05,138.0,35.0,42.0,0.0,131.0,0.0,0.0,0.0,0.0,0.0,0.0,0.0,0.0,0.0,0.0,0.0,0.0,0.0,0.0,0.0,0.0,0.0,1.0,24.92,35.23,65.68,43.9,32.14,12.38,16.9,13.55,15.2,0.0,4.43,123.0,38.0,11.0,28.0,122.0,0.0,0.0,0.0,0.0,0.0,0.0,0.0,0.0,0.0,0.0,0.0,0.0,0.0,0.0,0.0,0.0,0.0,0.0,0.0,0.0,0.0,0.0,0.0,0.0,0.0,0.0,0.0,0.0,0.0,0.0,0.0,0.0,0.0,0.0,3.0,12.49,9.94,0.0,19.7,24.08,33.32,37.18,80.97,34.88,28.31,13.03,47.0,16.0,9.0,0.0,54.0,4.0,10.4,0.0,9.56,19.79,21.82,32.72,41.34,75.07,41.05,25.93,3.38,111.0,6.0,0.0,0.0,117.0,2.0,0.0,7.35,5.77,16.65,24.85,22.93,36.52,62.4,47.56,35.08,7.29,84.0,40.0,6.0,9.0,109.0,0.0,0.0,0.0,0.0,0.0,0.0,0.0,0.0,0.0,0.0,0.0,0.0,0.0,0.0,0.0,0.0,0.0
14.6,5.0,44.62,55.89,35.6,28.83,11.37,20.14,18.74,7.04,0.0,7.42,14.48,82.0,45.0,6.0,12.0,109.0,6.0,53.78,53.3,34.17,27.67,17.02,12.07,16.39,15.93,0.0,4.0,8.17,68.0,19.0,6.0,0.0,81.0,1.0,23.57,35.86,62.65,44.28,36.01,14.45,16.05,0.0,18.21,14.98,3.25,104.0,0.0,3.0,0.0,101.0,0.0,0.0,0.0,0.0,0.0,0.0,0.0,0.0,0.0,0.0,0.0,0.0,0.0,0.0,0.0,0.0,0.0,0.0,0.0,0.0,0.0,0.0,0.0,0.0,0.0,0.0,0.0,0.0,0.0,0.0,0.0,0.0,0.0,0.0,0.0,0.0,0.0,0.0,0.0,0.0,0.0,0.0,0.0,0.0,0.0,0.0,0.0,0.0,0.0,0.0,0.0,3.0,12.08,8.95,0.0,20.01,22.68,32.91,37.82,81.04,39.16,28.1,16.28,46.0,14.0,9.0,0.0,51.0,4.0,0.0,9.94,15.18,20.4,17.62,35.91,40.97,72.73,42.39,22.97,3.35,102.0,2.0,0.0,0.0,104.0,2.0,0.0,10.85,11.83,19.08,26.52,24.89,35.21,63.64,48.71,34.48,7.26,57.0,22.0,3.0,0.0,76.0,0.0,0.0,0.0,0.0,0.0,0.0,0.0,0.0,0.0,0.0,0.0,0.0,0.0,0.0,0.0,0.0,0.0
14.7,5.0,46.7,54.5,35.23,24.07,11.78,17.77,16.85,8.54,0.0,8.42,19.12,64.0,28.0,6.0,16.0,70.0,6.0,54.82,53.99,33.93,28.6,13.92,12.12,17.94,17.89,9.66,0.0,10.07,94.0,30.0,9.0,0.0,115.0,1.0,22.57,33.35,59.67,46.2,36.64,0.0,16.19,12.19,16.7,13.14,2.75,122.0,0.0,0.0,0.0,122.0,0.0,0.0,0.0,0.0,0.0,0.0,0.0,0.0,0.0,0.0,0.0,0.0,0.0,0.0,0.0,0.0,0.0,0.0,0.0,0.0,0.0,0.0,0.0,0.0,0.0,0.0,0.0,0.0,0.0,0.0,0.0,0.0,0.0,0.0,0.0,0.0,0.0,0.0,0.0,0.0,0.0,0.0,0.0,0.0,0.0,0.0,0.0,0.0,0.0,0.0,0.0,3.0,14.22,10.9,0.0,19.41,23.6,30.24,38.72,80.86,39.79,28.82,10.98,47.0,13.0,11.0,0.0,49.0,4.0,10.7,0.0,18.56,22.25,20.16,35.3,39.17,70.6,46.33,20.96,3.46,105.0,2.0,0.0,0.0,107.0,2.0,0.0,10.68,11.56,19.34,24.41,25.25,35.58,64.93,45.36,32.49,9.71,71.0,28.0,7.0,6.0,86.0,0.0,0.0,0.0,0.0,0.0,0.0,0.0,0.0,0.0,0.0,0.0,0.0,0.0,0.0,0.0,0.0,0.0
14.8,5.0,46.19,55.94,34.57,25.37,12.37,17.84,16.25,8.69,0.0,7.16,16.16,63.0,32.0,6.0,8.0,81.0,6.0,51.33,52.78,38.65,27.71,15.93,13.19,20.67,13.53,8.78,0.0,6.59,87.0,33.0,9.0,0.0,111.0,1.0,24.75,35.99,55.48,48.5,36.37,13.53,12.59,0.0,13.99,11.4,3.63,98.0,14.0,0.0,0.0,112.0,0.0,0.0,0.0,0.0,0.0,0.0,0.0,0.0,0.0,0.0,0.0,0.0,0.0,0.0,0.0,0.0,0.0,0.0,0.0,0.0,0.0,0.0,0.0,0.0,0.0,0.0,0.0,0.0,0.0,0.0,0.0,0.0,0.0,0.0,0.0,0.0,0.0,0.0,0.0,0.0,0.0,0.0,0.0,0.0,0.0,0.0,0.0,0.0,0.0,0.0,0.0,3.0,0.0,11.3,10.22,20.16,21.83,31.68,40.23,80.41,41.32,31.98,13.28,58.0,32.0,19.0,0.0,71.0,4.0,0.0,8.07,18.92,20.59,21.13,33.74,42.57,66.56,44.89,26.61,3.67,90.0,18.0,0.0,0.0,108.0,2.0,0.0,9.38,8.55,19.33,24.39,24.08,32.81,64.38,48.78,33.4,11.56,57.0,26.0,9.0,9.0,65.0,0.0,0.0,0.0,0.0,0.0,0.0,0.0,0.0,0.0,0.0,0.0,0.0,0.0,0.0,0.0,0.0,0.0
14.9,5.0,45.83,56.16,34.62,23.9,10.49,21.09,17.36,5.82,0.0,6.31,23.0,43.0,21.0,11.0,3.0,50.0,6.0,53.44,54.26,40.92,29.91,17.9,12.57,21.61,19.35,7.44,0.0,8.81,71.0,20.0,14.0,2.0,75.0,1.0,25.3,38.17,58.6,48.46,33.68,13.97,15.84,9.38,13.93,0.0,3.8,99.0,32.0,0.0,0.0,131.0,0.0,0.0,0.0,0.0,0.0,0.0,0.0,0.0,0.0,0.0,0.0,0.0,0.0,0.0,0.0,0.0,0.0,0.0,0.0,0.0,0.0,0.0,0.0,0.0,0.0,0.0,0.0,0.0,0.0,0.0,0.0,0.0,0.0,0.0,0.0,0.0,0.0,0.0,0.0,0.0,0.0,0.0,0.0,0.0,0.0,0.0,0.0,0.0,0.0,0.0,0.0,3.0,0.0,10.21,12.97,20.1,20.43,32.25,46.44,75.42,43.61,30.18,12.86,83.0,30.0,25.0,0.0,88.0,4.0,9.3,0.0,23.14,23.3,21.96,32.44,45.22,61.66,43.72,20.35,3.86,102.0,42.0,0.0,0.0,144.0,2.0,0.0,12.12,11.47,19.38,21.34,25.67,33.7,67.31,47.26,35.15,11.81,65.0,27.0,9.0,0.0,83.0,0.0,0.0,0.0,0.0,0.0,0.0,0.0,0.0,0.0,0.0,0.0,0.0,0.0,0.0,0.0,0.0,0.0
15.0,5.0,45.53,57.45,36.35,24.57,11.35,21.07,20.1,5.12,0.0,2.92,34.3,62.0,31.0,16.0,9.0,68.0,6.0,46.79,48.97,37.07,31.28,14.97,11.73,21.37,19.83,9.54,0.0,8.43,64.0,24.0,16.0,5.0,67.0,1.0,24.01,34.94,56.43,48.14,33.99,16.45,15.39,0.0,14.98,12.03,3.76,104.0,24.0,0.0,0.0,128.0,0.0,0.0,0.0,0.0,0.0,0.0,0.0,0.0,0.0,0.0,0.0,0.0,0.0,0.0,0.0,0.0,0.0,0.0,0.0,0.0,0.0,0.0,0.0,0.0,0.0,0.0,0.0,0.0,0.0,0.0,0.0,0.0,0.0,0.0,0.0,0.0,0.0,0.0,0.0,0.0,0.0,0.0,0.0,0.0,0.0,0.0,0.0,0.0,0.0,0.0,0.0,3.0,0.0,10.35,13.61,18.34,22.65,30.84,45.96,76.29,43.68,30.65,14.03,41.0,20.0,6.0,0.0,55.0,4.0,12.32,0.0,19.09,25.52,22.77,31.35,45.42,62.18,40.71,25.26,4.11,103.0,30.0,0.0,0.0,133.0,2.0,0.0,12.8,9.93,21.89,27.32,28.02,36.46,66.99,48.99,34.83,9.82,50.0,11.0,9.0,0.0,52.0,0.0,0.0,0.0,0.0,0.0,0.0,0.0,0.0,0.0,0.0,0.0,0.0,0.0,0.0,0.0,0.0,0.0
15.1,5.0,45.07,59.24,35.31,23.85,13.05,21.94,19.37,3.87,4.49,0.0,16.89,79.0,28.0,6.0,8.0,93.0,6.0,53.65,50.83,36.99,31.02,16.45,11.5,22.1,16.36,10.66,0.0,8.34,71.0,20.0,6.0,10.0,75.0,1.0,24.84,33.37,53.64,47.26,35.75,19.72,14.66,0.0,14.82,15.1,3.78,87.0,14.0,0.0,0.0,101.0,0.0,0.0,0.0,0.0,0.0,0.0,0.0,0.0,0.0,0.0,0.0,0.0,0.0,0.0,0.0,0.0,0.0,0.0,0.0,0.0,0.0,0.0,0.0,0.0,0.0,0.0,0.0,0.0,0.0,0.0,0.0,0.0,0.0,0.0,0.0,0.0,0.0,0.0,0.0,0.0,0.0,0.0,0.0,0.0,0.0,0.0,0.0,0.0,0.0,0.0,0.0,3.0,0.0,11.27,12.8,19.01,22.25,27.17,49.26,77.22,43.19,33.23,17.25,53.0,9.0,27.0,0.0,35.0,4.0,10.64,0.0,17.77,28.36,20.95,37.11,50.48,58.76,41.68,25.21,3.69,89.0,36.0,0.0,0.0,125.0,2.0,0.0,15.52,14.2,20.07,28.09,27.41,37.42,68.86,48.88,37.85,11.14,93.0,24.0,10.0,6.0,101.0,0.0,0.0,0.0,0.0,0.0,0.0,0.0,0.0,0.0,0.0,0.0,0.0,0.0,0.0,0.0,0.0,0.0
15.2,5.0,45.79,61.86,35.63,19.19,9.45,22.96,19.35,4.95,4.72,0.0,20.93,50.0,26.0,8.0,5.0,63.0,6.0,50.77,48.59,42.06,32.33,17.39,15.41,23.25,18.97,13.08,0.0,9.88,96.0,35.0,7.0,23.0,101.0,1.0,21.0,31.89,53.48,47.43,33.55,20.37,16.51,0.0,15.75,15.1,4.49,97.0,36.0,0.0,0.0,133.0,0.0,0.0,0.0,0.0,0.0,0.0,0.0,0.0,0.0,0.0,0.0,0.0,0.0,0.0,0.0,0.0,0.0,0.0,0.0,0.0,0.0,0.0,0.0,0.0,0.0,0.0,0.0,0.0,0.0,0.0,0.0,0.0,0.0,0.0,0.0,0.0,0.0,0.0,0.0,0.0,0.0,0.0,0.0,0.0,0.0,0.0,0.0,0.0,0.0,0.0,0.0,3.0,0.0,10.35,16.76,17.0,22.06,24.17,48.55,73.44,47.76,29.74,12.23,65.0,25.0,27.0,1.0,62.0,4.0,12.3,0.0,14.79,28.55,22.77,34.65,48.42,60.0,42.1,23.57,3.93,96.0,38.0,0.0,16.0,118.0,2.0,0.0,15.1,14.38,23.9,26.95,22.59,36.69,69.57,46.94,38.54,11.93,72.0,23.0,11.0,2.0,82.0,0.0,0.0,0.0,0.0,0.0,0.0,0.0,0.0,0.0,0.0,0.0,0.0,0.0,0.0,0.0,0.0,0.0
15.3,5.0,46.52,64.75,36.11,21.23,13.39,23.27,17.63,0.0,3.39,2.3,14.9,61.0,34.0,6.0,15.0,74.0,6.0,48.03,50.64,40.18,29.65,17.63,14.28,21.34,18.46,10.53,0.0,8.56,106.0,51.0,18.0,16.0,123.0,1.0,22.93,32.25,51.8,47.95,35.35,22.06,15.65,11.11,14.86,0.0,3.56,118.0,52.0,0.0,0.0,170.0,0.0,0.0,0.0,0.0,0.0,0.0,0.0,0.0,0.0,0.0,0.0,0.0,0.0,0.0,0.0,0.0,0.0,0.0,0.0,0.0,0.0,0.0,0.0,0.0,0.0,0.0,0.0,0.0,0.0,0.0,0.0,0.0,0.0,0.0,0.0,0.0,0.0,0.0,0.0,0.0,0.0,0.0,0.0,0.0,0.0,0.0,0.0,0.0,0.0,0.0,0.0,3.0,0.0,9.38,17.04,7.8,16.4,24.81,47.64,70.64,46.58,29.17,11.21,56.0,28.0,9.0,0.0,75.0,4.0,14.2,0.0,15.33,24.5,24.81,35.82,48.85,61.01,38.91,25.45,3.63,109.0,58.0,0.0,4.0,163.0,2.0,13.95,0.0,14.91,17.41,27.33,24.33,36.67,69.45,48.63,37.14,11.93,47.0,12.0,11.0,0.0,48.0,0.0,0.0,0.0,0.0,0.0,0.0,0.0,0.0,0.0,0.0,0.0,0.0,0.0,0.0,0.0,0.0,0.0
15.4,5.0,45.31,64.1,37.64,20.98,12.75,23.11,20.17,0.0,1.83,4.96,15.15,69.0,53.0,11.0,5.0,106.0,6.0,46.87,49.52,40.31,32.57,17.94,14.25,20.91,18.02,11.53,0.0,7.48,117.0,60.0,23.0,19.0,135.0,1.0,23.78,33.03,52.71,50.94,33.37,21.63,14.22,13.84,12.85,0.0,5.22,102.0,42.0,0.0,0.0,144.0,0.0,0.0,0.0,0.0,0.0,0.0,0.0,0.0,0.0,0.0,0.0,0.0,0.0,0.0,0.0,0.0,0.0,0.0,0.0,0.0,0.0,0.0,0.0,0.0,0.0,0.0,0.0,0.0,0.0,0.0,0.0,0.0,0.0,0.0,0.0,0.0,0.0,0.0,0.0,0.0,0.0,0.0,0.0,0.0,0.0,0.0,0.0,0.0,0.0,0.0,0.0,3.0,0.0,13.32,15.27,13.69,18.19,27.65,43.97,68.15,42.65,28.39,12.06,47.0,19.0,9.0,0.0,57.0,4.0,16.81,0.0,16.15,25.56,23.1,33.84,51.84,59.66,39.46,23.73,3.67,111.0,49.0,0.0,14.0,146.0,2.0,0.0,12.74,16.41,16.11,24.66,25.46,37.99,70.31,44.24,35.92,12.39,42.0,18.0,6.0,0.0,54.0,0.0,0.0,0.0,0.0,0.0,0.0,0.0,0.0,0.0,0.0,0.0,0.0,0.0,0.0,0.0,0.0,0.0
15.5,5.0,43.75,62.09,35.33,21.33,13.77,19.52,17.03,1.91,0.0,5.17,19.67,40.0,13.0,9.0,6.0,38.0,6.0,46.33,53.08,43.35,31.83,16.94,14.94,21.47,17.12,8.37,0.0,4.63,117.0,41.0,10.0,9.0,139.0,1.0,22.68,34.42,50.3,53.72,36.63,21.74,12.48,12.47,0.0,12.5,3.81,106.0,32.0,0.0,0.0,138.0,0.0,0.0,0.0,0.0,0.0,0.0,0.0,0.0,0.0,0.0,0.0,0.0,0.0,0.0,0.0,0.0,0.0,0.0,0.0,0.0,0.0,0.0,0.0,0.0,0.0,0.0,0.0,0.0,0.0,0.0,0.0,0.0,0.0,0.0,0.0,0.0,0.0,0.0,0.0,0.0,0.0,0.0,0.0,0.0,0.0,0.0,0.0,0.0,0.0,0.0,0.0,3.0,0.0,13.34,17.57,18.51,18.54,28.33,42.14,60.25,43.72,28.06,12.64,60.0,25.0,9.0,0.0,76.0,4.0,14.48,0.0,16.56,28.77,23.19,37.54,51.01,57.66,36.71,26.48,5.01,114.0,41.0,19.0,0.0,136.0,2.0,0.0,12.37,20.15,18.55,21.97,24.48,40.86,69.49,46.66,37.7,13.38,56.0,20.0,9.0,0.0,67.0,0.0,0.0,0.0,0.0,0.0,0.0,0.0,0.0,0.0,0.0,0.0,0.0,0.0,0.0,0.0,0.0,0.0
15.6,5.0,42.44,63.86,32.05,22.52,17.02,22.17,16.47,0.0,6.41,8.37,22.22,79.0,48.0,6.0,14.0,107.0,6.0,44.74,55.51,43.42,32.08,17.67,15.97,17.86,14.85,8.55,0.0,4.88,115.0,42.0,0.0,31.0,126.0,1.0,24.44,30.01,53.57,51.71,33.45,23.89,11.97,11.56,0.0,11.1,3.97,104.0,38.0,0.0,0.0,142.0,0.0,0.0,0.0,0.0,0.0,0.0,0.0,0.0,0.0,0.0,0.0,0.0,0.0,0.0,0.0,0.0,0.0,0.0,0.0,0.0,0.0,0.0,0.0,0.0,0.0,0.0,0.0,0.0,0.0,0.0,0.0,0.0,0.0,0.0,0.0,0.0,0.0,0.0,0.0,0.0,0.0,0.0,0.0,0.0,0.0,0.0,0.0,0.0,0.0,0.0,0.0,3.0,0.0,10.09,18.74,18.76,17.52,25.31,45.99,58.22,42.64,27.28,12.67,50.0,22.0,32.0,0.0,40.0,4.0,8.8,0.0,16.26,25.18,26.2,38.83,53.75,56.21,36.13,23.53,6.5,117.0,30.0,30.0,0.0,117.0,2.0,11.3,0.0,16.64,19.42,25.8,23.36,41.94,74.85,47.73,35.61,12.23,63.0,28.0,39.0,0.0,52.0,0.0,0.0,0.0,0.0,0.0,0.0,0.0,0.0,0.0,0.0,0.0,0.0,0.0,0.0,0.0,0.0,0.0
15.7,5.0,42.46,63.58,35.06,26.21,17.82,21.26,15.94,6.25,0.0,5.17,19.23,53.0,30.0,9.0,1.0,73.0,6.0,43.71,54.32,44.97,33.39,17.51,17.84,19.04,12.76,9.83,0.0,4.66,118.0,55.0,3.0,28.0,142.0,1.0,23.78,33.87,51.95,54.55,32.97,21.9,15.44,11.18,11.97,0.0,3.57,100.0,52.0,0.0,0.0,152.0,0.0,0.0,0.0,0.0,0.0,0.0,0.0,0.0,0.0,0.0,0.0,0.0,0.0,0.0,0.0,0.0,0.0,0.0,0.0,0.0,0.0,0.0,0.0,0.0,0.0,0.0,0.0,0.0,0.0,0.0,0.0,0.0,0.0,0.0,0.0,0.0,0.0,0.0,0.0,0.0,0.0,0.0,0.0,0.0,0.0,0.0,0.0,0.0,0.0,0.0,0.0,3.0,0.0,11.33,18.23,16.12,18.34,28.24,44.12,54.47,39.23,30.38,19.19,51.0,28.0,37.0,0.0,42.0,4.0,9.84,0.0,17.85,26.52,23.58,37.52,52.08,59.15,37.32,21.8,5.89,130.0,45.0,45.0,0.0,130.0,2.0,10.9,0.0,13.6,15.02,22.51,26.63,40.39,77.29,44.41,33.73,14.44,62.0,32.0,35.0,0.0,59.0,0.0,0.0,0.0,0.0,0.0,0.0,0.0,0.0,0.0,0.0,0.0,0.0,0.0,0.0,0.0,0.0,0.0
15.8,5.0,41.62,63.47,31.55,26.55,17.53,21.07,16.53,7.33,0.0,8.86,19.5,59.0,36.0,6.0,3.0,86.0,6.0,44.52,55.16,43.02,30.2,16.92,17.67,20.78,10.44,9.27,0.0,4.33,101.0,32.0,7.0,20.0,106.0,0.0,0.0,0.0,0.0,0.0,0.0,0.0,0.0,0.0,0.0,0.0,0.0,0.0,0.0,0.0,0.0,0.0,1.0,27.26,31.91,49.21,55.47,36.98,22.44,18.28,14.29,0.0,12.12,3.35,106.0,20.0,3.0,0.0,123.0,0.0,0.0,0.0,0.0,0.0,0.0,0.0,0.0,0.0,0.0,0.0,0.0,0.0,0.0,0.0,0.0,0.0,0.0,0.0,0.0,0.0,0.0,0.0,0.0,0.0,0.0,0.0,0.0,0.0,0.0,0.0,0.0,0.0,0.0,3.0,0.0,10.25,16.01,14.88,14.08,25.26,45.01,52.47,38.61,35.23,13.18,50.0,19.0,9.0,0.0,60.0,4.0,0.0,11.46,14.86,22.72,20.29,41.1,52.89,57.37,37.57,21.55,4.46,111.0,36.0,15.0,5.0,127.0,2.0,11.17,0.0,13.6,20.64,28.06,27.67,40.96,80.36,44.71,33.31,8.77,62.0,12.0,9.0,0.0,65.0,0.0,0.0,0.0,0.0,0.0,0.0,0.0,0.0,0.0,0.0,0.0,0.0,0.0,0.0,0.0,0.0,0.0
15.9,5.0,41.21,64.66,33.9,27.73,12.94,23.98,14.34,0.0,4.82,9.07,18.35,68.0,30.0,9.0,0.0,89.0,6.0,47.56,60.9,44.54,30.16,19.6,21.32,17.73,8.73,11.15,0.0,3.96,100.0,34.0,0.0,3.0,131.0,0.0,0.0,0.0,0.0,0.0,0.0,0.0,0.0,0.0,0.0,0.0,0.0,0.0,0.0,0.0,0.0,0.0,1.0,26.59,31.88,49.83,55.87,34.47,25.12,19.78,13.8,0.0,13.1,3.11,110.0,8.0,0.0,0.0,118.0,0.0,0.0,0.0,0.0,0.0,0.0,0.0,0.0,0.0,0.0,0.0,0.0,0.0,0.0,0.0,0.0,0.0,0.0,0.0,0.0,0.0,0.0,0.0,0.0,0.0,0.0,0.0,0.0,0.0,0.0,0.0,0.0,0.0,0.0,3.0,0.0,10.44,14.71,20.27,16.01,28.95,42.99,52.98,35.87,29.29,12.48,53.0,22.0,9.0,0.0,66.0,4.0,0.0,9.45,14.83,19.52,24.84,36.59,51.83,59.78,35.76,23.38,5.18,113.0,37.0,21.0,7.0,122.0,2.0,12.02,0.0,13.64,19.51,25.36,27.2,36.01,80.6,45.76,31.77,13.55,47.0,8.0,9.0,0.0,46.0,0.0,0.0,0.0,0.0,0.0,0.0,0.0,0.0,0.0,0.0,0.0,0.0,0.0,0.0,0.0,0.0,0.0
16.0,5.0,41.75,67.9,35.11,29.03,15.71,23.67,16.35,0.0,8.08,7.26,17.75,65.0,34.0,6.0,8.0,85.0,6.0,45.93,64.01,45.16,34.4,19.26,19.25,19.45,10.75,10.5,0.0,3.9,116.0,34.0,0.0,0.0,150.0,0.0,0.0,0.0,0.0,0.0,0.0,0.0,0.0,0.0,0.0,0.0,0.0,0.0,0.0,0.0,0.0,0.0,1.0,28.62,35.99,46.93,56.98,36.98,26.81,22.99,17.28,0.0,11.63,3.82,97.0,2.0,0.0,0.0,99.0,0.0,0.0,0.0,0.0,0.0,0.0,0.0,0.0,0.0,0.0,0.0,0.0,0.0,0.0,0.0,0.0,0.0,0.0,0.0,0.0,0.0,0.0,0.0,0.0,0.0,0.0,0.0,0.0,0.0,0.0,0.0,0.0,0.0,0.0,3.0,0.0,10.44,15.43,19.81,19.28,26.97,43.48,52.87,31.31,32.21,11.38,46.0,18.0,9.0,7.0,48.0,4.0,0.0,7.33,12.58,18.67,24.71,36.39,53.54,58.97,34.97,22.26,4.47,105.0,11.0,9.0,10.0,97.0,2.0,10.76,0.0,10.63,19.66,22.36,27.91,44.22,85.54,46.63,35.42,10.82,68.0,42.0,14.0,0.0,96.0,0.0,0.0,0.0,0.0,0.0,0.0,0.0,0.0,0.0,0.0,0.0,0.0,0.0,0.0,0.0,0.0,0.0
16.1,5.0,41.83,69.09,36.86,27.16,16.53,24.22,15.24,0.0,9.24,6.15,16.94,59.0,24.0,9.0,0.0,74.0,6.0,46.84,68.35,45.82,33.06,21.71,18.74,18.2,11.93,14.89,0.0,3.67,95.0,24.0,0.0,0.0,119.0,0.0,0.0,0.0,0.0,0.0,0.0,0.0,0.0,0.0,0.0,0.0,0.0,0.0,0.0,0.0,0.0,0.0,1.0,27.3,34.26,46.34,60.17,39.66,27.27,18.35,17.56,0.0,12.93,3.58,105.0,6.0,0.0,0.0,111.0,0.0,0.0,0.0,0.0,0.0,0.0,0.0,0.0,0.0,0.0,0.0,0.0,0.0,0.0,0.0,0.0,0.0,0.0,0.0,0.0,0.0,0.0,0.0,0.0,0.0,0.0,0.0,0.0,0.0,0.0,0.0,0.0,0.0,0.0,3.0,0.0,7.73,15.85,19.82,22.63,31.04,43.95,51.95,28.34,28.66,13.31,57.0,28.0,9.0,4.0,72.0,4.0,10.43,0.0,15.84,17.51,27.67,36.96,53.88,57.74,35.85,21.46,4.56,112.0,30.0,14.0,14.0,114.0,2.0,10.59,0.0,14.07,17.51,24.77,27.47,40.2,82.73,44.79,34.75,10.57,62.0,29.0,13.0,0.0,78.0,0.0,0.0,0.0,0.0,0.0,0.0,0.0,0.0,0.0,0.0,0.0,0.0,0.0,0.0,0.0,0.0,0.0
16.2,5.0,44.53,70.2,35.61,27.15,16.71,23.01,14.6,0.0,8.98,7.13,12.65,99.0,80.0,3.0,0.0,176.0,6.0,47.7,70.64,40.95,30.64,22.59,18.36,20.14,13.09,11.81,0.0,4.48,97.0,8.0,0.0,0.0,105.0,0.0,0.0,0.0,0.0,0.0,0.0,0.0,0.0,0.0,0.0,0.0,0.0,0.0,0.0,0.0,0.0,0.0,1.0,28.1,35.34,46.83,63.24,38.32,27.72,18.4,17.12,0.0,11.86,3.11,112.0,0.0,0.0,0.0,112.0,0.0,0.0,0.0,0.0,0.0,0.0,0.0,0.0,0.0,0.0,0.0,0.0,0.0,0.0,0.0,0.0,0.0,0.0,0.0,0.0,0.0,0.0,0.0,0.0,0.0,0.0,0.0,0.0,0.0,0.0,0.0,0.0,0.0,0.0,3.0,0.0,9.12,14.26,17.29,21.03,33.85,48.66,55.05,30.43,29.8,13.37,52.0,24.0,6.0,0.0,70.0,4.0,6.48,0.0,18.73,19.24,28.39,34.06,57.21,52.95,37.34,23.45,5.94,105.0,36.0,18.0,1.0,122.0,2.0,12.17,0.0,11.77,21.61,23.24,27.94,42.18,88.0,43.42,35.9,12.94,51.0,20.0,9.0,0.0,62.0,0.0,0.0,0.0,0.0,0.0,0.0,0.0,0.0,0.0,0.0,0.0,0.0,0.0,0.0,0.0,0.0,0.0
16.3,5.0,45.26,74.92,37.98,29.9,18.58,22.05,13.92,7.38,0.0,9.97,17.17,57.0,28.0,6.0,0.0,79.0,6.0,46.37,69.27,43.21,31.01,25.17,19.27,18.68,12.51,8.47,0.0,3.36,108.0,22.0,0.0,0.0,130.0,0.0,0.0,0.0,0.0,0.0,0.0,0.0,0.0,0.0,0.0,0.0,0.0,0.0,0.0,0.0,0.0,0.0,1.0,27.27,33.77,46.18,65.54,37.07,28.7,21.72,15.41,0.0,13.26,3.39,103.0,0.0,0.0,0.0,103.0,0.0,0.0,0.0,0.0,0.0,0.0,0.0,0.0,0.0,0.0,0.0,0.0,0.0,0.0,0.0,0.0,0.0,0.0,0.0,0.0,0.0,0.0,0.0,0.0,0.0,0.0,0.0,0.0,0.0,0.0,0.0,0.0,0.0,0.0,3.0,0.0,7.99,14.94,17.56,22.03,33.67,50.48,53.22,27.77,29.26,10.48,79.0,16.0,7.0,0.0,88.0,4.0,9.02,0.0,18.48,18.46,29.14,39.26,60.41,51.84,34.4,23.28,8.57,64.0,15.0,6.0,0.0,73.0,2.0,8.06,0.0,11.18,23.54,25.25,26.02,44.18,90.85,43.35,39.07,13.39,60.0,25.0,14.0,0.0,71.0,0.0,0.0,0.0,0.0,0.0,0.0,0.0,0.0,0.0,0.0,0.0,0.0,0.0,0.0,0.0,0.0,0.0
16.4,5.0,41.97,74.19,39.34,32.1,20.57,24.09,17.99,7.92,9.45,0.0,12.98,95.0,74.0,3.0,7.0,159.0,6.0,47.32,71.74,41.94,28.87,24.4,21.23,20.77,10.44,6.58,0.0,3.43,106.0,6.0,0.0,0.0,112.0,0.0,0.0,0.0,0.0,0.0,0.0,0.0,0.0,0.0,0.0,0.0,0.0,0.0,0.0,0.0,0.0,0.0,1.0,24.93,34.15,45.97,66.9,39.93,28.63,23.02,17.8,0.0,8.99,2.98,116.0,0.0,0.0,0.0,116.0,0.0,0.0,0.0,0.0,0.0,0.0,0.0,0.0,0.0,0.0,0.0,0.0,0.0,0.0,0.0,0.0,0.0,0.0,0.0,0.0,0.0,0.0,0.0,0.0,0.0,0.0,0.0,0.0,0.0,0.0,0.0,0.0,0.0,0.0,3.0,0.0,6.94,10.07,18.13,21.29,33.36,52.21,51.52,22.5,33.02,10.35,74.0,8.0,13.0,0.0,69.0,4.0,10.19,0.0,19.22,19.04,27.36,36.92,60.35,53.63,36.83,21.14,7.98,68.0,22.0,3.0,0.0,87.0,2.0,0.0,7.48,12.95,24.11,24.23,30.12,46.53,88.47,45.17,35.65,14.82,44.0,11.0,9.0,0.0,46.0,0.0,0.0,0.0,0.0,0.0,0.0,0.0,0.0,0.0,0.0,0.0,0.0,0.0,0.0,0.0,0.0,0.0
16.5,5.0,38.91,74.86,39.79,33.0,20.06,22.52,14.58,9.99,8.41,0.0,10.08,99.0,78.0,0.0,18.0,159.0,6.0,45.29,74.25,41.21,31.29,24.32,21.26,23.31,9.86,5.62,0.0,3.55,99.0,0.0,0.0,0.0,99.0,0.0,0.0,0.0,0.0,0.0,0.0,0.0,0.0,0.0,0.0,0.0,0.0,0.0,0.0,0.0,0.0,0.0,1.0,23.41,28.48,45.21,67.84,39.91,28.54,23.15,10.56,0.0,13.03,3.18,111.0,0.0,0.0,0.0,111.0,0.0,0.0,0.0,0.0,0.0,0.0,0.0,0.0,0.0,0.0,0.0,0.0,0.0,0.0,0.0,0.0,0.0,0.0,0.0,0.0,0.0,0.0,0.0,0.0,0.0,0.0,0.0,0.0,0.0,0.0,0.0,0.0,0.0,0.0,3.0,0.0,11.69,15.48,15.89,20.29,35.03,52.88,48.67,23.75,26.83,5.35,120.0,18.0,24.0,0.0,114.0,4.0,15.87,0.0,20.16,19.23,27.44,37.76,62.74,52.71,30.3,22.31,13.49,46.0,17.0,9.0,0.0,54.0,2.0,8.42,0.0,9.34,23.56,23.49,27.59,43.48,87.89,47.13,32.71,13.13,60.0,28.0,16.0,0.0,72.0,0.0,0.0,0.0,0.0,0.0,0.0,0.0,0.0,0.0,0.0,0.0,0.0,0.0,0.0,0.0,0.0,0.0
16.6,5.0,40.1,75.97,38.58,31.41,21.74,19.82,15.27,0.0,6.99,9.13,5.6,105.0,87.0,6.0,17.0,169.0,6.0,44.58,76.9,38.34,33.86,26.33,21.12,17.48,6.32,0.0,5.88,3.64,100.0,0.0,0.0,0.0,100.0,0.0,0.0,0.0,0.0,0.0,0.0,0.0,0.0,0.0,0.0,0.0,0.0,0.0,0.0,0.0,0.0,0.0,1.0,24.84,29.73,44.66,69.9,39.84,28.71,27.6,12.98,0.0,12.43,3.52,105.0,0.0,0.0,0.0,105.0,0.0,0.0,0.0,0.0,0.0,0.0,0.0,0.0,0.0,0.0,0.0,0.0,0.0,0.0,0.0,0.0,0.0,0.0,0.0,0.0,0.0,0.0,0.0,0.0,0.0,0.0,0.0,0.0,0.0,0.0,0.0,0.0,0.0,0.0,3.0,0.0,8.66,17.93,22.29,22.15,33.15,54.38,46.92,21.77,30.21,5.73,120.0,29.0,16.0,16.0,117.0,4.0,14.67,0.0,21.16,19.15,30.15,37.91,61.61,51.67,29.94,21.12,14.44,58.0,29.0,10.0,0.0,77.0,2.0,9.23,0.0,7.92,21.29,24.67,30.83,43.06,86.64,45.98,33.74,13.51,62.0,19.0,12.0,0.0,69.0,0.0,0.0,0.0,0.0,0.0,0.0,0.0,0.0,0.0,0.0,0.0,0.0,0.0,0.0,0.0,0.0,0.0
16.7,5.0,34.92,79.14,40.72,30.29,22.69,17.92,19.9,12.59,0.0,9.98,7.22,108.0,84.0,4.0,17.0,171.0,6.0,40.77,84.41,41.82,33.61,27.74,19.89,15.63,8.87,0.0,8.92,3.77,95.0,0.0,0.0,0.0,95.0,0.0,0.0,0.0,0.0,0.0,0.0,0.0,0.0,0.0,0.0,0.0,0.0,0.0,0.0,0.0,0.0,0.0,1.0,21.61,25.82,42.67,67.92,35.12,29.35,30.0,16.14,0.0,13.89,3.31,110.0,0.0,0.0,0.0,110.0,0.0,0.0,0.0,0.0,0.0,0.0,0.0,0.0,0.0,0.0,0.0,0.0,0.0,0.0,0.0,0.0,0.0,0.0,0.0,0.0,0.0,0.0,0.0,0.0,0.0,0.0,0.0,0.0,0.0,0.0,0.0,0.0,0.0,0.0,3.0,0.0,11.64,21.66,21.67,19.91,35.59,57.32,43.93,23.99,28.75,3.78,105.0,16.0,0.0,6.0,115.0,4.0,14.04,0.0,16.13,23.3,32.88,36.2,61.96,52.78,23.97,18.25,17.19,49.0,15.0,9.0,0.0,55.0,2.0,7.32,0.0,11.31,22.93,27.12,35.29,43.28,85.69,45.36,33.29,11.45,40.0,14.0,17.0,0.0,37.0,0.0,0.0,0.0,0.0,0.0,0.0,0.0,0.0,0.0,0.0,0.0,0.0,0.0,0.0,0.0,0.0,0.0
16.8,0.0,0.0,0.0,0.0,0.0,0.0,0.0,0.0,0.0,0.0,0.0,0.0,0.0,0.0,0.0,0.0,0.0,6.0,38.57,84.58,43.89,32.86,27.62,24.35,12.85,6.86,9.28,0.0,3.33,103.0,0.0,0.0,0.0,103.0,5.0,39.56,78.25,38.09,30.34,25.49,16.86,17.77,13.04,0.0,6.62,9.12,109.0,78.0,5.0,18.0,164.0,1.0,25.17,30.05,45.93,71.83,37.19,30.55,29.1,18.41,0.0,15.15,3.36,103.0,2.0,0.0,0.0,105.0,0.0,0.0,0.0,0.0,0.0,0.0,0.0,0.0,0.0,0.0,0.0,0.0,0.0,0.0,0.0,0.0,0.0,0.0,0.0,0.0,0.0,0.0,0.0,0.0,0.0,0.0,0.0,0.0,0.0,0.0,0.0,0.0,0.0,0.0,3.0,0.0,10.4,22.25,24.28,22.58,36.79,59.36,42.44,25.89,29.24,3.53,99.0,30.0,0.0,0.0,129.0,4.0,13.35,0.0,20.39,24.6,26.97,38.68,64.0,51.96,26.6,17.33,11.34,49.0,16.0,9.0,0.0,56.0,2.0,7.75,0.0,7.62,21.72,27.23,35.02,45.87,84.64,42.58,28.27,14.45,73.0,28.0,7.0,0.0,94.0,0.0,0.0,0.0,0.0,0.0,0.0,0.0,0.0,0.0,0.0,0.0,0.0,0.0,0.0,0.0,0.0,0.0
16.9,0.0,0.0,0.0,0.0,0.0,0.0,0.0,0.0,0.0,0.0,0.0,0.0,0.0,0.0,0.0,0.0,0.0,6.0,37.04,88.77,44.34,30.21,28.03,18.9,11.26,7.05,8.62,0.0,3.72,92.0,0.0,0.0,0.0,92.0,5.0,38.37,78.18,37.23,31.7,25.08,15.04,16.28,11.56,6.51,0.0,15.08,82.0,60.0,3.0,15.0,124.0,1.0,21.44,34.63,42.5,76.89,34.88,33.04,29.87,20.52,0.0,13.14,3.88,94.0,0.0,0.0,0.0,94.0,0.0,0.0,0.0,0.0,0.0,0.0,0.0,0.0,0.0,0.0,0.0,0.0,0.0,0.0,0.0,0.0,0.0,0.0,0.0,0.0,0.0,0.0,0.0,0.0,0.0,0.0,0.0,0.0,0.0,0.0,0.0,0.0,0.0,0.0,3.0,8.41,0.0,21.02,23.54,24.11,38.02,55.62,45.76,27.66,24.9,3.55,100.0,28.0,0.0,9.0,119.0,4.0,15.99,0.0,24.27,22.6,27.71,37.91,64.29,53.63,28.25,20.39,11.2,55.0,20.0,9.0,0.0,66.0,2.0,0.0,7.59,11.88,23.26,16.56,32.51,47.97,84.86,39.08,30.77,12.72,44.0,8.0,9.0,0.0,43.0,0.0,0.0,0.0,0.0,0.0,0.0,0.0,0.0,0.0,0.0,0.0,0.0,0.0,0.0,0.0,0.0,0.0
17.0,0.0,0.0,0.0,0.0,0.0,0.0,0.0,0.0,0.0,0.0,0.0,0.0,0.0,0.0,0.0,0.0,0.0,6.0,42.19,88.18,44.12,31.38,25.92,22.43,9.99,8.14,8.85,0.0,3.39,102.0,0.0,0.0,0.0,102.0,5.0,39.81,81.89,36.29,27.86,27.47,17.3,15.36,11.04,8.07,0.0,7.27,103.0,102.0,0.0,15.0,190.0,1.0,23.44,30.58,41.08,78.62,33.33,28.46,25.92,21.5,0.0,9.96,3.72,103.0,0.0,0.0,0.0,103.0,0.0,0.0,0.0,0.0,0.0,0.0,0.0,0.0,0.0,0.0,0.0,0.0,0.0,0.0,0.0,0.0,0.0,0.0,0.0,0.0,0.0,0.0,0.0,0.0,0.0,0.0,0.0,0.0,0.0,0.0,0.0,0.0,0.0,0.0,3.0,8.67,0.0,21.61,23.74,25.41,38.15,57.57,45.66,28.12,22.82,4.31,105.0,26.0,0.0,20.0,111.0,4.0,12.36,0.0,22.81,22.94,29.43,41.08,69.47,52.74,32.62,21.61,13.95,55.0,20.0,6.0,0.0,69.0,2.0,0.0,9.34,13.46,21.5,14.63,32.2,47.59,81.26,42.18,26.5,11.04,62.0,18.0,9.0,0.0,71.0,0.0,0.0,0.0,0.0,0.0,0.0,0.0,0.0,0.0,0.0,0.0,0.0,0.0,0.0,0.0,0.0,0.0
17.1,5.0,41.62,84.39,35.09,24.8,31.27,12.41,16.32,12.19,0.0,8.55,10.47,83.0,50.0,6.0,1.0,126.0,6.0,39.61,86.26,43.61,34.39,25.02,19.65,14.55,0.0,7.75,7.62,3.25,106.0,0.0,0.0,0.0,106.0,0.0,0.0,0.0,0.0,0.0,0.0,0.0,0.0,0.0,0.0,0.0,0.0,0.0,0.0,0.0,0.0,0.0,1.0,23.47,33.45,41.19,76.77,34.63,27.09,25.1,18.66,0.0,11.49,3.3,107.0,0.0,0.0,0.0,107.0,0.0,0.0,0.0,0.0,0.0,0.0,0.0,0.0,0.0,0.0,0.0,0.0,0.0,0.0,0.0,0.0,0.0,0.0,0.0,0.0,0.0,0.0,0.0,0.0,0.0,0.0,0.0,0.0,0.0,0.0,0.0,0.0,0.0,0.0,3.0,0.0,9.53,17.21,21.79,25.81,38.17,59.56,44.23,29.89,23.26,3.93,101.0,16.0,0.0,4.0,113.0,4.0,11.87,0.0,20.49,21.07,27.29,39.88,71.49,49.23,33.12,20.2,15.25,43.0,12.0,9.0,0.0,46.0,2.0,0.0,11.35,6.84,23.13,21.77,33.22,46.44,76.44,39.21,28.98,10.67,66.0,28.0,6.0,0.0,88.0,0.0,0.0,0.0,0.0,0.0,0.0,0.0,0.0,0.0,0.0,0.0,0.0,0.0,0.0,0.0,0.0,0.0
17.2,5.0,42.18,86.2,34.14,24.96,30.67,14.09,15.02,9.18,0.0,7.47,6.93,84.0,68.0,0.0,0.0,152.0,6.0,37.73,80.79,46.57,27.9,26.11,17.95,14.55,7.36,9.41,0.0,3.44,106.0,0.0,0.0,0.0,106.0,0.0,0.0,0.0,0.0,0.0,0.0,0.0,0.0,0.0,0.0,0.0,0.0,0.0,0.0,0.0,0.0,0.0,1.0,22.69,33.8,40.04,77.77,37.5,26.43,28.14,15.15,11.34,0.0,3.28,112.0,0.0,0.0,0.0,112.0,0.0,0.0,0.0,0.0,0.0,0.0,0.0,0.0,0.0,0.0,0.0,0.0,0.0,0.0,0.0,0.0,0.0,0.0,0.0,0.0,0.0,0.0,0.0,0.0,0.0,0.0,0.0,0.0,0.0,0.0,0.0,0.0,0.0,0.0,3.0,0.0,8.06,19.11,16.8,25.16,39.92,54.69,42.98,29.61,24.16,4.0,91.0,30.0,0.0,1.0,120.0,4.0,0.0,8.49,22.33,21.07,26.13,36.52,75.47,48.99,31.24,19.96,11.49,60.0,22.0,9.0,0.0,73.0,2.0,0.0,12.71,8.26,22.62,18.59,31.51,45.42,72.93,38.3,28.66,12.94,55.0,20.0,6.0,0.0,69.0,0.0,0.0,0.0,0.0,0.0,0.0,0.0,0.0,0.0,0.0,0.0,0.0,0.0,0.0,0.0,0.0,0.0
17.3,5.0,42.04,85.8,34.03,27.23,28.1,17.23,13.63,9.6,7.15,0.0,11.48,104.0,64.0,3.0,0.0,165.0,6.0,36.02,78.55,46.79,31.01,26.21,17.33,15.24,12.02,10.93,0.0,3.5,99.0,0.0,0.0,0.0,99.0,0.0,0.0,0.0,0.0,0.0,0.0,0.0,0.0,0.0,0.0,0.0,0.0,0.0,0.0,0.0,0.0,0.0,1.0,19.31,31.77,36.2,83.65,38.04,30.07,24.19,0.0,13.51,11.87,3.36,105.0,0.0,0.0,0.0,105.0,0.0,0.0,0.0,0.0,0.0,0.0,0.0,0.0,0.0,0.0,0.0,0.0,0.0,0.0,0.0,0.0,0.0,0.0,0.0,0.0,0.0,0.0,0.0,0.0,0.0,0.0,0.0,0.0,0.0,0.0,0.0,0.0,0.0,0.0,3.0,0.0,8.37,19.06,17.74,24.29,39.51,60.09,40.39,32.16,19.05,4.57,100.0,26.0,0.0,0.0,126.0,4.0,0.0,4.35,19.81,21.56,25.96,39.27,74.58,47.73,31.19,17.43,14.34,45.0,15.0,10.0,0.0,50.0,2.0,10.92,11.66,0.0,23.57,18.59,32.55,45.3,69.68,40.0,31.34,9.9,57.0,22.0,9.0,0.0,70.0,0.0,0.0,0.0,0.0,0.0,0.0,0.0,0.0,0.0,0.0,0.0,0.0,0.0,0.0,0.0,0.0,0.0
17.4,5.0,33.33,86.6,36.64,25.08,25.31,18.96,12.9,10.0,8.52,0.0,6.92,102.0,88.0,0.0,1.0,189.0,6.0,32.85,75.03,50.85,32.39,24.16,12.78,9.42,12.79,10.25,0.0,3.25,108.0,0.0,0.0,0.0,108.0,0.0,0.0,0.0,0.0,0.0,0.0,0.0,0.0,0.0,0.0,0.0,0.0,0.0,0.0,0.0,0.0,0.0,1.0,16.35,32.3,35.47,82.83,38.09,32.14,24.2,11.09,12.23,0.0,3.61,98.0,0.0,0.0,0.0,98.0,0.0,0.0,0.0,0.0,0.0,0.0,0.0,0.0,0.0,0.0,0.0,0.0,0.0,0.0,0.0,0.0,0.0,0.0,0.0,0.0,0.0,0.0,0.0,0.0,0.0,0.0,0.0,0.0,0.0,0.0,0.0,0.0,0.0,0.0,3.0,0.0,10.31,18.09,19.85,20.79,39.82,59.68,40.48,31.18,22.88,3.58,105.0,28.0,0.0,0.0,133.0,4.0,9.05,0.0,20.7,20.67,24.58,39.9,80.33,49.01,31.7,17.84,12.64,49.0,19.0,7.0,0.0,61.0,2.0,10.86,13.78,0.0,22.37,20.11,29.53,45.74,70.92,41.39,31.04,11.88,39.0,10.0,9.0,0.0,40.0,0.0,0.0,0.0,0.0,0.0,0.0,0.0,0.0,0.0,0.0,0.0,0.0,0.0,0.0,0.0,0.0,0.0
17.5,0.0,0.0,0.0,0.0,0.0,0.0,0.0,0.0,0.0,0.0,0.0,0.0,0.0,0.0,0.0,0.0,0.0,6.0,35.86,73.13,55.68,29.97,20.64,11.93,9.05,14.41,11.08,0.0,4.01,99.0,10.0,0.0,0.0,109.0,5.0,37.03,85.11,39.05,28.09,25.26,16.51,11.53,10.29,8.22,0.0,11.75,45.0,26.0,6.0,0.0,65.0,1.0,16.62,35.82,37.21,84.87,37.65,35.34,27.07,7.92,16.49,0.0,3.3,110.0,0.0,0.0,0.0,110.0,0.0,0.0,0.0,0.0,0.0,0.0,0.0,0.0,0.0,0.0,0.0,0.0,0.0,0.0,0.0,0.0,0.0,0.0,0.0,0.0,0.0,0.0,0.0,0.0,0.0,0.0,0.0,0.0,0.0,0.0,0.0,0.0,0.0,0.0,3.0,0.0,11.21,17.06,13.94,24.11,42.12,58.46,40.78,23.4,25.31,3.52,97.0,20.0,0.0,0.0,117.0,4.0,10.97,0.0,19.58,17.49,26.42,38.76,79.14,47.87,31.41,18.28,13.46,55.0,14.0,9.0,0.0,60.0,2.0,0.0,11.28,13.6,20.31,17.62,31.9,48.48,69.93,37.9,29.18,14.3,51.0,14.0,6.0,0.0,59.0,0.0,0.0,0.0,0.0,0.0,0.0,0.0,0.0,0.0,0.0,0.0,0.0,0.0,0.0,0.0,0.0,0.0
17.6,0.0,0.0,0.0,0.0,0.0,0.0,0.0,0.0,0.0,0.0,0.0,0.0,0.0,0.0,0.0,0.0,0.0,6.0,39.51,71.62,53.94,29.9,21.54,13.74,9.56,12.11,13.4,0.0,3.88,112.0,26.0,0.0,0.0,138.0,5.0,37.07,79.74,40.87,29.74,24.32,18.54,12.35,14.1,7.9,0.0,22.88,52.0,20.0,9.0,0.0,63.0,1.0,18.09,34.82,37.61,84.96,42.95,32.63,26.32,13.1,15.5,0.0,3.66,101.0,0.0,0.0,0.0,101.0,0.0,0.0,0.0,0.0,0.0,0.0,0.0,0.0,0.0,0.0,0.0,0.0,0.0,0.0,0.0,0.0,0.0,0.0,0.0,0.0,0.0,0.0,0.0,0.0,0.0,0.0,0.0,0.0,0.0,0.0,0.0,0.0,0.0,0.0,3.0,12.92,0.0,18.18,18.92,25.75,40.74,60.05,42.17,25.99,21.15,3.72,95.0,12.0,0.0,0.0,107.0,4.0,11.96,0.0,17.55,20.88,26.36,39.56,85.06,49.55,30.01,18.54,13.57,55.0,16.0,9.0,0.0,62.0,2.0,0.0,13.77,11.73,21.96,18.45,30.93,42.76,67.71,38.5,32.68,12.72,60.0,22.0,9.0,0.0,73.0,0.0,0.0,0.0,0.0,0.0,0.0,0.0,0.0,0.0,0.0,0.0,0.0,0.0,0.0,0.0,0.0,0.0
17.7,0.0,0.0,0.0,0.0,0.0,0.0,0.0,0.0,0.0,0.0,0.0,0.0,0.0,0.0,0.0,0.0,0.0,6.0,36.6,70.56,54.51,30.94,20.77,11.76,13.3,16.23,11.32,0.0,3.27,110.0,30.0,0.0,0.0,140.0,5.0,35.08,77.8,38.46,31.35,25.73,15.22,10.47,15.92,9.2,0.0,19.23,66.0,27.0,9.0,0.0,84.0,1.0,16.37,33.57,34.64,80.19,44.1,33.8,23.93,14.61,17.24,0.0,3.2,111.0,0.0,0.0,0.0,111.0,0.0,0.0,0.0,0.0,0.0,0.0,0.0,0.0,0.0,0.0,0.0,0.0,0.0,0.0,0.0,0.0,0.0,0.0,0.0,0.0,0.0,0.0,0.0,0.0,0.0,0.0,0.0,0.0,0.0,0.0,0.0,0.0,0.0,0.0,3.0,0.0,13.6,14.1,20.32,24.4,39.73,62.58,45.2,22.96,25.25,3.45,106.0,28.0,0.0,0.0,134.0,4.0,13.38,0.0,20.88,24.24,27.34,39.03,82.79,49.25,27.54,21.3,11.62,57.0,14.0,9.0,0.0,62.0,2.0,0.0,14.88,9.66,20.23,15.81,32.08,46.82,63.26,37.04,34.3,11.88,52.0,21.0,9.0,0.0,64.0,0.0,0.0,0.0,0.0,0.0,0.0,0.0,0.0,0.0,0.0,0.0,0.0,0.0,0.0,0.0,0.0,0.0
17.8,0.0,0.0,0.0,0.0,0.0,0.0,0.0,0.0,0.0,0.0,0.0,0.0,0.0,0.0,0.0,0.0,0.0,6.0,33.98,63.49,56.97,25.33,19.11,12.09,10.73,14.18,11.48,0.0,3.7,96.0,26.0,0.0,15.0,107.0,5.0,37.0,73.17,34.62,32.1,24.87,17.88,12.07,15.56,0.0,7.81,14.94,51.0,19.0,9.0,0.0,61.0,1.0,17.46,35.64,40.46,81.25,43.29,33.03,19.45,0.0,16.06,13.39,3.69,93.0,0.0,0.0,0.0,93.0,0.0,0.0,0.0,0.0,0.0,0.0,0.0,0.0,0.0,0.0,0.0,0.0,0.0,0.0,0.0,0.0,0.0,0.0,0.0,0.0,0.0,0.0,0.0,0.0,0.0,0.0,0.0,0.0,0.0,0.0,0.0,0.0,0.0,0.0,3.0,14.39,0.0,15.45,18.47,23.02,41.61,64.29,45.82,27.34,24.18,3.41,104.0,26.0,0.0,0.0,130.0,4.0,14.12,0.0,20.43,27.27,30.49,41.38,86.51,42.88,23.28,22.57,13.34,49.0,21.0,9.0,0.0,61.0,2.0,7.27,15.61,0.0,20.63,16.29,27.01,51.37,62.63,38.46,31.35,12.86,60.0,20.0,9.0,0.0,71.0,0.0,0.0,0.0,0.0,0.0,0.0,0.0,0.0,0.0,0.0,0.0,0.0,0.0,0.0,0.0,0.0,0.0
17.9,0.0,0.0,0.0,0.0,0.0,0.0,0.0,0.0,0.0,0.0,0.0,0.0,0.0,0.0,0.0,0.0,0.0,6.0,36.11,62.97,53.65,26.22,17.99,8.56,10.23,12.95,11.19,0.0,3.74,112.0,31.0,3.0,21.0,119.0,5.0,40.39,73.65,37.31,29.81,22.67,21.08,12.43,15.8,9.27,0.0,15.42,61.0,44.0,6.0,4.0,95.0,1.0,15.86,31.54,43.51,78.9,43.35,31.59,21.49,0.0,13.5,13.84,3.22,117.0,0.0,0.0,0.0,117.0,0.0,0.0,0.0,0.0,0.0,0.0,0.0,0.0,0.0,0.0,0.0,0.0,0.0,0.0,0.0,0.0,0.0,0.0,0.0,0.0,0.0,0.0,0.0,0.0,0.0,0.0,0.0,0.0,0.0,0.0,0.0,0.0,0.0,0.0,3.0,12.84,0.0,17.49,19.7,26.04,40.0,66.86,44.24,26.77,26.43,3.45,103.0,14.0,0.0,0.0,117.0,4.0,14.34,0.0,18.5,27.11,29.19,40.3,87.2,42.87,24.75,21.12,12.3,59.0,42.0,6.0,0.0,95.0,2.0,11.54,10.15,10.72,21.86,0.0,34.28,53.5,61.38,35.98,34.5,12.21,41.0,14.0,6.0,0.0,49.0,0.0,0.0,0.0,0.0,0.0,0.0,0.0,0.0,0.0,0.0,0.0,0.0,0.0,0.0,0.0,0.0,0.0
18.0,0.0,0.0,0.0,0.0,0.0,0.0,0.0,0.0,0.0,0.0,0.0,0.0,0.0,0.0,0.0,0.0,0.0,6.0,36.19,61.33,51.23,26.74,18.84,7.33,11.33,12.8,7.6,0.0,3.88,106.0,22.0,0.0,14.0,114.0,5.0,38.8,73.71,41.38,30.99,25.05,19.42,11.48,13.38,6.81,0.0,17.66,54.0,28.0,6.0,6.0,70.0,1.0,16.6,33.59,43.46,72.02,44.38,32.5,19.5,0.0,16.18,12.76,3.53,98.0,0.0,0.0,0.0,98.0,0.0,0.0,0.0,0.0,0.0,0.0,0.0,0.0,0.0,0.0,0.0,0.0,0.0,0.0,0.0,0.0,0.0,0.0,0.0,0.0,0.0,0.0,0.0,0.0,0.0,0.0,0.0,0.0,0.0,0.0,0.0,0.0,0.0,0.0,3.0,14.98,0.0,18.3,19.29,27.74,42.17,66.42,45.01,28.53,23.32,3.51,105.0,4.0,0.0,0.0,109.0,4.0,16.52,0.0,17.5,30.0,28.97,39.98,78.42,43.27,22.75,24.27,11.46,50.0,14.0,9.0,0.0,55.0,2.0,0.0,15.9,9.54,17.73,17.23,33.9,53.37,62.2,35.19,34.36,11.76,65.0,20.0,9.0,0.0,76.0,0.0,0.0,0.0,0.0,0.0,0.0,0.0,0.0,0.0,0.0,0.0,0.0,0.0,0.0,0.0,0.0,0.0
18.1,0.0,0.0,0.0,0.0,0.0,0.0,0.0,0.0,0.0,0.0,0.0,0.0,0.0,0.0,0.0,0.0,0.0,6.0,35.39,61.2,48.6,25.57,17.62,9.76,10.69,14.22,9.21,0.0,3.9,105.0,26.0,0.0,9.0,122.0,5.0,40.03,72.91,39.69,28.57,28.05,15.99,8.29,16.04,11.03,0.0,19.4,57.0,28.0,9.0,0.0,76.0,1.0,19.53,30.71,41.83,70.36,44.2,31.12,17.7,13.31,15.21,0.0,3.69,100.0,0.0,0.0,0.0,100.0,0.0,0.0,0.0,0.0,0.0,0.0,0.0,0.0,0.0,0.0,0.0,0.0,0.0,0.0,0.0,0.0,0.0,0.0,0.0,0.0,0.0,0.0,0.0,0.0,0.0,0.0,0.0,0.0,0.0,0.0,0.0,0.0,0.0,0.0,3.0,17.7,0.0,21.33,16.76,29.6,44.39,69.73,40.84,25.89,22.34,3.43,100.0,6.0,0.0,0.0,106.0,4.0,17.88,0.0,20.9,28.87,25.82,41.5,77.66,44.56,25.15,23.47,12.28,57.0,34.0,6.0,0.0,85.0,2.0,12.31,17.61,0.0,18.35,19.83,37.37,52.1,60.96,36.35,34.22,11.94,44.0,18.0,6.0,0.0,56.0,0.0,0.0,0.0,0.0,0.0,0.0,0.0,0.0,0.0,0.0,0.0,0.0,0.0,0.0,0.0,0.0,0.0
18.2,0.0,0.0,0.0,0.0,0.0,0.0,0.0,0.0,0.0,0.0,0.0,0.0,0.0,0.0,0.0,0.0,0.0,6.0,32.26,60.13,47.36,27.4,19.0,18.21,11.72,10.57,9.56,0.0,3.51,103.0,16.0,0.0,4.0,115.0,5.0,37.34,72.83,41.69,29.68,27.47,14.06,13.33,14.41,9.2,0.0,17.78,45.0,18.0,6.0,2.0,55.0,1.0,17.9,29.78,40.28,73.99,44.86,27.93,19.72,10.65,14.14,0.0,3.54,102.0,0.0,0.0,0.0,102.0,0.0,0.0,0.0,0.0,0.0,0.0,0.0,0.0,0.0,0.0,0.0,0.0,0.0,0.0,0.0,0.0,0.0,0.0,0.0,0.0,0.0,0.0,0.0,0.0,0.0,0.0,0.0,0.0,0.0,0.0,0.0,0.0,0.0,0.0,3.0,0.0,16.85,20.49,20.83,27.31,40.71,74.37,44.67,25.85,22.23,3.57,97.0,0.0,0.0,0.0,97.0,4.0,18.42,0.0,17.39,26.97,22.92,38.89,75.28,41.39,26.07,24.48,10.75,63.0,34.0,6.0,0.0,91.0,2.0,12.29,19.2,0.0,20.09,19.04,36.51,54.33,61.08,34.29,30.73,14.55,58.0,26.0,9.0,0.0,75.0,0.0,0.0,0.0,0.0,0.0,0.0,0.0,0.0,0.0,0.0,0.0,0.0,0.0,0.0,0.0,0.0,0.0
18.3,0.0,0.0,0.0,0.0,0.0,0.0,0.0,0.0,0.0,0.0,0.0,0.0,0.0,0.0,0.0,0.0,0.0,6.0,35.9,57.63,48.41,26.18,19.05,14.94,12.36,11.45,10.22,0.0,3.38,115.0,34.0,0.0,16.0,133.0,5.0,36.92,69.32,42.07,29.08,27.93,13.99,13.83,12.86,10.22,0.0,15.64,73.0,40.0,9.0,0.0,104.0,1.0,21.22,29.28,40.26,73.03,42.73,25.68,18.5,13.42,13.06,0.0,3.13,114.0,0.0,0.0,0.0,114.0,0.0,0.0,0.0,0.0,0.0,0.0,0.0,0.0,0.0,0.0,0.0,0.0,0.0,0.0,0.0,0.0,0.0,0.0,0.0,0.0,0.0,0.0,0.0,0.0,0.0,0.0,0.0,0.0,0.0,0.0,0.0,0.0,0.0,0.0,3.0,0.0,14.21,22.83,22.29,24.98,41.0,79.63,43.63,24.12,20.33,3.61,103.0,0.0,0.0,0.0,103.0,4.0,17.08,0.0,15.53,25.88,24.69,43.07,68.47,41.41,22.65,24.14,11.54,72.0,42.0,9.0,0.0,105.0,2.0,11.16,18.99,0.0,23.38,20.08,36.47,51.66,58.44,36.49,32.9,11.66,65.0,30.0,9.0,0.0,86.0,0.0,0.0,0.0,0.0,0.0,0.0,0.0,0.0,0.0,0.0,0.0,0.0,0.0,0.0,0.0,0.0,0.0
18.4,0.0,0.0,0.0,0.0,0.0,0.0,0.0,0.0,0.0,0.0,0.0,0.0,0.0,0.0,0.0,0.0,0.0,6.0,37.94,56.52,49.22,26.46,18.53,12.84,8.09,8.67,9.4,0.0,5.0,104.0,26.0,5.0,16.0,109.0,5.0,38.92,67.95,41.6,26.66,27.23,12.68,10.64,15.0,9.03,0.0,14.37,59.0,38.0,6.0,0.0,91.0,1.0,21.07,27.15,38.14,68.04,41.52,27.64,20.16,0.0,13.83,10.5,3.7,99.0,0.0,0.0,0.0,99.0,0.0,0.0,0.0,0.0,0.0,0.0,0.0,0.0,0.0,0.0,0.0,0.0,0.0,0.0,0.0,0.0,0.0,0.0,0.0,0.0,0.0,0.0,0.0,0.0,0.0,0.0,0.0,0.0,0.0,0.0,0.0,0.0,0.0,0.0,3.0,0.0,12.6,23.06,23.02,27.25,44.77,78.39,42.04,20.92,19.39,3.3,105.0,0.0,0.0,0.0,105.0,4.0,0.0,16.83,16.36,22.04,24.92,39.52,72.91,41.23,24.75,23.17,9.67,66.0,47.0,6.0,0.0,107.0,2.0,11.17,18.79,0.0,25.02,21.26,32.8,52.73,57.34,35.79,32.37,11.79,45.0,22.0,9.0,3.0,55.0,0.0,0.0,0.0,0.0,0.0,0.0,0.0,0.0,0.0,0.0,0.0,0.0,0.0,0.0,0.0,0.0,0.0
18.5,0.0,0.0,0.0,0.0,0.0,0.0,0.0,0.0,0.0,0.0,0.0,0.0,0.0,0.0,0.0,0.0,0.0,6.0,35.94,51.31,53.21,26.06,24.58,13.17,11.43,11.58,7.44,0.0,7.55,84.0,22.0,5.0,0.0,101.0,5.0,38.41,67.76,40.07,28.52,22.67,12.71,13.49,15.63,0.0,7.23,14.14,60.0,36.0,6.0,0.0,90.0,1.0,17.94,27.19,37.78,67.83,42.38,30.91,18.86,14.54,8.4,0.0,3.64,93.0,0.0,0.0,0.0,93.0,0.0,0.0,0.0,0.0,0.0,0.0,0.0,0.0,0.0,0.0,0.0,0.0,0.0,0.0,0.0,0.0,0.0,0.0,0.0,0.0,0.0,0.0,0.0,0.0,0.0,0.0,0.0,0.0,0.0,0.0,0.0,0.0,0.0,0.0,3.0,0.0,12.09,21.83,23.27,27.44,46.72,81.22,39.41,26.67,18.46,3.3,109.0,0.0,0.0,0.0,109.0,4.0,0.0,15.33,17.32,25.76,25.47,47.89,67.17,39.69,22.19,20.99,11.4,70.0,38.0,6.0,1.0,101.0,2.0,11.53,16.86,0.0,21.64,20.78,32.11,53.25,53.96,35.84,31.56,14.8,39.0,9.0,9.0,0.0,39.0,0.0,0.0,0.0,0.0,0.0,0.0,0.0,0.0,0.0,0.0,0.0,0.0,0.0,0.0,0.0,0.0,0.0
18.6,0.0,0.0,0.0,0.0,0.0,0.0,0.0,0.0,0.0,0.0,0.0,0.0,0.0,0.0,0.0,0.0,0.0,6.0,33.97,52.42,49.96,26.61,24.82,12.41,12.52,0.0,7.39,7.97,5.64,65.0,12.0,3.0,0.0,74.0,5.0,37.78,65.48,40.96,27.55,27.5,10.93,13.27,18.39,9.17,0.0,14.91,81.0,36.0,6.0,6.0,105.0,1.0,18.27,31.04,42.45,67.58,46.44,32.39,20.33,19.06,13.04,0.0,3.42,106.0,0.0,0.0,0.0,106.0,0.0,0.0,0.0,0.0,0.0,0.0,0.0,0.0,0.0,0.0,0.0,0.0,0.0,0.0,0.0,0.0,0.0,4.0,0.0,11.6,18.23,23.81,28.47,48.25,67.6,41.05,26.97,19.81,11.15,63.0,48.0,6.0,0.0,105.0,3.0,0.0,10.44,22.95,25.74,28.84,48.08,82.8,37.38,26.81,19.52,3.16,110.0,0.0,0.0,0.0,110.0,0.0,0.0,0.0,0.0,0.0,0.0,0.0,0.0,0.0,0.0,0.0,0.0,0.0,0.0,0.0,0.0,0.0,2.0,11.59,12.72,0.0,19.15,24.32,34.79,54.22,56.1,41.18,29.18,13.65,50.0,12.0,6.0,0.0,56.0,0.0,0.0,0.0,0.0,0.0,0.0,0.0,0.0,0.0,0.0,0.0,0.0,0.0,0.0,0.0,0.0,0.0
18.7,0.0,0.0,0.0,0.0,0.0,0.0,0.0,0.0,0.0,0.0,0.0,0.0,0.0,0.0,0.0,0.0,0.0,6.0,34.2,49.32,50.07,26.75,22.91,13.01,14.2,12.73,8.35,0.0,7.9,124.0,23.0,22.0,0.0,125.0,5.0,36.88,65.07,41.96,27.74,27.69,10.17,14.71,13.93,9.33,0.0,19.55,43.0,25.0,6.0,3.0,59.0,1.0,21.23,30.78,43.47,65.65,49.56,33.36,17.17,18.75,14.61,0.0,3.49,106.0,2.0,0.0,0.0,108.0,0.0,0.0,0.0,0.0,0.0,0.0,0.0,0.0,0.0,0.0,0.0,0.0,0.0,0.0,0.0,0.0,0.0,4.0,0.0,12.92,17.05,23.18,27.74,48.53,69.87,39.47,23.71,20.54,13.82,111.0,64.0,12.0,20.0,143.0,3.0,0.0,10.49,18.14,25.3,28.72,46.17,87.61,39.73,26.5,19.15,3.38,100.0,0.0,0.0,0.0,100.0,2.0,11.13,9.3,0.0,17.43,25.71,34.86,56.14,54.87,39.61,27.26,6.81,111.0,61.0,10.0,1.0,161.0,0.0,0.0,0.0,0.0,0.0,0.0,0.0,0.0,0.0,0.0,0.0,0.0,0.0,0.0,0.0,0.0,0.0,0.0,0.0,0.0,0.0,0.0,0.0,0.0,0.0,0.0,0.0,0.0,0.0,0.0,0.0,0.0,0.0,0.0
18.8,0.0,0.0,0.0,0.0,0.0,0.0,0.0,0.0,0.0,0.0,0.0,0.0,0.0,0.0,0.0,0.0,0.0,6.0,33.77,48.56,49.71,24.6,23.3,10.28,15.92,11.55,10.21,0.0,4.45,104.0,18.0,9.0,0.0,113.0,5.0,37.16,61.11,43.4,28.32,23.9,15.33,14.1,13.67,9.67,0.0,25.67,70.0,34.0,9.0,0.0,95.0,1.0,18.49,29.05,42.18,64.64,48.0,30.29,20.41,15.7,12.18,0.0,3.39,116.0,24.0,0.0,0.0,140.0,0.0,0.0,0.0,0.0,0.0,0.0,0.0,0.0,0.0,0.0,0.0,0.0,0.0,0.0,0.0,0.0,0.0,4.0,0.0,14.52,14.19,28.22,27.08,51.87,66.3,38.81,23.6,18.63,9.42,66.0,42.0,3.0,15.0,90.0,3.0,0.0,10.84,18.86,24.33,27.38,46.07,89.45,41.33,28.82,17.86,3.48,105.0,0.0,0.0,0.0,105.0,2.0,9.43,9.74,0.0,15.97,26.11,35.31,53.38,52.23,37.09,27.39,4.96,112.0,48.0,15.0,1.0,144.0,0.0,0.0,0.0,0.0,0.0,0.0,0.0,0.0,0.0,0.0,0.0,0.0,0.0,0.0,0.0,0.0,0.0,0.0,0.0,0.0,0.0,0.0,0.0,0.0,0.0,0.0,0.0,0.0,0.0,0.0,0.0,0.0,0.0,0.0
18.9,0.0,0.0,0.0,0.0,0.0,0.0,0.0,0.0,0.0,0.0,0.0,0.0,0.0,0.0,0.0,0.0,0.0,6.0,33.66,49.44,49.81,27.09,23.15,13.42,14.86,13.32,11.51,0.0,7.69,126.0,33.0,29.0,0.0,130.0,5.0,38.59,58.6,42.43,29.93,23.92,14.13,13.81,14.39,13.59,0.0,23.92,41.0,39.0,6.0,0.0,74.0,1.0,19.26,28.48,44.49,65.37,50.17,29.26,19.81,14.84,13.19,0.0,3.84,112.0,18.0,0.0,0.0,130.0,0.0,0.0,0.0,0.0,0.0,0.0,0.0,0.0,0.0,0.0,0.0,0.0,0.0,0.0,0.0,0.0,0.0,4.0,0.0,13.12,14.83,25.94,23.91,51.78,62.72,40.73,23.16,19.93,7.99,100.0,83.0,3.0,3.0,177.0,3.0,0.0,12.26,16.1,26.41,25.14,44.18,90.16,43.64,26.44,14.52,3.55,103.0,0.0,0.0,0.0,103.0,2.0,0.0,10.92,10.3,17.12,27.07,32.2,56.56,49.46,41.01,28.22,6.33,126.0,74.0,24.0,0.0,176.0,0.0,0.0,0.0,0.0,0.0,0.0,0.0,0.0,0.0,0.0,0.0,0.0,0.0,0.0,0.0,0.0,0.0,0.0,0.0,0.0,0.0,0.0,0.0,0.0,0.0,0.0,0.0,0.0,0.0,0.0,0.0,0.0,0.0,0.0
19.0,0.0,0.0,0.0,0.0,0.0,0.0,0.0,0.0,0.0,0.0,0.0,0.0,0.0,0.0,0.0,0.0,0.0,6.0,35.39,51.42,52.55,29.82,24.45,15.11,19.32,13.85,12.2,0.0,9.12,69.0,8.0,6.0,0.0,71.0,5.0,39.71,56.85,44.97,31.88,25.13,13.45,12.06,12.53,14.14,0.0,12.47,70.0,37.0,6.0,0.0,101.0,1.0,18.5,24.89,39.58,61.32,46.98,27.65,21.34,17.38,10.02,0.0,3.95,95.0,22.0,0.0,0.0,117.0,0.0,0.0,0.0,0.0,0.0,0.0,0.0,0.0,0.0,0.0,0.0,0.0,0.0,0.0,0.0,0.0,0.0,4.0,0.0,11.27,11.27,24.42,23.83,50.57,62.76,36.67,25.18,20.33,7.9,64.0,30.0,6.0,0.0,88.0,3.0,0.0,10.61,14.16,26.53,27.3,41.84,88.81,44.8,27.5,19.64,3.35,108.0,0.0,0.0,0.0,108.0,2.0,0.0,10.63,10.38,16.75,27.73,36.98,54.93,46.15,40.22,29.38,7.18,90.0,46.0,8.0,7.0,121.0,0.0,0.0,0.0,0.0,0.0,0.0,0.0,0.0,0.0,0.0,0.0,0.0,0.0,0.0,0.0,0.0,0.0,0.0,0.0,0.0,0.0,0.0,0.0,0.0,0.0,0.0,0.0,0.0,0.0,0.0,0.0,0.0,0.0,0.0
19.1,0.0,0.0,0.0,0.0,0.0,0.0,0.0,0.0,0.0,0.0,0.0,0.0,0.0,0.0,0.0,0.0,0.0,6.0,31.26,53.85,53.42,26.78,24.76,15.22,18.42,15.39,12.16,0.0,4.99,120.0,28.0,23.0,1.0,124.0,5.0,40.06,62.24,42.61,30.45,26.18,10.77,16.89,12.34,15.49,0.0,11.51,60.0,31.0,6.0,4.0,81.0,1.0,17.11,28.79,42.85,63.74,50.38,30.56,20.66,18.94,12.12,0.0,4.72,93.0,14.0,0.0,0.0,107.0,0.0,0.0,0.0,0.0,0.0,0.0,0.0,0.0,0.0,0.0,0.0,0.0,0.0,0.0,0.0,0.0,0.0,4.0,0.0,15.26,13.54,22.71,27.7,50.55,60.27,37.84,27.31,21.5,7.21,76.0,45.0,3.0,1.0,117.0,3.0,0.0,12.17,15.62,27.28,27.02,40.14,82.65,41.78,26.52,21.9,3.24,110.0,0.0,0.0,0.0,110.0,2.0,0.0,10.84,14.6,19.27,25.57,35.68,57.0,48.4,41.17,24.12,12.03,73.0,30.0,10.0,10.0,83.0,0.0,0.0,0.0,0.0,0.0,0.0,0.0,0.0,0.0,0.0,0.0,0.0,0.0,0.0,0.0,0.0,0.0,0.0,0.0,0.0,0.0,0.0,0.0,0.0,0.0,0.0,0.0,0.0,0.0,0.0,0.0,0.0,0.0,0.0
19.2,0.0,0.0,0.0,0.0,0.0,0.0,0.0,0.0,0.0,0.0,0.0,0.0,0.0,0.0,0.0,0.0,0.0,6.0,34.11,52.26,54.1,26.56,26.64,16.41,19.66,16.69,13.33,0.0,5.54,128.0,32.0,29.0,0.0,131.0,5.0,39.53,63.11,40.69,30.92,29.78,12.54,19.47,13.73,17.77,0.0,19.49,48.0,31.0,6.0,4.0,69.0,1.0,18.56,27.74,43.41,63.15,47.38,32.82,21.34,16.75,0.0,11.04,3.64,95.0,12.0,0.0,0.0,107.0,0.0,0.0,0.0,0.0,0.0,0.0,0.0,0.0,0.0,0.0,0.0,0.0,0.0,0.0,0.0,0.0,0.0,4.0,0.0,12.43,17.64,24.82,26.99,55.74,59.14,36.95,29.73,17.47,8.36,102.0,61.0,14.0,0.0,149.0,3.0,0.0,13.27,15.99,26.43,27.19,45.22,84.16,38.84,30.15,22.17,3.39,107.0,0.0,0.0,0.0,107.0,2.0,0.0,14.43,17.04,17.91,24.57,34.06,61.15,49.62,37.8,27.15,9.42,102.0,60.0,14.0,0.0,148.0,0.0,0.0,0.0,0.0,0.0,0.0,0.0,0.0,0.0,0.0,0.0,0.0,0.0,0.0,0.0,0.0,0.0,0.0,0.0,0.0,0.0,0.0,0.0,0.0,0.0,0.0,0.0,0.0,0.0,0.0,0.0,0.0,0.0,0.0
19.3,0.0,0.0,0.0,0.0,0.0,0.0,0.0,0.0,0.0,0.0,0.0,0.0,0.0,0.0,0.0,0.0,0.0,6.0,31.5,51.88,56.36,21.93,27.46,17.35,22.34,17.63,10.07,0.0,7.7,92.0,15.0,11.0,0.0,96.0,5.0,39.67,58.1,45.41,31.72,28.76,11.77,17.9,14.01,16.74,0.0,17.66,71.0,33.0,6.0,4.0,94.0,1.0,19.85,27.8,44.13,63.74,47.32,32.06,21.97,13.01,0.0,12.41,3.6,102.0,8.0,0.0,0.0,110.0,0.0,0.0,0.0,0.0,0.0,0.0,0.0,0.0,0.0,0.0,0.0,0.0,0.0,0.0,0.0,0.0,0.0,4.0,0.0,8.36,20.76,21.84,23.37,52.65,57.31,34.9,26.19,20.0,8.65,67.0,46.0,8.0,0.0,105.0,3.0,12.49,0.0,17.62,23.36,29.05,44.52,82.94,41.2,28.07,25.13,3.38,103.0,0.0,0.0,0.0,103.0,2.0,0.0,16.95,19.54,18.75,25.47,35.43,62.68,46.88,34.9,27.79,4.79,89.0,54.0,0.0,4.0,139.0,0.0,0.0,0.0,0.0,0.0,0.0,0.0,0.0,0.0,0.0,0.0,0.0,0.0,0.0,0.0,0.0,0.0,0.0,0.0,0.0,0.0,0.0,0.0,0.0,0.0,0.0,0.0,0.0,0.0,0.0,0.0,0.0,0.0,0.0
19.4,0.0,0.0,0.0,0.0,0.0,0.0,0.0,0.0,0.0,0.0,0.0,0.0,0.0,0.0,0.0,0.0,0.0,6.0,30.47,52.29,56.41,24.34,24.44,19.26,16.0,18.39,10.23,0.0,10.15,70.0,7.0,6.0,0.0,71.0,5.0,37.76,56.73,46.04,32.76,28.19,15.25,20.2,10.73,13.63,0.0,15.56,86.0,46.0,6.0,0.0,126.0,1.0,22.02,27.06,45.36,61.39,50.22,35.07,20.45,16.25,0.0,10.73,3.97,99.0,42.0,0.0,0.0,141.0,0.0,0.0,0.0,0.0,0.0,0.0,0.0,0.0,0.0,0.0,0.0,0.0,0.0,0.0,0.0,0.0,0.0,4.0,9.87,0.0,20.78,20.25,28.41,54.17,55.97,39.76,28.05,22.06,10.08,101.0,55.0,18.0,0.0,138.0,3.0,14.58,0.0,18.29,22.29,27.8,39.64,77.41,42.14,30.0,24.63,3.47,108.0,0.0,0.0,0.0,108.0,2.0,0.0,13.63,16.99,18.33,26.71,38.81,65.57,46.16,33.63,32.71,10.02,81.0,36.0,6.0,12.0,99.0,0.0,0.0,0.0,0.0,0.0,0.0,0.0,0.0,0.0,0.0,0.0,0.0,0.0,0.0,0.0,0.0,0.0,0.0,0.0,0.0,0.0,0.0,0.0,0.0,0.0,0.0,0.0,0.0,0.0,0.0,0.0,0.0,0.0,0.0
19.5,0.0,0.0,0.0,0.0,0.0,0.0,0.0,0.0,0.0,0.0,0.0,0.0,0.0,0.0,0.0,0.0,0.0,6.0,28.97,50.08,57.43,27.24,25.56,19.09,16.32,16.79,8.94,0.0,8.59,89.0,24.0,3.0,0.0,110.0,5.0,37.92,56.28,46.73,36.83,28.67,15.08,19.45,13.13,17.51,0.0,13.26,60.0,26.0,9.0,3.0,74.0,1.0,20.36,25.36,44.12,57.2,50.24,32.09,19.65,15.19,0.0,9.78,3.56,100.0,30.0,0.0,0.0,130.0,0.0,0.0,0.0,0.0,0.0,0.0,0.0,0.0,0.0,0.0,0.0,0.0,0.0,0.0,0.0,0.0,0.0,4.0,12.31,0.0,25.38,21.32,29.44,54.33,57.44,41.39,28.01,16.41,6.34,112.0,66.0,12.0,0.0,166.0,3.0,0.0,11.66,18.03,23.98,28.39,41.47,76.58,41.98,29.34,26.15,3.7,94.0,0.0,0.0,0.0,94.0,2.0,0.0,13.88,15.08,15.81,26.05,37.68,66.15,43.0,35.16,33.32,10.33,78.0,46.0,26.0,3.0,95.0,0.0,0.0,0.0,0.0,0.0,0.0,0.0,0.0,0.0,0.0,0.0,0.0,0.0,0.0,0.0,0.0,0.0,0.0,0.0,0.0,0.0,0.0,0.0,0.0,0.0,0.0,0.0,0.0,0.0,0.0,0.0,0.0,0.0,0.0
19.6,0.0,0.0,0.0,0.0,0.0,0.0,0.0,0.0,0.0,0.0,0.0,0.0,0.0,0.0,0.0,0.0,0.0,6.0,31.06,50.72,53.12,29.26,21.37,17.91,16.32,16.33,10.55,0.0,9.98,68.0,13.0,6.0,0.0,75.0,5.0,35.34,52.97,46.82,38.11,24.72,17.54,19.54,10.85,17.8,0.0,17.78,68.0,40.0,3.0,20.0,85.0,1.0,18.81,24.61,44.35,58.15,48.15,28.63,20.85,14.04,12.21,0.0,3.74,109.0,38.0,0.0,0.0,147.0,0.0,0.0,0.0,0.0,0.0,0.0,0.0,0.0,0.0,0.0,0.0,0.0,0.0,0.0,0.0,0.0,0.0,4.0,13.49,0.0,22.86,27.5,32.4,52.79,57.71,40.49,24.46,19.17,6.17,86.0,49.0,6.0,3.0,126.0,3.0,0.0,12.53,18.59,22.32,28.53,41.7,74.4,46.19,30.12,24.71,3.49,98.0,0.0,0.0,0.0,98.0,2.0,0.0,14.36,15.62,15.7,26.1,39.3,67.79,41.22,33.35,32.45,11.99,75.0,40.0,28.0,0.0,87.0,0.0,0.0,0.0,0.0,0.0,0.0,0.0,0.0,0.0,0.0,0.0,0.0,0.0,0.0,0.0,0.0,0.0,0.0,0.0,0.0,0.0,0.0,0.0,0.0,0.0,0.0,0.0,0.0,0.0,0.0,0.0,0.0,0.0,0.0
19.7,0.0,0.0,0.0,0.0,0.0,0.0,0.0,0.0,0.0,0.0,0.0,0.0,0.0,0.0,0.0,0.0,0.0,6.0,27.34,48.27,52.06,31.83,26.34,19.57,17.77,14.15,0.0,9.45,8.2,68.0,8.0,6.0,0.0,70.0,5.0,35.95,54.25,51.45,39.25,26.85,15.28,18.02,10.24,19.27,0.0,15.47,73.0,39.0,6.0,20.0,86.0,1.0,16.05,22.01,43.96,57.51,49.41,28.98,18.31,12.87,0.0,10.04,3.81,101.0,52.0,0.0,0.0,153.0,0.0,0.0,0.0,0.0,0.0,0.0,0.0,0.0,0.0,0.0,0.0,0.0,0.0,0.0,0.0,0.0,0.0,4.0,0.0,17.05,24.25,25.2,33.08,54.74,57.92,44.45,25.58,17.97,7.46,94.0,49.0,10.0,29.0,104.0,3.0,0.0,14.06,15.73,19.99,29.53,39.27,71.09,48.7,28.81,25.21,3.87,85.0,2.0,0.0,0.0,87.0,2.0,0.0,12.23,16.22,18.78,24.33,41.67,67.56,39.55,32.41,31.4,12.46,84.0,40.0,49.0,0.0,75.0,0.0,0.0,0.0,0.0,0.0,0.0,0.0,0.0,0.0,0.0,0.0,0.0,0.0,0.0,0.0,0.0,0.0,0.0,0.0,0.0,0.0,0.0,0.0,0.0,0.0,0.0,0.0,0.0,0.0,0.0,0.0,0.0,0.0,0.0
19.8,0.0,0.0,0.0,0.0,0.0,0.0,0.0,0.0,0.0,0.0,0.0,0.0,0.0,0.0,0.0,0.0,0.0,6.0,28.34,49.24,52.57,32.81,23.37,23.29,17.89,14.28,0.0,8.24,8.11,71.0,18.0,6.0,0.0,83.0,5.0,33.71,51.1,51.8,41.27,25.34,17.06,18.62,12.27,19.52,0.0,13.52,95.0,52.0,6.0,24.0,117.0,1.0,16.47,22.83,42.18,57.58,50.77,30.65,17.06,12.76,0.0,9.43,4.82,117.0,62.0,0.0,8.0,171.0,0.0,0.0,0.0,0.0,0.0,0.0,0.0,0.0,0.0,0.0,0.0,0.0,0.0,0.0,0.0,0.0,0.0,4.0,17.81,18.19,21.64,27.08,33.57,55.08,58.51,42.45,24.86,0.0,9.83,65.0,36.0,3.0,1.0,97.0,3.0,0.0,16.85,15.26,20.86,30.3,42.18,68.94,45.39,31.03,21.2,3.57,103.0,16.0,0.0,0.0,119.0,2.0,0.0,13.35,16.14,19.25,23.23,41.6,69.23,47.78,30.39,26.64,12.9,50.0,26.0,13.0,0.0,63.0,0.0,0.0,0.0,0.0,0.0,0.0,0.0,0.0,0.0,0.0,0.0,0.0,0.0,0.0,0.0,0.0,0.0,0.0,0.0,0.0,0.0,0.0,0.0,0.0,0.0,0.0,0.0,0.0,0.0,0.0,0.0,0.0,0.0,0.0
19.9,0.0,0.0,0.0,0.0,0.0,0.0,0.0,0.0,0.0,0.0,0.0,0.0,0.0,0.0,0.0,0.0,0.0,6.0,28.94,49.93,57.66,34.91,26.56,24.35,20.41,14.18,0.0,8.6,12.58,84.0,43.0,8.0,0.0,119.0,5.0,33.77,49.94,50.9,42.47,26.84,17.62,15.33,14.13,16.35,0.0,21.04,49.0,18.0,13.0,5.0,49.0,1.0,14.66,22.51,41.26,58.07,55.8,30.04,19.35,14.33,9.17,0.0,3.6,114.0,16.0,0.0,0.0,130.0,0.0,0.0,0.0,0.0,0.0,0.0,0.0,0.0,0.0,0.0,0.0,0.0,0.0,0.0,0.0,0.0,0.0,4.0,0.0,17.49,22.14,21.18,30.14,58.08,58.44,42.33,21.74,18.03,11.4,104.0,49.0,30.0,0.0,123.0,3.0,0.0,16.26,14.2,20.75,31.85,42.96,63.71,43.53,30.58,18.77,3.38,103.0,28.0,0.0,0.0,131.0,2.0,0.0,13.33,13.81,21.59,21.85,43.67,68.73,43.15,31.37,26.61,12.3,56.0,17.0,12.0,0.0,61.0,0.0,0.0,0.0,0.0,0.0,0.0,0.0,0.0,0.0,0.0,0.0,0.0,0.0,0.0,0.0,0.0,0.0,0.0,0.0,0.0,0.0,0.0,0.0,0.0,0.0,0.0,0.0,0.0,0.0,0.0,0.0,0.0,0.0,0.0
20.0,0.0,0.0,0.0,0.0,0.0,0.0,0.0,0.0,0.0,0.0,0.0,0.0,0.0,0.0,0.0,0.0,0.0,6.0,24.7,51.79,57.89,37.14,25.97,24.38,20.56,12.18,0.0,10.58,10.05,68.0,34.0,6.0,3.0,93.0,5.0,34.98,55.45,56.48,39.23,25.18,19.23,19.12,12.22,17.0,0.0,13.76,98.0,52.0,12.0,23.0,115.0,1.0,20.55,19.91,39.81,60.01,57.64,32.08,15.11,11.13,0.0,8.57,6.0,103.0,54.0,0.0,0.0,157.0,0.0,0.0,0.0,0.0,0.0,0.0,0.0,0.0,0.0,0.0,0.0,0.0,0.0,0.0,0.0,0.0,0.0,4.0,15.1,14.7,17.66,23.72,36.21,60.18,60.64,33.13,21.18,0.0,5.95,124.0,71.0,34.0,0.0,161.0,3.0,0.0,18.28,13.56,25.08,33.75,41.16,69.71,43.73,31.56,18.62,3.28,110.0,16.0,0.0,0.0,126.0,2.0,0.0,14.24,13.41,17.54,21.59,44.84,65.32,42.79,27.0,27.69,12.5,57.0,22.0,14.0,0.0,65.0,0.0,0.0,0.0,0.0,0.0,0.0,0.0,0.0,0.0,0.0,0.0,0.0,0.0,0.0,0.0,0.0,0.0,0.0,0.0,0.0,0.0,0.0,0.0,0.0,0.0,0.0,0.0,0.0,0.0,0.0,0.0,0.0,0.0,0.0
20.1,0.0,0.0,0.0,0.0,0.0,0.0,0.0,0.0,0.0,0.0,0.0,0.0,0.0,0.0,0.0,0.0,0.0,6.0,28.93,43.27,56.13,36.95,22.76,22.23,23.28,12.01,0.0,12.31,10.94,65.0,41.0,9.0,4.0,93.0,5.0,34.36,53.35,61.38,39.22,22.51,20.26,18.34,12.71,16.99,0.0,6.64,111.0,81.0,23.0,4.0,165.0,1.0,20.02,17.56,38.67,59.5,64.32,32.01,19.67,14.76,0.0,7.91,3.88,108.0,22.0,0.0,0.0,130.0,0.0,0.0,0.0,0.0,0.0,0.0,0.0,0.0,0.0,0.0,0.0,0.0,0.0,0.0,0.0,0.0,0.0,4.0,0.0,15.49,19.79,22.8,36.02,59.8,55.43,37.81,24.63,11.75,10.05,94.0,36.0,28.0,0.0,102.0,3.0,0.0,15.68,16.74,21.61,34.38,43.83,64.17,39.79,30.8,18.23,3.28,105.0,16.0,0.0,0.0,121.0,2.0,0.0,14.04,10.19,21.51,21.24,42.33,70.69,41.36,29.49,26.81,11.33,44.0,25.0,16.0,0.0,53.0,0.0,0.0,0.0,0.0,0.0,0.0,0.0,0.0,0.0,0.0,0.0,0.0,0.0,0.0,0.0,0.0,0.0,0.0,0.0,0.0,0.0,0.0,0.0,0.0,0.0,0.0,0.0,0.0,0.0,0.0,0.0,0.0,0.0,0.0
20.2,0.0,0.0,0.0,0.0,0.0,0.0,0.0,0.0,0.0,0.0,0.0,0.0,0.0,0.0,0.0,0.0,0.0,6.0,29.01,51.31,57.02,36.58,25.54,18.6,18.49,12.44,0.0,11.86,12.28,57.0,30.0,6.0,3.0,78.0,5.0,37.21,52.05,57.69,39.55,25.21,22.71,19.3,13.45,18.41,0.0,4.41,117.0,26.0,26.0,5.0,112.0,0.0,0.0,0.0,0.0,0.0,0.0,0.0,0.0,0.0,0.0,0.0,0.0,0.0,0.0,0.0,0.0,0.0,1.0,20.47,20.94,36.88,57.04,63.04,33.51,23.69,15.34,0.0,6.12,3.36,110.0,4.0,3.0,0.0,111.0,4.0,0.0,15.5,21.26,26.56,38.57,58.31,57.07,35.22,23.38,16.25,8.55,133.0,70.0,43.0,0.0,160.0,3.0,0.0,19.84,12.38,17.65,34.0,41.48,65.33,36.02,28.24,17.28,3.67,94.0,28.0,0.0,0.0,122.0,2.0,0.0,14.31,12.12,22.19,24.76,43.07,67.79,40.6,29.31,25.48,18.27,58.0,14.0,10.0,0.0,62.0,0.0,0.0,0.0,0.0,0.0,0.0,0.0,0.0,0.0,0.0,0.0,0.0,0.0,0.0,0.0,0.0,0.0,0.0,0.0,0.0,0.0,0.0,0.0,0.0,0.0,0.0,0.0,0.0,0.0,0.0,0.0,0.0,0.0,0.0
20.3,0.0,0.0,0.0,0.0,0.0,0.0,0.0,0.0,0.0,0.0,0.0,0.0,0.0,0.0,0.0,0.0,0.0,6.0,33.14,46.37,58.95,37.76,25.31,19.91,13.18,10.79,8.91,0.0,12.16,62.0,22.0,9.0,0.0,75.0,5.0,38.18,52.19,63.59,38.87,21.64,21.64,21.85,10.98,14.51,0.0,0.9,119.0,22.0,7.0,1.0,133.0,0.0,0.0,0.0,0.0,0.0,0.0,0.0,0.0,0.0,0.0,0.0,0.0,0.0,0.0,0.0,0.0,0.0,1.0,17.43,21.15,38.91,56.28,63.54,35.85,21.88,16.67,0.0,9.15,3.47,101.0,0.0,0.0,0.0,101.0,4.0,0.0,17.47,21.48,27.44,29.72,61.57,54.79,31.51,23.7,15.73,8.56,124.0,81.0,25.0,18.0,162.0,3.0,0.0,20.08,13.39,14.21,33.08,46.78,64.49,35.14,29.41,18.84,4.15,119.0,58.0,0.0,0.0,177.0,2.0,12.05,0.0,12.73,20.1,26.07,43.22,72.88,41.78,28.34,22.76,13.93,55.0,31.0,10.0,0.0,76.0,0.0,0.0,0.0,0.0,0.0,0.0,0.0,0.0,0.0,0.0,0.0,0.0,0.0,0.0,0.0,0.0,0.0,0.0,0.0,0.0,0.0,0.0,0.0,0.0,0.0,0.0,0.0,0.0,0.0,0.0,0.0,0.0,0.0,0.0
20.4,0.0,0.0,0.0,0.0,0.0,0.0,0.0,0.0,0.0,0.0,0.0,0.0,0.0,0.0,0.0,0.0,0.0,6.0,36.5,50.19,60.64,37.69,26.09,19.2,14.89,9.22,0.0,9.13,10.14,54.0,16.0,6.0,0.0,64.0,5.0,40.36,52.66,62.76,32.84,23.05,24.73,20.34,12.65,14.31,0.0,0.87,106.0,18.0,0.0,11.0,113.0,0.0,0.0,0.0,0.0,0.0,0.0,0.0,0.0,0.0,0.0,0.0,0.0,0.0,0.0,0.0,0.0,0.0,1.0,14.97,19.05,37.45,51.47,66.58,38.55,25.25,20.79,0.0,7.21,3.85,91.0,30.0,0.0,0.0,121.0,4.0,14.51,0.0,20.03,27.78,37.82,60.15,51.67,34.97,22.84,14.11,5.47,134.0,85.0,38.0,14.0,167.0,3.0,12.16,20.09,0.0,15.42,34.24,42.82,64.28,36.48,32.18,16.83,3.65,100.0,54.0,0.0,0.0,154.0,2.0,0.0,14.99,12.16,24.37,26.29,42.68,78.1,41.7,27.8,22.32,12.44,65.0,27.0,10.0,0.0,82.0,0.0,0.0,0.0,0.0,0.0,0.0,0.0,0.0,0.0,0.0,0.0,0.0,0.0,0.0,0.0,0.0,0.0,0.0,0.0,0.0,0.0,0.0,0.0,0.0,0.0,0.0,0.0,0.0,0.0,0.0,0.0,0.0,0.0,0.0
20.5,0.0,0.0,0.0,0.0,0.0,0.0,0.0,0.0,0.0,0.0,0.0,0.0,0.0,0.0,0.0,0.0,0.0,6.0,30.32,46.96,61.83,38.83,21.61,20.42,15.13,10.0,0.0,9.62,9.88,64.0,11.0,9.0,0.0,66.0,5.0,34.18,52.64,63.97,40.4,24.27,26.28,18.37,11.14,13.49,0.0,0.9,96.0,22.0,0.0,6.0,112.0,0.0,0.0,0.0,0.0,0.0,0.0,0.0,0.0,0.0,0.0,0.0,0.0,0.0,0.0,0.0,0.0,0.0,1.0,16.41,21.88,36.95,54.97,62.08,37.09,23.12,18.76,0.0,10.38,3.67,99.0,4.0,0.0,0.0,103.0,4.0,15.83,0.0,18.21,31.38,35.38,63.57,54.04,33.25,20.66,12.25,5.59,101.0,65.0,16.0,21.0,129.0,3.0,0.0,18.61,13.2,15.58,36.06,45.2,64.94,37.42,27.46,15.36,4.04,103.0,64.0,0.0,0.0,167.0,2.0,0.0,18.75,14.95,25.57,27.36,44.85,79.99,39.92,31.01,23.2,10.27,68.0,50.0,13.0,0.0,105.0,0.0,0.0,0.0,0.0,0.0,0.0,0.0,0.0,0.0,0.0,0.0,0.0,0.0,0.0,0.0,0.0,0.0,0.0,0.0,0.0,0.0,0.0,0.0,0.0,0.0,0.0,0.0,0.0,0.0,0.0,0.0,0.0,0.0,0.0
20.6,0.0,0.0,0.0,0.0,0.0,0.0,0.0,0.0,0.0,0.0,0.0,0.0,0.0,0.0,0.0,0.0,0.0,6.0,36.04,49.85,63.05,44.56,24.25,19.75,16.69,10.88,0.0,8.95,12.1,50.0,12.0,9.0,0.0,53.0,5.0,33.97,53.48,62.26,39.1,24.4,28.26,17.13,11.63,10.89,0.0,1.89,116.0,14.0,0.0,15.0,115.0,0.0,0.0,0.0,0.0,0.0,0.0,0.0,0.0,0.0,0.0,0.0,0.0,0.0,0.0,0.0,0.0,0.0,1.0,16.5,20.53,34.52,52.6,62.48,38.71,19.48,19.16,0.0,10.28,3.49,106.0,18.0,0.0,0.0,124.0,4.0,14.62,0.0,19.41,31.41,36.07,62.69,53.1,33.54,20.5,15.86,4.91,112.0,71.0,1.0,40.0,142.0,3.0,0.0,15.94,12.79,15.72,37.28,43.45,63.45,38.63,28.04,14.17,3.52,109.0,36.0,0.0,0.0,145.0,2.0,0.0,20.49,19.03,28.13,27.88,46.11,81.46,40.26,28.62,25.45,13.85,41.0,24.0,6.0,0.0,59.0,0.0,0.0,0.0,0.0,0.0,0.0,0.0,0.0,0.0,0.0,0.0,0.0,0.0,0.0,0.0,0.0,0.0,0.0,0.0,0.0,0.0,0.0,0.0,0.0,0.0,0.0,0.0,0.0,0.0,0.0,0.0,0.0,0.0,0.0
20.7,0.0,0.0,0.0,0.0,0.0,0.0,0.0,0.0,0.0,0.0,0.0,0.0,0.0,0.0,0.0,0.0,0.0,6.0,33.04,51.6,62.92,41.84,23.53,17.77,17.22,11.43,0.0,11.23,19.04,66.0,26.0,6.0,0.0,86.0,5.0,34.28,53.0,63.62,37.67,22.32,28.3,16.73,4.56,7.39,0.0,1.41,91.0,32.0,0.0,23.0,100.0,0.0,0.0,0.0,0.0,0.0,0.0,0.0,0.0,0.0,0.0,0.0,0.0,0.0,0.0,0.0,0.0,0.0,1.0,15.56,22.39,37.26,53.53,63.86,37.51,21.19,24.52,0.0,10.99,3.61,101.0,16.0,0.0,0.0,117.0,4.0,15.33,0.0,18.48,32.07,39.05,67.39,49.38,30.43,18.9,15.45,4.61,114.0,72.0,0.0,6.0,180.0,3.0,0.0,14.33,15.57,16.03,37.99,41.32,58.72,39.37,25.05,12.15,4.24,102.0,58.0,0.0,0.0,160.0,2.0,0.0,20.6,21.85,25.58,26.75,45.42,83.48,40.53,24.71,25.74,11.98,64.0,37.0,9.0,1.0,91.0,0.0,0.0,0.0,0.0,0.0,0.0,0.0,0.0,0.0,0.0,0.0,0.0,0.0,0.0,0.0,0.0,0.0,0.0,0.0,0.0,0.0,0.0,0.0,0.0,0.0,0.0,0.0,0.0,0.0,0.0,0.0,0.0,0.0,0.0
20.8,0.0,0.0,0.0,0.0,0.0,0.0,0.0,0.0,0.0,0.0,0.0,0.0,0.0,0.0,0.0,0.0,0.0,6.0,34.37,48.37,60.47,42.58,22.88,21.08,14.16,13.03,0.0,13.14,13.67,49.0,14.0,9.0,0.0,54.0,5.0,37.22,57.95,68.4,37.36,23.23,28.46,12.13,10.41,7.24,0.0,0.9,109.0,24.0,0.0,7.0,126.0,0.0,0.0,0.0,0.0,0.0,0.0,0.0,0.0,0.0,0.0,0.0,0.0,0.0,0.0,0.0,0.0,0.0,1.0,18.91,22.78,35.93,50.42,66.48,36.95,18.27,27.07,0.0,11.48,3.24,112.0,0.0,0.0,0.0,112.0,4.0,15.02,0.0,22.48,29.57,41.48,67.2,46.55,28.95,17.03,17.71,3.81,107.0,75.0,0.0,0.0,182.0,3.0,0.0,12.02,15.98,17.55,39.72,42.53,55.8,36.16,27.81,14.14,4.83,103.0,94.0,0.0,17.0,180.0,2.0,0.0,19.1,18.95,23.63,25.57,44.62,87.94,40.44,28.36,25.61,12.57,59.0,26.0,9.0,1.0,75.0,0.0,0.0,0.0,0.0,0.0,0.0,0.0,0.0,0.0,0.0,0.0,0.0,0.0,0.0,0.0,0.0,0.0,0.0,0.0,0.0,0.0,0.0,0.0,0.0,0.0,0.0,0.0,0.0,0.0,0.0,0.0,0.0,0.0,0.0
20.9,0.0,0.0,0.0,0.0,0.0,0.0,0.0,0.0,0.0,0.0,0.0,0.0,0.0,0.0,0.0,0.0,0.0,6.0,34.96,46.48,62.81,44.19,25.74,26.24,12.75,12.62,0.0,8.55,13.04,45.0,17.0,9.0,0.0,53.0,5.0,36.89,58.95,66.67,35.56,22.9,26.67,14.07,8.76,7.12,0.0,3.12,101.0,22.0,6.0,12.0,105.0,0.0,0.0,0.0,0.0,0.0,0.0,0.0,0.0,0.0,0.0,0.0,0.0,0.0,0.0,0.0,0.0,0.0,1.0,19.23,20.53,38.0,50.3,66.3,35.56,21.29,25.18,0.0,10.72,3.58,100.0,2.0,0.0,0.0,102.0,4.0,17.01,0.0,18.0,26.08,42.84,68.92,45.92,29.14,17.96,17.42,3.63,117.0,28.0,0.0,0.0,145.0,3.0,14.9,14.06,15.18,16.94,39.43,46.22,53.23,43.31,28.11,0.0,5.14,104.0,88.0,5.0,26.0,161.0,2.0,0.0,21.14,19.06,27.33,33.83,45.67,88.87,43.95,28.74,25.13,11.56,64.0,39.0,8.0,0.0,95.0,0.0,0.0,0.0,0.0,0.0,0.0,0.0,0.0,0.0,0.0,0.0,0.0,0.0,0.0,0.0,0.0,0.0,0.0,0.0,0.0,0.0,0.0,0.0,0.0,0.0,0.0,0.0,0.0,0.0,0.0,0.0,0.0,0.0,0.0
21.0,0.0,0.0,0.0,0.0,0.0,0.0,0.0,0.0,0.0,0.0,0.0,0.0,0.0,0.0,0.0,0.0,0.0,6.0,31.85,44.26,66.46,37.59,24.25,28.43,12.12,13.36,9.95,0.0,13.69,55.0,23.0,6.0,0.0,72.0,5.0,33.72,59.37,66.04,37.51,23.89,24.07,17.8,11.69,7.09,0.0,0.91,116.0,20.0,2.0,15.0,119.0,0.0,0.0,0.0,0.0,0.0,0.0,0.0,0.0,0.0,0.0,0.0,0.0,0.0,0.0,0.0,0.0,0.0,1.0,16.94,20.52,37.15,46.73,69.13,36.69,19.1,24.81,0.0,13.62,3.01,121.0,0.0,0.0,0.0,121.0,4.0,15.56,17.23,0.0,26.62,43.2,68.38,44.77,32.01,22.66,16.79,5.42,117.0,68.0,0.0,5.0,180.0,3.0,14.05,12.23,14.49,19.28,40.05,44.43,47.87,41.54,30.35,0.0,6.65,113.0,80.0,13.0,31.0,149.0,2.0,0.0,27.04,20.54,29.25,32.49,43.05,94.1,39.53,32.29,26.23,12.48,72.0,41.0,16.0,4.0,93.0,0.0,0.0,0.0,0.0,0.0,0.0,0.0,0.0,0.0,0.0,0.0,0.0,0.0,0.0,0.0,0.0,0.0,0.0,0.0,0.0,0.0,0.0,0.0,0.0,0.0,0.0,0.0,0.0,0.0,0.0,0.0,0.0,0.0,0.0
21.1,0.0,0.0,0.0,0.0,0.0,0.0,0.0,0.0,0.0,0.0,0.0,0.0,0.0,0.0,0.0,0.0,0.0,6.0,30.86,43.36,65.49,38.66,23.21,28.56,15.5,13.01,12.1,0.0,11.32,75.0,46.0,6.0,0.0,115.0,5.0,32.79,60.37,67.22,41.06,26.43,24.25,20.36,10.78,12.96,0.0,2.18,106.0,12.0,14.0,4.0,100.0,0.0,0.0,0.0,0.0,0.0,0.0,0.0,0.0,0.0,0.0,0.0,0.0,0.0,0.0,0.0,0.0,0.0,1.0,19.73,19.86,39.38,47.77,70.62,37.07,20.56,27.0,0.0,10.11,3.54,101.0,0.0,0.0,0.0,101.0,4.0,16.31,15.51,0.0,23.37,43.66,69.74,44.65,28.97,24.91,17.18,4.05,111.0,34.0,0.0,4.0,141.0,3.0,15.78,15.67,12.9,16.8,40.2,45.32,52.42,39.49,26.91,0.0,6.48,103.0,82.0,6.0,33.0,146.0,2.0,0.0,26.79,20.07,28.63,32.09,42.37,90.51,42.4,24.74,22.55,10.36,61.0,41.0,13.0,12.0,77.0,0.0,0.0,0.0,0.0,0.0,0.0,0.0,0.0,0.0,0.0,0.0,0.0,0.0,0.0,0.0,0.0,0.0,0.0,0.0,0.0,0.0,0.0,0.0,0.0,0.0,0.0,0.0,0.0,0.0,0.0,0.0,0.0,0.0,0.0
21.2,0.0,0.0,0.0,0.0,0.0,0.0,0.0,0.0,0.0,0.0,0.0,0.0,0.0,0.0,0.0,0.0,0.0,6.0,36.41,47.51,68.47,39.62,24.02,26.13,13.06,15.11,14.62,0.0,11.86,62.0,22.0,9.0,0.0,75.0,5.0,34.93,56.42,71.42,40.25,29.26,21.67,21.04,9.81,9.43,0.0,0.88,110.0,14.0,0.0,7.0,117.0,0.0,0.0,0.0,0.0,0.0,0.0,0.0,0.0,0.0,0.0,0.0,0.0,0.0,0.0,0.0,0.0,0.0,1.0,23.42,22.0,35.46,45.38,72.49,38.18,19.53,27.58,0.0,11.61,3.34,114.0,0.0,0.0,0.0,114.0,4.0,20.85,0.0,16.96,24.77,43.97,69.12,47.41,27.9,23.6,19.89,3.59,112.0,58.0,0.0,0.0,170.0,3.0,15.18,17.72,0.0,19.57,40.66,47.23,48.96,35.6,21.17,12.03,8.39,133.0,98.0,36.0,37.0,158.0,2.0,0.0,22.65,21.42,28.01,31.69,41.24,89.0,44.08,23.02,22.8,18.65,50.0,20.0,11.0,0.0,59.0,0.0,0.0,0.0,0.0,0.0,0.0,0.0,0.0,0.0,0.0,0.0,0.0,0.0,0.0,0.0,0.0,0.0,0.0,0.0,0.0,0.0,0.0,0.0,0.0,0.0,0.0,0.0,0.0,0.0,0.0,0.0,0.0,0.0,0.0
21.3,0.0,0.0,0.0,0.0,0.0,0.0,0.0,0.0,0.0,0.0,0.0,0.0,0.0,0.0,0.0,0.0,0.0,6.0,36.99,42.24,71.85,42.36,25.8,28.01,12.59,14.61,13.05,0.0,14.71,49.0,15.0,9.0,0.0,55.0,5.0,34.1,54.86,72.5,39.77,30.13,22.79,20.19,15.47,6.19,0.0,0.89,107.0,24.0,0.0,0.0,131.0,0.0,0.0,0.0,0.0,0.0,0.0,0.0,0.0,0.0,0.0,0.0,0.0,0.0,0.0,0.0,0.0,0.0,1.0,23.69,27.01,36.63,47.45,79.25,38.98,22.85,25.49,0.0,10.16,3.36,106.0,0.0,0.0,0.0,106.0,4.0,19.19,17.45,0.0,22.43,40.62,74.13,49.1,26.3,26.25,17.35,3.4,106.0,14.0,0.0,0.0,120.0,3.0,13.41,15.23,0.0,23.1,38.44,46.24,51.56,37.05,25.03,16.06,7.95,127.0,82.0,40.0,3.0,166.0,2.0,0.0,20.15,20.73,28.27,31.31,41.73,85.03,40.65,26.08,21.62,11.75,73.0,31.0,13.0,0.0,91.0,0.0,0.0,0.0,0.0,0.0,0.0,0.0,0.0,0.0,0.0,0.0,0.0,0.0,0.0,0.0,0.0,0.0,0.0,0.0,0.0,0.0,0.0,0.0,0.0,0.0,0.0,0.0,0.0,0.0,0.0,0.0,0.0,0.0,0.0
21.4,0.0,0.0,0.0,0.0,0.0,0.0,0.0,0.0,0.0,0.0,0.0,0.0,0.0,0.0,0.0,0.0,0.0,6.0,36.91,44.71,73.56,43.41,24.77,28.64,15.27,14.89,10.63,0.0,10.94,70.0,34.0,6.0,0.0,98.0,5.0,34.66,54.08,71.74,38.79,30.48,24.96,20.41,15.09,9.06,0.0,1.25,109.0,26.0,0.0,0.0,135.0,0.0,0.0,0.0,0.0,0.0,0.0,0.0,0.0,0.0,0.0,0.0,0.0,0.0,0.0,0.0,0.0,0.0,1.0,24.08,21.72,32.87,48.64,78.42,43.4,22.64,23.81,0.0,12.09,3.3,111.0,2.0,0.0,0.0,113.0,4.0,22.2,15.22,15.81,24.63,42.79,74.31,51.1,22.63,24.43,0.0,4.09,108.0,30.0,0.0,0.0,138.0,3.0,0.0,14.08,16.7,26.14,40.41,47.58,47.92,32.98,25.38,16.79,6.95,122.0,105.0,39.0,0.0,188.0,2.0,0.0,21.37,17.86,28.68,28.1,41.54,81.58,38.86,27.48,20.7,10.93,70.0,55.0,4.0,0.0,121.0,0.0,0.0,0.0,0.0,0.0,0.0,0.0,0.0,0.0,0.0,0.0,0.0,0.0,0.0,0.0,0.0,0.0,0.0,0.0,0.0,0.0,0.0,0.0,0.0,0.0,0.0,0.0,0.0,0.0,0.0,0.0,0.0,0.0,0.0
21.5,0.0,0.0,0.0,0.0,0.0,0.0,0.0,0.0,0.0,0.0,0.0,0.0,0.0,0.0,0.0,0.0,0.0,6.0,35.68,47.17,79.59,44.89,31.07,29.2,14.74,12.02,9.91,0.0,7.66,80.0,32.0,3.0,0.0,109.0,5.0,35.16,53.89,78.45,35.97,31.01,21.64,21.96,15.01,6.77,0.0,0.84,100.0,10.0,0.0,0.0,110.0,0.0,0.0,0.0,0.0,0.0,0.0,0.0,0.0,0.0,0.0,0.0,0.0,0.0,0.0,0.0,0.0,0.0,1.0,24.62,25.06,28.72,47.93,80.87,41.32,23.95,27.91,11.57,0.0,3.58,99.0,2.0,0.0,0.0,101.0,4.0,23.1,14.28,18.72,21.34,47.25,78.78,44.81,24.51,24.38,0.0,2.98,119.0,0.0,0.0,0.0,119.0,3.0,14.4,15.25,0.0,26.57,40.61,47.57,52.01,28.05,21.86,19.03,8.0,134.0,91.0,38.0,6.0,181.0,2.0,16.94,23.17,18.51,23.32,26.22,40.4,79.46,39.24,28.71,0.0,16.95,46.0,18.0,12.0,0.0,52.0,0.0,0.0,0.0,0.0,0.0,0.0,0.0,0.0,0.0,0.0,0.0,0.0,0.0,0.0,0.0,0.0,0.0,0.0,0.0,0.0,0.0,0.0,0.0,0.0,0.0,0.0,0.0,0.0,0.0,0.0,0.0,0.0,0.0,0.0
21.6,0.0,0.0,0.0,0.0,0.0,0.0,0.0,0.0,0.0,0.0,0.0,0.0,0.0,0.0,0.0,0.0,0.0,6.0,35.71,46.06,80.18,42.18,29.33,24.73,12.36,14.93,15.06,0.0,11.38,50.0,12.0,9.0,0.0,53.0,5.0,32.49,53.35,77.01,32.7,30.15,23.59,23.81,13.53,0.0,6.47,0.86,103.0,16.0,0.0,0.0,119.0,0.0,0.0,0.0,0.0,0.0,0.0,0.0,0.0,0.0,0.0,0.0,0.0,0.0,0.0,0.0,0.0,0.0,1.0,19.16,22.54,32.7,46.75,79.38,42.79,29.99,27.78,14.33,0.0,3.19,108.0,0.0,0.0,0.0,108.0,4.0,21.04,18.79,21.33,24.19,43.94,81.61,45.5,26.28,26.25,0.0,3.05,113.0,0.0,0.0,0.0,113.0,3.0,16.89,13.27,20.8,25.46,39.88,52.18,50.11,27.89,18.67,0.0,6.92,122.0,76.0,28.0,2.0,168.0,2.0,0.0,23.66,16.79,28.54,27.15,36.26,71.11,38.32,27.63,17.93,11.44,66.0,27.0,11.0,7.0,75.0,0.0,0.0,0.0,0.0,0.0,0.0,0.0,0.0,0.0,0.0,0.0,0.0,0.0,0.0,0.0,0.0,0.0,0.0,0.0,0.0,0.0,0.0,0.0,0.0,0.0,0.0,0.0,0.0,0.0,0.0,0.0,0.0,0.0,0.0
21.7,0.0,0.0,0.0,0.0,0.0,0.0,0.0,0.0,0.0,0.0,0.0,0.0,0.0,0.0,0.0,0.0,0.0,6.0,34.98,48.37,81.92,43.16,33.29,25.54,13.01,15.11,13.62,0.0,12.08,62.0,14.0,6.0,0.0,70.0,5.0,31.99,49.71,81.2,34.69,30.55,23.49,22.11,13.47,6.61,0.0,0.86,103.0,8.0,0.0,0.0,111.0,0.0,0.0,0.0,0.0,0.0,0.0,0.0,0.0,0.0,0.0,0.0,0.0,0.0,0.0,0.0,0.0,0.0,1.0,15.79,14.73,32.07,46.52,76.49,41.98,26.84,24.85,17.24,0.0,3.56,99.0,0.0,0.0,0.0,99.0,4.0,17.98,16.94,21.46,24.56,43.99,83.92,42.94,25.51,26.42,0.0,3.07,122.0,0.0,0.0,0.0,122.0,3.0,0.0,16.22,16.66,29.78,41.14,52.76,49.76,28.89,18.28,19.17,7.95,98.0,63.0,19.0,0.0,142.0,2.0,0.0,23.33,15.62,30.93,28.95,36.17,71.36,39.04,30.77,15.66,15.49,41.0,22.0,7.0,0.0,56.0,0.0,0.0,0.0,0.0,0.0,0.0,0.0,0.0,0.0,0.0,0.0,0.0,0.0,0.0,0.0,0.0,0.0,0.0,0.0,0.0,0.0,0.0,0.0,0.0,0.0,0.0,0.0,0.0,0.0,0.0,0.0,0.0,0.0,0.0
21.8,0.0,0.0,0.0,0.0,0.0,0.0,0.0,0.0,0.0,0.0,0.0,0.0,0.0,0.0,0.0,0.0,0.0,6.0,31.97,48.61,85.87,44.25,29.68,23.59,10.79,16.29,13.15,0.0,6.94,86.0,22.0,3.0,0.0,105.0,5.0,32.75,50.72,75.8,32.91,27.34,21.86,19.97,12.07,8.83,0.0,0.82,92.0,2.0,0.0,0.0,94.0,0.0,0.0,0.0,0.0,0.0,0.0,0.0,0.0,0.0,0.0,0.0,0.0,0.0,0.0,0.0,0.0,0.0,1.0,19.51,17.87,33.72,46.21,72.42,40.18,29.58,29.78,14.93,0.0,3.05,123.0,0.0,0.0,0.0,123.0,4.0,19.87,13.94,24.73,24.53,44.53,87.75,39.61,24.53,26.35,0.0,3.37,100.0,0.0,0.0,0.0,100.0,3.0,17.79,16.92,0.0,30.42,40.77,56.2,44.58,29.85,17.4,17.76,9.88,83.0,68.0,11.0,2.0,138.0,2.0,0.0,18.84,12.61,27.49,25.51,36.63,67.64,39.33,27.82,14.2,12.39,77.0,35.0,9.0,3.0,100.0,0.0,0.0,0.0,0.0,0.0,0.0,0.0,0.0,0.0,0.0,0.0,0.0,0.0,0.0,0.0,0.0,0.0,0.0,0.0,0.0,0.0,0.0,0.0,0.0,0.0,0.0,0.0,0.0,0.0,0.0,0.0,0.0,0.0,0.0
21.9,0.0,0.0,0.0,0.0,0.0,0.0,0.0,0.0,0.0,0.0,0.0,0.0,0.0,0.0,0.0,0.0,0.0,6.0,34.12,50.83,82.37,43.7,31.51,27.12,13.99,18.02,11.21,0.0,8.38,93.0,28.0,3.0,0.0,118.0,5.0,31.65,53.31,75.26,37.21,31.99,20.5,21.91,12.18,8.43,0.0,0.84,114.0,4.0,0.0,0.0,118.0,0.0,0.0,0.0,0.0,0.0,0.0,0.0,0.0,0.0,0.0,0.0,0.0,0.0,0.0,0.0,0.0,0.0,1.0,19.72,17.93,31.31,42.86,76.13,40.59,27.29,28.8,14.67,0.0,3.49,99.0,0.0,0.0,0.0,99.0,4.0,16.26,14.49,23.09,28.08,43.74,87.01,36.99,23.77,24.8,0.0,3.15,117.0,0.0,0.0,0.0,117.0,3.0,0.0,19.23,19.03,33.3,43.19,59.38,50.31,31.35,16.94,20.98,11.19,60.0,20.0,11.0,0.0,69.0,2.0,0.0,18.2,15.65,30.57,25.82,36.58,66.67,38.68,28.16,16.08,10.74,67.0,28.0,6.0,8.0,81.0,0.0,0.0,0.0,0.0,0.0,0.0,0.0,0.0,0.0,0.0,0.0,0.0,0.0,0.0,0.0,0.0,0.0,0.0,0.0,0.0,0.0,0.0,0.0,0.0,0.0,0.0,0.0,0.0,0.0,0.0,0.0,0.0,0.0,0.0
22.0,0.0,0.0,0.0,0.0,0.0,0.0,0.0,0.0,0.0,0.0,0.0,0.0,0.0,0.0,0.0,0.0,0.0,6.0,33.36,46.98,81.08,40.7,33.83,26.98,17.22,17.79,10.37,0.0,10.37,79.0,22.0,6.0,0.0,95.0,5.0,28.02,53.14,77.47,37.22,29.46,20.15,21.36,12.31,8.47,0.0,0.82,100.0,0.0,0.0,0.0,100.0,0.0,0.0,0.0,0.0,0.0,0.0,0.0,0.0,0.0,0.0,0.0,0.0,0.0,0.0,0.0,0.0,0.0,1.0,16.19,17.01,31.07,43.61,74.58,38.51,24.93,30.52,0.0,13.77,3.13,117.0,0.0,0.0,0.0,117.0,4.0,14.17,14.49,20.21,29.18,43.38,88.96,35.72,27.27,23.37,0.0,3.46,99.0,0.0,0.0,0.0,99.0,3.0,0.0,18.86,17.02,33.75,43.0,58.05,52.49,31.34,16.77,20.09,9.59,145.0,80.0,35.0,1.0,189.0,2.0,0.0,15.93,18.24,30.7,25.98,36.3,63.24,36.9,25.98,14.63,12.62,67.0,45.0,7.0,6.0,99.0,0.0,0.0,0.0,0.0,0.0,0.0,0.0,0.0,0.0,0.0,0.0,0.0,0.0,0.0,0.0,0.0,0.0,0.0,0.0,0.0,0.0,0.0,0.0,0.0,0.0,0.0,0.0,0.0,0.0,0.0,0.0,0.0,0.0,0.0
22.1,0.0,0.0,0.0,0.0,0.0,0.0,0.0,0.0,0.0,0.0,0.0,0.0,0.0,0.0,0.0,0.0,0.0,6.0,35.28,46.21,82.01,40.14,32.95,26.55,13.33,10.83,9.16,0.0,8.04,60.0,28.0,6.0,0.0,82.0,5.0,23.78,48.68,76.65,41.03,30.55,22.08,23.49,12.27,10.38,0.0,0.81,101.0,0.0,0.0,0.0,101.0,0.0,0.0,0.0,0.0,0.0,0.0,0.0,0.0,0.0,0.0,0.0,0.0,0.0,0.0,0.0,0.0,0.0,1.0,19.06,19.4,29.96,40.77,73.1,35.0,27.13,28.19,0.0,17.13,3.58,102.0,0.0,0.0,0.0,102.0,4.0,14.62,16.47,22.26,22.09,45.6,86.18,40.54,28.65,23.01,0.0,3.06,112.0,0.0,0.0,0.0,112.0,3.0,0.0,15.54,20.64,33.44,40.15,62.78,51.04,31.9,15.13,22.27,7.55,118.0,79.0,25.0,0.0,172.0,2.0,0.0,16.12,18.04,28.79,25.19,40.32,64.32,36.07,30.48,15.38,10.48,50.0,33.0,7.0,0.0,76.0,0.0,0.0,0.0,0.0,0.0,0.0,0.0,0.0,0.0,0.0,0.0,0.0,0.0,0.0,0.0,0.0,0.0,0.0,0.0,0.0,0.0,0.0,0.0,0.0,0.0,0.0,0.0,0.0,0.0,0.0,0.0,0.0,0.0,0.0
22.2,0.0,0.0,0.0,0.0,0.0,0.0,0.0,0.0,0.0,0.0,0.0,0.0,0.0,0.0,0.0,0.0,0.0,6.0,35.89,44.25,78.26,42.21,31.63,25.75,12.61,19.58,0.0,9.77,9.66,92.0,46.0,0.0,0.0,138.0,5.0,28.16,48.63,77.52,40.23,31.03,23.51,22.64,13.47,9.65,0.0,0.81,111.0,0.0,0.0,0.0,111.0,0.0,0.0,0.0,0.0,0.0,0.0,0.0,0.0,0.0,0.0,0.0,0.0,0.0,0.0,0.0,0.0,0.0,1.0,20.63,17.49,30.04,38.55,67.53,33.67,27.15,27.61,0.0,17.26,3.35,104.0,0.0,0.0,0.0,104.0,4.0,13.14,18.06,20.98,26.01,43.75,81.97,40.25,27.26,24.4,0.0,3.43,104.0,0.0,0.0,0.0,104.0,3.0,0.0,18.86,18.01,31.87,42.13,61.34,52.39,33.96,17.58,21.58,10.16,76.0,47.0,6.0,7.0,110.0,2.0,0.0,19.14,17.35,27.85,23.24,41.69,64.82,37.22,32.77,15.62,12.64,66.0,22.0,17.0,0.0,71.0,0.0,0.0,0.0,0.0,0.0,0.0,0.0,0.0,0.0,0.0,0.0,0.0,0.0,0.0,0.0,0.0,0.0,0.0,0.0,0.0,0.0,0.0,0.0,0.0,0.0,0.0,0.0,0.0,0.0,0.0,0.0,0.0,0.0,0.0
22.3,0.0,0.0,0.0,0.0,0.0,0.0,0.0,0.0,0.0,0.0,0.0,0.0,0.0,0.0,0.0,0.0,0.0,6.0,35.82,43.05,77.14,43.23,31.63,23.88,13.36,20.4,7.0,0.0,9.72,90.0,42.0,6.0,0.0,126.0,5.0,28.32,50.42,84.2,38.58,24.97,25.38,21.82,14.49,11.92,0.0,0.82,107.0,0.0,0.0,0.0,107.0,0.0,0.0,0.0,0.0,0.0,0.0,0.0,0.0,0.0,0.0,0.0,0.0,0.0,0.0,0.0,0.0,0.0,1.0,21.1,20.78,30.83,41.6,66.62,39.35,29.47,25.38,0.0,13.91,3.05,117.0,0.0,0.0,0.0,117.0,4.0,16.77,16.64,23.02,25.41,44.4,79.07,40.02,25.62,24.65,0.0,3.51,95.0,0.0,0.0,0.0,95.0,3.0,0.0,16.58,20.67,32.02,36.27,63.38,52.39,30.49,18.41,19.82,9.9,65.0,42.0,6.0,3.0,98.0,2.0,0.0,19.76,14.82,28.92,26.73,43.36,61.99,36.2,30.79,18.44,11.35,56.0,36.0,6.0,0.0,86.0,0.0,0.0,0.0,0.0,0.0,0.0,0.0,0.0,0.0,0.0,0.0,0.0,0.0,0.0,0.0,0.0,0.0,0.0,0.0,0.0,0.0,0.0,0.0,0.0,0.0,0.0,0.0,0.0,0.0,0.0,0.0,0.0,0.0,0.0
22.4,0.0,0.0,0.0,0.0,0.0,0.0,0.0,0.0,0.0,0.0,0.0,0.0,0.0,0.0,0.0,0.0,0.0,6.0,33.05,40.51,77.94,42.64,26.74,22.27,13.19,19.27,8.54,0.0,9.21,61.0,36.0,6.0,4.0,87.0,5.0,27.76,54.17,80.13,39.59,25.86,25.03,23.44,13.46,9.46,0.0,0.82,105.0,0.0,0.0,0.0,105.0,0.0,0.0,0.0,0.0,0.0,0.0,0.0,0.0,0.0,0.0,0.0,0.0,0.0,0.0,0.0,0.0,0.0,1.0,19.64,18.68,29.28,39.85,66.37,41.6,32.01,27.14,0.0,15.76,3.64,103.0,0.0,0.0,0.0,103.0,4.0,16.08,16.27,26.57,25.79,42.9,75.59,41.23,25.98,23.08,0.0,3.09,114.0,0.0,0.0,0.0,114.0,3.0,0.0,13.56,23.25,33.33,31.38,67.53,51.0,28.62,16.41,19.52,11.44,74.0,45.0,6.0,0.0,113.0,2.0,0.0,19.36,15.18,26.35,26.94,44.7,60.97,32.59,31.25,19.18,10.36,68.0,31.0,6.0,2.0,91.0,0.0,0.0,0.0,0.0,0.0,0.0,0.0,0.0,0.0,0.0,0.0,0.0,0.0,0.0,0.0,0.0,0.0,0.0,0.0,0.0,0.0,0.0,0.0,0.0,0.0,0.0,0.0,0.0,0.0,0.0,0.0,0.0,0.0,0.0
22.5,0.0,0.0,0.0,0.0,0.0,0.0,0.0,0.0,0.0,0.0,0.0,0.0,0.0,0.0,0.0,0.0,0.0,6.0,33.81,40.84,78.48,38.93,27.02,23.78,13.99,20.91,7.0,0.0,6.58,65.0,32.0,6.0,2.0,89.0,5.0,27.6,50.81,84.19,41.87,28.49,21.94,24.47,17.36,0.0,8.51,0.8,107.0,0.0,0.0,0.0,107.0,0.0,0.0,0.0,0.0,0.0,0.0,0.0,0.0,0.0,0.0,0.0,0.0,0.0,0.0,0.0,0.0,0.0,1.0,17.71,17.75,30.19,41.54,68.24,43.5,29.83,31.75,0.0,18.33,3.68,94.0,2.0,0.0,0.0,96.0,4.0,14.09,15.58,29.41,26.71,40.3,70.02,42.08,27.69,23.98,0.0,3.27,107.0,0.0,0.0,0.0,107.0,3.0,0.0,16.14,24.04,28.01,30.09,69.61,48.87,26.28,17.58,18.73,10.42,70.0,39.0,6.0,0.0,103.0,2.0,0.0,16.47,17.72,24.41,26.55,50.01,60.0,37.88,28.12,18.1,11.22,48.0,24.0,6.0,0.0,66.0,0.0,0.0,0.0,0.0,0.0,0.0,0.0,0.0,0.0,0.0,0.0,0.0,0.0,0.0,0.0,0.0,0.0,0.0,0.0,0.0,0.0,0.0,0.0,0.0,0.0,0.0,0.0,0.0,0.0,0.0,0.0,0.0,0.0,0.0
22.6,0.0,0.0,0.0,0.0,0.0,0.0,0.0,0.0,0.0,0.0,0.0,0.0,0.0,0.0,0.0,0.0,0.0,6.0,36.86,37.38,78.21,39.3,29.3,21.95,15.74,17.48,9.91,0.0,17.41,59.0,36.0,6.0,2.0,87.0,5.0,29.02,48.97,81.45,41.75,23.56,18.92,26.05,16.58,0.0,13.36,1.71,92.0,6.0,0.0,0.0,98.0,0.0,0.0,0.0,0.0,0.0,0.0,0.0,0.0,0.0,0.0,0.0,0.0,0.0,0.0,0.0,0.0,0.0,1.0,19.44,19.27,32.46,43.21,65.05,47.58,29.17,28.28,0.0,21.5,4.18,105.0,40.0,0.0,0.0,145.0,4.0,17.34,19.88,31.71,29.99,38.84,68.04,42.74,23.94,22.57,0.0,3.4,106.0,0.0,0.0,0.0,106.0,3.0,18.24,0.0,28.13,32.79,33.73,71.05,46.04,25.67,17.34,21.46,9.17,61.0,44.0,3.0,0.0,102.0,2.0,0.0,18.87,19.92,22.85,25.89,51.16,58.94,38.82,25.73,15.55,13.04,49.0,16.0,9.0,2.0,54.0,0.0,0.0,0.0,0.0,0.0,0.0,0.0,0.0,0.0,0.0,0.0,0.0,0.0,0.0,0.0,0.0,0.0,0.0,0.0,0.0,0.0,0.0,0.0,0.0,0.0,0.0,0.0,0.0,0.0,0.0,0.0,0.0,0.0,0.0
22.7,0.0,0.0,0.0,0.0,0.0,0.0,0.0,0.0,0.0,0.0,0.0,0.0,0.0,0.0,0.0,0.0,0.0,6.0,34.27,36.29,72.05,39.25,26.68,24.72,16.06,15.17,8.36,0.0,5.19,88.0,74.0,0.0,12.0,150.0,5.0,29.48,46.33,82.58,44.52,27.01,16.73,27.47,12.18,0.0,13.77,0.81,103.0,0.0,0.0,0.0,103.0,0.0,0.0,0.0,0.0,0.0,0.0,0.0,0.0,0.0,0.0,0.0,0.0,0.0,0.0,0.0,0.0,0.0,1.0,17.92,18.26,31.87,44.09,64.52,46.77,27.67,26.49,0.0,20.29,5.43,101.0,62.0,0.0,0.0,163.0,4.0,16.53,19.63,32.62,31.67,39.27,67.26,41.3,24.45,22.0,0.0,3.46,101.0,2.0,0.0,0.0,103.0,3.0,0.0,18.55,23.71,31.96,38.69,75.85,43.57,25.23,23.73,20.27,12.43,85.0,36.0,12.0,7.0,102.0,2.0,0.0,19.6,19.89,21.45,23.38,50.68,57.3,37.89,26.74,14.2,12.14,45.0,15.0,9.0,0.0,51.0,0.0,0.0,0.0,0.0,0.0,0.0,0.0,0.0,0.0,0.0,0.0,0.0,0.0,0.0,0.0,0.0,0.0,0.0,0.0,0.0,0.0,0.0,0.0,0.0,0.0,0.0,0.0,0.0,0.0,0.0,0.0,0.0,0.0,0.0
22.8,0.0,0.0,0.0,0.0,0.0,0.0,0.0,0.0,0.0,0.0,0.0,0.0,0.0,0.0,0.0,0.0,0.0,6.0,35.38,36.87,66.03,38.59,30.85,25.57,16.32,15.98,12.73,0.0,12.24,98.0,48.0,25.0,4.0,117.0,5.0,28.09,43.79,80.1,44.68,26.6,17.14,26.01,18.22,11.43,0.0,0.82,100.0,0.0,0.0,0.0,100.0,0.0,0.0,0.0,0.0,0.0,0.0,0.0,0.0,0.0,0.0,0.0,0.0,0.0,0.0,0.0,0.0,0.0,1.0,15.56,17.76,32.76,39.62,60.79,46.04,28.77,26.68,0.0,14.24,4.34,110.0,64.0,0.0,0.0,174.0,4.0,19.98,17.77,28.96,31.9,37.04,64.5,38.17,25.5,22.45,0.0,3.3,107.0,2.0,0.0,0.0,109.0,3.0,0.0,17.93,24.52,32.16,37.86,77.4,37.82,23.98,23.66,22.36,12.86,70.0,42.0,16.0,4.0,92.0,2.0,11.74,23.8,18.63,26.88,31.55,54.98,52.19,38.9,26.23,0.0,17.61,50.0,15.0,12.0,1.0,52.0,0.0,0.0,0.0,0.0,0.0,0.0,0.0,0.0,0.0,0.0,0.0,0.0,0.0,0.0,0.0,0.0,0.0,0.0,0.0,0.0,0.0,0.0,0.0,0.0,0.0,0.0,0.0,0.0,0.0,0.0,0.0,0.0,0.0,0.0
22.9,0.0,0.0,0.0,0.0,0.0,0.0,0.0,0.0,0.0,0.0,0.0,0.0,0.0,0.0,0.0,0.0,0.0,6.0,31.72,35.56,62.43,42.37,32.93,23.93,16.77,14.71,13.16,0.0,8.0,101.0,53.0,27.0,4.0,123.0,5.0,24.78,45.74,77.44,43.29,24.26,18.63,25.21,16.26,12.84,0.0,0.82,95.0,0.0,0.0,0.0,95.0,0.0,0.0,0.0,0.0,0.0,0.0,0.0,0.0,0.0,0.0,0.0,0.0,0.0,0.0,0.0,0.0,0.0,1.0,21.13,15.01,30.74,38.51,62.6,45.34,26.81,26.51,13.75,0.0,6.15,99.0,54.0,0.0,0.0,153.0,4.0,0.0,15.7,30.97,30.96,40.07,62.4,36.62,28.37,19.62,15.84,3.49,99.0,14.0,0.0,0.0,113.0,3.0,0.0,17.96,25.67,29.4,39.34,79.1,40.15,24.18,23.78,25.64,12.67,77.0,48.0,25.0,0.0,100.0,2.0,0.0,24.48,18.8,26.77,28.1,54.16,52.87,38.27,27.38,12.46,13.5,53.0,30.0,6.0,5.0,72.0,0.0,0.0,0.0,0.0,0.0,0.0,0.0,0.0,0.0,0.0,0.0,0.0,0.0,0.0,0.0,0.0,0.0,0.0,0.0,0.0,0.0,0.0,0.0,0.0,0.0,0.0,0.0,0.0,0.0,0.0,0.0,0.0,0.0,0.0
23.0,0.0,0.0,0.0,0.0,0.0,0.0,0.0,0.0,0.0,0.0,0.0,0.0,0.0,0.0,0.0,0.0,0.0,0.0,0.0,0.0,0.0,0.0,0.0,0.0,0.0,0.0,0.0,0.0,0.0,0.0,0.0,0.0,0.0,0.0,5.0,27.43,46.43,76.59,41.18,26.84,20.05,25.25,17.66,11.06,0.0,0.81,88.0,0.0,0.0,0.0,88.0,6.0,33.03,34.6,63.35,45.18,31.94,24.4,18.17,13.75,11.76,0.0,6.83,78.0,44.0,6.0,15.0,101.0,1.0,19.71,17.43,30.59,38.45,61.78,47.35,20.72,22.9,10.53,0.0,5.22,110.0,66.0,0.0,0.0,176.0,4.0,16.14,21.31,27.76,34.19,41.8,60.49,42.07,30.14,22.44,0.0,3.28,115.0,56.0,0.0,0.0,171.0,3.0,0.0,20.59,27.69,27.24,39.68,79.57,40.25,21.6,26.36,21.69,12.55,61.0,21.0,18.0,0.0,64.0,2.0,0.0,19.62,18.23,25.95,28.96,55.09,55.28,37.75,28.46,12.72,14.71,56.0,22.0,10.0,8.0,60.0,0.0,0.0,0.0,0.0,0.0,0.0,0.0,0.0,0.0,0.0,0.0,0.0,0.0,0.0,0.0,0.0,0.0,0.0,0.0,0.0,0.0,0.0,0.0,0.0,0.0,0.0,0.0,0.0,0.0,0.0,0.0,0.0,0.0,0.0
23.1,0.0,0.0,0.0,0.0,0.0,0.0,0.0,0.0,0.0,0.0,0.0,0.0,0.0,0.0,0.0,0.0,0.0,0.0,0.0,0.0,0.0,0.0,0.0,0.0,0.0,0.0,0.0,0.0,0.0,0.0,0.0,0.0,0.0,0.0,5.0,27.55,45.67,77.02,42.7,23.9,19.16,25.43,20.35,11.08,0.0,0.81,105.0,0.0,0.0,0.0,105.0,6.0,32.29,33.01,63.01,49.23,34.83,25.34,19.53,17.06,11.95,0.0,8.12,80.0,54.0,3.0,17.0,114.0,1.0,21.98,19.44,29.29,39.09,60.41,48.43,26.58,24.88,0.0,12.77,5.0,110.0,60.0,0.0,6.0,164.0,4.0,15.8,16.36,25.17,31.56,44.45,59.42,42.6,32.16,26.82,0.0,5.38,108.0,72.0,0.0,7.0,173.0,3.0,0.0,16.18,27.85,27.68,45.84,79.25,40.36,22.86,22.34,22.14,14.64,40.0,21.0,9.0,0.0,52.0,2.0,0.0,18.99,18.6,25.52,31.55,55.11,51.15,33.35,28.97,16.67,11.41,70.0,27.0,10.0,11.0,76.0,0.0,0.0,0.0,0.0,0.0,0.0,0.0,0.0,0.0,0.0,0.0,0.0,0.0,0.0,0.0,0.0,0.0,0.0,0.0,0.0,0.0,0.0,0.0,0.0,0.0,0.0,0.0,0.0,0.0,0.0,0.0,0.0,0.0,0.0
23.2,0.0,0.0,0.0,0.0,0.0,0.0,0.0,0.0,0.0,0.0,0.0,0.0,0.0,0.0,0.0,0.0,0.0,0.0,0.0,0.0,0.0,0.0,0.0,0.0,0.0,0.0,0.0,0.0,0.0,0.0,0.0,0.0,0.0,0.0,5.0,25.85,41.98,73.98,41.26,25.82,22.82,23.77,20.85,15.28,0.0,0.81,103.0,0.0,0.0,0.0,103.0,6.0,31.84,35.98,63.61,49.59,35.61,23.86,16.65,16.41,10.1,0.0,4.44,88.0,46.0,0.0,4.0,130.0,1.0,22.17,22.8,29.41,38.66,58.93,51.56,27.05,27.0,0.0,14.61,5.09,109.0,69.0,1.0,27.0,150.0,4.0,15.75,20.11,24.28,29.79,44.79,57.07,38.95,35.74,26.11,0.0,4.2,101.0,60.0,0.0,1.0,160.0,3.0,0.0,20.64,26.2,28.42,45.71,79.81,42.5,21.14,24.01,18.41,13.07,51.0,22.0,9.0,0.0,64.0,2.0,0.0,20.26,22.88,26.43,37.71,59.95,53.0,36.14,23.39,17.97,14.4,49.0,24.0,16.0,0.0,57.0,0.0,0.0,0.0,0.0,0.0,0.0,0.0,0.0,0.0,0.0,0.0,0.0,0.0,0.0,0.0,0.0,0.0,0.0,0.0,0.0,0.0,0.0,0.0,0.0,0.0,0.0,0.0,0.0,0.0,0.0,0.0,0.0,0.0,0.0
23.3,0.0,0.0,0.0,0.0,0.0,0.0,0.0,0.0,0.0,0.0,0.0,0.0,0.0,0.0,0.0,0.0,0.0,0.0,0.0,0.0,0.0,0.0,0.0,0.0,0.0,0.0,0.0,0.0,0.0,0.0,0.0,0.0,0.0,0.0,5.0,28.31,39.54,70.38,38.93,26.37,20.25,23.12,15.14,14.34,0.0,0.82,101.0,0.0,0.0,0.0,101.0,6.0,30.51,34.4,63.51,54.22,31.98,25.33,12.83,14.85,11.43,0.0,4.35,95.0,48.0,0.0,0.0,143.0,1.0,21.34,20.34,26.98,33.75,57.02,51.08,27.93,25.97,0.0,12.44,8.57,134.0,83.0,43.0,11.0,163.0,4.0,14.74,22.65,27.25,33.48,46.63,56.66,38.05,33.89,30.63,0.0,5.28,113.0,90.0,0.0,28.0,175.0,3.0,0.0,20.1,24.47,31.91,46.16,80.52,41.94,20.51,24.42,16.78,14.12,46.0,24.0,10.0,0.0,60.0,2.0,0.0,19.71,22.87,23.15,39.66,57.03,50.88,38.64,23.62,15.48,16.78,47.0,29.0,8.0,5.0,63.0,0.0,0.0,0.0,0.0,0.0,0.0,0.0,0.0,0.0,0.0,0.0,0.0,0.0,0.0,0.0,0.0,0.0,0.0,0.0,0.0,0.0,0.0,0.0,0.0,0.0,0.0,0.0,0.0,0.0,0.0,0.0,0.0,0.0,0.0
23.4,0.0,0.0,0.0,0.0,0.0,0.0,0.0,0.0,0.0,0.0,0.0,0.0,0.0,0.0,0.0,0.0,0.0,0.0,0.0,0.0,0.0,0.0,0.0,0.0,0.0,0.0,0.0,0.0,0.0,0.0,0.0,0.0,0.0,0.0,5.0,28.32,36.22,67.72,42.0,31.52,22.95,25.65,14.02,16.16,0.0,0.81,111.0,0.0,0.0,0.0,111.0,6.0,30.5,34.33,65.32,52.3,28.95,25.0,12.5,18.6,9.97,0.0,8.27,65.0,25.0,6.0,0.0,84.0,1.0,20.0,19.77,27.88,37.28,55.87,50.46,27.36,24.39,13.51,0.0,9.13,131.0,87.0,50.0,4.0,164.0,4.0,14.7,25.73,25.95,32.46,49.34,57.2,37.93,32.26,29.32,0.0,6.13,115.0,76.0,0.0,37.0,154.0,3.0,0.0,19.27,25.36,32.76,46.23,82.24,39.37,23.96,23.37,17.93,13.53,53.0,21.0,11.0,2.0,61.0,2.0,0.0,18.45,19.48,22.9,35.69,55.58,50.18,38.07,20.83,16.94,13.83,50.0,19.0,15.0,0.0,54.0,0.0,0.0,0.0,0.0,0.0,0.0,0.0,0.0,0.0,0.0,0.0,0.0,0.0,0.0,0.0,0.0,0.0,0.0,0.0,0.0,0.0,0.0,0.0,0.0,0.0,0.0,0.0,0.0,0.0,0.0,0.0,0.0,0.0,0.0
23.5,0.0,0.0,0.0,0.0,0.0,0.0,0.0,0.0,0.0,0.0,0.0,0.0,0.0,0.0,0.0,0.0,0.0,0.0,0.0,0.0,0.0,0.0,0.0,0.0,0.0,0.0,0.0,0.0,0.0,0.0,0.0,0.0,0.0,0.0,5.0,29.25,37.06,65.89,46.46,30.83,22.51,20.8,16.28,15.87,0.0,2.13,99.0,14.0,0.0,0.0,113.0,6.0,31.06,31.6,62.99,45.74,34.23,28.85,12.77,18.73,0.0,12.02,11.9,55.0,25.0,7.0,0.0,73.0,1.0,18.02,18.48,26.35,35.88,50.8,48.52,30.28,23.07,11.81,0.0,10.32,150.0,107.0,69.0,4.0,184.0,4.0,0.0,19.86,26.63,30.06,49.88,52.94,37.74,36.68,29.01,11.2,7.07,136.0,84.0,30.0,31.0,159.0,3.0,0.0,19.98,25.13,34.21,45.38,78.08,40.17,26.4,23.74,15.89,16.03,45.0,23.0,12.0,1.0,55.0,2.0,0.0,20.15,16.62,25.99,34.73,54.08,47.93,35.89,22.0,14.08,15.03,41.0,22.0,16.0,5.0,42.0,0.0,0.0,0.0,0.0,0.0,0.0,0.0,0.0,0.0,0.0,0.0,0.0,0.0,0.0,0.0,0.0,0.0,0.0,0.0,0.0,0.0,0.0,0.0,0.0,0.0,0.0,0.0,0.0,0.0,0.0,0.0,0.0,0.0,0.0
23.6,0.0,0.0,0.0,0.0,0.0,0.0,0.0,0.0,0.0,0.0,0.0,0.0,0.0,0.0,0.0,0.0,0.0,0.0,0.0,0.0,0.0,0.0,0.0,0.0,0.0,0.0,0.0,0.0,0.0,0.0,0.0,0.0,0.0,0.0,5.0,28.82,38.53,64.22,44.75,26.5,19.7,17.64,16.66,14.04,0.0,1.26,94.0,26.0,0.0,0.0,120.0,6.0,29.38,34.64,62.73,48.66,32.06,29.43,15.79,13.83,0.0,12.24,12.13,66.0,31.0,9.0,3.0,85.0,1.0,17.69,17.5,26.16,34.19,47.61,52.24,29.34,19.6,13.66,0.0,8.99,95.0,55.0,22.0,4.0,124.0,4.0,11.41,19.58,29.13,34.0,51.68,50.29,36.5,36.79,32.19,0.0,10.57,78.0,56.0,21.0,9.0,104.0,3.0,9.54,12.77,23.3,33.88,45.45,75.74,39.8,27.02,25.78,0.0,14.81,52.0,23.0,11.0,0.0,64.0,2.0,0.0,20.46,20.34,27.92,39.56,56.19,51.03,36.29,20.28,13.8,14.74,59.0,11.0,11.0,0.0,59.0,0.0,0.0,0.0,0.0,0.0,0.0,0.0,0.0,0.0,0.0,0.0,0.0,0.0,0.0,0.0,0.0,0.0,0.0,0.0,0.0,0.0,0.0,0.0,0.0,0.0,0.0,0.0,0.0,0.0,0.0,0.0,0.0,0.0,0.0
23.7,0.0,0.0,0.0,0.0,0.0,0.0,0.0,0.0,0.0,0.0,0.0,0.0,0.0,0.0,0.0,0.0,0.0,0.0,0.0,0.0,0.0,0.0,0.0,0.0,0.0,0.0,0.0,0.0,0.0,0.0,0.0,0.0,0.0,0.0,5.0,32.03,36.73,61.56,45.6,31.3,18.59,15.96,16.26,13.79,0.0,1.49,103.0,32.0,0.0,0.0,135.0,6.0,27.98,31.12,61.71,47.23,32.11,27.41,18.06,16.09,0.0,7.04,8.28,86.0,55.0,4.0,0.0,137.0,1.0,17.0,18.01,26.36,33.56,48.02,54.56,27.94,22.21,16.34,0.0,10.64,68.0,28.0,6.0,3.0,87.0,4.0,11.91,20.8,25.26,32.73,55.34,46.4,36.89,35.33,25.52,0.0,10.19,73.0,36.0,7.0,19.0,83.0,3.0,0.0,21.96,20.83,32.82,41.75,75.13,38.4,27.75,23.56,12.83,23.99,55.0,33.0,34.0,0.0,54.0,2.0,0.0,21.96,17.19,28.24,35.98,58.71,53.76,36.04,27.78,14.32,21.65,42.0,21.0,18.0,3.0,42.0,0.0,0.0,0.0,0.0,0.0,0.0,0.0,0.0,0.0,0.0,0.0,0.0,0.0,0.0,0.0,0.0,0.0,0.0,0.0,0.0,0.0,0.0,0.0,0.0,0.0,0.0,0.0,0.0,0.0,0.0,0.0,0.0,0.0,0.0
23.8,0.0,0.0,0.0,0.0,0.0,0.0,0.0,0.0,0.0,0.0,0.0,0.0,0.0,0.0,0.0,0.0,0.0,0.0,0.0,0.0,0.0,0.0,0.0,0.0,0.0,0.0,0.0,0.0,0.0,0.0,0.0,0.0,0.0,0.0,5.0,28.99,37.53,60.78,47.47,31.62,17.45,14.57,16.42,16.63,0.0,0.92,108.0,40.0,0.0,0.0,148.0,6.0,28.28,30.36,62.02,46.16,33.41,29.3,11.85,13.47,0.0,8.23,9.84,65.0,39.0,3.0,2.0,99.0,1.0,17.15,16.15,19.78,29.8,47.91,55.14,30.29,23.09,16.67,0.0,8.01,82.0,37.0,3.0,0.0,116.0,4.0,10.8,23.79,24.35,29.43,57.12,49.42,35.41,29.35,25.0,0.0,13.8,59.0,20.0,9.0,3.0,67.0,3.0,0.0,16.71,24.21,34.54,40.85,74.03,38.36,29.67,23.72,14.71,16.89,45.0,18.0,10.0,0.0,53.0,2.0,0.0,21.34,19.57,26.55,36.26,58.97,50.3,36.62,20.72,15.67,9.11,36.0,21.0,17.0,0.0,40.0,0.0,0.0,0.0,0.0,0.0,0.0,0.0,0.0,0.0,0.0,0.0,0.0,0.0,0.0,0.0,0.0,0.0,0.0,0.0,0.0,0.0,0.0,0.0,0.0,0.0,0.0,0.0,0.0,0.0,0.0,0.0,0.0,0.0,0.0
23.9,0.0,0.0,0.0,0.0,0.0,0.0,0.0,0.0,0.0,0.0,0.0,0.0,0.0,0.0,0.0,0.0,0.0,0.0,0.0,0.0,0.0,0.0,0.0,0.0,0.0,0.0,0.0,0.0,0.0,0.0,0.0,0.0,0.0,0.0,5.0,30.92,36.19,63.38,45.8,29.12,19.63,15.46,13.88,18.03,0.0,1.54,100.0,24.0,0.0,0.0,124.0,6.0,25.95,29.84,55.72,48.1,38.69,28.34,19.06,10.43,0.0,10.43,11.37,41.0,17.0,9.0,1.0,48.0,1.0,16.79,16.65,25.43,26.91,43.93,54.95,31.26,21.2,21.65,0.0,10.9,50.0,26.0,12.0,3.0,61.0,4.0,7.8,20.64,23.4,32.17,58.75,48.92,32.05,32.78,23.9,0.0,11.73,49.0,34.0,12.0,0.0,71.0,3.0,0.0,18.32,23.81,37.75,40.32,69.55,36.02,29.56,23.9,13.98,13.54,53.0,24.0,12.0,11.0,54.0,2.0,0.0,21.06,20.07,26.75,37.17,62.33,54.56,34.76,21.38,12.18,17.6,78.0,40.0,12.0,17.0,89.0,0.0,0.0,0.0,0.0,0.0,0.0,0.0,0.0,0.0,0.0,0.0,0.0,0.0,0.0,0.0,0.0,0.0,0.0,0.0,0.0,0.0,0.0,0.0,0.0,0.0,0.0,0.0,0.0,0.0,0.0,0.0,0.0,0.0,0.0
24.0,0.0,0.0,0.0,0.0,0.0,0.0,0.0,0.0,0.0,0.0,0.0,0.0,0.0,0.0,0.0,0.0,0.0,0.0,0.0,0.0,0.0,0.0,0.0,0.0,0.0,0.0,0.0,0.0,0.0,0.0,0.0,0.0,0.0,0.0,5.0,30.56,37.56,60.82,44.14,26.35,18.75,19.86,14.37,18.07,0.0,0.89,101.0,20.0,0.0,0.0,121.0,6.0,26.73,34.35,56.24,45.24,35.19,27.46,26.62,16.85,0.0,11.9,14.48,86.0,32.0,7.0,30.0,81.0,1.0,16.22,19.07,23.91,30.27,42.61,55.05,33.52,20.73,18.11,0.0,26.8,67.0,44.0,21.0,3.0,87.0,4.0,10.51,18.27,26.59,33.83,58.03,43.1,29.92,32.36,22.15,0.0,29.23,65.0,29.0,19.0,7.0,68.0,3.0,0.0,14.66,24.18,34.23,42.04,67.58,40.15,28.26,23.77,16.36,6.05,14.0,16.0,27.0,3.0,0.0,2.0,0.0,24.19,20.58,27.29,33.44,61.09,56.5,34.08,25.1,14.24,8.19,85.0,46.0,58.0,8.0,65.0,0.0,0.0,0.0,0.0,0.0,0.0,0.0,0.0,0.0,0.0,0.0,0.0,0.0,0.0,0.0,0.0,0.0,0.0,0.0,0.0,0.0,0.0,0.0,0.0,0.0,0.0,0.0,0.0,0.0,0.0,0.0,0.0,0.0,0.0
24.1,0.0,0.0,0.0,0.0,0.0,0.0,0.0,0.0,0.0,0.0,0.0,0.0,0.0,0.0,0.0,0.0,0.0,0.0,0.0,0.0,0.0,0.0,0.0,0.0,0.0,0.0,0.0,0.0,0.0,0.0,0.0,0.0,0.0,0.0,5.0,31.02,34.81,57.74,47.26,32.09,19.23,21.12,14.94,18.59,0.0,3.94,98.0,34.0,0.0,3.0,129.0,6.0,26.17,34.03,53.93,50.45,37.37,30.17,25.79,16.35,0.0,12.03,10.16,52.0,31.0,8.0,14.0,61.0,1.0,14.33,20.19,21.16,32.56,46.67,53.22,32.8,17.11,22.36,0.0,10.72,72.0,63.0,3.0,39.0,93.0,4.0,13.18,17.22,30.01,32.59,61.59,42.48,29.49,31.03,19.8,0.0,10.74,73.0,44.0,7.0,21.0,89.0,3.0,0.0,12.7,24.98,36.55,38.43,66.31,38.9,28.44,23.4,15.16,32.48,121.0,61.0,62.0,13.0,107.0,2.0,0.0,23.8,21.69,26.03,36.61,61.57,51.81,34.06,21.92,15.7,28.01,41.0,16.0,21.0,0.0,36.0,0.0,0.0,0.0,0.0,0.0,0.0,0.0,0.0,0.0,0.0,0.0,0.0,0.0,0.0,0.0,0.0,0.0,0.0,0.0,0.0,0.0,0.0,0.0,0.0,0.0,0.0,0.0,0.0,0.0,0.0,0.0,0.0,0.0,0.0
24.2,0.0,0.0,0.0,0.0,0.0,0.0,0.0,0.0,0.0,0.0,0.0,0.0,0.0,0.0,0.0,0.0,0.0,0.0,0.0,0.0,0.0,0.0,0.0,0.0,0.0,0.0,0.0,0.0,0.0,0.0,0.0,0.0,0.0,0.0,5.0,28.28,34.08,58.35,48.96,31.29,22.01,18.07,17.26,18.42,0.0,0.98,99.0,36.0,2.0,16.0,117.0,6.0,28.87,31.42,51.78,50.18,37.29,32.99,25.22,17.49,0.0,10.01,9.61,66.0,25.0,9.0,10.0,72.0,1.0,16.72,16.76,22.1,34.28,45.52,56.56,34.66,18.79,22.78,0.0,10.23,81.0,36.0,7.0,18.0,92.0,4.0,13.41,17.94,31.3,35.8,58.57,38.85,31.1,29.27,20.81,0.0,7.09,80.0,43.0,25.0,18.0,80.0,3.0,0.0,15.01,20.32,34.19,41.12,62.93,36.64,29.8,23.03,14.88,14.56,63.0,36.0,26.0,3.0,70.0,2.0,12.98,23.69,21.05,27.4,38.92,61.54,48.02,32.58,22.83,0.0,17.53,41.0,24.0,15.0,1.0,49.0,0.0,0.0,0.0,0.0,0.0,0.0,0.0,0.0,0.0,0.0,0.0,0.0,0.0,0.0,0.0,0.0,0.0,0.0,0.0,0.0,0.0,0.0,0.0,0.0,0.0,0.0,0.0,0.0,0.0,0.0,0.0,0.0,0.0,0.0
24.3,0.0,0.0,0.0,0.0,0.0,0.0,0.0,0.0,0.0,0.0,0.0,0.0,0.0,0.0,0.0,0.0,0.0,0.0,0.0,0.0,0.0,0.0,0.0,0.0,0.0,0.0,0.0,0.0,0.0,0.0,0.0,0.0,0.0,0.0,5.0,29.14,31.14,57.27,51.62,33.32,21.6,18.39,14.81,17.86,0.0,1.96,106.0,20.0,5.0,15.0,106.0,6.0,27.02,29.53,54.55,50.33,38.82,33.82,24.87,22.96,0.0,13.65,11.1,52.0,36.0,6.0,4.0,78.0,1.0,16.52,19.37,24.83,33.02,48.78,59.21,33.59,22.53,24.17,0.0,14.1,44.0,26.0,6.0,0.0,64.0,4.0,14.6,19.12,25.18,33.64,57.87,37.86,29.28,27.34,24.31,0.0,12.1,117.0,66.0,31.0,41.0,111.0,3.0,11.81,15.44,21.12,36.57,44.13,64.3,38.27,26.45,22.42,0.0,12.54,39.0,18.0,18.0,0.0,39.0,2.0,0.0,21.88,18.48,28.52,36.98,63.52,48.7,29.66,19.94,13.1,13.17,29.0,17.0,16.0,0.0,30.0,0.0,0.0,0.0,0.0,0.0,0.0,0.0,0.0,0.0,0.0,0.0,0.0,0.0,0.0,0.0,0.0,0.0,0.0,0.0,0.0,0.0,0.0,0.0,0.0,0.0,0.0,0.0,0.0,0.0,0.0,0.0,0.0,0.0,0.0
24.4,0.0,0.0,0.0,0.0,0.0,0.0,0.0,0.0,0.0,0.0,0.0,0.0,0.0,0.0,0.0,0.0,0.0,0.0,0.0,0.0,0.0,0.0,0.0,0.0,0.0,0.0,0.0,0.0,0.0,0.0,0.0,0.0,0.0,0.0,5.0,27.68,32.48,56.8,50.96,27.14,21.33,19.88,14.11,14.47,0.0,3.79,109.0,29.0,20.0,6.0,112.0,6.0,29.39,30.85,54.71,52.97,37.58,29.11,24.26,19.79,0.0,15.93,12.68,65.0,31.0,10.0,7.0,79.0,1.0,18.54,19.81,22.61,30.48,46.28,61.42,30.56,23.47,26.08,0.0,6.79,92.0,41.0,6.0,3.0,124.0,4.0,15.21,14.69,27.3,35.75,58.78,37.67,25.41,30.43,24.88,0.0,13.35,64.0,32.0,24.0,7.0,65.0,3.0,0.0,17.47,20.74,35.6,43.08,62.47,37.52,29.01,25.15,11.6,12.43,46.0,26.0,6.0,2.0,64.0,2.0,0.0,22.51,15.2,25.85,38.83,62.67,47.07,30.51,21.04,16.72,20.77,66.0,25.0,28.0,2.0,61.0,0.0,0.0,0.0,0.0,0.0,0.0,0.0,0.0,0.0,0.0,0.0,0.0,0.0,0.0,0.0,0.0,0.0,0.0,0.0,0.0,0.0,0.0,0.0,0.0,0.0,0.0,0.0,0.0,0.0,0.0,0.0,0.0,0.0,0.0
24.5,0.0,0.0,0.0,0.0,0.0,0.0,0.0,0.0,0.0,0.0,0.0,0.0,0.0,0.0,0.0,0.0,0.0,0.0,0.0,0.0,0.0,0.0,0.0,0.0,0.0,0.0,0.0,0.0,0.0,0.0,0.0,0.0,0.0,0.0,5.0,26.26,31.05,55.3,51.63,31.45,23.09,16.75,19.22,15.54,0.0,5.74,131.0,40.0,37.0,0.0,134.0,6.0,33.96,32.19,52.16,50.58,38.69,29.44,25.65,20.43,0.0,16.72,11.7,49.0,30.0,15.0,0.0,64.0,1.0,19.2,17.83,26.46,35.59,45.33,62.63,33.56,22.44,21.77,0.0,9.78,62.0,32.0,3.0,5.0,86.0,4.0,14.77,15.94,28.16,37.53,59.89,39.97,28.66,27.37,23.61,0.0,13.16,86.0,55.0,26.0,22.0,93.0,3.0,0.0,16.64,21.67,38.07,41.59,59.99,39.44,28.26,23.57,13.59,11.36,51.0,26.0,9.0,0.0,68.0,2.0,0.0,18.74,17.7,25.29,37.35,62.71,46.43,29.59,21.82,20.14,11.33,16.0,21.0,21.0,0.0,16.0,0.0,0.0,0.0,0.0,0.0,0.0,0.0,0.0,0.0,0.0,0.0,0.0,0.0,0.0,0.0,0.0,0.0,0.0,0.0,0.0,0.0,0.0,0.0,0.0,0.0,0.0,0.0,0.0,0.0,0.0,0.0,0.0,0.0,0.0
24.6,0.0,0.0,0.0,0.0,0.0,0.0,0.0,0.0,0.0,0.0,0.0,0.0,0.0,0.0,0.0,0.0,0.0,0.0,0.0,0.0,0.0,0.0,0.0,0.0,0.0,0.0,0.0,0.0,0.0,0.0,0.0,0.0,0.0,0.0,5.0,24.32,30.28,49.74,53.15,31.9,20.86,13.88,16.56,13.03,0.0,13.57,80.0,26.0,27.0,0.0,79.0,6.0,31.17,27.67,52.3,54.99,37.23,33.31,22.81,23.42,0.0,15.67,10.68,98.0,33.0,26.0,1.0,104.0,1.0,20.15,18.46,24.52,39.42,42.77,63.75,33.54,23.11,24.55,0.0,6.12,12.0,22.0,34.0,0.0,0.0,4.0,13.92,22.35,27.16,40.48,60.54,41.44,28.1,27.17,24.87,0.0,6.78,16.0,24.0,34.0,0.0,6.0,3.0,0.0,16.24,24.38,41.34,43.2,61.16,34.8,30.48,24.24,12.78,17.64,69.0,43.0,16.0,10.0,86.0,2.0,0.0,18.27,20.86,26.64,36.23,63.93,47.56,30.18,23.19,17.72,6.12,14.0,22.0,30.0,0.0,6.0,0.0,0.0,0.0,0.0,0.0,0.0,0.0,0.0,0.0,0.0,0.0,0.0,0.0,0.0,0.0,0.0,0.0,0.0,0.0,0.0,0.0,0.0,0.0,0.0,0.0,0.0,0.0,0.0,0.0,0.0,0.0,0.0,0.0,0.0
24.7,0.0,0.0,0.0,0.0,0.0,0.0,0.0,0.0,0.0,0.0,0.0,0.0,0.0,0.0,0.0,0.0,0.0,0.0,0.0,0.0,0.0,0.0,0.0,0.0,0.0,0.0,0.0,0.0,0.0,0.0,0.0,0.0,0.0,0.0,5.0,29.47,29.42,45.66,52.99,32.0,20.99,17.82,16.16,13.75,0.0,20.19,55.0,18.0,10.0,0.0,63.0,6.0,27.97,26.75,53.74,56.84,35.4,33.71,22.63,25.08,0.0,20.15,5.77,112.0,27.0,15.0,2.0,122.0,1.0,19.45,0.0,27.27,40.0,42.57,65.76,30.1,23.94,26.27,16.23,6.16,9.0,18.0,27.0,0.0,0.0,4.0,11.36,23.59,23.21,37.78,66.04,44.24,28.25,21.98,24.21,0.0,6.03,9.0,18.0,27.0,0.0,0.0,3.0,0.0,12.46,24.62,41.38,42.32,58.82,35.05,27.0,22.46,16.65,15.84,39.0,16.0,13.0,7.0,35.0,2.0,0.0,20.53,16.02,30.41,38.46,65.43,48.53,22.78,20.57,17.81,5.86,9.0,18.0,27.0,0.0,0.0,0.0,0.0,0.0,0.0,0.0,0.0,0.0,0.0,0.0,0.0,0.0,0.0,0.0,0.0,0.0,0.0,0.0,0.0,0.0,0.0,0.0,0.0,0.0,0.0,0.0,0.0,0.0,0.0,0.0,0.0,0.0,0.0,0.0,0.0
24.8,0.0,0.0,0.0,0.0,0.0,0.0,0.0,0.0,0.0,0.0,0.0,0.0,0.0,0.0,0.0,0.0,0.0,0.0,0.0,0.0,0.0,0.0,0.0,0.0,0.0,0.0,0.0,0.0,0.0,0.0,0.0,0.0,0.0,0.0,5.0,30.32,26.93,46.23,52.63,27.86,22.61,16.3,16.9,12.62,0.0,16.61,59.0,34.0,10.0,0.0,83.0,6.0,27.29,30.59,55.73,59.77,36.83,31.1,23.8,25.26,0.0,18.88,5.61,127.0,39.0,33.0,3.0,130.0,1.0,0.0,15.5,24.59,37.11,43.17,68.49,28.43,27.79,25.08,18.99,6.13,12.0,24.0,36.0,0.0,0.0,4.0,14.79,26.3,27.51,40.09,66.77,38.96,28.04,28.24,22.65,0.0,6.11,12.0,24.0,36.0,0.0,0.0,3.0,0.0,16.18,26.22,41.49,43.22,58.44,30.16,22.81,20.92,18.03,5.92,13.0,24.0,34.0,0.0,3.0,2.0,0.0,23.72,15.83,26.71,40.25,68.45,45.03,25.24,19.95,16.13,5.93,12.0,24.0,36.0,0.0,0.0,0.0,0.0,0.0,0.0,0.0,0.0,0.0,0.0,0.0,0.0,0.0,0.0,0.0,0.0,0.0,0.0,0.0,0.0,0.0,0.0,0.0,0.0,0.0,0.0,0.0,0.0,0.0,0.0,0.0,0.0,0.0,0.0,0.0,0.0
24.9,0.0,0.0,0.0,0.0,0.0,0.0,0.0,0.0,0.0,0.0,0.0,0.0,0.0,0.0,0.0,0.0,0.0,0.0,0.0,0.0,0.0,0.0,0.0,0.0,0.0,0.0,0.0,0.0,0.0,0.0,0.0,0.0,0.0,0.0,5.0,27.47,26.99,46.04,50.03,29.45,19.12,14.95,17.25,8.12,0.0,24.32,45.0,15.0,9.0,0.0,51.0,6.0,22.94,32.73,54.38,58.69,40.19,29.39,23.24,23.32,0.0,17.86,5.84,119.0,27.0,28.0,3.0,115.0,1.0,16.14,0.0,24.25,39.13,42.59,71.45,33.1,23.91,27.72,17.93,6.03,9.0,18.0,27.0,0.0,0.0,4.0,17.18,27.77,27.78,40.7,67.99,41.23,34.39,29.99,21.35,0.0,6.2,9.0,18.0,27.0,0.0,0.0,3.0,0.0,15.33,22.49,38.45,45.88,61.66,33.93,21.04,21.95,19.82,5.94,9.0,18.0,27.0,0.0,0.0,2.0,0.0,21.7,15.72,30.91,37.11,69.5,47.65,26.0,19.46,15.4,5.87,9.0,18.0,27.0,0.0,0.0,0.0,0.0,0.0,0.0,0.0,0.0,0.0,0.0,0.0,0.0,0.0,0.0,0.0,0.0,0.0,0.0,0.0,0.0,0.0,0.0,0.0,0.0,0.0,0.0,0.0,0.0,0.0,0.0,0.0,0.0,0.0,0.0,0.0,0.0
25.0,0.0,0.0,0.0,0.0,0.0,0.0,0.0,0.0,0.0,0.0,0.0,0.0,0.0,0.0,0.0,0.0,0.0,0.0,0.0,0.0,0.0,0.0,0.0,0.0,0.0,0.0,0.0,0.0,0.0,0.0,0.0,0.0,0.0,0.0,5.0,30.42,23.37,40.6,51.33,32.84,21.14,17.23,15.33,12.15,0.0,20.95,52.0,14.0,9.0,0.0,57.0,6.0,25.99,30.57,50.8,57.26,41.33,27.46,24.33,20.66,0.0,20.66,6.31,121.0,30.0,20.0,1.0,130.0,1.0,0.0,15.66,22.16,37.34,40.94,72.85,34.35,31.57,27.24,18.21,6.09,12.0,24.0,36.0,0.0,0.0,4.0,0.0,28.17,27.25,39.12,67.84,38.96,31.14,29.02,16.91,15.41,6.15,12.0,24.0,36.0,0.0,0.0,3.0,0.0,19.98,26.36,41.52,50.22,61.09,34.54,21.85,22.16,16.46,5.84,12.0,24.0,36.0,0.0,0.0,2.0,0.0,20.98,19.73,29.7,38.49,64.95,45.5,29.12,23.04,20.61,6.0,12.0,24.0,36.0,0.0,0.0,0.0,0.0,0.0,0.0,0.0,0.0,0.0,0.0,0.0,0.0,0.0,0.0,0.0,0.0,0.0,0.0,0.0,0.0,0.0,0.0,0.0,0.0,0.0,0.0,0.0,0.0,0.0,0.0,0.0,0.0,0.0,0.0,0.0,0.0
25.1,0.0,0.0,0.0,0.0,0.0,0.0,0.0,0.0,0.0,0.0,0.0,0.0,0.0,0.0,0.0,0.0,0.0,0.0,0.0,0.0,0.0,0.0,0.0,0.0,0.0,0.0,0.0,0.0,0.0,0.0,0.0,0.0,0.0,0.0,5.0,32.61,26.55,44.45,54.62,31.97,15.93,17.34,16.59,14.71,0.0,10.9,67.0,27.0,8.0,4.0,82.0,6.0,20.56,35.2,48.89,57.01,40.52,27.01,22.29,25.98,0.0,21.21,5.12,117.0,22.0,17.0,10.0,112.0,1.0,13.54,0.0,22.5,37.46,39.11,75.21,37.63,32.29,26.99,16.3,6.23,12.0,21.0,33.0,0.0,0.0,4.0,0.0,24.87,27.02,42.88,67.38,36.9,31.33,26.28,17.81,15.4,6.1,12.0,21.0,33.0,0.0,0.0,3.0,0.0,20.97,26.23,39.6,53.03,61.63,31.75,22.89,21.12,17.52,5.74,12.0,21.0,33.0,0.0,0.0,2.0,0.0,16.7,21.15,27.2,39.59,71.47,42.46,31.32,25.91,20.13,5.89,12.0,21.0,33.0,0.0,0.0,0.0,0.0,0.0,0.0,0.0,0.0,0.0,0.0,0.0,0.0,0.0,0.0,0.0,0.0,0.0,0.0,0.0,0.0,0.0,0.0,0.0,0.0,0.0,0.0,0.0,0.0,0.0,0.0,0.0,0.0,0.0,0.0,0.0,0.0
25.2,0.0,0.0,0.0,0.0,0.0,0.0,0.0,0.0,0.0,0.0,0.0,0.0,0.0,0.0,0.0,0.0,0.0,0.0,0.0,0.0,0.0,0.0,0.0,0.0,0.0,0.0,0.0,0.0,0.0,0.0,0.0,0.0,0.0,0.0,5.0,33.0,27.12,44.8,59.64,33.78,21.08,16.21,15.4,15.02,0.0,17.93,63.0,28.0,9.0,5.0,77.0,6.0,20.84,37.41,50.05,55.02,40.88,28.13,23.99,25.15,0.0,24.99,5.04,119.0,35.0,24.0,15.0,115.0,1.0,0.0,16.49,25.77,37.76,40.48,79.01,36.95,29.64,27.59,20.74,6.0,9.0,21.0,30.0,0.0,0.0,4.0,0.0,23.82,28.53,45.41,65.56,37.09,31.51,23.48,16.71,18.37,6.07,9.0,21.0,30.0,0.0,0.0,3.0,0.0,19.2,27.35,37.21,54.36,61.11,33.54,21.17,23.13,16.35,5.91,9.0,21.0,30.0,0.0,0.0,2.0,0.0,16.88,19.92,29.01,43.79,74.17,35.75,31.05,22.25,19.43,5.93,9.0,21.0,30.0,0.0,0.0,0.0,0.0,0.0,0.0,0.0,0.0,0.0,0.0,0.0,0.0,0.0,0.0,0.0,0.0,0.0,0.0,0.0,0.0,0.0,0.0,0.0,0.0,0.0,0.0,0.0,0.0,0.0,0.0,0.0,0.0,0.0,0.0,0.0,0.0
25.3,0.0,0.0,0.0,0.0,0.0,0.0,0.0,0.0,0.0,0.0,0.0,0.0,0.0,0.0,0.0,0.0,0.0,0.0,0.0,0.0,0.0,0.0,0.0,0.0,0.0,0.0,0.0,0.0,0.0,0.0,0.0,0.0,0.0,0.0,5.0,30.19,26.36,39.56,60.56,32.29,24.43,16.59,14.69,11.49,0.0,17.73,49.0,10.0,6.0,0.0,53.0,6.0,20.47,39.18,49.01,60.66,40.35,32.17,24.28,22.69,0.0,19.52,4.94,105.0,38.0,3.0,1.0,139.0,1.0,17.49,0.0,22.84,36.79,39.71,81.54,39.01,29.78,28.75,20.89,6.07,12.0,24.0,36.0,0.0,0.0,4.0,0.0,21.55,29.41,46.08,72.21,36.97,31.76,25.11,14.18,16.07,6.01,12.0,24.0,36.0,0.0,0.0,3.0,17.17,22.88,28.06,37.78,52.24,59.51,30.69,22.8,20.11,0.0,5.93,12.0,24.0,36.0,0.0,0.0,2.0,0.0,18.12,23.29,26.54,42.74,73.0,40.41,32.85,21.73,20.59,5.99,12.0,24.0,36.0,0.0,0.0,0.0,0.0,0.0,0.0,0.0,0.0,0.0,0.0,0.0,0.0,0.0,0.0,0.0,0.0,0.0,0.0,0.0,0.0,0.0,0.0,0.0,0.0,0.0,0.0,0.0,0.0,0.0,0.0,0.0,0.0,0.0,0.0,0.0,0.0
25.4,0.0,0.0,0.0,0.0,0.0,0.0,0.0,0.0,0.0,0.0,0.0,0.0,0.0,0.0,0.0,0.0,0.0,0.0,0.0,0.0,0.0,0.0,0.0,0.0,0.0,0.0,0.0,0.0,0.0,0.0,0.0,0.0,0.0,0.0,5.0,26.93,27.11,44.29,59.91,36.17,24.15,18.54,16.77,11.25,0.0,30.64,55.0,18.0,11.0,2.0,60.0,6.0,18.59,38.93,52.03,63.62,40.22,31.19,25.75,20.72,0.0,19.34,3.82,98.0,20.0,0.0,11.0,107.0,1.0,0.0,19.44,24.3,36.02,38.16,87.5,38.98,28.22,23.73,21.26,5.96,9.0,18.0,27.0,0.0,0.0,4.0,11.65,21.24,29.06,44.23,76.06,35.51,32.63,26.51,0.0,18.65,6.19,9.0,18.0,27.0,0.0,0.0,3.0,13.46,16.89,26.68,37.04,55.85,60.06,26.83,23.78,19.06,0.0,5.96,9.0,18.0,27.0,0.0,0.0,2.0,0.0,13.14,19.75,29.19,43.25,75.1,36.65,32.95,23.89,21.39,6.15,9.0,18.0,27.0,0.0,0.0,0.0,0.0,0.0,0.0,0.0,0.0,0.0,0.0,0.0,0.0,0.0,0.0,0.0,0.0,0.0,0.0,0.0,0.0,0.0,0.0,0.0,0.0,0.0,0.0,0.0,0.0,0.0,0.0,0.0,0.0,0.0,0.0,0.0,0.0
25.5,0.0,0.0,0.0,0.0,0.0,0.0,0.0,0.0,0.0,0.0,0.0,0.0,0.0,0.0,0.0,0.0,0.0,0.0,0.0,0.0,0.0,0.0,0.0,0.0,0.0,0.0,0.0,0.0,0.0,0.0,0.0,0.0,0.0,0.0,5.0,30.48,27.6,45.75,59.14,34.08,24.13,18.33,18.31,10.39,0.0,17.46,63.0,19.0,7.0,0.0,75.0,6.0,23.55,37.95,49.74,64.51,42.13,31.72,23.15,18.67,0.0,18.09,3.22,108.0,26.0,0.0,0.0,134.0,1.0,0.0,19.59,27.26,38.56,42.73,88.38,41.41,27.26,22.4,19.97,6.04,12.0,24.0,36.0,0.0,0.0,4.0,0.0,23.12,28.24,43.44,80.11,37.68,32.69,25.96,10.36,16.64,6.09,12.0,24.0,36.0,0.0,0.0,3.0,18.24,18.71,26.19,33.68,58.09,56.68,26.0,25.71,18.31,0.0,5.86,12.0,24.0,36.0,0.0,0.0,2.0,0.0,11.66,23.53,28.52,43.29,79.53,40.48,29.71,20.44,17.85,6.27,12.0,24.0,36.0,0.0,0.0,0.0,0.0,0.0,0.0,0.0,0.0,0.0,0.0,0.0,0.0,0.0,0.0,0.0,0.0,0.0,0.0,0.0,0.0,0.0,0.0,0.0,0.0,0.0,0.0,0.0,0.0,0.0,0.0,0.0,0.0,0.0,0.0,0.0,0.0
25.6,0.0,0.0,0.0,0.0,0.0,0.0,0.0,0.0,0.0,0.0,0.0,0.0,0.0,0.0,0.0,0.0,0.0,0.0,0.0,0.0,0.0,0.0,0.0,0.0,0.0,0.0,0.0,0.0,0.0,0.0,0.0,0.0,0.0,0.0,5.0,27.97,27.49,44.08,58.58,40.45,24.4,17.16,13.87,10.45,0.0,14.3,68.0,15.0,9.0,1.0,73.0,6.0,20.14,36.96,46.75,66.53,39.56,34.44,18.39,17.9,0.0,17.06,3.75,107.0,28.0,0.0,0.0,135.0,1.0,18.68,0.0,26.76,32.73,38.4,87.98,40.25,30.54,21.11,21.35,6.03,9.0,18.0,27.0,0.0,0.0,4.0,0.0,21.7,27.58,43.26,82.91,34.93,29.8,24.97,12.36,17.44,6.1,9.0,18.0,27.0,0.0,0.0,3.0,0.0,21.25,26.09,34.89,53.97,51.13,25.07,24.5,20.19,18.21,5.85,9.0,18.0,27.0,0.0,0.0,2.0,0.0,10.14,23.89,31.83,39.3,76.75,36.97,28.23,17.88,16.22,6.05,9.0,18.0,27.0,0.0,0.0,0.0,0.0,0.0,0.0,0.0,0.0,0.0,0.0,0.0,0.0,0.0,0.0,0.0,0.0,0.0,0.0,0.0,0.0,0.0,0.0,0.0,0.0,0.0,0.0,0.0,0.0,0.0,0.0,0.0,0.0,0.0,0.0,0.0,0.0
25.7,0.0,0.0,0.0,0.0,0.0,0.0,0.0,0.0,0.0,0.0,0.0,0.0,0.0,0.0,0.0,0.0,0.0,0.0,0.0,0.0,0.0,0.0,0.0,0.0,0.0,0.0,0.0,0.0,0.0,0.0,0.0,0.0,0.0,0.0,5.0,27.65,26.06,40.74,57.6,39.84,25.87,17.7,14.17,12.17,0.0,15.16,69.0,21.0,11.0,0.0,79.0,6.0,20.29,33.98,47.71,65.51,39.69,34.09,18.51,17.55,0.0,19.29,3.31,105.0,28.0,0.0,0.0,133.0,1.0,0.0,18.16,30.92,31.33,41.68,88.49,42.38,28.63,21.08,24.03,6.24,12.0,24.0,36.0,0.0,0.0,4.0,0.0,21.5,25.61,43.16,86.08,39.2,29.04,25.53,10.55,18.71,5.96,12.0,24.0,36.0,0.0,0.0,3.0,17.45,19.77,26.24,37.01,50.35,58.1,27.93,22.9,0.0,19.61,5.73,12.0,24.0,36.0,0.0,0.0,2.0,0.0,15.12,25.98,30.5,44.28,75.42,36.79,27.97,16.44,16.55,6.03,12.0,24.0,36.0,0.0,0.0,0.0,0.0,0.0,0.0,0.0,0.0,0.0,0.0,0.0,0.0,0.0,0.0,0.0,0.0,0.0,0.0,0.0,0.0,0.0,0.0,0.0,0.0,0.0,0.0,0.0,0.0,0.0,0.0,0.0,0.0,0.0,0.0,0.0,0.0
25.8,0.0,0.0,0.0,0.0,0.0,0.0,0.0,0.0,0.0,0.0,0.0,0.0,0.0,0.0,0.0,0.0,0.0,0.0,0.0,0.0,0.0,0.0,0.0,0.0,0.0,0.0,0.0,0.0,0.0,0.0,0.0,0.0,0.0,0.0,5.0,25.06,29.05,39.46,61.37,33.5,27.43,15.29,19.42,12.96,0.0,18.71,65.0,13.0,14.0,0.0,64.0,6.0,19.22,34.82,45.47,64.4,35.98,32.41,20.29,18.37,0.0,16.55,3.39,102.0,10.0,0.0,0.0,112.0,1.0,18.41,20.5,30.39,32.19,41.24,85.34,43.94,0.0,22.02,18.32,6.03,9.0,18.0,27.0,0.0,0.0,4.0,10.45,19.03,27.77,40.05,86.88,41.2,29.66,22.24,0.0,18.13,6.09,9.0,18.0,27.0,0.0,0.0,3.0,18.05,18.74,24.37,38.49,55.4,55.95,26.67,26.7,0.0,18.27,5.93,9.0,18.0,27.0,0.0,0.0,2.0,0.0,18.36,24.16,31.41,45.35,75.09,34.17,30.96,16.14,14.77,6.16,9.0,18.0,27.0,0.0,0.0,0.0,0.0,0.0,0.0,0.0,0.0,0.0,0.0,0.0,0.0,0.0,0.0,0.0,0.0,0.0,0.0,0.0,0.0,0.0,0.0,0.0,0.0,0.0,0.0,0.0,0.0,0.0,0.0,0.0,0.0,0.0,0.0,0.0,0.0
25.9,0.0,0.0,0.0,0.0,0.0,0.0,0.0,0.0,0.0,0.0,0.0,0.0,0.0,0.0,0.0,0.0,0.0,0.0,0.0,0.0,0.0,0.0,0.0,0.0,0.0,0.0,0.0,0.0,0.0,0.0,0.0,0.0,0.0,0.0,5.0,27.38,32.21,39.59,61.06,31.91,25.94,16.37,16.43,11.33,0.0,23.1,50.0,12.0,9.0,0.0,53.0,6.0,18.46,38.59,45.89,63.77,37.41,31.48,21.01,18.04,0.0,18.22,3.71,106.0,30.0,0.0,0.0,136.0,1.0,18.14,0.0,29.74,30.88,38.51,81.52,44.43,28.2,20.48,23.27,6.13,12.0,24.0,36.0,0.0,0.0,4.0,10.3,20.62,25.73,39.69,85.45,40.18,27.58,18.99,0.0,14.04,6.1,12.0,24.0,36.0,0.0,0.0,3.0,0.0,18.28,25.72,40.52,56.84,52.88,25.47,27.02,19.08,18.4,6.1,12.0,24.0,36.0,0.0,0.0,2.0,0.0,18.44,24.54,27.19,46.98,76.18,38.2,33.57,17.02,13.39,5.96,12.0,24.0,36.0,0.0,0.0,0.0,0.0,0.0,0.0,0.0,0.0,0.0,0.0,0.0,0.0,0.0,0.0,0.0,0.0,0.0,0.0,0.0,0.0,0.0,0.0,0.0,0.0,0.0,0.0,0.0,0.0,0.0,0.0,0.0,0.0,0.0,0.0,0.0,0.0
26.0,0.0,0.0,0.0,0.0,0.0,0.0,0.0,0.0,0.0,0.0,0.0,0.0,0.0,0.0,0.0,0.0,0.0,0.0,0.0,0.0,0.0,0.0,0.0,0.0,0.0,0.0,0.0,0.0,0.0,0.0,0.0,0.0,0.0,0.0,5.0,28.73,34.5,39.92,63.17,32.81,27.31,13.03,16.85,11.12,0.0,21.83,54.0,18.0,13.0,0.0,59.0,6.0,19.52,37.09,42.73,63.03,42.14,32.57,24.99,17.7,0.0,15.6,3.59,117.0,24.0,0.0,0.0,141.0,1.0,19.65,0.0,29.54,30.5,38.86,80.26,47.86,24.9,21.66,22.5,5.79,9.0,18.0,27.0,0.0,0.0,4.0,12.41,17.81,25.74,41.22,86.08,40.73,27.22,20.0,0.0,17.18,6.09,9.0,18.0,27.0,0.0,0.0,3.0,0.0,18.02,23.0,37.61,59.25,53.23,26.65,24.42,21.76,17.11,5.9,9.0,18.0,27.0,0.0,0.0,2.0,0.0,19.27,24.87,27.82,43.08,78.04,39.83,29.52,18.46,9.77,6.37,9.0,18.0,27.0,0.0,0.0,0.0,0.0,0.0,0.0,0.0,0.0,0.0,0.0,0.0,0.0,0.0,0.0,0.0,0.0,0.0,0.0,0.0,0.0,0.0,0.0,0.0,0.0,0.0,0.0,0.0,0.0,0.0,0.0,0.0,0.0,0.0,0.0,0.0,0.0
26.1,0.0,0.0,0.0,0.0,0.0,0.0,0.0,0.0,0.0,0.0,0.0,0.0,0.0,0.0,0.0,0.0,0.0,0.0,0.0,0.0,0.0,0.0,0.0,0.0,0.0,0.0,0.0,0.0,0.0,0.0,0.0,0.0,0.0,0.0,5.0,27.19,33.86,43.43,63.08,37.53,26.75,18.1,14.53,7.78,0.0,17.75,58.0,13.0,14.0,0.0,57.0,6.0,21.51,35.5,44.88,67.42,41.89,30.68,22.06,15.85,0.0,16.01,3.4,100.0,20.0,0.0,0.0,120.0,1.0,19.84,0.0,29.53,33.11,38.34,78.92,49.38,25.5,21.04,22.61,5.89,12.0,24.0,36.0,0.0,0.0,4.0,16.06,23.04,28.22,40.06,81.83,39.09,25.34,18.7,0.0,16.01,5.96,12.0,24.0,36.0,0.0,0.0,3.0,0.0,19.74,23.28,33.57,65.41,53.56,26.26,21.15,21.36,15.82,5.94,12.0,24.0,36.0,0.0,0.0,2.0,0.0,18.53,27.8,26.72,44.19,73.92,39.93,30.85,17.98,11.44,6.11,12.0,24.0,36.0,0.0,0.0,0.0,0.0,0.0,0.0,0.0,0.0,0.0,0.0,0.0,0.0,0.0,0.0,0.0,0.0,0.0,0.0,0.0,0.0,0.0,0.0,0.0,0.0,0.0,0.0,0.0,0.0,0.0,0.0,0.0,0.0,0.0,0.0,0.0,0.0
26.2,0.0,0.0,0.0,0.0,0.0,0.0,0.0,0.0,0.0,0.0,0.0,0.0,0.0,0.0,0.0,0.0,0.0,0.0,0.0,0.0,0.0,0.0,0.0,0.0,0.0,0.0,0.0,0.0,0.0,0.0,0.0,0.0,0.0,0.0,5.0,30.11,35.72,42.78,68.75,37.94,24.73,16.55,16.55,7.78,0.0,2.82,89.0,27.0,9.0,0.0,107.0,6.0,18.77,35.91,42.24,73.24,43.5,27.31,20.76,15.89,13.56,0.0,3.36,106.0,0.0,0.0,0.0,106.0,1.0,20.22,0.0,21.91,33.71,37.34,75.79,47.55,30.88,23.34,26.34,6.17,10.0,18.0,28.0,0.0,0.0,4.0,14.85,23.61,29.78,42.72,80.96,40.57,23.57,17.99,0.0,18.23,6.17,10.0,18.0,28.0,0.0,0.0,3.0,0.0,21.31,23.31,35.3,65.23,49.43,26.78,22.87,14.23,16.18,5.67,10.0,18.0,28.0,0.0,0.0,2.0,12.9,16.26,28.29,25.29,46.76,68.89,38.13,31.07,19.35,0.0,6.12,10.0,18.0,28.0,0.0,0.0,0.0,0.0,0.0,0.0,0.0,0.0,0.0,0.0,0.0,0.0,0.0,0.0,0.0,0.0,0.0,0.0,0.0,0.0,0.0,0.0,0.0,0.0,0.0,0.0,0.0,0.0,0.0,0.0,0.0,0.0,0.0,0.0,0.0,0.0
26.3,0.0,0.0,0.0,0.0,0.0,0.0,0.0,0.0,0.0,0.0,0.0,0.0,0.0,0.0,0.0,0.0,0.0,0.0,0.0,0.0,0.0,0.0,0.0,0.0,0.0,0.0,0.0,0.0,0.0,0.0,0.0,0.0,0.0,0.0,5.0,27.96,36.76,41.44,70.57,37.63,26.14,16.65,10.81,13.66,0.0,11.82,83.0,31.0,13.0,0.0,101.0,6.0,0.0,36.05,38.9,76.22,40.55,27.42,19.64,15.78,16.99,17.07,3.35,104.0,0.0,0.0,0.0,104.0,1.0,20.25,0.0,27.37,33.02,33.89,72.84,51.24,27.91,24.39,24.57,5.82,11.0,24.0,35.0,0.0,0.0,4.0,20.08,22.64,30.14,43.45,81.08,42.54,24.24,20.64,0.0,16.85,6.19,11.0,24.0,35.0,0.0,0.0,3.0,0.0,18.81,26.98,37.89,65.92,49.44,30.18,26.61,13.74,16.7,5.94,11.0,24.0,35.0,0.0,0.0,2.0,0.0,15.24,25.84,27.09,45.85,68.43,35.9,31.3,21.46,14.9,5.95,11.0,24.0,35.0,0.0,0.0,0.0,0.0,0.0,0.0,0.0,0.0,0.0,0.0,0.0,0.0,0.0,0.0,0.0,0.0,0.0,0.0,0.0,0.0,0.0,0.0,0.0,0.0,0.0,0.0,0.0,0.0,0.0,0.0,0.0,0.0,0.0,0.0,0.0,0.0
26.4,0.0,0.0,0.0,0.0,0.0,0.0,0.0,0.0,0.0,0.0,0.0,0.0,0.0,0.0,0.0,0.0,0.0,0.0,0.0,0.0,0.0,0.0,0.0,0.0,0.0,0.0,0.0,0.0,0.0,0.0,0.0,0.0,0.0,0.0,5.0,27.28,38.34,39.69,68.17,38.04,27.5,18.83,15.84,13.08,0.0,7.97,105.0,40.0,13.0,0.0,132.0,6.0,17.18,35.27,42.31,81.63,44.8,29.59,23.71,17.38,16.25,0.0,3.21,109.0,0.0,0.0,0.0,109.0,1.0,18.46,0.0,23.2,29.0,32.75,71.2,49.15,31.58,24.39,19.87,6.03,12.0,23.0,35.0,0.0,0.0,4.0,19.95,21.39,30.49,45.5,76.49,40.55,25.16,21.79,0.0,12.4,5.96,12.0,23.0,35.0,0.0,0.0,3.0,0.0,19.51,25.65,40.25,67.24,47.71,24.24,28.14,14.3,16.82,5.73,12.0,23.0,35.0,0.0,0.0,2.0,0.0,16.9,27.56,24.96,41.52,68.21,37.38,33.22,18.66,17.23,6.24,12.0,23.0,35.0,0.0,0.0,0.0,0.0,0.0,0.0,0.0,0.0,0.0,0.0,0.0,0.0,0.0,0.0,0.0,0.0,0.0,0.0,0.0,0.0,0.0,0.0,0.0,0.0,0.0,0.0,0.0,0.0,0.0,0.0,0.0,0.0,0.0,0.0,0.0,0.0
26.5,0.0,0.0,0.0,0.0,0.0,0.0,0.0,0.0,0.0,0.0,0.0,0.0,0.0,0.0,0.0,0.0,0.0,0.0,0.0,0.0,0.0,0.0,0.0,0.0,0.0,0.0,0.0,0.0,0.0,0.0,0.0,0.0,0.0,0.0,5.0,30.99,36.99,43.9,74.5,42.39,27.72,19.32,12.65,13.1,0.0,10.58,97.0,36.0,15.0,0.0,118.0,6.0,13.1,32.44,37.6,84.7,43.52,27.8,21.82,17.41,18.26,0.0,3.44,100.0,0.0,0.0,0.0,100.0,1.0,15.76,0.0,20.43,32.4,30.84,67.34,49.72,28.85,26.23,18.05,6.17,9.0,19.0,28.0,0.0,0.0,4.0,23.3,20.87,32.69,43.84,73.92,41.86,26.29,25.99,13.48,0.0,5.93,9.0,19.0,28.0,0.0,0.0,3.0,0.0,18.48,27.4,40.56,67.53,46.3,25.04,30.96,12.71,12.63,6.01,9.0,19.0,28.0,0.0,0.0,2.0,16.93,17.15,24.32,28.76,42.24,68.67,36.06,32.15,21.7,0.0,6.27,9.0,19.0,28.0,0.0,0.0,0.0,0.0,0.0,0.0,0.0,0.0,0.0,0.0,0.0,0.0,0.0,0.0,0.0,0.0,0.0,0.0,0.0,0.0,0.0,0.0,0.0,0.0,0.0,0.0,0.0,0.0,0.0,0.0,0.0,0.0,0.0,0.0,0.0,0.0
26.6,0.0,0.0,0.0,0.0,0.0,0.0,0.0,0.0,0.0,0.0,0.0,0.0,0.0,0.0,0.0,0.0,0.0,0.0,0.0,0.0,0.0,0.0,0.0,0.0,0.0,0.0,0.0,0.0,0.0,0.0,0.0,0.0,0.0,0.0,5.0,29.27,39.0,41.74,76.23,37.67,29.15,19.7,11.98,18.37,0.0,9.96,75.0,32.0,9.0,0.0,98.0,6.0,14.76,29.45,40.54,87.93,44.72,28.59,24.64,16.57,18.62,0.0,3.29,106.0,0.0,0.0,0.0,106.0,1.0,18.72,0.0,22.07,31.1,33.16,66.33,49.79,30.45,27.41,15.06,6.09,12.0,24.0,36.0,0.0,0.0,4.0,24.56,21.01,32.03,45.36,70.94,45.37,24.75,24.34,16.79,0.0,6.02,12.0,24.0,36.0,0.0,0.0,3.0,0.0,16.17,29.04,40.91,68.53,48.3,29.18,25.07,11.07,12.86,5.74,12.0,24.0,36.0,0.0,0.0,2.0,0.0,21.65,25.47,32.29,45.94,70.21,33.97,31.25,21.2,19.21,6.16,12.0,24.0,36.0,0.0,0.0,0.0,0.0,0.0,0.0,0.0,0.0,0.0,0.0,0.0,0.0,0.0,0.0,0.0,0.0,0.0,0.0,0.0,0.0,0.0,0.0,0.0,0.0,0.0,0.0,0.0,0.0,0.0,0.0,0.0,0.0,0.0,0.0,0.0,0.0
26.7,0.0,0.0,0.0,0.0,0.0,0.0,0.0,0.0,0.0,0.0,0.0,0.0,0.0,0.0,0.0,0.0,0.0,0.0,0.0,0.0,0.0,0.0,0.0,0.0,0.0,0.0,0.0,0.0,0.0,0.0,0.0,0.0,0.0,0.0,5.0,27.47,35.23,42.33,79.84,40.62,28.28,20.89,13.22,18.5,0.0,15.26,88.0,14.0,20.0,0.0,82.0,6.0,16.15,33.06,39.47,89.1,43.43,31.85,24.66,15.66,18.45,0.0,3.81,86.0,0.0,0.0,0.0,86.0,1.0,20.56,0.0,25.27,28.6,35.33,60.99,48.15,30.46,26.39,16.56,6.29,9.0,18.0,27.0,0.0,0.0,4.0,24.82,17.51,32.61,43.34,71.92,44.07,25.67,26.97,16.0,0.0,6.1,9.0,18.0,27.0,0.0,0.0,3.0,0.0,16.99,30.08,43.04,73.35,45.22,28.49,27.74,12.37,12.39,5.85,9.0,18.0,27.0,0.0,0.0,2.0,0.0,23.28,22.93,33.75,46.11,67.42,39.76,30.61,19.33,22.47,6.26,9.0,18.0,27.0,0.0,0.0,0.0,0.0,0.0,0.0,0.0,0.0,0.0,0.0,0.0,0.0,0.0,0.0,0.0,0.0,0.0,0.0,0.0,0.0,0.0,0.0,0.0,0.0,0.0,0.0,0.0,0.0,0.0,0.0,0.0,0.0,0.0,0.0,0.0,0.0
26.8,0.0,0.0,0.0,0.0,0.0,0.0,0.0,0.0,0.0,0.0,0.0,0.0,0.0,0.0,0.0,0.0,0.0,0.0,0.0,0.0,0.0,0.0,0.0,0.0,0.0,0.0,0.0,0.0,0.0,0.0,0.0,0.0,0.0,0.0,5.0,27.36,34.83,42.6,82.22,42.71,34.33,21.99,12.91,18.46,0.0,6.16,85.0,35.0,8.0,0.0,112.0,6.0,14.42,31.92,38.67,85.58,44.54,29.79,22.27,16.5,16.68,0.0,3.27,107.0,0.0,0.0,0.0,107.0,1.0,20.2,0.0,28.0,28.2,34.45,59.74,49.33,28.73,29.06,15.63,6.11,12.0,24.0,36.0,0.0,0.0,4.0,24.34,15.8,31.68,48.58,75.54,41.92,23.7,29.39,18.0,0.0,6.33,12.0,24.0,36.0,0.0,0.0,3.0,0.0,16.9,28.3,41.54,75.87,44.46,28.88,27.88,12.41,15.72,5.85,12.0,24.0,36.0,0.0,0.0,2.0,0.0,24.43,27.25,28.65,47.41,63.82,37.94,27.64,18.91,18.42,6.07,12.0,24.0,36.0,0.0,0.0,0.0,0.0,0.0,0.0,0.0,0.0,0.0,0.0,0.0,0.0,0.0,0.0,0.0,0.0,0.0,0.0,0.0,0.0,0.0,0.0,0.0,0.0,0.0,0.0,0.0,0.0,0.0,0.0,0.0,0.0,0.0,0.0,0.0,0.0
26.9,0.0,0.0,0.0,0.0,0.0,0.0,0.0,0.0,0.0,0.0,0.0,0.0,0.0,0.0,0.0,0.0,0.0,0.0,0.0,0.0,0.0,0.0,0.0,0.0,0.0,0.0,0.0,0.0,0.0,0.0,0.0,0.0,0.0,0.0,5.0,28.96,32.99,43.18,82.64,38.93,32.39,22.96,10.79,16.39,0.0,9.58,91.0,31.0,19.0,0.0,103.0,6.0,17.38,32.23,39.18,85.33,45.52,30.77,16.68,15.98,14.32,0.0,3.35,105.0,0.0,0.0,0.0,105.0,1.0,18.66,0.0,23.87,24.97,34.82,58.63,51.41,25.97,30.17,17.38,6.2,9.0,18.0,27.0,0.0,0.0,4.0,23.59,19.23,30.34,48.41,67.14,42.61,26.48,27.99,19.48,0.0,6.12,9.0,18.0,27.0,0.0,0.0,3.0,0.0,17.95,29.72,44.13,76.36,40.41,25.2,28.21,14.27,14.74,6.0,9.0,18.0,27.0,0.0,0.0,2.0,0.0,24.01,26.21,27.21,52.18,66.59,39.4,27.88,20.26,18.04,6.06,9.0,18.0,27.0,0.0,0.0,0.0,0.0,0.0,0.0,0.0,0.0,0.0,0.0,0.0,0.0,0.0,0.0,0.0,0.0,0.0,0.0,0.0,0.0,0.0,0.0,0.0,0.0,0.0,0.0,0.0,0.0,0.0,0.0,0.0,0.0,0.0,0.0,0.0,0.0
27.0,0.0,0.0,0.0,0.0,0.0,0.0,0.0,0.0,0.0,0.0,0.0,0.0,0.0,0.0,0.0,0.0,0.0,0.0,0.0,0.0,0.0,0.0,0.0,0.0,0.0,0.0,0.0,0.0,0.0,0.0,0.0,0.0,0.0,0.0,5.0,29.01,31.95,42.73,86.89,41.66,33.64,23.78,12.92,18.91,0.0,10.01,107.0,37.0,15.0,0.0,129.0,6.0,16.05,26.66,38.49,82.3,45.57,32.09,21.35,16.33,16.04,0.0,3.35,99.0,0.0,0.0,0.0,99.0,1.0,19.64,0.0,19.69,24.76,30.34,60.75,53.73,27.85,26.65,19.41,6.24,12.0,24.0,36.0,0.0,0.0,4.0,22.39,0.0,32.24,50.42,67.22,41.46,27.93,28.56,18.16,13.03,5.98,12.0,24.0,36.0,0.0,0.0,3.0,0.0,20.93,24.88,44.7,78.96,39.24,24.52,29.02,12.81,15.22,6.03,12.0,24.0,36.0,0.0,0.0,2.0,17.54,24.42,22.71,26.81,51.24,66.39,37.77,29.79,19.48,0.0,6.3,12.0,24.0,36.0,0.0,0.0,0.0,0.0,0.0,0.0,0.0,0.0,0.0,0.0,0.0,0.0,0.0,0.0,0.0,0.0,0.0,0.0,0.0,0.0,0.0,0.0,0.0,0.0,0.0,0.0,0.0,0.0,0.0,0.0,0.0,0.0,0.0,0.0,0.0,0.0
27.1,0.0,0.0,0.0,0.0,0.0,0.0,0.0,0.0,0.0,0.0,0.0,0.0,0.0,0.0,0.0,0.0,0.0,0.0,0.0,0.0,0.0,0.0,0.0,0.0,0.0,0.0,0.0,0.0,0.0,0.0,0.0,0.0,0.0,0.0,5.0,29.01,36.02,38.86,91.01,41.89,35.73,25.6,18.91,18.25,0.0,11.88,41.0,18.0,8.0,0.0,51.0,6.0,19.98,23.98,40.93,81.03,45.69,31.26,25.16,18.84,13.83,0.0,3.26,106.0,0.0,0.0,0.0,106.0,1.0,15.89,0.0,22.88,28.56,31.07,62.1,52.84,27.47,27.62,22.33,5.96,9.0,18.0,27.0,0.0,0.0,4.0,18.24,0.0,30.71,51.1,66.64,43.74,28.55,28.31,15.11,17.43,6.03,9.0,18.0,27.0,0.0,0.0,3.0,6.74,24.5,29.93,39.85,81.85,40.0,24.2,24.44,11.98,0.0,6.05,9.0,18.0,27.0,0.0,0.0,2.0,16.17,23.63,24.32,28.4,53.58,65.75,37.94,26.99,24.4,0.0,6.09,9.0,18.0,27.0,0.0,0.0,0.0,0.0,0.0,0.0,0.0,0.0,0.0,0.0,0.0,0.0,0.0,0.0,0.0,0.0,0.0,0.0,0.0,0.0,0.0,0.0,0.0,0.0,0.0,0.0,0.0,0.0,0.0,0.0,0.0,0.0,0.0,0.0,0.0,0.0
27.2,0.0,0.0,0.0,0.0,0.0,0.0,0.0,0.0,0.0,0.0,0.0,0.0,0.0,0.0,0.0,0.0,0.0,0.0,0.0,0.0,0.0,0.0,0.0,0.0,0.0,0.0,0.0,0.0,0.0,0.0,0.0,0.0,0.0,0.0,5.0,32.22,34.56,41.06,94.49,40.0,33.31,25.52,18.99,19.22,0.0,29.69,77.0,28.0,23.0,0.0,82.0,6.0,19.95,24.79,41.72,77.96,45.32,31.18,25.59,17.6,15.18,0.0,3.24,114.0,0.0,0.0,0.0,114.0,1.0,0.0,13.79,25.21,27.09,30.97,55.1,49.38,32.19,31.0,20.71,5.91,12.0,24.0,36.0,0.0,0.0,4.0,19.81,17.33,32.84,49.89,66.1,42.66,27.5,27.45,0.0,16.35,6.09,12.0,24.0,36.0,0.0,0.0,3.0,0.0,23.43,28.31,40.81,89.92,37.49,26.27,27.5,12.5,12.2,6.1,12.0,24.0,36.0,0.0,0.0,2.0,0.0,21.33,20.8,31.68,55.09,62.56,37.81,30.3,27.12,16.43,6.03,12.0,24.0,36.0,0.0,0.0,0.0,0.0,0.0,0.0,0.0,0.0,0.0,0.0,0.0,0.0,0.0,0.0,0.0,0.0,0.0,0.0,0.0,0.0,0.0,0.0,0.0,0.0,0.0,0.0,0.0,0.0,0.0,0.0,0.0,0.0,0.0,0.0,0.0,0.0
27.3,0.0,0.0,0.0,0.0,0.0,0.0,0.0,0.0,0.0,0.0,0.0,0.0,0.0,0.0,0.0,0.0,0.0,0.0,0.0,0.0,0.0,0.0,0.0,0.0,0.0,0.0,0.0,0.0,0.0,0.0,0.0,0.0,0.0,0.0,5.0,32.73,32.19,41.84,94.84,40.17,37.13,25.22,22.16,17.26,0.0,13.5,81.0,33.0,16.0,0.0,98.0,6.0,16.44,28.35,39.5,73.27,47.2,32.9,23.67,18.94,18.22,0.0,3.25,105.0,0.0,0.0,0.0,105.0,1.0,11.56,0.0,26.3,24.96,31.54,59.35,52.53,30.89,30.3,18.2,6.01,9.0,18.0,27.0,0.0,0.0,4.0,17.58,18.74,35.44,52.48,60.28,41.67,26.01,28.1,0.0,18.49,6.04,10.0,17.0,24.0,0.0,3.0,3.0,0.0,27.89,29.98,37.96,91.51,40.21,27.44,27.84,11.32,14.25,5.86,9.0,18.0,27.0,0.0,0.0,2.0,14.94,21.75,21.8,28.04,55.71,65.86,39.44,27.22,25.4,0.0,6.21,9.0,18.0,27.0,0.0,0.0,0.0,0.0,0.0,0.0,0.0,0.0,0.0,0.0,0.0,0.0,0.0,0.0,0.0,0.0,0.0,0.0,0.0,0.0,0.0,0.0,0.0,0.0,0.0,0.0,0.0,0.0,0.0,0.0,0.0,0.0,0.0,0.0,0.0,0.0
27.4,0.0,0.0,0.0,0.0,0.0,0.0,0.0,0.0,0.0,0.0,0.0,0.0,0.0,0.0,0.0,0.0,0.0,0.0,0.0,0.0,0.0,0.0,0.0,0.0,0.0,0.0,0.0,0.0,0.0,0.0,0.0,0.0,0.0,0.0,5.0,29.94,31.98,39.47,90.85,43.98,38.66,22.46,18.67,18.99,0.0,11.26,44.0,18.0,6.0,0.0,56.0,6.0,16.66,28.39,41.44,75.54,49.64,31.17,26.54,16.43,16.78,0.0,3.13,112.0,0.0,0.0,0.0,112.0,1.0,0.0,17.14,26.16,23.2,30.15,57.72,51.45,34.69,27.83,19.9,5.9,12.0,24.0,36.0,0.0,0.0,4.0,17.73,22.18,36.19,53.75,58.61,41.53,23.62,22.85,0.0,20.05,6.12,12.0,23.0,35.0,0.0,0.0,3.0,0.0,27.51,34.04,39.92,89.95,40.72,29.28,25.32,11.49,16.13,6.09,12.0,24.0,36.0,0.0,0.0,2.0,17.88,22.18,16.84,31.62,56.4,59.77,38.47,27.23,25.81,0.0,5.9,12.0,24.0,36.0,0.0,0.0,0.0,0.0,0.0,0.0,0.0,0.0,0.0,0.0,0.0,0.0,0.0,0.0,0.0,0.0,0.0,0.0,0.0,0.0,0.0,0.0,0.0,0.0,0.0,0.0,0.0,0.0,0.0,0.0,0.0,0.0,0.0,0.0,0.0,0.0
27.5,0.0,0.0,0.0,0.0,0.0,0.0,0.0,0.0,0.0,0.0,0.0,0.0,0.0,0.0,0.0,0.0,0.0,0.0,0.0,0.0,0.0,0.0,0.0,0.0,0.0,0.0,0.0,0.0,0.0,0.0,0.0,0.0,0.0,0.0,5.0,28.91,32.51,38.9,87.66,41.24,35.09,25.27,21.09,17.18,0.0,0.0,14.0,12.0,20.0,0.0,6.0,6.0,17.58,29.89,39.47,73.43,49.01,32.34,25.22,16.58,16.39,0.0,3.35,103.0,0.0,0.0,0.0,103.0,1.0,0.0,17.97,28.79,18.58,30.36,57.99,51.32,36.7,24.61,19.34,5.89,12.0,18.0,30.0,0.0,0.0,4.0,17.97,0.0,35.08,53.5,55.95,43.43,22.62,24.29,18.25,19.74,6.26,12.0,18.0,30.0,0.0,0.0,3.0,0.0,31.75,30.59,38.54,90.48,36.53,26.63,21.85,9.88,18.39,5.9,12.0,18.0,30.0,0.0,0.0,2.0,15.89,20.6,18.4,34.96,54.35,62.66,40.09,31.72,21.25,0.0,5.88,12.0,18.0,30.0,0.0,0.0,0.0,0.0,0.0,0.0,0.0,0.0,0.0,0.0,0.0,0.0,0.0,0.0,0.0,0.0,0.0,0.0,0.0,0.0,0.0,0.0,0.0,0.0,0.0,0.0,0.0,0.0,0.0,0.0,0.0,0.0,0.0,0.0,0.0,0.0
27.6,0.0,0.0,0.0,0.0,0.0,0.0,0.0,0.0,0.0,0.0,0.0,0.0,0.0,0.0,0.0,0.0,0.0,3.0,0.0,33.29,33.15,38.08,86.93,37.83,22.9,24.28,9.08,16.28,2040.66,96.0,18.0,21.0,0.0,93.0,5.0,27.18,36.18,40.67,85.9,43.98,34.48,22.85,24.57,16.6,0.0,103.17,87.0,33.0,20.0,1.0,99.0,6.0,18.95,28.64,41.11,71.16,50.01,32.95,27.23,16.21,14.3,0.0,3.43,106.0,10.0,0.0,0.0,116.0,1.0,18.84,19.99,26.78,22.83,30.05,54.45,51.67,38.4,24.27,0.0,6.05,9.0,23.0,32.0,0.0,0.0,4.0,19.14,16.83,39.03,54.86,49.99,43.13,24.26,28.44,17.91,0.0,6.19,10.0,20.0,27.0,0.0,3.0,0.0,0.0,0.0,0.0,0.0,0.0,0.0,0.0,0.0,0.0,0.0,0.0,0.0,0.0,0.0,0.0,0.0,2.0,14.41,16.51,23.67,31.37,59.03,57.89,38.12,32.83,25.18,0.0,1516.18,91.0,40.0,43.0,68.0,20.0,0.0,0.0,0.0,0.0,0.0,0.0,0.0,0.0,0.0,0.0,0.0,0.0,0.0,0.0,0.0,0.0,0.0,0.0,0.0,0.0,0.0,0.0,0.0,0.0,0.0,0.0,0.0,0.0,0.0,0.0,0.0,0.0,0.0,0.0
27.7,0.0,0.0,0.0,0.0,0.0,0.0,0.0,0.0,0.0,0.0,0.0,0.0,0.0,0.0,0.0,0.0,0.0,3.0,0.0,33.34,33.3,36.74,89.03,37.57,23.98,22.76,14.05,13.83,87.17,16.0,18.0,29.0,0.0,5.0,5.0,24.7,36.86,45.26,87.05,43.84,33.82,25.73,23.44,14.61,0.0,25.09,107.0,54.0,18.0,109.0,34.0,6.0,17.65,27.36,40.5,70.63,49.42,33.38,27.61,16.96,16.12,0.0,3.39,106.0,16.0,0.0,0.0,122.0,2.0,15.26,18.43,26.64,34.86,53.19,54.31,38.4,28.62,25.68,0.0,2250.37,136.0,15.0,13.0,0.0,138.0,4.0,18.82,22.54,40.01,50.31,52.07,41.91,27.03,23.69,15.87,0.0,2343.85,189.0,49.0,107.0,2.0,129.0,1.0,20.27,0.0,25.48,23.47,31.81,55.65,52.3,36.09,25.29,20.82,2340.13,134.0,18.0,14.0,0.0,138.0,0.0,0.0,0.0,0.0,0.0,0.0,0.0,0.0,0.0,0.0,0.0,0.0,0.0,0.0,0.0,0.0,0.0,0.0,0.0,0.0,0.0,0.0,0.0,0.0,0.0,0.0,0.0,0.0,0.0,0.0,0.0,0.0,0.0,0.0,0.0,0.0,0.0,0.0,0.0,0.0,0.0,0.0,0.0,0.0,0.0,0.0,0.0,0.0,0.0,0.0,0.0
27.8,0.0,0.0,0.0,0.0,0.0,0.0,0.0,0.0,0.0,0.0,0.0,0.0,0.0,0.0,0.0,0.0,0.0,3.0,0.0,33.95,32.05,40.24,83.66,35.16,22.65,19.42,14.64,14.81,1765.08,70.0,18.0,26.0,0.0,62.0,5.0,24.75,34.33,45.82,82.39,45.44,32.6,21.64,26.27,17.16,0.0,17.27,173.0,79.0,192.0,27.0,33.0,6.0,20.8,26.31,41.13,64.14,40.34,37.14,25.07,18.2,11.21,0.0,3.64,97.0,24.0,0.0,0.0,121.0,2.0,14.69,19.98,27.59,34.87,51.31,53.81,35.69,30.31,23.57,0.0,2035.33,180.0,47.0,6.0,0.0,221.0,4.0,16.18,20.69,39.76,54.23,51.21,40.53,25.75,24.27,13.13,0.0,1983.33,94.0,13.0,15.0,0.0,92.0,1.0,0.0,20.05,25.45,20.8,34.46,52.61,52.96,37.6,25.47,20.88,2089.68,191.0,29.0,3.0,0.0,217.0,0.0,0.0,0.0,0.0,0.0,0.0,0.0,0.0,0.0,0.0,0.0,0.0,0.0,0.0,0.0,0.0,0.0,0.0,0.0,0.0,0.0,0.0,0.0,0.0,0.0,0.0,0.0,0.0,0.0,0.0,0.0,0.0,0.0,0.0,0.0,0.0,0.0,0.0,0.0,0.0,0.0,0.0,0.0,0.0,0.0,0.0,0.0,0.0,0.0,0.0,0.0
27.9,0.0,0.0,0.0,0.0,0.0,0.0,0.0,0.0,0.0,0.0,0.0,0.0,0.0,0.0,0.0,0.0,0.0,3.0,14.85,30.0,35.87,36.67,83.11,33.16,28.17,21.96,14.6,0.0,1164.51,38.0,24.0,27.0,4.0,31.0,5.0,23.75,35.29,43.78,79.96,45.11,32.63,20.22,21.92,17.74,0.0,23.19,37.0,21.0,34.0,12.0,12.0,6.0,17.42,23.87,41.56,64.66,46.22,33.97,25.63,18.05,16.86,0.0,3.66,92.0,16.0,0.0,0.0,108.0,2.0,16.54,23.01,19.36,30.84,56.1,56.54,36.41,23.02,23.64,0.0,1811.34,219.0,44.0,16.0,0.0,247.0,4.0,17.5,22.05,41.68,57.22,50.87,37.5,26.22,21.56,9.89,0.0,1414.3,88.0,39.0,23.0,19.0,85.0,1.0,0.0,21.08,23.25,21.49,32.97,50.73,60.22,36.85,21.87,25.51,1826.64,313.0,64.0,124.0,1.0,252.0,0.0,0.0,0.0,0.0,0.0,0.0,0.0,0.0,0.0,0.0,0.0,0.0,0.0,0.0,0.0,0.0,0.0,0.0,0.0,0.0,0.0,0.0,0.0,0.0,0.0,0.0,0.0,0.0,0.0,0.0,0.0,0.0,0.0,0.0,0.0,0.0,0.0,0.0,0.0,0.0,0.0,0.0,0.0,0.0,0.0,0.0,0.0,0.0,0.0,0.0,0.0
28.0,0.0,0.0,0.0,0.0,0.0,0.0,0.0,0.0,0.0,0.0,0.0,0.0,0.0,0.0,0.0,0.0,0.0,3.0,13.58,31.42,37.42,41.98,79.71,31.91,31.16,22.15,16.02,0.0,5.96,9.0,18.0,27.0,0.0,0.0,5.0,23.49,32.33,47.48,74.3,46.58,33.27,23.66,25.69,14.17,0.0,164.99,65.0,22.0,87.0,0.0,0.0,6.0,16.83,30.0,40.32,63.83,43.89,32.78,25.29,22.31,16.84,0.0,3.2,109.0,12.0,0.0,0.0,121.0,2.0,15.11,24.21,20.64,34.22,54.7,52.5,35.04,30.22,25.51,0.0,1512.54,315.0,84.0,20.0,20.0,359.0,4.0,16.22,26.6,40.46,59.54,49.25,34.12,26.98,22.16,10.61,0.0,6.18,9.0,18.0,27.0,0.0,0.0,1.0,0.0,22.69,24.68,26.77,34.59,48.73,63.52,34.88,26.98,25.23,1169.59,363.0,37.0,0.0,7.0,393.0,0.0,0.0,0.0,0.0,0.0,0.0,0.0,0.0,0.0,0.0,0.0,0.0,0.0,0.0,0.0,0.0,0.0,0.0,0.0,0.0,0.0,0.0,0.0,0.0,0.0,0.0,0.0,0.0,0.0,0.0,0.0,0.0,0.0,0.0,0.0,0.0,0.0,0.0,0.0,0.0,0.0,0.0,0.0,0.0,0.0,0.0,0.0,0.0,0.0,0.0,0.0
28.1,0.0,0.0,0.0,0.0,0.0,0.0,0.0,0.0,0.0,0.0,0.0,0.0,0.0,0.0,0.0,0.0,0.0,3.0,0.0,31.88,36.98,43.08,76.06,32.72,32.85,22.6,14.88,14.65,5.85,12.0,24.0,36.0,0.0,0.0,5.0,23.35,30.5,45.22,71.27,43.2,34.78,25.59,19.56,15.79,0.0,179.68,257.0,103.0,331.0,29.0,0.0,6.0,13.81,32.59,30.79,59.23,47.32,32.45,22.88,26.09,15.07,0.0,3.63,99.0,26.0,0.0,11.0,114.0,2.0,18.85,24.11,21.89,32.56,57.11,52.28,35.5,28.93,24.19,0.0,709.16,352.0,48.0,25.0,14.0,361.0,4.0,17.73,24.03,40.48,59.76,50.54,36.32,21.79,21.01,0.0,11.77,6.11,12.0,22.0,34.0,0.0,0.0,1.0,0.0,21.96,23.0,29.14,32.23,50.91,67.27,32.07,25.3,22.9,262.61,234.0,17.0,0.0,3.0,248.0,0.0,0.0,0.0,0.0,0.0,0.0,0.0,0.0,0.0,0.0,0.0,0.0,0.0,0.0,0.0,0.0,0.0,0.0,0.0,0.0,0.0,0.0,0.0,0.0,0.0,0.0,0.0,0.0,0.0,0.0,0.0,0.0,0.0,0.0,0.0,0.0,0.0,0.0,0.0,0.0,0.0,0.0,0.0,0.0,0.0,0.0,0.0,0.0,0.0,0.0,0.0
28.2,0.0,0.0,0.0,0.0,0.0,0.0,0.0,0.0,0.0,0.0,0.0,0.0,0.0,0.0,0.0,0.0,0.0,3.0,13.74,27.92,36.05,44.38,72.59,33.23,28.77,23.01,16.83,0.0,1583.54,49.0,16.0,18.0,0.0,47.0,5.0,20.08,31.95,40.45,69.15,43.14,37.05,19.81,18.87,19.61,0.0,85.07,156.0,66.0,92.0,26.0,104.0,6.0,16.7,33.84,38.5,59.13,44.23,32.08,21.02,23.93,14.36,0.0,4.04,101.0,60.0,0.0,13.0,148.0,2.0,20.42,18.61,21.53,35.15,58.95,52.07,34.06,30.22,27.09,0.0,69.04,156.0,37.0,6.0,29.0,158.0,4.0,18.25,26.28,40.78,55.97,50.17,33.93,22.29,18.37,0.0,19.08,1874.35,88.0,29.0,22.0,7.0,88.0,1.0,0.0,22.64,20.11,27.83,34.78,51.9,68.53,34.12,24.11,21.38,3.6,104.0,26.0,0.0,0.0,130.0,0.0,0.0,0.0,0.0,0.0,0.0,0.0,0.0,0.0,0.0,0.0,0.0,0.0,0.0,0.0,0.0,0.0,0.0,0.0,0.0,0.0,0.0,0.0,0.0,0.0,0.0,0.0,0.0,0.0,0.0,0.0,0.0,0.0,0.0,0.0,0.0,0.0,0.0,0.0,0.0,0.0,0.0,0.0,0.0,0.0,0.0,0.0,0.0,0.0,0.0,0.0
28.3,0.0,0.0,0.0,0.0,0.0,0.0,0.0,0.0,0.0,0.0,0.0,0.0,0.0,0.0,0.0,0.0,0.0,3.0,14.19,25.16,35.92,45.77,68.91,31.29,30.19,19.89,17.96,0.0,1873.62,83.0,32.0,13.0,0.0,102.0,5.0,15.63,32.5,39.91,67.56,44.57,34.47,23.98,20.83,22.29,0.0,19.73,80.0,60.0,29.0,27.0,84.0,6.0,22.24,33.99,39.77,54.51,52.14,34.5,21.74,23.46,16.76,0.0,5.5,104.0,71.0,15.0,10.0,150.0,2.0,20.15,15.08,27.65,32.34,60.52,51.56,31.57,26.05,27.95,0.0,5.02,116.0,40.0,33.0,21.0,102.0,4.0,18.38,26.99,42.53,56.72,49.12,36.43,20.19,24.48,0.0,17.26,1702.59,102.0,49.0,11.0,15.0,125.0,1.0,0.0,23.33,20.88,28.39,30.36,52.76,67.46,33.92,24.97,16.58,3.55,118.0,42.0,0.0,0.0,160.0,0.0,0.0,0.0,0.0,0.0,0.0,0.0,0.0,0.0,0.0,0.0,0.0,0.0,0.0,0.0,0.0,0.0,0.0,0.0,0.0,0.0,0.0,0.0,0.0,0.0,0.0,0.0,0.0,0.0,0.0,0.0,0.0,0.0,0.0,0.0,0.0,0.0,0.0,0.0,0.0,0.0,0.0,0.0,0.0,0.0,0.0,0.0,0.0,0.0,0.0,0.0
28.4,0.0,0.0,0.0,0.0,0.0,0.0,0.0,0.0,0.0,0.0,0.0,0.0,0.0,0.0,0.0,0.0,0.0,3.0,15.94,23.6,35.58,43.82,68.56,33.98,30.91,21.92,18.48,0.0,1595.41,66.0,27.0,7.0,0.0,86.0,5.0,18.3,28.72,39.31,67.73,47.87,34.23,26.56,20.07,21.95,0.0,20.29,65.0,38.0,29.0,1.0,73.0,6.0,19.94,31.04,37.31,56.38,58.66,32.87,20.31,23.49,15.85,0.0,6.41,119.0,72.0,34.0,1.0,156.0,2.0,18.11,16.45,26.0,32.64,57.68,53.39,31.89,26.17,27.55,0.0,4.92,116.0,18.0,30.0,11.0,93.0,4.0,16.61,27.21,42.28,54.42,47.65,35.51,20.19,23.94,0.0,20.06,1455.97,61.0,28.0,7.0,10.0,72.0,1.0,0.0,25.51,19.21,26.54,27.22,46.42,69.28,36.68,27.07,22.17,3.69,95.0,20.0,0.0,0.0,115.0,0.0,0.0,0.0,0.0,0.0,0.0,0.0,0.0,0.0,0.0,0.0,0.0,0.0,0.0,0.0,0.0,0.0,0.0,0.0,0.0,0.0,0.0,0.0,0.0,0.0,0.0,0.0,0.0,0.0,0.0,0.0,0.0,0.0,0.0,0.0,0.0,0.0,0.0,0.0,0.0,0.0,0.0,0.0,0.0,0.0,0.0,0.0,0.0,0.0,0.0,0.0
28.5,0.0,0.0,0.0,0.0,0.0,0.0,0.0,0.0,0.0,0.0,0.0,0.0,0.0,0.0,0.0,0.0,0.0,3.0,17.81,23.68,36.75,46.77,66.07,30.85,28.89,16.18,20.34,0.0,746.59,34.0,30.0,22.0,0.0,42.0,5.0,20.55,29.03,37.92,67.19,48.27,34.26,25.52,22.0,20.35,0.0,16.13,80.0,49.0,15.0,13.0,101.0,6.0,20.85,30.66,38.41,58.69,58.97,32.16,20.47,22.1,17.61,0.0,9.79,75.0,49.0,12.0,0.0,112.0,2.0,18.21,16.49,28.3,31.95,59.57,51.09,25.7,22.54,25.08,0.0,4.46,105.0,26.0,13.0,16.0,102.0,4.0,17.16,25.76,38.41,61.28,48.44,35.55,22.27,24.82,0.0,17.53,645.85,43.0,22.0,21.0,14.0,30.0,1.0,0.0,25.94,22.13,27.94,28.95,46.25,66.83,37.51,24.46,22.39,4.02,107.0,18.0,0.0,0.0,125.0,0.0,0.0,0.0,0.0,0.0,0.0,0.0,0.0,0.0,0.0,0.0,0.0,0.0,0.0,0.0,0.0,0.0,0.0,0.0,0.0,0.0,0.0,0.0,0.0,0.0,0.0,0.0,0.0,0.0,0.0,0.0,0.0,0.0,0.0,0.0,0.0,0.0,0.0,0.0,0.0,0.0,0.0,0.0,0.0,0.0,0.0,0.0,0.0,0.0,0.0,0.0
28.6,0.0,0.0,0.0,0.0,0.0,0.0,0.0,0.0,0.0,0.0,0.0,0.0,0.0,0.0,0.0,0.0,0.0,3.0,19.03,25.07,38.98,49.1,66.23,33.37,29.58,14.89,17.11,0.0,1569.88,76.0,40.0,6.0,0.0,110.0,5.0,22.1,28.41,39.3,63.78,48.62,34.45,23.45,22.19,0.0,17.15,11.99,83.0,40.0,42.0,30.0,51.0,6.0,21.62,29.35,35.59,58.15,58.89,32.07,22.91,25.08,15.5,0.0,9.12,109.0,68.0,36.0,0.0,141.0,2.0,19.54,17.77,28.87,32.09,58.23,51.67,30.56,24.61,25.04,0.0,5.11,109.0,32.0,0.0,53.0,88.0,4.0,14.0,27.94,42.83,64.03,45.13,35.97,19.9,22.28,0.0,14.53,1408.81,95.0,56.0,15.0,13.0,123.0,1.0,0.0,21.72,19.17,27.59,31.36,48.68,64.07,34.73,24.18,23.69,3.28,115.0,38.0,0.0,0.0,153.0,0.0,0.0,0.0,0.0,0.0,0.0,0.0,0.0,0.0,0.0,0.0,0.0,0.0,0.0,0.0,0.0,0.0,0.0,0.0,0.0,0.0,0.0,0.0,0.0,0.0,0.0,0.0,0.0,0.0,0.0,0.0,0.0,0.0,0.0,0.0,0.0,0.0,0.0,0.0,0.0,0.0,0.0,0.0,0.0,0.0,0.0,0.0,0.0,0.0,0.0,0.0
28.7,0.0,0.0,0.0,0.0,0.0,0.0,0.0,0.0,0.0,0.0,0.0,0.0,0.0,0.0,0.0,0.0,0.0,3.0,16.67,25.19,36.27,50.04,62.05,29.23,31.91,14.54,18.23,0.0,1092.76,74.0,36.0,19.0,0.0,91.0,5.0,20.2,29.47,40.51,61.51,51.36,32.2,24.17,25.72,18.92,0.0,22.35,58.0,23.0,13.0,11.0,57.0,6.0,19.07,30.07,35.29,56.71,60.3,35.37,22.09,23.45,13.9,0.0,10.53,93.0,51.0,29.0,0.0,115.0,2.0,20.82,17.91,29.98,31.71,63.7,49.02,31.03,22.44,20.62,0.0,3.35,108.0,10.0,0.0,20.0,98.0,4.0,16.82,28.97,44.99,67.68,48.63,32.92,20.97,28.11,0.0,9.61,1296.65,87.0,17.0,24.0,6.0,74.0,1.0,0.0,20.58,19.26,28.71,32.35,47.95,64.72,36.7,22.27,24.49,3.62,110.0,14.0,0.0,0.0,124.0,0.0,0.0,0.0,0.0,0.0,0.0,0.0,0.0,0.0,0.0,0.0,0.0,0.0,0.0,0.0,0.0,0.0,0.0,0.0,0.0,0.0,0.0,0.0,0.0,0.0,0.0,0.0,0.0,0.0,0.0,0.0,0.0,0.0,0.0,0.0,0.0,0.0,0.0,0.0,0.0,0.0,0.0,0.0,0.0,0.0,0.0,0.0,0.0,0.0,0.0,0.0
28.8,0.0,0.0,0.0,0.0,0.0,0.0,0.0,0.0,0.0,0.0,0.0,0.0,0.0,0.0,0.0,0.0,0.0,3.0,12.34,29.65,38.89,43.57,58.93,29.46,26.5,13.87,20.74,0.0,1600.32,76.0,29.0,11.0,0.0,94.0,5.0,19.8,30.96,36.66,62.3,50.89,35.89,25.15,25.96,20.21,0.0,15.53,121.0,59.0,78.0,22.0,80.0,6.0,19.88,29.68,34.44,57.38,61.94,33.62,24.96,22.74,13.85,0.0,10.06,57.0,29.0,9.0,0.0,77.0,2.0,21.02,15.66,28.69,35.45,68.28,45.51,31.26,21.0,16.15,0.0,4.46,97.0,26.0,0.0,6.0,117.0,4.0,17.66,27.55,41.74,65.15,52.81,33.86,22.36,27.1,8.93,0.0,1442.03,117.0,48.0,18.0,4.0,143.0,1.0,0.0,19.48,18.76,28.15,31.2,47.75,67.99,37.07,25.86,22.55,3.36,107.0,22.0,0.0,0.0,129.0,0.0,0.0,0.0,0.0,0.0,0.0,0.0,0.0,0.0,0.0,0.0,0.0,0.0,0.0,0.0,0.0,0.0,0.0,0.0,0.0,0.0,0.0,0.0,0.0,0.0,0.0,0.0,0.0,0.0,0.0,0.0,0.0,0.0,0.0,0.0,0.0,0.0,0.0,0.0,0.0,0.0,0.0,0.0,0.0,0.0,0.0,0.0,0.0,0.0,0.0,0.0
28.9,0.0,0.0,0.0,0.0,0.0,0.0,0.0,0.0,0.0,0.0,0.0,0.0,0.0,0.0,0.0,0.0,0.0,3.0,13.73,28.52,33.4,44.13,61.02,29.57,26.21,14.22,21.07,0.0,5.8,16.0,15.0,16.0,0.0,15.0,5.0,24.47,31.63,35.11,61.39,55.01,35.89,22.79,20.53,23.33,0.0,23.54,60.0,23.0,27.0,1.0,55.0,6.0,17.37,28.06,34.89,56.77,63.52,30.38,22.01,24.37,16.61,0.0,11.59,61.0,28.0,6.0,0.0,83.0,2.0,18.59,16.17,27.86,36.71,65.88,44.88,31.34,30.54,16.69,0.0,4.27,101.0,16.0,0.0,0.0,117.0,4.0,18.36,30.02,43.63,69.86,51.45,33.88,20.29,26.84,0.0,8.38,1224.8,170.0,28.0,12.0,0.0,186.0,1.0,0.0,16.64,18.23,28.71,31.7,47.05,68.63,37.98,24.7,21.11,3.62,97.0,14.0,0.0,0.0,111.0,0.0,0.0,0.0,0.0,0.0,0.0,0.0,0.0,0.0,0.0,0.0,0.0,0.0,0.0,0.0,0.0,0.0,0.0,0.0,0.0,0.0,0.0,0.0,0.0,0.0,0.0,0.0,0.0,0.0,0.0,0.0,0.0,0.0,0.0,0.0,0.0,0.0,0.0,0.0,0.0,0.0,0.0,0.0,0.0,0.0,0.0,0.0,0.0,0.0,0.0,0.0
29.0,0.0,0.0,0.0,0.0,0.0,0.0,0.0,0.0,0.0,0.0,0.0,0.0,0.0,0.0,0.0,0.0,0.0,3.0,14.08,26.78,34.87,45.45,57.11,28.5,23.95,13.77,19.17,0.0,1258.99,77.0,23.0,41.0,0.0,59.0,5.0,22.12,29.52,37.25,59.62,58.45,38.25,21.21,22.83,23.4,0.0,22.79,50.0,25.0,15.0,7.0,53.0,6.0,21.4,29.01,33.78,51.77,62.42,33.07,26.07,25.25,19.78,0.0,10.11,49.0,18.0,6.0,2.0,59.0,2.0,17.78,16.64,27.72,36.99,64.44,48.47,32.03,29.61,16.03,0.0,4.33,96.0,30.0,0.0,0.0,126.0,4.0,17.48,30.52,41.49,71.6,46.28,32.96,22.38,26.42,11.71,0.0,693.27,233.0,35.0,41.0,1.0,226.0,1.0,0.0,16.11,19.52,27.15,32.78,48.07,71.43,42.14,26.07,22.16,3.52,101.0,6.0,0.0,0.0,107.0,0.0,0.0,0.0,0.0,0.0,0.0,0.0,0.0,0.0,0.0,0.0,0.0,0.0,0.0,0.0,0.0,0.0,0.0,0.0,0.0,0.0,0.0,0.0,0.0,0.0,0.0,0.0,0.0,0.0,0.0,0.0,0.0,0.0,0.0,0.0,0.0,0.0,0.0,0.0,0.0,0.0,0.0,0.0,0.0,0.0,0.0,0.0,0.0,0.0,0.0,0.0
29.1,0.0,0.0,0.0,0.0,0.0,0.0,0.0,0.0,0.0,0.0,0.0,0.0,0.0,0.0,0.0,0.0,0.0,3.0,12.29,28.89,36.2,48.71,57.71,36.35,24.26,11.42,20.98,0.0,1212.18,56.0,13.0,17.0,0.0,52.0,5.0,22.24,28.08,38.21,57.33,55.74,37.75,26.19,22.86,26.71,0.0,44.62,54.0,13.0,21.0,7.0,39.0,6.0,20.14,31.99,33.79,49.05,62.13,30.05,25.98,21.89,17.58,0.0,10.63,62.0,38.0,6.0,0.0,94.0,2.0,15.11,16.25,26.96,33.95,65.66,46.85,25.56,27.63,21.2,0.0,3.43,109.0,10.0,0.0,0.0,119.0,4.0,20.14,29.04,37.28,70.14,46.38,30.97,22.44,24.23,12.63,0.0,261.27,160.0,26.0,16.0,0.0,170.0,1.0,16.92,0.0,17.89,24.95,33.32,47.27,74.33,42.23,30.65,24.61,3.35,103.0,2.0,0.0,0.0,105.0,0.0,0.0,0.0,0.0,0.0,0.0,0.0,0.0,0.0,0.0,0.0,0.0,0.0,0.0,0.0,0.0,0.0,0.0,0.0,0.0,0.0,0.0,0.0,0.0,0.0,0.0,0.0,0.0,0.0,0.0,0.0,0.0,0.0,0.0,0.0,0.0,0.0,0.0,0.0,0.0,0.0,0.0,0.0,0.0,0.0,0.0,0.0,0.0,0.0,0.0,0.0
29.2,0.0,0.0,0.0,0.0,0.0,0.0,0.0,0.0,0.0,0.0,0.0,0.0,0.0,0.0,0.0,0.0,0.0,3.0,13.04,25.8,36.74,47.93,58.77,35.64,19.62,9.63,19.89,0.0,1099.68,46.0,26.0,17.0,0.0,55.0,5.0,20.85,29.84,36.46,55.08,54.58,36.32,24.68,0.0,26.87,21.5,24.62,49.0,26.0,19.0,0.0,56.0,6.0,20.02,31.53,32.71,49.6,64.05,31.02,22.06,23.48,22.09,0.0,11.01,71.0,31.0,9.0,1.0,92.0,2.0,16.78,19.91,24.51,38.81,67.14,47.62,31.09,25.2,14.68,0.0,5.19,106.0,24.0,0.0,0.0,130.0,4.0,20.02,26.41,41.6,72.84,46.5,30.79,21.13,20.94,12.08,0.0,21.12,49.0,14.0,22.0,0.0,41.0,1.0,19.16,0.0,16.24,24.03,32.85,42.98,72.58,44.73,26.57,23.19,3.22,113.0,0.0,0.0,0.0,113.0,0.0,0.0,0.0,0.0,0.0,0.0,0.0,0.0,0.0,0.0,0.0,0.0,0.0,0.0,0.0,0.0,0.0,0.0,0.0,0.0,0.0,0.0,0.0,0.0,0.0,0.0,0.0,0.0,0.0,0.0,0.0,0.0,0.0,0.0,0.0,0.0,0.0,0.0,0.0,0.0,0.0,0.0,0.0,0.0,0.0,0.0,0.0,0.0,0.0,0.0,0.0
29.3,0.0,0.0,0.0,0.0,0.0,0.0,0.0,0.0,0.0,0.0,0.0,0.0,0.0,0.0,0.0,0.0,0.0,3.0,15.49,21.85,38.69,51.09,59.04,35.29,21.46,9.99,17.96,0.0,1187.36,78.0,29.0,11.0,1.0,95.0,5.0,19.27,29.07,32.64,56.82,53.02,39.24,26.93,0.0,26.49,17.73,18.24,84.0,46.0,37.0,11.0,82.0,6.0,17.04,32.09,34.22,49.34,70.05,29.13,24.17,20.4,22.56,0.0,12.95,47.0,22.0,6.0,0.0,63.0,2.0,14.59,20.19,23.35,40.22,70.35,47.45,32.17,18.79,10.93,0.0,3.66,115.0,10.0,0.0,0.0,125.0,4.0,22.83,27.37,43.91,74.63,45.59,31.21,23.16,22.02,16.73,0.0,13.94,42.0,19.0,10.0,9.0,42.0,1.0,15.66,0.0,15.69,23.57,32.49,44.67,75.76,45.47,31.92,24.58,3.49,102.0,0.0,0.0,0.0,102.0,0.0,0.0,0.0,0.0,0.0,0.0,0.0,0.0,0.0,0.0,0.0,0.0,0.0,0.0,0.0,0.0,0.0,0.0,0.0,0.0,0.0,0.0,0.0,0.0,0.0,0.0,0.0,0.0,0.0,0.0,0.0,0.0,0.0,0.0,0.0,0.0,0.0,0.0,0.0,0.0,0.0,0.0,0.0,0.0,0.0,0.0,0.0,0.0,0.0,0.0,0.0
29.4,0.0,0.0,0.0,0.0,0.0,0.0,0.0,0.0,0.0,0.0,0.0,0.0,0.0,0.0,0.0,0.0,0.0,3.0,19.65,27.06,39.34,49.4,54.27,38.19,20.17,13.72,18.73,0.0,847.7,81.0,19.0,11.0,0.0,89.0,5.0,21.81,34.85,31.59,53.49,52.04,36.59,25.04,21.65,23.26,0.0,26.85,23.0,11.0,16.0,0.0,18.0,6.0,18.13,30.49,31.84,50.11,65.52,31.74,21.36,17.43,23.29,0.0,9.64,81.0,36.0,10.0,3.0,104.0,2.0,12.92,21.8,23.66,43.12,70.75,47.31,34.98,25.28,14.82,0.0,3.54,102.0,4.0,0.0,0.0,106.0,4.0,20.77,29.93,44.5,75.88,42.43,28.84,25.8,22.07,17.36,0.0,15.44,39.0,14.0,17.0,7.0,29.0,1.0,16.06,0.0,14.99,24.06,29.08,40.33,82.15,43.97,31.4,25.17,3.35,105.0,0.0,0.0,0.0,105.0,0.0,0.0,0.0,0.0,0.0,0.0,0.0,0.0,0.0,0.0,0.0,0.0,0.0,0.0,0.0,0.0,0.0,0.0,0.0,0.0,0.0,0.0,0.0,0.0,0.0,0.0,0.0,0.0,0.0,0.0,0.0,0.0,0.0,0.0,0.0,0.0,0.0,0.0,0.0,0.0,0.0,0.0,0.0,0.0,0.0,0.0,0.0,0.0,0.0,0.0,0.0
29.5,0.0,0.0,0.0,0.0,0.0,0.0,0.0,0.0,0.0,0.0,0.0,0.0,0.0,0.0,0.0,0.0,0.0,3.0,19.55,27.17,37.69,45.41,51.67,36.56,22.13,13.87,13.76,0.0,1359.74,95.0,19.0,6.0,0.0,108.0,5.0,21.26,35.63,30.95,52.87,49.05,39.12,27.19,0.0,22.62,21.67,38.09,66.0,26.0,13.0,4.0,75.0,6.0,17.41,27.76,33.69,51.22,61.54,35.58,24.7,21.96,22.24,0.0,7.94,81.0,58.0,18.0,8.0,113.0,2.0,15.12,23.49,22.82,43.46,73.43,46.21,33.65,22.25,17.44,0.0,3.33,111.0,0.0,0.0,0.0,111.0,4.0,20.82,30.6,47.1,76.58,39.06,30.17,25.91,18.97,14.26,0.0,28.22,71.0,23.0,30.0,0.0,64.0,1.0,16.27,0.0,17.38,23.62,32.53,43.67,80.15,42.94,33.16,19.79,3.73,92.0,0.0,0.0,0.0,92.0,0.0,0.0,0.0,0.0,0.0,0.0,0.0,0.0,0.0,0.0,0.0,0.0,0.0,0.0,0.0,0.0,0.0,0.0,0.0,0.0,0.0,0.0,0.0,0.0,0.0,0.0,0.0,0.0,0.0,0.0,0.0,0.0,0.0,0.0,0.0,0.0,0.0,0.0,0.0,0.0,0.0,0.0,0.0,0.0,0.0,0.0,0.0,0.0,0.0,0.0,0.0
29.6,0.0,0.0,0.0,0.0,0.0,0.0,0.0,0.0,0.0,0.0,0.0,0.0,0.0,0.0,0.0,0.0,0.0,3.0,17.62,32.05,40.64,45.09,49.67,32.66,21.73,14.6,18.58,0.0,1072.3,143.0,19.0,6.0,0.0,156.0,5.0,18.14,36.43,24.55,49.7,54.09,37.62,27.07,0.0,22.94,20.01,26.16,39.0,31.0,15.0,0.0,55.0,6.0,19.58,27.41,28.22,49.28,63.94,37.87,23.93,20.34,20.58,0.0,11.7,63.0,25.0,6.0,1.0,81.0,2.0,13.2,21.44,17.56,42.43,79.89,49.71,28.84,23.25,18.91,0.0,3.56,101.0,0.0,0.0,0.0,101.0,4.0,20.48,32.41,45.18,75.27,43.72,25.4,24.5,18.61,12.26,0.0,20.01,45.0,19.0,23.0,0.0,41.0,1.0,0.0,18.54,18.84,28.34,32.84,43.77,81.86,44.6,30.68,20.71,3.47,107.0,0.0,0.0,0.0,107.0,0.0,0.0,0.0,0.0,0.0,0.0,0.0,0.0,0.0,0.0,0.0,0.0,0.0,0.0,0.0,0.0,0.0,0.0,0.0,0.0,0.0,0.0,0.0,0.0,0.0,0.0,0.0,0.0,0.0,0.0,0.0,0.0,0.0,0.0,0.0,0.0,0.0,0.0,0.0,0.0,0.0,0.0,0.0,0.0,0.0,0.0,0.0,0.0,0.0,0.0,0.0
29.7,0.0,0.0,0.0,0.0,0.0,0.0,0.0,0.0,0.0,0.0,0.0,0.0,0.0,0.0,0.0,0.0,0.0,3.0,17.46,31.51,47.05,46.67,52.29,33.94,18.52,14.71,21.5,0.0,692.7,94.0,19.0,18.0,0.0,95.0,5.0,0.0,36.29,31.45,52.39,56.47,36.66,25.96,22.34,23.05,19.0,0.0,12.0,19.0,31.0,0.0,0.0,6.0,21.3,30.6,30.81,44.83,64.48,37.77,21.89,21.88,24.44,0.0,11.54,77.0,43.0,21.0,5.0,94.0,2.0,0.0,20.9,21.73,39.89,82.56,45.42,30.86,23.28,18.41,13.3,3.7,97.0,0.0,0.0,0.0,97.0,4.0,22.47,28.64,44.23,80.69,43.86,25.7,22.14,16.99,14.13,0.0,12.26,48.0,26.0,9.0,0.0,65.0,1.0,15.19,0.0,15.5,29.64,33.37,39.82,80.3,38.85,34.51,21.5,3.42,101.0,0.0,0.0,0.0,101.0,0.0,0.0,0.0,0.0,0.0,0.0,0.0,0.0,0.0,0.0,0.0,0.0,0.0,0.0,0.0,0.0,0.0,0.0,0.0,0.0,0.0,0.0,0.0,0.0,0.0,0.0,0.0,0.0,0.0,0.0,0.0,0.0,0.0,0.0,0.0,0.0,0.0,0.0,0.0,0.0,0.0,0.0,0.0,0.0,0.0,0.0,0.0,0.0,0.0,0.0,0.0
29.8,0.0,0.0,0.0,0.0,0.0,0.0,0.0,0.0,0.0,0.0,0.0,0.0,0.0,0.0,0.0,0.0,0.0,3.0,18.27,30.52,43.72,48.34,49.47,31.12,20.9,15.22,23.33,0.0,544.55,113.0,31.0,15.0,0.0,129.0,5.0,0.0,35.07,32.8,53.17,56.7,39.39,25.67,22.92,23.18,21.32,109.78,83.0,13.0,17.0,0.0,79.0,6.0,21.39,28.26,31.32,44.11,62.61,38.32,24.41,20.21,22.14,0.0,8.49,96.0,69.0,26.0,10.0,129.0,2.0,15.17,20.02,19.24,38.84,84.67,48.05,27.67,22.84,18.54,0.0,3.38,104.0,0.0,0.0,0.0,104.0,4.0,25.01,30.6,41.38,81.87,40.38,23.73,22.54,17.74,8.56,0.0,16.05,44.0,36.0,21.0,0.0,59.0,1.0,17.18,0.0,17.65,26.34,32.99,37.7,79.48,39.22,34.66,20.57,3.68,93.0,0.0,0.0,0.0,93.0,0.0,0.0,0.0,0.0,0.0,0.0,0.0,0.0,0.0,0.0,0.0,0.0,0.0,0.0,0.0,0.0,0.0,0.0,0.0,0.0,0.0,0.0,0.0,0.0,0.0,0.0,0.0,0.0,0.0,0.0,0.0,0.0,0.0,0.0,0.0,0.0,0.0,0.0,0.0,0.0,0.0,0.0,0.0,0.0,0.0,0.0,0.0,0.0,0.0,0.0,0.0
29.9,0.0,0.0,0.0,0.0,0.0,0.0,0.0,0.0,0.0,0.0,0.0,0.0,0.0,0.0,0.0,0.0,0.0,3.0,16.69,31.82,42.78,51.27,48.03,30.74,21.66,16.51,24.26,0.0,315.21,127.0,41.0,33.0,0.0,135.0,5.0,20.4,33.12,29.29,49.75,59.59,40.47,27.17,20.63,27.17,0.0,26.23,43.0,15.0,12.0,2.0,44.0,6.0,20.17,26.72,32.03,45.91,61.44,38.06,27.26,21.67,22.25,0.0,8.9,99.0,61.0,27.0,7.0,126.0,2.0,0.0,24.36,19.24,44.23,91.03,46.14,28.58,23.68,22.94,15.09,3.37,107.0,0.0,0.0,0.0,107.0,4.0,27.01,31.37,40.26,82.24,40.77,24.2,18.05,19.27,10.99,0.0,15.25,17.0,29.0,23.0,0.0,23.0,1.0,15.04,0.0,16.89,23.86,29.94,36.28,78.02,43.95,37.44,22.05,3.32,111.0,0.0,0.0,0.0,111.0,0.0,0.0,0.0,0.0,0.0,0.0,0.0,0.0,0.0,0.0,0.0,0.0,0.0,0.0,0.0,0.0,0.0,0.0,0.0,0.0,0.0,0.0,0.0,0.0,0.0,0.0,0.0,0.0,0.0,0.0,0.0,0.0,0.0,0.0,0.0,0.0,0.0,0.0,0.0,0.0,0.0,0.0,0.0,0.0,0.0,0.0,0.0,0.0,0.0,0.0,0.0
30.0,4.0,28.6,33.22,40.5,79.26,40.84,23.7,21.25,21.16,0.0,11.76,48.54,86.0,29.0,42.0,0.0,73.0,3.0,21.27,31.21,39.6,53.71,51.34,28.82,21.96,12.77,21.34,0.0,171.94,81.0,34.0,46.0,6.0,63.0,0.0,0.0,0.0,0.0,0.0,0.0,0.0,0.0,0.0,0.0,0.0,0.0,0.0,0.0,0.0,0.0,0.0,6.0,21.2,22.11,31.46,44.38,53.8,37.95,29.0,24.51,21.73,0.0,9.77,71.0,35.0,22.0,11.0,73.0,2.0,14.93,27.26,20.98,41.02,91.92,46.54,24.3,23.81,22.85,0.0,3.26,110.0,0.0,0.0,0.0,110.0,5.0,20.94,32.37,32.4,48.99,60.42,39.29,24.91,18.47,23.66,0.0,23.78,81.0,34.0,37.0,35.0,43.0,1.0,12.65,0.0,24.07,27.35,30.36,35.34,75.91,41.15,35.03,23.94,3.25,109.0,0.0,0.0,0.0,109.0,0.0,0.0,0.0,0.0,0.0,0.0,0.0,0.0,0.0,0.0,0.0,0.0,0.0,0.0,0.0,0.0,0.0,0.0,0.0,0.0,0.0,0.0,0.0,0.0,0.0,0.0,0.0,0.0,0.0,0.0,0.0,0.0,0.0,0.0,0.0,0.0,0.0,0.0,0.0,0.0,0.0,0.0,0.0,0.0,0.0,0.0,0.0,0.0,0.0,0.0,0.0
30.1,0.0,0.0,0.0,0.0,0.0,0.0,0.0,0.0,0.0,0.0,0.0,0.0,0.0,0.0,0.0,0.0,0.0,4.0,27.32,31.72,39.91,78.71,40.72,23.45,21.63,16.33,0.0,11.95,13.99,58.0,29.0,14.0,0.0,73.0,3.0,20.06,29.79,38.66,55.67,50.26,28.33,21.18,18.46,20.49,0.0,84.65,121.0,39.0,59.0,59.0,42.0,6.0,18.32,24.7,30.82,41.28,59.34,36.81,26.21,21.52,17.88,0.0,11.42,55.0,18.0,33.0,0.0,40.0,2.0,18.2,25.03,23.8,39.24,85.97,46.6,22.99,22.26,20.31,0.0,3.42,101.0,0.0,0.0,0.0,101.0,5.0,20.89,32.04,35.34,51.62,61.25,41.03,26.18,16.53,24.97,0.0,31.22,83.0,34.0,32.0,85.0,0.0,1.0,0.0,13.79,23.21,27.13,27.85,37.79,75.26,37.29,35.93,21.03,3.43,103.0,0.0,0.0,0.0,103.0,0.0,0.0,0.0,0.0,0.0,0.0,0.0,0.0,0.0,0.0,0.0,0.0,0.0,0.0,0.0,0.0,0.0,0.0,0.0,0.0,0.0,0.0,0.0,0.0,0.0,0.0,0.0,0.0,0.0,0.0,0.0,0.0,0.0,0.0,0.0,0.0,0.0,0.0,0.0,0.0,0.0,0.0,0.0,0.0,0.0,0.0,0.0,0.0,0.0,0.0,0.0
30.2,0.0,0.0,0.0,0.0,0.0,0.0,0.0,0.0,0.0,0.0,0.0,0.0,0.0,0.0,0.0,0.0,0.0,4.0,25.55,30.12,41.53,79.49,36.14,22.31,21.65,20.74,11.14,0.0,12.36,39.0,28.0,23.0,6.0,38.0,3.0,19.57,29.29,37.17,54.87,50.14,30.67,22.75,17.47,18.55,0.0,46.56,108.0,57.0,108.0,12.0,45.0,6.0,15.18,24.88,32.58,44.31,58.18,37.55,26.18,22.06,16.18,0.0,11.17,121.0,60.0,71.0,20.0,90.0,2.0,22.0,26.86,22.61,40.47,84.77,47.75,25.11,21.3,18.78,0.0,3.49,100.0,0.0,0.0,0.0,100.0,5.0,19.76,30.85,36.49,51.47,60.65,43.37,25.45,22.84,22.37,0.0,73.94,87.0,53.0,77.0,46.0,17.0,1.0,0.0,16.95,21.76,27.76,28.19,36.02,73.0,39.55,34.65,22.87,3.66,94.0,0.0,0.0,0.0,94.0,0.0,0.0,0.0,0.0,0.0,0.0,0.0,0.0,0.0,0.0,0.0,0.0,0.0,0.0,0.0,0.0,0.0,0.0,0.0,0.0,0.0,0.0,0.0,0.0,0.0,0.0,0.0,0.0,0.0,0.0,0.0,0.0,0.0,0.0,0.0,0.0,0.0,0.0,0.0,0.0,0.0,0.0,0.0,0.0,0.0,0.0,0.0,0.0,0.0,0.0,0.0
30.3,0.0,0.0,0.0,0.0,0.0,0.0,0.0,0.0,0.0,0.0,0.0,0.0,0.0,0.0,0.0,0.0,0.0,4.0,25.17,30.08,42.27,76.09,38.11,21.43,23.06,20.76,11.98,0.0,25.03,79.0,29.0,25.0,31.0,52.0,3.0,18.81,29.83,36.92,55.71,50.98,30.12,23.17,13.78,16.49,0.0,39.04,63.0,22.0,37.0,34.0,14.0,6.0,17.68,22.81,31.04,42.11,59.05,34.89,27.67,23.95,17.36,0.0,11.62,74.0,41.0,24.0,9.0,82.0,2.0,21.37,24.79,20.27,42.3,83.73,43.49,20.67,24.15,22.01,0.0,3.46,107.0,0.0,0.0,0.0,107.0,5.0,0.0,26.82,38.87,48.06,62.72,42.83,26.78,20.29,23.37,15.66,53.39,85.0,28.0,67.0,44.0,2.0,1.0,0.0,18.67,19.6,25.1,28.79,32.85,68.22,43.87,33.52,25.79,3.22,111.0,0.0,0.0,0.0,111.0,0.0,0.0,0.0,0.0,0.0,0.0,0.0,0.0,0.0,0.0,0.0,0.0,0.0,0.0,0.0,0.0,0.0,0.0,0.0,0.0,0.0,0.0,0.0,0.0,0.0,0.0,0.0,0.0,0.0,0.0,0.0,0.0,0.0,0.0,0.0,0.0,0.0,0.0,0.0,0.0,0.0,0.0,0.0,0.0,0.0,0.0,0.0,0.0,0.0,0.0,0.0
30.4,0.0,0.0,0.0,0.0,0.0,0.0,0.0,0.0,0.0,0.0,0.0,0.0,0.0,0.0,0.0,0.0,0.0,4.0,23.41,28.34,40.57,76.67,36.3,23.68,24.19,21.65,12.34,0.0,12.14,44.0,19.0,6.0,9.0,48.0,3.0,18.56,31.62,36.49,56.53,51.63,31.06,20.41,13.84,17.65,0.0,17.78,97.0,48.0,27.0,40.0,78.0,6.0,15.46,21.12,33.11,46.45,59.88,35.36,26.38,21.33,17.34,0.0,10.4,79.0,51.0,14.0,6.0,110.0,2.0,20.05,24.12,20.61,45.84,76.79,42.28,21.42,25.83,22.0,0.0,3.28,104.0,0.0,0.0,0.0,104.0,5.0,17.03,24.84,38.41,47.24,61.8,47.29,25.05,23.1,23.92,0.0,41.07,104.0,40.0,35.0,44.0,65.0,1.0,0.0,18.25,16.93,24.96,26.93,36.15,67.11,43.57,32.62,23.77,3.42,102.0,0.0,0.0,0.0,102.0,0.0,0.0,0.0,0.0,0.0,0.0,0.0,0.0,0.0,0.0,0.0,0.0,0.0,0.0,0.0,0.0,0.0,0.0,0.0,0.0,0.0,0.0,0.0,0.0,0.0,0.0,0.0,0.0,0.0,0.0,0.0,0.0,0.0,0.0,0.0,0.0,0.0,0.0,0.0,0.0,0.0,0.0,0.0,0.0,0.0,0.0,0.0,0.0,0.0,0.0,0.0
30.5,0.0,0.0,0.0,0.0,0.0,0.0,0.0,0.0,0.0,0.0,0.0,0.0,0.0,0.0,0.0,0.0,0.0,4.0,21.55,29.47,39.48,75.15,38.45,19.99,25.33,22.17,11.42,0.0,19.07,33.0,29.0,24.0,0.0,38.0,3.0,20.77,32.82,35.04,60.05,53.99,28.5,19.72,13.33,21.45,0.0,15.03,121.0,72.0,80.0,14.0,99.0,6.0,0.0,23.93,30.25,43.45,59.61,34.75,24.69,21.53,18.83,16.62,7.72,83.0,55.0,6.0,26.0,106.0,2.0,18.17,25.27,21.63,46.4,76.31,40.86,23.17,29.15,19.35,0.0,3.41,108.0,0.0,0.0,0.0,108.0,5.0,16.6,25.9,37.99,47.5,62.87,46.44,24.46,25.07,23.93,0.0,15.98,105.0,80.0,38.0,37.0,110.0,1.0,0.0,21.23,16.48,23.21,26.34,37.3,64.87,44.63,34.58,21.32,3.45,109.0,0.0,0.0,0.0,109.0,0.0,0.0,0.0,0.0,0.0,0.0,0.0,0.0,0.0,0.0,0.0,0.0,0.0,0.0,0.0,0.0,0.0,0.0,0.0,0.0,0.0,0.0,0.0,0.0,0.0,0.0,0.0,0.0,0.0,0.0,0.0,0.0,0.0,0.0,0.0,0.0,0.0,0.0,0.0,0.0,0.0,0.0,0.0,0.0,0.0,0.0,0.0,0.0,0.0,0.0,0.0
30.6,0.0,0.0,0.0,0.0,0.0,0.0,0.0,0.0,0.0,0.0,0.0,0.0,0.0,0.0,0.0,0.0,0.0,4.0,16.71,28.8,42.12,70.89,31.5,21.07,25.78,18.94,12.02,0.0,19.4,68.0,38.0,22.0,22.0,62.0,3.0,21.75,32.21,34.98,60.45,51.4,28.07,18.1,15.46,17.77,0.0,13.1,52.0,26.0,30.0,0.0,48.0,6.0,0.0,21.05,26.56,43.94,61.21,32.75,23.76,26.86,16.23,15.01,11.04,88.0,75.0,5.0,15.0,143.0,2.0,20.66,24.33,23.38,48.12,71.86,39.41,18.6,24.92,19.85,0.0,3.78,92.0,0.0,0.0,0.0,92.0,5.0,16.57,26.62,36.94,48.33,64.35,45.4,28.79,25.74,21.45,0.0,21.07,66.0,41.0,18.0,10.0,79.0,1.0,0.0,15.69,16.89,25.33,27.38,40.68,67.54,45.86,34.68,22.13,3.42,103.0,0.0,0.0,0.0,103.0,0.0,0.0,0.0,0.0,0.0,0.0,0.0,0.0,0.0,0.0,0.0,0.0,0.0,0.0,0.0,0.0,0.0,0.0,0.0,0.0,0.0,0.0,0.0,0.0,0.0,0.0,0.0,0.0,0.0,0.0,0.0,0.0,0.0,0.0,0.0,0.0,0.0,0.0,0.0,0.0,0.0,0.0,0.0,0.0,0.0,0.0,0.0,0.0,0.0,0.0,0.0
30.7,0.0,0.0,0.0,0.0,0.0,0.0,0.0,0.0,0.0,0.0,0.0,0.0,0.0,0.0,0.0,0.0,0.0,4.0,16.45,26.81,45.52,68.45,36.5,21.71,26.58,16.8,12.82,0.0,16.53,41.0,23.0,20.0,4.0,40.0,3.0,17.19,33.94,37.94,62.7,50.19,28.14,19.83,13.04,15.89,0.0,12.22,90.0,60.0,33.0,27.0,90.0,6.0,15.22,20.92,28.68,45.07,62.87,35.37,24.02,26.79,18.96,0.0,10.86,53.0,25.0,6.0,1.0,71.0,2.0,19.44,26.11,20.74,48.09,70.72,39.17,22.23,29.78,20.95,0.0,3.16,114.0,8.0,0.0,0.0,122.0,5.0,0.0,21.22,33.03,46.87,63.68,44.64,26.35,25.92,26.81,15.07,14.93,75.0,39.0,6.0,41.0,67.0,1.0,0.0,15.38,15.4,24.7,25.6,40.71,67.69,45.02,33.29,18.82,3.25,110.0,8.0,0.0,0.0,118.0,0.0,0.0,0.0,0.0,0.0,0.0,0.0,0.0,0.0,0.0,0.0,0.0,0.0,0.0,0.0,0.0,0.0,0.0,0.0,0.0,0.0,0.0,0.0,0.0,0.0,0.0,0.0,0.0,0.0,0.0,0.0,0.0,0.0,0.0,0.0,0.0,0.0,0.0,0.0,0.0,0.0,0.0,0.0,0.0,0.0,0.0,0.0,0.0,0.0,0.0,0.0
30.8,0.0,0.0,0.0,0.0,0.0,0.0,0.0,0.0,0.0,0.0,0.0,0.0,0.0,0.0,0.0,0.0,0.0,4.0,17.57,25.02,47.84,67.71,40.35,17.92,23.67,21.48,12.59,0.0,17.13,47.0,16.0,13.0,0.0,50.0,3.0,20.91,30.65,36.35,65.66,48.14,28.38,22.17,13.93,9.04,0.0,12.99,58.0,27.0,25.0,32.0,28.0,6.0,0.0,20.35,25.65,43.89,68.26,32.64,22.16,25.29,17.14,14.65,15.67,60.0,18.0,10.0,9.0,59.0,2.0,22.78,26.7,23.48,47.52,70.55,38.49,24.27,28.88,24.3,0.0,3.79,100.0,18.0,0.0,0.0,118.0,5.0,14.26,22.44,38.84,45.81,64.94,44.31,29.01,25.32,25.9,0.0,18.44,58.0,25.0,10.0,40.0,33.0,1.0,0.0,17.55,17.51,23.43,29.31,38.85,64.64,44.06,37.84,20.31,3.33,109.0,8.0,0.0,0.0,117.0,0.0,0.0,0.0,0.0,0.0,0.0,0.0,0.0,0.0,0.0,0.0,0.0,0.0,0.0,0.0,0.0,0.0,0.0,0.0,0.0,0.0,0.0,0.0,0.0,0.0,0.0,0.0,0.0,0.0,0.0,0.0,0.0,0.0,0.0,0.0,0.0,0.0,0.0,0.0,0.0,0.0,0.0,0.0,0.0,0.0,0.0,0.0,0.0,0.0,0.0,0.0
30.9,0.0,0.0,0.0,0.0,0.0,0.0,0.0,0.0,0.0,0.0,0.0,0.0,0.0,0.0,0.0,0.0,0.0,4.0,18.71,25.98,47.19,62.11,42.18,17.74,24.38,19.55,0.0,11.76,13.1,81.0,41.0,33.0,0.0,89.0,3.0,25.17,31.1,39.08,68.22,44.84,24.65,25.84,14.22,12.08,0.0,25.81,118.0,28.0,39.0,89.0,18.0,6.0,14.79,21.59,25.33,46.4,66.47,35.89,23.02,26.1,15.65,0.0,9.37,58.0,26.0,7.0,40.0,37.0,2.0,20.28,26.9,24.68,47.21,67.66,39.14,21.45,25.2,21.64,0.0,4.61,104.0,20.0,0.0,0.0,124.0,5.0,0.0,22.88,36.86,41.68,65.22,45.01,27.8,26.49,28.4,16.16,31.07,122.0,48.0,94.0,47.0,29.0,1.0,0.0,17.71,16.67,23.21,28.69,37.89,64.51,49.15,35.57,21.33,3.22,108.0,26.0,0.0,0.0,134.0,0.0,0.0,0.0,0.0,0.0,0.0,0.0,0.0,0.0,0.0,0.0,0.0,0.0,0.0,0.0,0.0,0.0,0.0,0.0,0.0,0.0,0.0,0.0,0.0,0.0,0.0,0.0,0.0,0.0,0.0,0.0,0.0,0.0,0.0,0.0,0.0,0.0,0.0,0.0,0.0,0.0,0.0,0.0,0.0,0.0,0.0,0.0,0.0,0.0,0.0,0.0
31.0,0.0,0.0,0.0,0.0,0.0,0.0,0.0,0.0,0.0,0.0,0.0,0.0,0.0,0.0,0.0,0.0,0.0,4.0,20.67,30.28,47.89,62.69,42.96,19.37,23.92,21.65,0.0,12.56,10.74,27.0,19.0,10.0,1.0,35.0,3.0,23.61,34.57,40.56,69.99,45.9,26.53,22.74,13.89,14.66,0.0,16.32,68.0,43.0,16.0,12.0,83.0,6.0,15.21,17.34,25.98,43.39,69.2,35.98,23.01,24.72,16.24,0.0,10.94,83.0,34.0,13.0,46.0,58.0,2.0,23.06,30.06,24.16,51.26,64.82,37.55,23.45,25.09,23.66,0.0,3.62,109.0,24.0,0.0,0.0,133.0,5.0,0.0,18.68,38.88,44.97,67.51,44.05,29.47,25.7,27.84,15.34,18.29,123.0,64.0,74.0,11.0,102.0,1.0,0.0,15.62,17.35,28.34,26.3,32.79,60.05,51.65,35.09,24.37,3.48,106.0,8.0,0.0,0.0,114.0,0.0,0.0,0.0,0.0,0.0,0.0,0.0,0.0,0.0,0.0,0.0,0.0,0.0,0.0,0.0,0.0,0.0,0.0,0.0,0.0,0.0,0.0,0.0,0.0,0.0,0.0,0.0,0.0,0.0,0.0,0.0,0.0,0.0,0.0,0.0,0.0,0.0,0.0,0.0,0.0,0.0,0.0,0.0,0.0,0.0,0.0,0.0,0.0,0.0,0.0,0.0
31.1,0.0,0.0,0.0,0.0,0.0,0.0,0.0,0.0,0.0,0.0,0.0,0.0,0.0,0.0,0.0,0.0,0.0,4.0,19.82,27.8,48.49,62.68,42.82,17.85,26.56,19.63,9.86,0.0,15.77,58.0,29.0,17.0,8.0,62.0,3.0,19.87,32.27,42.17,72.4,42.02,30.48,21.52,14.27,13.93,0.0,10.54,63.0,30.0,21.0,32.0,40.0,6.0,15.78,17.32,25.47,44.94,71.11,38.65,26.05,23.32,15.41,0.0,14.68,43.0,21.0,10.0,1.0,53.0,2.0,23.56,30.88,26.68,48.83,61.86,31.83,26.59,23.9,24.36,0.0,3.71,113.0,28.0,0.0,11.0,130.0,5.0,16.35,20.48,37.3,46.93,70.65,43.52,33.85,26.06,23.71,0.0,21.16,58.0,18.0,21.0,24.0,31.0,1.0,0.0,17.6,19.91,27.12,26.23,37.09,60.96,50.27,34.43,22.93,3.37,108.0,0.0,0.0,0.0,108.0,0.0,0.0,0.0,0.0,0.0,0.0,0.0,0.0,0.0,0.0,0.0,0.0,0.0,0.0,0.0,0.0,0.0,0.0,0.0,0.0,0.0,0.0,0.0,0.0,0.0,0.0,0.0,0.0,0.0,0.0,0.0,0.0,0.0,0.0,0.0,0.0,0.0,0.0,0.0,0.0,0.0,0.0,0.0,0.0,0.0,0.0,0.0,0.0,0.0,0.0,0.0
31.2,0.0,0.0,0.0,0.0,0.0,0.0,0.0,0.0,0.0,0.0,0.0,0.0,0.0,0.0,0.0,0.0,0.0,4.0,21.98,27.4,48.81,60.58,40.64,17.73,28.01,22.11,12.8,0.0,14.21,62.0,20.0,15.0,0.0,67.0,3.0,26.22,31.18,41.15,73.22,41.85,29.11,20.12,13.23,11.45,0.0,21.06,66.0,32.0,6.0,61.0,31.0,6.0,15.86,16.33,24.44,44.11,69.77,42.23,24.74,23.21,0.0,16.99,13.39,72.0,34.0,32.0,0.0,74.0,2.0,22.09,29.55,27.25,48.0,61.05,35.75,23.31,21.67,21.52,0.0,3.84,110.0,34.0,0.0,9.0,135.0,5.0,17.45,20.7,36.42,45.63,71.74,42.66,32.17,23.54,23.34,0.0,36.26,68.0,32.0,93.0,7.0,0.0,1.0,0.0,11.61,13.41,24.5,25.38,35.07,63.38,49.13,32.2,23.15,3.24,106.0,0.0,0.0,0.0,106.0,0.0,0.0,0.0,0.0,0.0,0.0,0.0,0.0,0.0,0.0,0.0,0.0,0.0,0.0,0.0,0.0,0.0,0.0,0.0,0.0,0.0,0.0,0.0,0.0,0.0,0.0,0.0,0.0,0.0,0.0,0.0,0.0,0.0,0.0,0.0,0.0,0.0,0.0,0.0,0.0,0.0,0.0,0.0,0.0,0.0,0.0,0.0,0.0,0.0,0.0,0.0
31.3,0.0,0.0,0.0,0.0,0.0,0.0,0.0,0.0,0.0,0.0,0.0,0.0,0.0,0.0,0.0,0.0,0.0,4.0,21.23,27.13,47.69,59.96,41.93,17.74,29.28,22.93,14.85,0.0,14.62,58.0,30.0,8.0,0.0,80.0,3.0,21.57,32.16,42.35,77.38,44.57,28.51,15.87,13.55,0.0,7.8,19.48,94.0,42.0,9.0,64.0,63.0,6.0,16.93,18.26,25.98,41.03,76.26,36.35,28.37,21.69,16.29,0.0,10.88,66.0,27.0,33.0,0.0,60.0,2.0,22.63,29.76,24.35,44.67,64.87,40.74,25.0,22.0,21.96,0.0,3.63,109.0,30.0,0.0,0.0,139.0,5.0,17.92,17.98,36.93,42.94,61.72,43.72,33.6,23.09,22.24,0.0,49.26,123.0,39.0,76.0,56.0,30.0,1.0,0.0,17.32,20.26,26.09,24.67,32.31,67.39,53.19,32.71,23.86,3.53,97.0,0.0,0.0,0.0,97.0,0.0,0.0,0.0,0.0,0.0,0.0,0.0,0.0,0.0,0.0,0.0,0.0,0.0,0.0,0.0,0.0,0.0,0.0,0.0,0.0,0.0,0.0,0.0,0.0,0.0,0.0,0.0,0.0,0.0,0.0,0.0,0.0,0.0,0.0,0.0,0.0,0.0,0.0,0.0,0.0,0.0,0.0,0.0,0.0,0.0,0.0,0.0,0.0,0.0,0.0,0.0
31.4,0.0,0.0,0.0,0.0,0.0,0.0,0.0,0.0,0.0,0.0,0.0,0.0,0.0,0.0,0.0,0.0,0.0,4.0,21.84,31.26,47.13,60.56,45.22,13.75,30.11,23.3,13.31,0.0,13.05,61.0,22.0,18.0,0.0,65.0,3.0,23.51,31.82,41.54,79.87,44.94,29.16,15.15,16.26,10.92,0.0,14.01,46.0,18.0,6.0,1.0,57.0,6.0,0.0,16.5,23.07,40.55,77.4,39.47,31.7,20.35,19.38,16.32,13.07,75.0,45.0,26.0,2.0,92.0,2.0,21.5,30.02,27.87,43.97,63.64,38.69,27.82,21.04,19.41,0.0,3.44,108.0,32.0,0.0,0.0,140.0,5.0,14.72,18.4,38.19,41.01,69.66,43.94,34.39,22.81,23.74,0.0,21.67,72.0,37.0,35.0,6.0,68.0,1.0,0.0,14.55,16.48,24.11,27.94,33.89,63.66,53.11,36.26,25.46,3.12,115.0,0.0,0.0,0.0,115.0,0.0,0.0,0.0,0.0,0.0,0.0,0.0,0.0,0.0,0.0,0.0,0.0,0.0,0.0,0.0,0.0,0.0,0.0,0.0,0.0,0.0,0.0,0.0,0.0,0.0,0.0,0.0,0.0,0.0,0.0,0.0,0.0,0.0,0.0,0.0,0.0,0.0,0.0,0.0,0.0,0.0,0.0,0.0,0.0,0.0,0.0,0.0,0.0,0.0,0.0,0.0
31.5,0.0,0.0,0.0,0.0,0.0,0.0,0.0,0.0,0.0,0.0,0.0,0.0,0.0,0.0,0.0,0.0,0.0,4.0,16.85,29.89,46.16,59.67,45.05,17.43,30.84,22.13,20.09,0.0,13.18,52.0,30.0,17.0,0.0,65.0,3.0,23.87,33.02,42.6,85.59,47.26,31.35,18.7,15.56,13.17,0.0,12.97,82.0,30.0,15.0,38.0,59.0,6.0,0.0,19.69,25.78,43.49,81.24,39.16,33.99,22.78,19.83,16.39,11.74,57.0,19.0,13.0,3.0,60.0,2.0,20.94,30.79,26.66,44.53,62.96,40.1,30.07,20.55,21.67,0.0,3.47,101.0,12.0,0.0,0.0,113.0,5.0,20.04,22.04,37.45,35.64,71.4,47.98,31.92,18.55,23.83,0.0,15.64,84.0,39.0,39.0,14.0,70.0,1.0,0.0,17.25,19.78,26.58,29.08,34.92,56.98,46.84,34.24,26.33,3.47,102.0,0.0,0.0,0.0,102.0,0.0,0.0,0.0,0.0,0.0,0.0,0.0,0.0,0.0,0.0,0.0,0.0,0.0,0.0,0.0,0.0,0.0,0.0,0.0,0.0,0.0,0.0,0.0,0.0,0.0,0.0,0.0,0.0,0.0,0.0,0.0,0.0,0.0,0.0,0.0,0.0,0.0,0.0,0.0,0.0,0.0,0.0,0.0,0.0,0.0,0.0,0.0,0.0,0.0,0.0,0.0
31.6,0.0,0.0,0.0,0.0,0.0,0.0,0.0,0.0,0.0,0.0,0.0,0.0,0.0,0.0,0.0,0.0,0.0,4.0,18.69,30.34,47.24,58.32,44.59,20.57,26.04,23.34,12.64,0.0,12.57,67.0,32.0,20.0,10.0,69.0,3.0,24.25,30.15,40.47,85.0,42.72,28.68,18.55,14.2,13.67,0.0,12.6,62.0,24.0,12.0,11.0,63.0,6.0,14.76,16.98,23.38,42.58,83.71,39.82,33.38,25.94,16.69,0.0,12.68,54.0,34.0,15.0,2.0,71.0,2.0,21.58,32.65,28.33,45.21,57.53,43.0,26.35,20.47,18.58,0.0,4.67,106.0,56.0,0.0,8.0,154.0,5.0,15.0,22.18,39.33,41.42,71.67,47.33,29.12,20.53,20.67,0.0,17.62,78.0,35.0,11.0,9.0,93.0,1.0,0.0,19.1,18.79,29.53,30.27,34.85,56.12,47.72,33.36,29.05,3.9,97.0,22.0,0.0,0.0,119.0,0.0,0.0,0.0,0.0,0.0,0.0,0.0,0.0,0.0,0.0,0.0,0.0,0.0,0.0,0.0,0.0,0.0,0.0,0.0,0.0,0.0,0.0,0.0,0.0,0.0,0.0,0.0,0.0,0.0,0.0,0.0,0.0,0.0,0.0,0.0,0.0,0.0,0.0,0.0,0.0,0.0,0.0,0.0,0.0,0.0,0.0,0.0,0.0,0.0,0.0,0.0
31.7,0.0,0.0,0.0,0.0,0.0,0.0,0.0,0.0,0.0,0.0,0.0,0.0,0.0,0.0,0.0,0.0,0.0,4.0,19.07,34.64,49.56,54.09,41.99,21.06,29.09,25.3,10.93,0.0,11.87,50.0,24.0,9.0,9.0,56.0,3.0,25.53,31.39,41.12,85.94,46.71,27.64,20.84,11.88,13.12,0.0,13.45,41.0,21.0,7.0,8.0,47.0,6.0,0.0,19.52,21.81,38.99,83.35,41.39,34.32,22.32,17.58,17.31,13.87,58.0,30.0,18.0,0.0,70.0,2.0,21.3,32.47,28.31,45.32,55.08,41.34,25.58,16.78,19.0,0.0,4.72,100.0,58.0,0.0,19.0,139.0,5.0,15.75,23.95,38.43,41.54,70.64,44.39,28.6,23.17,21.05,0.0,16.25,71.0,54.0,32.0,2.0,91.0,1.0,0.0,15.92,18.95,28.45,28.74,34.02,55.54,51.12,35.85,26.4,4.12,94.0,30.0,0.0,0.0,124.0,0.0,0.0,0.0,0.0,0.0,0.0,0.0,0.0,0.0,0.0,0.0,0.0,0.0,0.0,0.0,0.0,0.0,0.0,0.0,0.0,0.0,0.0,0.0,0.0,0.0,0.0,0.0,0.0,0.0,0.0,0.0,0.0,0.0,0.0,0.0,0.0,0.0,0.0,0.0,0.0,0.0,0.0,0.0,0.0,0.0,0.0,0.0,0.0,0.0,0.0,0.0
31.8,0.0,0.0,0.0,0.0,0.0,0.0,0.0,0.0,0.0,0.0,0.0,0.0,0.0,0.0,0.0,0.0,0.0,4.0,18.18,35.84,52.82,55.12,37.24,22.1,24.95,25.07,13.73,0.0,12.52,49.0,16.0,18.0,3.0,44.0,3.0,23.34,28.09,44.68,87.5,45.86,28.94,21.53,11.61,12.14,0.0,12.75,47.0,20.0,12.0,8.0,47.0,6.0,19.81,17.5,25.69,40.2,81.53,42.27,35.16,22.68,18.42,0.0,19.67,42.0,15.0,15.0,0.0,42.0,2.0,18.27,32.13,30.46,48.3,55.81,43.13,21.09,21.57,15.96,0.0,3.52,102.0,32.0,0.0,13.0,121.0,5.0,16.44,23.12,38.17,43.26,69.13,42.92,28.22,21.6,22.12,0.0,16.08,78.0,33.0,44.0,0.0,67.0,1.0,0.0,16.31,19.31,28.7,29.42,34.36,57.45,55.55,39.83,30.02,3.42,102.0,26.0,0.0,0.0,128.0,0.0,0.0,0.0,0.0,0.0,0.0,0.0,0.0,0.0,0.0,0.0,0.0,0.0,0.0,0.0,0.0,0.0,0.0,0.0,0.0,0.0,0.0,0.0,0.0,0.0,0.0,0.0,0.0,0.0,0.0,0.0,0.0,0.0,0.0,0.0,0.0,0.0,0.0,0.0,0.0,0.0,0.0,0.0,0.0,0.0,0.0,0.0,0.0,0.0,0.0,0.0
31.9,0.0,0.0,0.0,0.0,0.0,0.0,0.0,0.0,0.0,0.0,0.0,0.0,0.0,0.0,0.0,0.0,0.0,4.0,18.29,33.28,52.8,57.03,34.41,20.48,21.57,23.04,9.62,0.0,13.01,41.0,24.0,6.0,4.0,55.0,3.0,21.86,24.84,43.28,86.23,49.36,27.3,25.71,12.52,11.87,0.0,13.98,59.0,24.0,15.0,1.0,67.0,6.0,20.39,0.0,24.56,38.41,76.68,43.4,36.71,23.01,16.28,16.85,14.15,56.0,37.0,11.0,2.0,80.0,2.0,20.99,31.22,28.89,51.67,56.86,43.93,22.95,18.87,18.85,0.0,5.94,120.0,56.0,24.0,7.0,145.0,5.0,19.52,21.87,38.24,41.89,73.95,45.6,28.51,24.16,21.42,0.0,19.19,99.0,67.0,31.0,11.0,124.0,1.0,0.0,14.73,20.19,26.74,29.81,32.54,52.3,56.51,39.88,29.45,3.78,106.0,42.0,0.0,0.0,148.0,0.0,0.0,0.0,0.0,0.0,0.0,0.0,0.0,0.0,0.0,0.0,0.0,0.0,0.0,0.0,0.0,0.0,0.0,0.0,0.0,0.0,0.0,0.0,0.0,0.0,0.0,0.0,0.0,0.0,0.0,0.0,0.0,0.0,0.0,0.0,0.0,0.0,0.0,0.0,0.0,0.0,0.0,0.0,0.0,0.0,0.0,0.0,0.0,0.0,0.0,0.0
32.0,0.0,0.0,0.0,0.0,0.0,0.0,0.0,0.0,0.0,0.0,0.0,0.0,0.0,0.0,0.0,0.0,0.0,4.0,20.15,34.96,48.17,53.81,33.09,16.55,22.41,23.37,7.74,0.0,14.33,46.0,23.0,14.0,5.0,50.0,3.0,21.36,26.79,48.85,82.38,47.93,24.09,21.63,14.38,11.37,0.0,9.22,74.0,30.0,12.0,0.0,92.0,6.0,18.16,0.0,25.75,45.11,71.2,41.66,35.29,21.9,20.3,16.9,12.73,51.0,43.0,10.0,0.0,84.0,2.0,24.28,32.38,31.89,51.65,55.94,44.86,23.51,11.76,17.33,0.0,6.12,124.0,61.0,36.0,17.0,132.0,5.0,14.65,20.45,32.19,43.63,73.61,40.51,30.51,24.14,21.3,0.0,15.96,68.0,35.0,11.0,7.0,85.0,0.0,0.0,0.0,0.0,0.0,0.0,0.0,0.0,0.0,0.0,0.0,0.0,0.0,0.0,0.0,0.0,0.0,1.0,0.0,11.57,17.83,26.42,27.64,33.84,56.36,53.28,38.85,29.51,3.58,97.0,10.0,3.0,0.0,104.0,0.0,0.0,0.0,0.0,0.0,0.0,0.0,0.0,0.0,0.0,0.0,0.0,0.0,0.0,0.0,0.0,0.0,0.0,0.0,0.0,0.0,0.0,0.0,0.0,0.0,0.0,0.0,0.0,0.0,0.0,0.0,0.0,0.0,0.0
32.1,0.0,0.0,0.0,0.0,0.0,0.0,0.0,0.0,0.0,0.0,0.0,0.0,0.0,0.0,0.0,0.0,0.0,4.0,21.35,33.73,45.9,52.65,33.94,14.58,23.24,21.21,0.0,9.75,16.16,53.0,25.0,13.0,5.0,60.0,3.0,22.25,28.74,45.71,80.06,45.53,23.66,21.11,11.93,8.04,0.0,11.93,57.0,43.0,9.0,0.0,91.0,6.0,16.62,17.7,28.39,45.36,71.77,44.61,33.93,20.02,0.0,15.72,11.32,60.0,37.0,42.0,7.0,48.0,2.0,21.92,35.55,29.61,53.25,54.48,45.86,24.97,13.65,16.86,0.0,5.55,122.0,59.0,44.0,32.0,105.0,5.0,13.78,17.94,36.28,37.84,70.19,40.65,29.29,21.8,20.99,0.0,21.97,76.0,46.0,64.0,4.0,54.0,1.0,0.0,9.64,18.67,22.68,26.23,32.44,56.12,54.07,34.16,25.9,3.3,104.0,8.0,3.0,0.0,109.0,0.0,0.0,0.0,0.0,0.0,0.0,0.0,0.0,0.0,0.0,0.0,0.0,0.0,0.0,0.0,0.0,0.0,0.0,0.0,0.0,0.0,0.0,0.0,0.0,0.0,0.0,0.0,0.0,0.0,0.0,0.0,0.0,0.0,0.0,0.0,0.0,0.0,0.0,0.0,0.0,0.0,0.0,0.0,0.0,0.0,0.0,0.0,0.0,0.0,0.0,0.0
32.2,0.0,0.0,0.0,0.0,0.0,0.0,0.0,0.0,0.0,0.0,0.0,0.0,0.0,0.0,0.0,0.0,0.0,4.0,22.31,34.17,50.23,51.02,32.77,16.85,23.43,24.91,0.0,9.01,15.46,55.0,22.0,16.0,6.0,55.0,3.0,22.65,31.41,49.14,74.52,43.18,22.71,22.94,12.47,10.32,0.0,13.25,40.0,24.0,17.0,0.0,47.0,6.0,17.62,0.0,29.73,45.7,70.2,48.88,31.47,19.22,19.04,16.4,8.34,51.0,33.0,21.0,0.0,63.0,2.0,21.36,31.29,28.68,53.72,57.66,41.85,25.18,13.6,17.99,0.0,5.43,122.0,57.0,46.0,12.0,121.0,5.0,13.37,16.69,31.89,37.35,71.75,41.96,29.79,21.39,21.15,0.0,19.05,75.0,47.0,27.0,9.0,86.0,1.0,11.49,0.0,9.7,20.2,25.41,30.1,55.67,53.34,38.04,27.37,3.47,107.0,0.0,0.0,0.0,107.0,0.0,0.0,0.0,0.0,0.0,0.0,0.0,0.0,0.0,0.0,0.0,0.0,0.0,0.0,0.0,0.0,0.0,0.0,0.0,0.0,0.0,0.0,0.0,0.0,0.0,0.0,0.0,0.0,0.0,0.0,0.0,0.0,0.0,0.0,0.0,0.0,0.0,0.0,0.0,0.0,0.0,0.0,0.0,0.0,0.0,0.0,0.0,0.0,0.0,0.0,0.0
32.3,0.0,0.0,0.0,0.0,0.0,0.0,0.0,0.0,0.0,0.0,0.0,0.0,0.0,0.0,0.0,0.0,0.0,4.0,23.24,33.71,55.05,51.39,29.94,17.08,26.03,22.83,8.23,0.0,13.78,53.0,24.0,10.0,4.0,63.0,3.0,24.95,30.84,48.43,73.22,44.18,19.35,24.28,12.25,12.9,0.0,14.73,86.0,32.0,11.0,5.0,102.0,6.0,16.62,0.0,28.15,43.71,70.75,48.77,36.37,19.46,17.47,13.59,41.53,43.0,33.0,11.0,0.0,65.0,2.0,23.47,32.5,29.48,53.8,55.42,41.89,26.05,17.86,18.43,0.0,5.64,134.0,64.0,46.0,2.0,150.0,5.0,13.97,0.0,37.61,37.53,69.54,42.82,30.25,18.81,17.3,10.54,17.86,76.0,47.0,36.0,7.0,80.0,1.0,10.65,0.0,9.23,18.36,24.14,31.91,49.6,52.72,37.92,25.35,4.41,110.0,32.0,0.0,0.0,142.0,0.0,0.0,0.0,0.0,0.0,0.0,0.0,0.0,0.0,0.0,0.0,0.0,0.0,0.0,0.0,0.0,0.0,0.0,0.0,0.0,0.0,0.0,0.0,0.0,0.0,0.0,0.0,0.0,0.0,0.0,0.0,0.0,0.0,0.0,0.0,0.0,0.0,0.0,0.0,0.0,0.0,0.0,0.0,0.0,0.0,0.0,0.0,0.0,0.0,0.0,0.0
32.4,0.0,0.0,0.0,0.0,0.0,0.0,0.0,0.0,0.0,0.0,0.0,0.0,0.0,0.0,0.0,0.0,0.0,4.0,20.11,37.32,52.9,50.33,29.88,19.07,21.81,20.96,10.03,0.0,13.61,44.0,8.0,9.0,5.0,38.0,3.0,27.43,31.01,44.89,72.03,40.76,18.46,29.22,0.0,10.48,10.5,10.65,77.0,42.0,11.0,4.0,104.0,6.0,15.34,13.65,31.38,42.3,72.49,49.22,38.43,17.74,17.22,0.0,16.51,32.0,21.0,6.0,0.0,47.0,2.0,23.1,33.9,30.72,54.15,58.77,42.81,23.77,14.19,14.36,0.0,6.74,121.0,68.0,29.0,1.0,159.0,5.0,0.0,19.02,39.03,34.77,71.26,43.03,27.91,19.67,20.98,13.97,15.72,71.0,32.0,27.0,5.0,71.0,1.0,10.72,9.88,0.0,19.91,22.63,31.35,54.6,53.06,43.15,25.53,3.6,99.0,26.0,0.0,0.0,125.0,0.0,0.0,0.0,0.0,0.0,0.0,0.0,0.0,0.0,0.0,0.0,0.0,0.0,0.0,0.0,0.0,0.0,0.0,0.0,0.0,0.0,0.0,0.0,0.0,0.0,0.0,0.0,0.0,0.0,0.0,0.0,0.0,0.0,0.0,0.0,0.0,0.0,0.0,0.0,0.0,0.0,0.0,0.0,0.0,0.0,0.0,0.0,0.0,0.0,0.0,0.0
32.5,0.0,0.0,0.0,0.0,0.0,0.0,0.0,0.0,0.0,0.0,0.0,0.0,0.0,0.0,0.0,0.0,0.0,4.0,24.92,36.28,56.65,46.67,29.78,18.63,23.18,20.56,10.26,0.0,10.99,64.0,30.0,9.0,5.0,80.0,3.0,25.71,30.92,45.9,71.32,40.52,18.84,28.05,11.43,9.56,0.0,12.01,68.0,30.0,14.0,0.0,84.0,6.0,14.8,15.03,30.94,42.49,67.72,49.57,39.99,19.45,18.67,0.0,12.37,44.0,14.0,12.0,0.0,46.0,2.0,22.54,32.74,29.24,53.31,60.67,40.75,23.91,19.55,13.16,0.0,5.65,108.0,48.0,6.0,9.0,141.0,5.0,13.21,17.59,37.17,35.09,69.68,41.73,26.45,24.24,22.73,0.0,16.39,82.0,49.0,19.0,10.0,102.0,1.0,17.36,0.0,10.63,18.74,23.97,27.65,53.62,53.56,43.16,27.71,3.19,111.0,10.0,0.0,0.0,121.0,0.0,0.0,0.0,0.0,0.0,0.0,0.0,0.0,0.0,0.0,0.0,0.0,0.0,0.0,0.0,0.0,0.0,0.0,0.0,0.0,0.0,0.0,0.0,0.0,0.0,0.0,0.0,0.0,0.0,0.0,0.0,0.0,0.0,0.0,0.0,0.0,0.0,0.0,0.0,0.0,0.0,0.0,0.0,0.0,0.0,0.0,0.0,0.0,0.0,0.0,0.0
32.6,0.0,0.0,0.0,0.0,0.0,0.0,0.0,0.0,0.0,0.0,0.0,0.0,0.0,0.0,0.0,0.0,0.0,4.0,28.09,37.1,53.86,44.13,27.36,18.53,23.57,15.24,9.26,0.0,14.38,57.0,21.0,11.0,1.0,66.0,3.0,29.65,32.28,51.86,69.51,39.95,18.98,27.47,12.74,10.5,0.0,10.09,56.0,48.0,4.0,19.0,81.0,6.0,16.33,0.0,28.95,39.67,68.3,49.71,37.67,21.1,17.21,14.95,14.49,50.0,35.0,14.0,17.0,54.0,2.0,24.26,36.85,29.57,57.45,59.92,36.07,27.15,19.66,11.78,0.0,5.4,107.0,34.0,22.0,2.0,117.0,5.0,16.57,20.4,36.68,35.07,71.39,44.53,29.87,30.42,24.52,0.0,24.06,77.0,36.0,31.0,8.0,74.0,1.0,10.05,0.0,11.71,17.71,22.01,27.14,52.5,56.52,39.59,27.92,3.81,100.0,2.0,0.0,0.0,102.0,0.0,0.0,0.0,0.0,0.0,0.0,0.0,0.0,0.0,0.0,0.0,0.0,0.0,0.0,0.0,0.0,0.0,0.0,0.0,0.0,0.0,0.0,0.0,0.0,0.0,0.0,0.0,0.0,0.0,0.0,0.0,0.0,0.0,0.0,0.0,0.0,0.0,0.0,0.0,0.0,0.0,0.0,0.0,0.0,0.0,0.0,0.0,0.0,0.0,0.0,0.0
32.7,0.0,0.0,0.0,0.0,0.0,0.0,0.0,0.0,0.0,0.0,0.0,0.0,0.0,0.0,0.0,0.0,0.0,4.0,27.29,35.24,57.58,42.29,27.18,20.88,24.7,13.34,9.13,0.0,13.96,51.0,23.0,9.0,3.0,62.0,3.0,24.1,33.44,53.06,64.84,36.19,20.91,24.92,8.76,8.25,0.0,13.58,44.0,16.0,9.0,2.0,49.0,6.0,15.59,0.0,30.24,39.96,66.72,49.32,40.85,22.28,19.82,19.1,13.91,39.0,26.0,9.0,1.0,55.0,2.0,22.43,36.18,31.55,58.37,56.27,40.11,28.02,19.03,15.22,0.0,5.41,124.0,50.0,18.0,2.0,154.0,5.0,15.61,22.73,35.64,34.17,69.72,47.37,28.72,31.52,23.61,0.0,12.06,55.0,32.0,12.0,13.0,62.0,0.0,0.0,0.0,0.0,0.0,0.0,0.0,0.0,0.0,0.0,0.0,0.0,0.0,0.0,0.0,0.0,0.0,1.0,13.48,0.0,9.89,18.68,19.48,28.38,52.87,59.92,48.25,26.95,2.98,117.0,0.0,3.0,0.0,114.0,0.0,0.0,0.0,0.0,0.0,0.0,0.0,0.0,0.0,0.0,0.0,0.0,0.0,0.0,0.0,0.0,0.0,0.0,0.0,0.0,0.0,0.0,0.0,0.0,0.0,0.0,0.0,0.0,0.0,0.0,0.0,0.0,0.0,0.0
32.8,0.0,0.0,0.0,0.0,0.0,0.0,0.0,0.0,0.0,0.0,0.0,0.0,0.0,0.0,0.0,0.0,0.0,4.0,28.71,35.11,61.41,41.16,27.29,15.68,23.38,15.99,9.1,0.0,12.17,44.0,27.0,9.0,3.0,59.0,3.0,28.36,33.7,49.8,56.68,36.69,17.04,21.98,12.81,11.74,0.0,11.99,57.0,24.0,9.0,1.0,71.0,6.0,0.0,17.99,30.06,34.98,64.53,49.54,40.28,20.15,21.76,18.7,11.93,76.0,30.0,13.0,4.0,89.0,2.0,26.45,35.57,30.34,61.01,56.86,36.73,24.7,16.99,13.33,0.0,9.53,50.0,18.0,6.0,0.0,62.0,5.0,0.0,20.29,32.24,37.87,70.21,44.62,36.24,30.76,20.78,12.91,16.43,76.0,41.0,6.0,12.0,99.0,0.0,0.0,0.0,0.0,0.0,0.0,0.0,0.0,0.0,0.0,0.0,0.0,0.0,0.0,0.0,0.0,0.0,1.0,11.77,0.0,11.35,17.24,20.07,25.77,49.4,60.54,46.48,27.31,3.36,105.0,0.0,0.0,0.0,105.0,0.0,0.0,0.0,0.0,0.0,0.0,0.0,0.0,0.0,0.0,0.0,0.0,0.0,0.0,0.0,0.0,0.0,0.0,0.0,0.0,0.0,0.0,0.0,0.0,0.0,0.0,0.0,0.0,0.0,0.0,0.0,0.0,0.0,0.0
32.9,0.0,0.0,0.0,0.0,0.0,0.0,0.0,0.0,0.0,0.0,0.0,0.0,0.0,0.0,0.0,0.0,0.0,4.0,27.52,33.4,66.03,42.19,27.04,20.17,23.92,15.67,0.0,9.08,12.35,52.0,26.0,13.0,6.0,59.0,3.0,25.6,34.14,50.63,56.85,35.46,17.95,20.37,11.34,0.0,10.81,6.57,111.0,44.0,3.0,6.0,146.0,0.0,0.0,0.0,0.0,0.0,0.0,0.0,0.0,0.0,0.0,0.0,0.0,0.0,0.0,0.0,0.0,0.0,2.0,24.99,34.62,30.69,61.73,55.38,36.41,25.89,16.53,11.78,0.0,6.48,107.0,38.0,3.0,0.0,142.0,5.0,14.48,20.28,35.48,31.62,68.43,45.8,34.28,29.46,20.25,0.0,15.83,68.0,42.0,7.0,10.0,93.0,6.0,19.94,17.67,30.83,36.19,61.25,51.43,39.33,17.32,26.03,0.0,17.09,44.0,11.0,12.0,0.0,43.0,1.0,8.7,0.0,9.67,18.54,16.99,23.95,47.33,65.52,47.31,25.87,3.57,127.0,18.0,0.0,2.0,143.0,0.0,0.0,0.0,0.0,0.0,0.0,0.0,0.0,0.0,0.0,0.0,0.0,0.0,0.0,0.0,0.0,0.0,0.0,0.0,0.0,0.0,0.0,0.0,0.0,0.0,0.0,0.0,0.0,0.0,0.0,0.0,0.0,0.0,0.0
33.0,0.0,0.0,0.0,0.0,0.0,0.0,0.0,0.0,0.0,0.0,0.0,0.0,0.0,0.0,0.0,0.0,0.0,4.0,27.0,36.03,69.97,42.99,27.43,17.41,25.18,13.59,0.0,10.08,10.66,65.0,45.0,9.0,9.0,92.0,3.0,28.35,36.57,47.09,57.07,34.49,15.54,21.41,10.88,0.0,10.94,11.46,48.0,9.0,9.0,9.0,39.0,2.0,24.71,33.23,35.95,63.14,52.13,35.03,25.98,16.59,0.0,12.99,3.68,105.0,34.0,4.0,14.0,121.0,5.0,15.9,19.52,38.66,41.3,63.46,45.05,31.99,30.42,21.12,0.0,1.34,105.0,18.0,3.0,0.0,120.0,6.0,20.53,19.3,30.42,36.59,60.19,48.97,44.18,17.18,24.44,0.0,12.01,45.0,21.0,14.0,0.0,52.0,0.0,0.0,0.0,0.0,0.0,0.0,0.0,0.0,0.0,0.0,0.0,0.0,0.0,0.0,0.0,0.0,0.0,1.0,7.7,0.0,9.87,16.37,18.68,25.14,41.78,69.78,42.18,23.58,3.49,110.0,10.0,0.0,0.0,120.0,0.0,0.0,0.0,0.0,0.0,0.0,0.0,0.0,0.0,0.0,0.0,0.0,0.0,0.0,0.0,0.0,0.0,0.0,0.0,0.0,0.0,0.0,0.0,0.0,0.0,0.0,0.0,0.0,0.0,0.0,0.0,0.0,0.0,0.0
33.1,0.0,0.0,0.0,0.0,0.0,0.0,0.0,0.0,0.0,0.0,0.0,0.0,0.0,0.0,0.0,0.0,0.0,4.0,26.97,32.79,68.63,41.88,28.17,14.19,21.81,12.6,0.0,7.6,13.55,59.0,27.0,12.0,4.0,70.0,3.0,29.08,36.82,50.7,59.13,36.14,15.18,22.9,12.35,10.21,0.0,11.75,59.0,26.0,7.0,0.0,78.0,2.0,21.06,32.34,31.6,61.82,48.91,35.77,22.06,20.99,14.19,0.0,3.52,117.0,51.0,0.0,9.0,159.0,5.0,15.84,20.4,38.11,38.89,65.51,47.82,26.25,30.5,23.86,0.0,0.93,109.0,32.0,0.0,0.0,141.0,6.0,20.03,20.26,28.6,35.99,59.64,54.31,41.52,18.38,25.53,0.0,11.44,68.0,32.0,10.0,0.0,90.0,0.0,0.0,0.0,0.0,0.0,0.0,0.0,0.0,0.0,0.0,0.0,0.0,0.0,0.0,0.0,0.0,0.0,1.0,8.35,0.0,10.45,13.5,19.38,26.24,39.99,70.46,38.79,19.42,3.5,100.0,0.0,0.0,0.0,100.0,0.0,0.0,0.0,0.0,0.0,0.0,0.0,0.0,0.0,0.0,0.0,0.0,0.0,0.0,0.0,0.0,0.0,0.0,0.0,0.0,0.0,0.0,0.0,0.0,0.0,0.0,0.0,0.0,0.0,0.0,0.0,0.0,0.0,0.0
33.2,0.0,0.0,0.0,0.0,0.0,0.0,0.0,0.0,0.0,0.0,0.0,0.0,0.0,0.0,0.0,0.0,0.0,4.0,31.93,35.83,70.94,40.29,29.48,13.44,18.04,12.98,0.0,10.86,12.93,62.0,30.0,12.0,6.0,74.0,3.0,29.4,37.49,51.52,56.44,31.25,15.17,22.12,13.07,0.0,8.07,12.4,56.0,24.0,9.0,0.0,71.0,2.0,23.82,29.33,33.11,65.1,48.56,34.85,24.88,22.8,12.66,0.0,4.19,101.0,34.0,0.0,0.0,135.0,5.0,13.78,17.14,36.65,40.69,66.75,48.11,26.77,33.98,19.96,0.0,1.31,115.0,24.0,0.0,0.0,139.0,6.0,18.53,20.04,28.17,37.22,58.16,53.93,39.71,18.94,24.84,0.0,13.06,46.0,22.0,10.0,1.0,57.0,0.0,0.0,0.0,0.0,0.0,0.0,0.0,0.0,0.0,0.0,0.0,0.0,0.0,0.0,0.0,0.0,0.0,1.0,11.17,0.0,12.71,12.43,19.91,27.39,39.7,77.14,38.57,21.31,3.53,98.0,0.0,0.0,0.0,98.0,0.0,0.0,0.0,0.0,0.0,0.0,0.0,0.0,0.0,0.0,0.0,0.0,0.0,0.0,0.0,0.0,0.0,0.0,0.0,0.0,0.0,0.0,0.0,0.0,0.0,0.0,0.0,0.0,0.0,0.0,0.0,0.0,0.0,0.0
33.3,0.0,0.0,0.0,0.0,0.0,0.0,0.0,0.0,0.0,0.0,0.0,0.0,0.0,0.0,0.0,0.0,0.0,4.0,30.58,38.46,74.13,40.35,26.27,16.16,19.82,12.54,0.0,10.68,12.34,56.0,27.0,7.0,7.0,69.0,3.0,26.06,33.85,53.33,57.32,34.09,20.22,21.95,13.9,8.92,0.0,9.92,69.0,38.0,6.0,1.0,100.0,2.0,21.99,28.48,33.5,65.36,46.09,32.54,26.7,23.11,11.47,0.0,3.72,111.0,42.0,0.0,0.0,153.0,5.0,13.79,18.66,36.04,39.29,63.45,45.53,23.71,27.69,21.21,0.0,1.73,108.0,42.0,0.0,0.0,150.0,6.0,17.5,21.82,29.12,38.76,58.42,49.71,42.93,20.92,18.37,0.0,14.05,64.0,33.0,6.0,3.0,88.0,0.0,0.0,0.0,0.0,0.0,0.0,0.0,0.0,0.0,0.0,0.0,0.0,0.0,0.0,0.0,0.0,0.0,1.0,11.02,0.0,12.2,15.49,19.64,27.59,39.65,79.81,39.57,23.8,3.66,93.0,0.0,0.0,0.0,93.0,0.0,0.0,0.0,0.0,0.0,0.0,0.0,0.0,0.0,0.0,0.0,0.0,0.0,0.0,0.0,0.0,0.0,0.0,0.0,0.0,0.0,0.0,0.0,0.0,0.0,0.0,0.0,0.0,0.0,0.0,0.0,0.0,0.0,0.0
33.4,0.0,0.0,0.0,0.0,0.0,0.0,0.0,0.0,0.0,0.0,0.0,0.0,0.0,0.0,0.0,0.0,0.0,4.0,35.22,37.3,77.95,41.65,28.6,16.52,18.68,10.39,0.0,11.75,11.75,57.0,35.0,8.0,9.0,75.0,3.0,27.21,38.36,57.37,55.88,32.72,21.19,21.37,11.3,0.0,11.48,10.1,99.0,43.0,24.0,0.0,118.0,2.0,24.36,24.31,32.4,64.96,46.31,34.67,27.29,22.71,0.0,8.83,3.63,109.0,48.0,0.0,0.0,157.0,5.0,12.82,17.12,34.49,35.41,61.93,43.8,26.94,26.93,15.25,0.0,2.71,102.0,40.0,0.0,0.0,142.0,6.0,21.17,23.24,29.77,40.94,55.11,50.22,38.49,22.7,0.0,15.12,9.99,70.0,44.0,9.0,6.0,99.0,0.0,0.0,0.0,0.0,0.0,0.0,0.0,0.0,0.0,0.0,0.0,0.0,0.0,0.0,0.0,0.0,0.0,1.0,9.37,0.0,13.1,14.8,23.61,28.03,37.76,83.88,41.51,24.59,3.25,106.0,0.0,0.0,0.0,106.0,0.0,0.0,0.0,0.0,0.0,0.0,0.0,0.0,0.0,0.0,0.0,0.0,0.0,0.0,0.0,0.0,0.0,0.0,0.0,0.0,0.0,0.0,0.0,0.0,0.0,0.0,0.0,0.0,0.0,0.0,0.0,0.0,0.0,0.0
33.5,0.0,0.0,0.0,0.0,0.0,0.0,0.0,0.0,0.0,0.0,0.0,0.0,0.0,0.0,0.0,0.0,0.0,4.0,31.83,36.03,83.49,43.63,28.37,19.7,22.49,0.0,12.43,12.6,13.85,55.0,13.0,13.0,0.0,55.0,3.0,28.0,39.9,57.83,52.82,33.6,20.32,23.42,11.47,8.06,0.0,6.52,141.0,59.0,28.0,1.0,171.0,2.0,22.07,30.12,38.07,68.04,43.67,37.37,25.3,20.92,0.0,10.85,3.82,97.0,36.0,0.0,0.0,133.0,5.0,13.67,19.62,32.22,33.08,60.7,46.92,28.12,30.63,17.51,0.0,1.27,112.0,38.0,0.0,0.0,150.0,6.0,19.81,22.11,28.1,42.08,54.45,49.37,36.31,21.67,17.56,0.0,13.12,64.0,43.0,6.0,11.0,90.0,0.0,0.0,0.0,0.0,0.0,0.0,0.0,0.0,0.0,0.0,0.0,0.0,0.0,0.0,0.0,0.0,0.0,1.0,8.83,0.0,13.83,13.93,23.55,27.18,34.43,89.91,41.02,27.67,3.27,114.0,0.0,0.0,0.0,114.0,0.0,0.0,0.0,0.0,0.0,0.0,0.0,0.0,0.0,0.0,0.0,0.0,0.0,0.0,0.0,0.0,0.0,0.0,0.0,0.0,0.0,0.0,0.0,0.0,0.0,0.0,0.0,0.0,0.0,0.0,0.0,0.0,0.0,0.0
33.6,0.0,0.0,0.0,0.0,0.0,0.0,0.0,0.0,0.0,0.0,0.0,0.0,0.0,0.0,0.0,0.0,0.0,4.0,28.36,34.9,87.99,43.57,30.59,17.53,23.69,12.62,0.0,12.19,11.89,59.0,44.0,6.0,6.0,91.0,3.0,28.82,37.6,57.6,50.37,30.02,20.46,23.29,12.15,0.0,12.3,4.01,109.0,52.0,0.0,4.0,157.0,2.0,18.78,29.68,38.23,69.94,37.19,36.72,25.39,22.28,0.0,9.93,3.45,118.0,2.0,0.0,0.0,120.0,5.0,14.97,15.22,28.4,36.33,61.86,47.87,31.59,30.92,15.82,0.0,1.48,111.0,40.0,0.0,0.0,151.0,6.0,19.23,21.46,29.27,44.53,56.48,49.77,39.88,24.93,21.71,0.0,12.02,59.0,35.0,12.0,6.0,76.0,0.0,0.0,0.0,0.0,0.0,0.0,0.0,0.0,0.0,0.0,0.0,0.0,0.0,0.0,0.0,0.0,0.0,1.0,7.48,0.0,15.88,15.06,24.37,27.37,37.57,90.43,43.68,29.93,3.44,104.0,0.0,0.0,0.0,104.0,0.0,0.0,0.0,0.0,0.0,0.0,0.0,0.0,0.0,0.0,0.0,0.0,0.0,0.0,0.0,0.0,0.0,0.0,0.0,0.0,0.0,0.0,0.0,0.0,0.0,0.0,0.0,0.0,0.0,0.0,0.0,0.0,0.0,0.0
33.7,0.0,0.0,0.0,0.0,0.0,0.0,0.0,0.0,0.0,0.0,0.0,0.0,0.0,0.0,0.0,0.0,0.0,4.0,30.8,34.83,91.57,45.18,27.57,19.11,22.43,13.6,0.0,10.13,13.25,50.0,24.0,9.0,0.0,65.0,3.0,30.35,39.06,57.51,51.49,30.89,19.63,29.07,10.86,0.0,15.94,3.45,110.0,50.0,5.0,4.0,151.0,2.0,19.37,33.79,40.48,72.12,37.58,33.82,28.17,21.67,0.0,8.99,3.62,96.0,12.0,0.0,0.0,108.0,5.0,15.28,15.19,26.75,36.85,59.15,43.68,30.13,28.8,0.0,14.36,2.16,108.0,26.0,0.0,5.0,129.0,6.0,16.88,0.0,28.13,43.13,55.83,50.31,42.17,25.93,19.14,14.3,12.41,64.0,30.0,10.0,6.0,78.0,0.0,0.0,0.0,0.0,0.0,0.0,0.0,0.0,0.0,0.0,0.0,0.0,0.0,0.0,0.0,0.0,0.0,1.0,8.8,0.0,19.3,15.34,25.6,28.53,37.56,84.82,45.6,28.26,3.15,114.0,0.0,0.0,0.0,114.0,0.0,0.0,0.0,0.0,0.0,0.0,0.0,0.0,0.0,0.0,0.0,0.0,0.0,0.0,0.0,0.0,0.0,0.0,0.0,0.0,0.0,0.0,0.0,0.0,0.0,0.0,0.0,0.0,0.0,0.0,0.0,0.0,0.0,0.0
33.8,0.0,0.0,0.0,0.0,0.0,0.0,0.0,0.0,0.0,0.0,0.0,0.0,0.0,0.0,0.0,0.0,0.0,4.0,27.59,39.16,94.18,45.7,28.7,19.5,23.48,13.29,0.0,10.85,12.92,53.0,21.0,9.0,8.0,57.0,3.0,30.94,36.91,60.52,53.75,29.68,23.45,29.21,10.92,0.0,18.5,5.21,108.0,42.0,15.0,0.0,135.0,2.0,19.16,28.56,40.87,74.99,34.17,35.18,25.21,18.94,0.0,10.15,3.3,112.0,8.0,0.0,0.0,120.0,5.0,15.01,15.16,26.77,38.9,56.16,45.92,34.28,31.45,0.0,16.28,0.97,97.0,32.0,0.0,10.0,119.0,6.0,19.37,16.88,28.7,37.38,55.94,50.51,40.78,26.16,19.94,0.0,12.12,46.0,20.0,9.0,4.0,53.0,0.0,0.0,0.0,0.0,0.0,0.0,0.0,0.0,0.0,0.0,0.0,0.0,0.0,0.0,0.0,0.0,0.0,1.0,11.48,0.0,22.09,13.75,26.36,27.45,38.33,80.69,41.46,28.22,3.58,97.0,0.0,0.0,0.0,97.0,0.0,0.0,0.0,0.0,0.0,0.0,0.0,0.0,0.0,0.0,0.0,0.0,0.0,0.0,0.0,0.0,0.0,0.0,0.0,0.0,0.0,0.0,0.0,0.0,0.0,0.0,0.0,0.0,0.0,0.0,0.0,0.0,0.0,0.0
33.9,0.0,0.0,0.0,0.0,0.0,0.0,0.0,0.0,0.0,0.0,0.0,0.0,0.0,0.0,0.0,0.0,0.0,4.0,32.58,40.32,92.14,47.08,26.7,16.08,22.62,16.92,0.0,9.48,13.1,52.0,30.0,11.0,6.0,65.0,3.0,31.32,34.12,62.32,52.46,35.05,19.49,28.57,12.47,0.0,17.8,3.6,114.0,34.0,0.0,1.0,147.0,2.0,20.83,25.48,41.59,74.19,38.96,33.97,29.17,19.58,0.0,10.04,3.38,113.0,16.0,0.0,0.0,129.0,5.0,15.02,16.29,27.52,40.55,57.04,47.12,31.42,27.67,0.0,15.61,1.84,100.0,37.0,0.0,15.0,122.0,6.0,21.3,19.48,28.61,37.39,56.72,49.16,42.57,25.66,20.5,0.0,13.87,58.0,28.0,6.0,0.0,80.0,0.0,0.0,0.0,0.0,0.0,0.0,0.0,0.0,0.0,0.0,0.0,0.0,0.0,0.0,0.0,0.0,0.0,1.0,7.31,0.0,20.72,12.45,28.8,32.97,36.95,81.22,46.19,31.96,3.46,100.0,0.0,0.0,0.0,100.0,0.0,0.0,0.0,0.0,0.0,0.0,0.0,0.0,0.0,0.0,0.0,0.0,0.0,0.0,0.0,0.0,0.0,0.0,0.0,0.0,0.0,0.0,0.0,0.0,0.0,0.0,0.0,0.0,0.0,0.0,0.0,0.0,0.0,0.0
34.0,0.0,0.0,0.0,0.0,0.0,0.0,0.0,0.0,0.0,0.0,0.0,0.0,0.0,0.0,0.0,0.0,0.0,4.0,31.46,39.13,91.77,46.83,27.57,15.18,23.42,12.14,0.0,11.97,12.62,51.0,24.0,9.0,0.0,66.0,3.0,29.91,30.83,60.35,47.87,37.04,18.94,26.68,0.0,13.98,19.2,4.68,106.0,36.0,0.0,3.0,139.0,2.0,19.59,25.98,44.62,79.17,35.11,29.24,29.61,21.2,9.99,0.0,3.16,107.0,12.0,0.0,0.0,119.0,5.0,13.83,15.88,28.91,40.91,56.26,48.83,32.13,26.13,0.0,16.66,1.41,105.0,48.0,0.0,12.0,141.0,6.0,20.9,21.28,23.89,36.66,54.56,49.98,42.48,25.18,21.52,0.0,11.55,61.0,28.0,9.0,0.0,80.0,0.0,0.0,0.0,0.0,0.0,0.0,0.0,0.0,0.0,0.0,0.0,0.0,0.0,0.0,0.0,0.0,0.0,1.0,8.65,0.0,21.21,7.71,27.68,32.61,36.48,77.79,50.8,33.57,3.51,101.0,0.0,0.0,0.0,101.0,0.0,0.0,0.0,0.0,0.0,0.0,0.0,0.0,0.0,0.0,0.0,0.0,0.0,0.0,0.0,0.0,0.0,0.0,0.0,0.0,0.0,0.0,0.0,0.0,0.0,0.0,0.0,0.0,0.0,0.0,0.0,0.0,0.0,0.0
34.1,0.0,0.0,0.0,0.0,0.0,0.0,0.0,0.0,0.0,0.0,0.0,0.0,0.0,0.0,0.0,0.0,0.0,4.0,32.4,44.35,86.7,45.86,26.31,15.68,22.84,13.17,0.0,13.22,12.46,48.0,18.0,9.0,0.0,57.0,3.0,25.4,33.97,59.4,48.71,35.0,18.87,23.7,0.0,15.96,15.78,4.67,103.0,44.0,0.0,0.0,147.0,2.0,20.77,25.61,46.31,82.82,34.32,29.81,31.15,21.47,13.55,0.0,3.41,111.0,0.0,0.0,0.0,111.0,5.0,0.0,15.82,30.32,39.75,56.92,44.06,33.84,22.69,14.22,14.33,0.96,104.0,40.0,0.0,20.0,124.0,6.0,19.52,18.29,26.3,33.31,49.25,49.02,39.97,24.08,21.29,0.0,10.8,62.0,37.0,6.0,0.0,93.0,0.0,0.0,0.0,0.0,0.0,0.0,0.0,0.0,0.0,0.0,0.0,0.0,0.0,0.0,0.0,0.0,0.0,1.0,6.74,7.19,22.46,0.0,27.38,31.27,38.86,78.97,47.25,34.85,3.27,109.0,0.0,0.0,0.0,109.0,0.0,0.0,0.0,0.0,0.0,0.0,0.0,0.0,0.0,0.0,0.0,0.0,0.0,0.0,0.0,0.0,0.0,0.0,0.0,0.0,0.0,0.0,0.0,0.0,0.0,0.0,0.0,0.0,0.0,0.0,0.0,0.0,0.0,0.0
34.2,0.0,0.0,0.0,0.0,0.0,0.0,0.0,0.0,0.0,0.0,0.0,0.0,0.0,0.0,0.0,0.0,0.0,4.0,28.34,43.86,79.81,51.28,28.01,16.17,20.05,0.0,9.58,13.05,15.99,46.0,12.0,11.0,0.0,47.0,3.0,29.02,37.28,60.27,48.54,32.58,19.33,21.97,0.0,16.52,15.03,4.6,95.0,42.0,0.0,0.0,137.0,2.0,20.98,24.84,46.77,83.93,35.22,28.1,30.11,22.45,15.31,0.0,3.31,106.0,0.0,0.0,0.0,106.0,5.0,0.0,18.28,25.45,37.27,58.05,50.93,36.26,25.98,12.56,16.77,2.37,112.0,34.0,4.0,14.0,128.0,6.0,19.49,21.62,24.05,33.18,49.18,52.22,41.78,30.02,0.0,18.82,11.65,86.0,43.0,20.0,0.0,109.0,0.0,0.0,0.0,0.0,0.0,0.0,0.0,0.0,0.0,0.0,0.0,0.0,0.0,0.0,0.0,0.0,0.0,1.0,0.0,7.59,23.27,7.14,24.61,32.41,36.78,78.28,47.1,32.05,3.26,112.0,0.0,0.0,0.0,112.0,0.0,0.0,0.0,0.0,0.0,0.0,0.0,0.0,0.0,0.0,0.0,0.0,0.0,0.0,0.0,0.0,0.0,0.0,0.0,0.0,0.0,0.0,0.0,0.0,0.0,0.0,0.0,0.0,0.0,0.0,0.0,0.0,0.0,0.0
34.3,0.0,0.0,0.0,0.0,0.0,0.0,0.0,0.0,0.0,0.0,0.0,0.0,0.0,0.0,0.0,0.0,0.0,4.0,25.78,44.36,80.13,45.8,27.64,16.52,20.09,0.0,10.79,13.49,11.39,40.0,19.0,10.0,0.0,49.0,3.0,28.6,37.97,64.15,47.51,30.47,20.75,16.09,12.2,18.68,0.0,2.88,125.0,42.0,0.0,0.0,167.0,2.0,20.41,26.29,43.66,84.22,34.56,29.71,33.55,18.79,0.0,7.94,3.49,100.0,0.0,0.0,0.0,100.0,5.0,0.0,15.41,28.6,35.35,59.68,52.42,36.28,26.73,12.3,14.98,1.52,111.0,40.0,6.0,24.0,121.0,6.0,18.99,20.58,26.87,34.16,47.52,53.02,40.72,29.22,21.92,0.0,7.69,140.0,64.0,48.0,0.0,156.0,0.0,0.0,0.0,0.0,0.0,0.0,0.0,0.0,0.0,0.0,0.0,0.0,0.0,0.0,0.0,0.0,0.0,1.0,0.0,10.5,21.39,13.36,28.99,35.21,38.31,76.39,47.58,34.97,3.28,106.0,0.0,0.0,0.0,106.0,0.0,0.0,0.0,0.0,0.0,0.0,0.0,0.0,0.0,0.0,0.0,0.0,0.0,0.0,0.0,0.0,0.0,0.0,0.0,0.0,0.0,0.0,0.0,0.0,0.0,0.0,0.0,0.0,0.0,0.0,0.0,0.0,0.0,0.0
34.4,0.0,0.0,0.0,0.0,0.0,0.0,0.0,0.0,0.0,0.0,0.0,0.0,0.0,0.0,0.0,0.0,0.0,4.0,24.22,44.24,76.28,45.02,28.87,15.94,21.08,0.0,12.77,10.57,15.36,51.0,23.0,9.0,0.0,65.0,3.0,30.0,37.31,62.16,48.89,31.6,22.39,16.22,0.0,17.74,10.97,3.74,109.0,50.0,0.0,0.0,159.0,2.0,21.0,28.82,45.99,84.72,31.68,31.61,31.98,20.47,0.0,11.12,3.6,95.0,0.0,0.0,0.0,95.0,5.0,0.0,15.85,27.29,36.78,54.11,52.22,38.86,24.1,15.98,12.94,12.42,126.0,66.0,57.0,2.0,133.0,6.0,22.94,19.1,27.68,35.53,48.17,52.13,43.4,29.25,24.99,0.0,8.65,152.0,83.0,72.0,7.0,156.0,0.0,0.0,0.0,0.0,0.0,0.0,0.0,0.0,0.0,0.0,0.0,0.0,0.0,0.0,0.0,0.0,0.0,1.0,0.0,6.93,18.88,10.59,23.49,34.82,39.2,77.06,50.34,36.43,3.37,102.0,0.0,0.0,0.0,102.0,0.0,0.0,0.0,0.0,0.0,0.0,0.0,0.0,0.0,0.0,0.0,0.0,0.0,0.0,0.0,0.0,0.0,0.0,0.0,0.0,0.0,0.0,0.0,0.0,0.0,0.0,0.0,0.0,0.0,0.0,0.0,0.0,0.0,0.0
34.5,0.0,0.0,0.0,0.0,0.0,0.0,0.0,0.0,0.0,0.0,0.0,0.0,0.0,0.0,0.0,0.0,0.0,4.0,24.78,44.6,78.71,46.53,27.95,18.09,21.66,0.0,9.74,14.49,17.62,54.0,14.0,9.0,0.0,59.0,3.0,31.41,36.16,63.88,51.22,28.53,20.33,19.67,9.39,13.51,0.0,3.85,96.0,20.0,0.0,0.0,116.0,2.0,22.62,32.91,47.06,77.26,32.82,29.2,29.84,18.98,14.57,0.0,3.55,104.0,0.0,0.0,0.0,104.0,5.0,0.0,17.81,26.1,41.21,56.45,56.49,39.87,23.78,19.72,14.34,14.85,122.0,46.0,46.0,0.0,122.0,6.0,20.6,16.48,30.04,38.11,47.98,53.95,42.0,27.92,22.78,0.0,7.99,109.0,58.0,37.0,8.0,122.0,0.0,0.0,0.0,0.0,0.0,0.0,0.0,0.0,0.0,0.0,0.0,0.0,0.0,0.0,0.0,0.0,0.0,1.0,0.0,7.49,19.95,13.6,19.07,33.41,37.26,73.73,48.59,36.62,3.56,97.0,0.0,0.0,0.0,97.0,0.0,0.0,0.0,0.0,0.0,0.0,0.0,0.0,0.0,0.0,0.0,0.0,0.0,0.0,0.0,0.0,0.0,0.0,0.0,0.0,0.0,0.0,0.0,0.0,0.0,0.0,0.0,0.0,0.0,0.0,0.0,0.0,0.0,0.0
34.6,0.0,0.0,0.0,0.0,0.0,0.0,0.0,0.0,0.0,0.0,0.0,0.0,0.0,0.0,0.0,0.0,0.0,4.0,21.87,45.58,74.03,45.22,26.74,19.83,17.63,0.0,7.53,15.85,6.58,85.0,58.0,6.0,5.0,132.0,3.0,31.38,42.02,66.83,47.82,25.55,18.85,20.99,0.0,20.64,9.99,3.98,103.0,26.0,0.0,0.0,129.0,2.0,22.89,31.72,47.58,72.19,35.54,26.98,29.34,20.79,12.9,0.0,3.6,97.0,0.0,0.0,0.0,97.0,5.0,0.0,16.58,24.69,41.1,57.68,56.35,42.15,23.07,21.05,16.27,9.26,119.0,51.0,47.0,0.0,123.0,6.0,21.63,17.79,27.9,36.84,46.11,57.1,40.42,30.14,20.29,0.0,5.64,112.0,51.0,5.0,32.0,126.0,0.0,0.0,0.0,0.0,0.0,0.0,0.0,0.0,0.0,0.0,0.0,0.0,0.0,0.0,0.0,0.0,0.0,1.0,0.0,10.64,16.93,13.29,20.6,32.66,34.76,69.5,48.92,32.45,3.42,103.0,0.0,0.0,0.0,103.0,0.0,0.0,0.0,0.0,0.0,0.0,0.0,0.0,0.0,0.0,0.0,0.0,0.0,0.0,0.0,0.0,0.0,0.0,0.0,0.0,0.0,0.0,0.0,0.0,0.0,0.0,0.0,0.0,0.0,0.0,0.0,0.0,0.0,0.0
34.7,0.0,0.0,0.0,0.0,0.0,0.0,0.0,0.0,0.0,0.0,0.0,0.0,0.0,0.0,0.0,0.0,0.0,4.0,24.96,44.55,69.38,46.37,24.6,18.5,20.52,7.59,0.0,14.2,13.4,60.0,38.0,6.0,3.0,89.0,3.0,27.83,42.26,69.71,51.79,25.53,21.67,19.5,10.62,20.64,0.0,4.21,101.0,34.0,0.0,0.0,135.0,2.0,20.33,32.72,49.45,71.46,35.63,27.62,27.82,18.11,14.55,0.0,3.25,112.0,12.0,0.0,0.0,124.0,5.0,0.0,14.69,25.37,39.24,57.65,58.63,41.73,18.23,17.97,15.91,16.58,67.0,28.0,15.0,0.0,80.0,6.0,23.69,0.0,31.45,34.66,47.47,61.93,41.86,29.31,18.07,18.37,3.53,128.0,32.0,0.0,19.0,141.0,0.0,0.0,0.0,0.0,0.0,0.0,0.0,0.0,0.0,0.0,0.0,0.0,0.0,0.0,0.0,0.0,0.0,1.0,0.0,12.08,15.61,9.51,22.77,32.84,35.88,71.78,46.29,34.03,3.34,106.0,0.0,0.0,0.0,106.0,0.0,0.0,0.0,0.0,0.0,0.0,0.0,0.0,0.0,0.0,0.0,0.0,0.0,0.0,0.0,0.0,0.0,0.0,0.0,0.0,0.0,0.0,0.0,0.0,0.0,0.0,0.0,0.0,0.0,0.0,0.0,0.0,0.0,0.0
34.8,0.0,0.0,0.0,0.0,0.0,0.0,0.0,0.0,0.0,0.0,0.0,0.0,0.0,0.0,0.0,0.0,0.0,4.0,25.07,47.32,69.7,45.84,25.25,17.47,19.54,6.09,0.0,15.76,11.81,54.0,26.0,11.0,0.0,69.0,3.0,29.68,39.2,67.57,49.8,22.73,21.21,19.02,13.46,22.92,0.0,3.49,109.0,20.0,0.0,0.0,129.0,2.0,23.62,34.53,51.1,68.92,38.5,23.8,27.95,18.82,17.28,0.0,4.34,89.0,20.0,0.0,0.0,109.0,5.0,0.0,17.74,23.5,38.59,58.13,58.28,39.67,22.11,19.68,18.47,16.28,54.0,23.0,12.0,2.0,63.0,6.0,24.4,0.0,28.5,38.39,48.56,63.49,40.59,32.35,20.83,21.52,4.12,104.0,30.0,0.0,0.0,134.0,0.0,0.0,0.0,0.0,0.0,0.0,0.0,0.0,0.0,0.0,0.0,0.0,0.0,0.0,0.0,0.0,0.0,1.0,0.0,11.8,16.87,15.31,24.38,30.58,35.29,68.76,44.19,36.27,3.56,91.0,0.0,0.0,0.0,91.0,0.0,0.0,0.0,0.0,0.0,0.0,0.0,0.0,0.0,0.0,0.0,0.0,0.0,0.0,0.0,0.0,0.0,0.0,0.0,0.0,0.0,0.0,0.0,0.0,0.0,0.0,0.0,0.0,0.0,0.0,0.0,0.0,0.0,0.0
34.9,0.0,0.0,0.0,0.0,0.0,0.0,0.0,0.0,0.0,0.0,0.0,0.0,0.0,0.0,0.0,0.0,0.0,4.0,34.59,50.09,71.03,42.25,19.83,16.35,18.54,0.0,5.02,14.03,10.1,59.0,31.0,10.0,2.0,78.0,3.0,30.69,44.23,63.98,46.99,26.0,22.75,18.74,8.93,19.3,0.0,4.27,119.0,58.0,0.0,0.0,177.0,2.0,22.28,33.66,52.43,66.42,37.12,23.28,27.22,14.91,19.2,0.0,3.73,96.0,32.0,0.0,0.0,128.0,5.0,0.0,16.93,28.16,37.47,54.15,55.76,38.07,23.71,18.5,19.83,16.35,87.0,35.0,25.0,0.0,97.0,6.0,20.09,18.46,26.77,37.52,48.79,64.49,42.54,29.33,20.7,0.0,3.99,105.0,38.0,0.0,4.0,139.0,0.0,0.0,0.0,0.0,0.0,0.0,0.0,0.0,0.0,0.0,0.0,0.0,0.0,0.0,0.0,0.0,0.0,1.0,0.0,7.01,17.37,14.71,25.88,30.83,33.33,67.35,34.32,36.08,3.28,109.0,0.0,0.0,0.0,109.0,0.0,0.0,0.0,0.0,0.0,0.0,0.0,0.0,0.0,0.0,0.0,0.0,0.0,0.0,0.0,0.0,0.0,0.0,0.0,0.0,0.0,0.0,0.0,0.0,0.0,0.0,0.0,0.0,0.0,0.0,0.0,0.0,0.0,0.0
35.0,0.0,0.0,0.0,0.0,0.0,0.0,0.0,0.0,0.0,0.0,0.0,0.0,0.0,0.0,0.0,0.0,0.0,4.0,33.71,49.1,68.83,44.5,24.68,19.05,18.66,9.37,0.0,14.29,13.25,50.0,14.0,9.0,4.0,51.0,3.0,30.76,46.75,63.46,49.23,25.33,20.82,16.76,0.0,18.46,9.16,3.52,100.0,42.0,0.0,0.0,142.0,2.0,27.5,34.91,50.57,66.06,36.33,19.91,22.31,16.12,20.38,0.0,3.17,121.0,44.0,0.0,0.0,165.0,5.0,0.0,21.04,27.8,37.78,47.18,56.58,34.54,19.42,13.31,18.4,13.77,75.0,45.0,10.0,0.0,110.0,6.0,25.72,0.0,21.43,35.47,47.14,64.95,41.6,30.36,19.62,22.86,4.65,111.0,30.0,0.0,0.0,141.0,0.0,0.0,0.0,0.0,0.0,0.0,0.0,0.0,0.0,0.0,0.0,0.0,0.0,0.0,0.0,0.0,0.0,1.0,5.43,0.0,15.76,15.39,24.8,31.42,32.48,68.9,48.31,33.5,3.52,100.0,0.0,0.0,0.0,100.0,0.0,0.0,0.0,0.0,0.0,0.0,0.0,0.0,0.0,0.0,0.0,0.0,0.0,0.0,0.0,0.0,0.0,0.0,0.0,0.0,0.0,0.0,0.0,0.0,0.0,0.0,0.0,0.0,0.0,0.0,0.0,0.0,0.0,0.0
35.1,0.0,0.0,0.0,0.0,0.0,0.0,0.0,0.0,0.0,0.0,0.0,0.0,0.0,0.0,0.0,0.0,0.0,4.0,35.19,49.2,68.92,41.89,25.87,18.04,17.72,11.58,0.0,18.07,10.75,68.0,43.0,18.0,5.0,88.0,3.0,31.11,44.3,66.31,48.28,25.55,22.06,19.82,0.0,15.9,8.13,4.24,114.0,70.0,0.0,4.0,180.0,2.0,27.77,35.7,50.53,65.76,39.63,25.8,26.62,14.6,21.59,0.0,4.08,113.0,48.0,0.0,0.0,161.0,5.0,14.01,23.41,26.67,37.47,50.1,59.1,30.33,19.1,0.0,17.03,19.43,64.0,25.0,11.0,0.0,78.0,6.0,26.14,0.0,26.94,37.66,47.03,66.51,40.77,29.43,21.07,22.81,3.97,95.0,30.0,0.0,0.0,125.0,0.0,0.0,0.0,0.0,0.0,0.0,0.0,0.0,0.0,0.0,0.0,0.0,0.0,0.0,0.0,0.0,0.0,1.0,0.0,5.04,16.27,13.7,28.44,33.15,35.14,60.63,50.19,33.64,3.35,106.0,2.0,0.0,0.0,108.0,0.0,0.0,0.0,0.0,0.0,0.0,0.0,0.0,0.0,0.0,0.0,0.0,0.0,0.0,0.0,0.0,0.0,0.0,0.0,0.0,0.0,0.0,0.0,0.0,0.0,0.0,0.0,0.0,0.0,0.0,0.0,0.0,0.0,0.0
35.2,0.0,0.0,0.0,0.0,0.0,0.0,0.0,0.0,0.0,0.0,0.0,0.0,0.0,0.0,0.0,0.0,0.0,4.0,30.98,52.34,68.18,40.14,21.77,19.16,17.1,12.57,0.0,13.63,12.48,52.0,17.0,9.0,3.0,57.0,3.0,32.38,41.71,65.36,44.7,28.46,18.99,21.43,9.14,19.12,0.0,3.62,100.0,38.0,0.0,0.0,138.0,2.0,26.93,35.12,48.04,58.4,41.18,22.25,26.96,16.15,21.59,0.0,4.06,105.0,44.0,1.0,12.0,136.0,5.0,14.38,22.49,25.19,37.11,46.11,60.69,36.38,19.63,0.0,17.85,15.98,54.0,26.0,6.0,4.0,70.0,6.0,23.75,0.0,27.54,35.24,45.47,67.46,37.45,29.97,20.05,22.01,3.52,103.0,22.0,0.0,0.0,125.0,0.0,0.0,0.0,0.0,0.0,0.0,0.0,0.0,0.0,0.0,0.0,0.0,0.0,0.0,0.0,0.0,0.0,1.0,2.45,0.0,15.83,17.27,28.53,31.47,36.24,65.46,48.98,36.22,3.29,104.0,2.0,0.0,0.0,106.0,0.0,0.0,0.0,0.0,0.0,0.0,0.0,0.0,0.0,0.0,0.0,0.0,0.0,0.0,0.0,0.0,0.0,0.0,0.0,0.0,0.0,0.0,0.0,0.0,0.0,0.0,0.0,0.0,0.0,0.0,0.0,0.0,0.0,0.0
35.3,0.0,0.0,0.0,0.0,0.0,0.0,0.0,0.0,0.0,0.0,0.0,0.0,0.0,0.0,0.0,0.0,0.0,4.0,30.33,50.2,64.67,41.02,21.89,22.05,17.14,16.79,0.0,14.5,11.55,52.0,32.0,6.0,0.0,78.0,3.0,32.39,39.95,68.4,45.72,23.93,14.57,21.64,9.84,16.36,0.0,3.22,113.0,22.0,0.0,0.0,135.0,2.0,25.49,32.42,42.61,59.91,40.71,26.01,26.43,14.51,19.18,0.0,4.35,110.0,64.0,0.0,1.0,173.0,5.0,17.3,22.64,20.06,38.43,49.46,62.95,36.5,21.56,0.0,16.29,14.83,90.0,46.0,6.0,12.0,118.0,6.0,24.85,0.0,25.09,35.41,39.06,72.27,43.23,23.54,24.41,19.69,3.44,104.0,0.0,0.0,0.0,104.0,0.0,0.0,0.0,0.0,0.0,0.0,0.0,0.0,0.0,0.0,0.0,0.0,0.0,0.0,0.0,0.0,0.0,1.0,4.03,0.0,19.34,17.07,28.81,30.59,33.93,63.7,47.4,37.58,3.72,94.0,0.0,0.0,0.0,94.0,0.0,0.0,0.0,0.0,0.0,0.0,0.0,0.0,0.0,0.0,0.0,0.0,0.0,0.0,0.0,0.0,0.0,0.0,0.0,0.0,0.0,0.0,0.0,0.0,0.0,0.0,0.0,0.0,0.0,0.0,0.0,0.0,0.0,0.0
35.4,0.0,0.0,0.0,0.0,0.0,0.0,0.0,0.0,0.0,0.0,0.0,0.0,0.0,0.0,0.0,0.0,0.0,4.0,29.85,49.71,62.63,34.23,22.14,21.34,18.19,18.82,0.0,9.7,10.32,78.0,50.0,6.0,0.0,122.0,3.0,31.18,35.92,71.91,46.7,21.32,13.5,17.86,0.0,10.55,7.35,3.48,105.0,0.0,0.0,0.0,105.0,2.0,22.67,32.71,48.44,60.14,40.48,23.73,25.33,13.19,19.4,0.0,3.84,108.0,44.0,0.0,7.0,145.0,5.0,0.0,25.57,18.92,35.26,47.75,61.75,36.07,24.48,14.73,16.04,8.74,83.0,48.0,3.0,12.0,116.0,6.0,21.74,0.0,21.44,31.97,42.05,65.42,41.36,33.84,21.23,19.73,3.22,109.0,4.0,0.0,0.0,113.0,0.0,0.0,0.0,0.0,0.0,0.0,0.0,0.0,0.0,0.0,0.0,0.0,0.0,0.0,0.0,0.0,0.0,1.0,7.35,0.0,19.99,16.61,31.05,27.55,35.13,60.35,49.63,33.73,3.34,103.0,0.0,0.0,0.0,103.0,0.0,0.0,0.0,0.0,0.0,0.0,0.0,0.0,0.0,0.0,0.0,0.0,0.0,0.0,0.0,0.0,0.0,0.0,0.0,0.0,0.0,0.0,0.0,0.0,0.0,0.0,0.0,0.0,0.0,0.0,0.0,0.0,0.0,0.0
35.5,0.0,0.0,0.0,0.0,0.0,0.0,0.0,0.0,0.0,0.0,0.0,0.0,0.0,0.0,0.0,0.0,0.0,4.0,26.87,47.35,61.73,35.24,21.47,16.09,17.0,16.51,0.0,8.01,9.54,37.0,18.0,6.0,0.0,49.0,3.0,33.57,40.97,76.81,42.22,22.28,15.1,21.89,7.4,9.49,0.0,3.39,100.0,0.0,0.0,0.0,100.0,2.0,23.04,34.41,52.52,56.74,39.75,25.6,26.97,15.67,16.21,0.0,3.64,108.0,52.0,7.0,2.0,151.0,5.0,15.12,26.84,18.37,36.53,45.08,61.59,35.06,27.01,16.57,0.0,12.41,82.0,60.0,3.0,10.0,129.0,6.0,20.53,0.0,23.24,31.69,46.65,70.71,38.33,33.56,20.62,21.49,3.56,103.0,6.0,0.0,0.0,109.0,0.0,0.0,0.0,0.0,0.0,0.0,0.0,0.0,0.0,0.0,0.0,0.0,0.0,0.0,0.0,0.0,0.0,1.0,8.46,0.0,21.96,14.46,28.68,26.9,33.24,59.49,53.36,39.62,3.34,104.0,0.0,0.0,0.0,104.0,0.0,0.0,0.0,0.0,0.0,0.0,0.0,0.0,0.0,0.0,0.0,0.0,0.0,0.0,0.0,0.0,0.0,0.0,0.0,0.0,0.0,0.0,0.0,0.0,0.0,0.0,0.0,0.0,0.0,0.0,0.0,0.0,0.0,0.0
35.6,0.0,0.0,0.0,0.0,0.0,0.0,0.0,0.0,0.0,0.0,0.0,0.0,0.0,0.0,0.0,0.0,0.0,4.0,26.1,48.44,57.2,35.17,19.44,18.97,18.0,12.15,0.0,7.36,13.48,53.0,21.0,9.0,0.0,65.0,3.0,35.36,36.48,77.54,44.15,17.24,18.57,19.33,9.07,13.92,0.0,3.57,101.0,0.0,0.0,0.0,101.0,2.0,23.48,36.42,49.98,57.69,38.87,24.69,25.82,14.51,16.14,0.0,4.27,115.0,52.0,2.0,11.0,154.0,5.0,0.0,29.52,18.77,36.59,47.4,65.0,41.21,29.67,16.12,14.95,7.54,83.0,58.0,3.0,6.0,132.0,6.0,20.65,0.0,22.4,32.63,47.82,74.67,41.24,32.43,20.18,22.76,3.37,110.0,2.0,0.0,0.0,112.0,0.0,0.0,0.0,0.0,0.0,0.0,0.0,0.0,0.0,0.0,0.0,0.0,0.0,0.0,0.0,0.0,0.0,1.0,7.73,0.0,17.67,14.27,27.38,26.16,31.36,58.17,54.01,36.21,3.47,98.0,0.0,0.0,0.0,98.0,0.0,0.0,0.0,0.0,0.0,0.0,0.0,0.0,0.0,0.0,0.0,0.0,0.0,0.0,0.0,0.0,0.0,0.0,0.0,0.0,0.0,0.0,0.0,0.0,0.0,0.0,0.0,0.0,0.0,0.0,0.0,0.0,0.0,0.0
35.7,0.0,0.0,0.0,0.0,0.0,0.0,0.0,0.0,0.0,0.0,0.0,0.0,0.0,0.0,0.0,0.0,0.0,4.0,29.89,48.7,53.12,35.91,20.32,17.38,15.21,13.14,2.56,0.0,9.63,83.0,42.0,6.0,2.0,117.0,3.0,32.34,39.96,80.21,44.7,22.17,21.57,20.28,12.02,13.27,0.0,3.72,95.0,0.0,0.0,0.0,95.0,2.0,23.23,32.99,51.62,53.82,34.64,20.84,23.71,14.81,15.65,0.0,6.09,107.0,60.0,0.0,9.0,158.0,5.0,17.31,27.24,18.1,33.3,44.8,67.78,40.18,26.47,19.27,0.0,11.63,95.0,70.0,3.0,6.0,156.0,6.0,20.72,0.0,24.29,33.67,48.69,72.16,38.73,34.89,19.55,19.39,3.43,100.0,4.0,0.0,0.0,104.0,0.0,0.0,0.0,0.0,0.0,0.0,0.0,0.0,0.0,0.0,0.0,0.0,0.0,0.0,0.0,0.0,0.0,1.0,0.0,8.74,15.68,13.93,27.11,28.53,29.18,54.37,55.66,36.33,3.26,104.0,0.0,0.0,0.0,104.0,0.0,0.0,0.0,0.0,0.0,0.0,0.0,0.0,0.0,0.0,0.0,0.0,0.0,0.0,0.0,0.0,0.0,0.0,0.0,0.0,0.0,0.0,0.0,0.0,0.0,0.0,0.0,0.0,0.0,0.0,0.0,0.0,0.0,0.0
35.8,0.0,0.0,0.0,0.0,0.0,0.0,0.0,0.0,0.0,0.0,0.0,0.0,0.0,0.0,0.0,0.0,0.0,4.0,29.16,50.76,49.42,32.87,21.04,17.03,15.53,12.43,0.0,2.59,9.39,88.0,57.0,14.0,0.0,131.0,3.0,28.75,40.86,82.01,42.57,20.41,22.13,21.3,8.91,12.97,0.0,3.51,95.0,0.0,0.0,0.0,95.0,2.0,17.76,35.67,48.43,53.86,36.51,22.81,21.87,15.0,14.45,0.0,4.71,115.0,72.0,0.0,8.0,179.0,5.0,0.0,25.26,20.0,32.49,45.99,72.09,42.83,28.76,18.59,16.79,9.25,103.0,82.0,0.0,10.0,175.0,6.0,21.09,18.94,29.35,33.97,47.1,73.87,39.41,35.91,0.0,22.96,3.33,109.0,8.0,0.0,0.0,117.0,0.0,0.0,0.0,0.0,0.0,0.0,0.0,0.0,0.0,0.0,0.0,0.0,0.0,0.0,0.0,0.0,0.0,1.0,5.82,0.0,12.22,14.88,27.3,28.14,27.26,56.51,54.09,39.6,3.21,108.0,0.0,0.0,0.0,108.0,0.0,0.0,0.0,0.0,0.0,0.0,0.0,0.0,0.0,0.0,0.0,0.0,0.0,0.0,0.0,0.0,0.0,0.0,0.0,0.0,0.0,0.0,0.0,0.0,0.0,0.0,0.0,0.0,0.0,0.0,0.0,0.0,0.0,0.0
35.9,0.0,0.0,0.0,0.0,0.0,0.0,0.0,0.0,0.0,0.0,0.0,0.0,0.0,0.0,0.0,0.0,0.0,4.0,30.79,50.59,50.03,30.09,20.03,17.79,17.64,14.27,0.0,5.23,5.37,115.0,94.0,6.0,12.0,191.0,3.0,29.93,39.56,81.46,41.52,24.62,20.12,19.08,0.0,11.93,6.73,3.3,111.0,0.0,0.0,0.0,111.0,2.0,22.9,38.01,47.75,51.42,35.33,20.19,18.76,14.12,15.3,0.0,5.2,110.0,80.0,0.0,2.0,188.0,5.0,19.09,22.83,20.32,30.61,46.36,73.31,41.07,26.33,0.0,17.91,9.33,79.0,46.0,6.0,3.0,116.0,6.0,19.26,0.0,25.53,32.3,42.4,75.29,38.47,30.48,17.65,20.62,3.37,105.0,0.0,0.0,0.0,105.0,0.0,0.0,0.0,0.0,0.0,0.0,0.0,0.0,0.0,0.0,0.0,0.0,0.0,0.0,0.0,0.0,0.0,1.0,0.0,2.46,13.74,16.4,26.3,27.16,27.91,54.62,55.46,38.99,3.12,117.0,0.0,0.0,0.0,117.0,0.0,0.0,0.0,0.0,0.0,0.0,0.0,0.0,0.0,0.0,0.0,0.0,0.0,0.0,0.0,0.0,0.0,0.0,0.0,0.0,0.0,0.0,0.0,0.0,0.0,0.0,0.0,0.0,0.0,0.0,0.0,0.0,0.0,0.0
36.0,0.0,0.0,0.0,0.0,0.0,0.0,0.0,0.0,0.0,0.0,0.0,0.0,0.0,0.0,0.0,0.0,0.0,4.0,33.51,50.02,51.1,31.07,22.0,14.86,18.46,12.8,0.0,6.34,5.52,117.0,66.0,28.0,1.0,154.0,3.0,31.72,40.42,83.63,36.2,25.23,20.14,19.53,8.99,0.0,5.48,3.31,113.0,0.0,0.0,0.0,113.0,2.0,23.63,37.28,44.5,49.01,34.77,23.39,19.31,12.5,12.81,0.0,6.81,117.0,78.0,3.0,31.0,161.0,5.0,22.45,20.47,19.99,25.69,43.82,75.93,43.43,27.33,0.0,16.51,9.49,104.0,82.0,0.0,2.0,184.0,6.0,18.7,17.32,30.73,30.87,42.04,74.8,35.69,30.5,0.0,19.37,3.64,96.0,0.0,0.0,0.0,96.0,0.0,0.0,0.0,0.0,0.0,0.0,0.0,0.0,0.0,0.0,0.0,0.0,0.0,0.0,0.0,0.0,0.0,1.0,0.0,3.57,10.23,15.09,19.96,26.65,27.88,53.56,56.0,36.0,3.47,101.0,0.0,0.0,0.0,101.0,0.0,0.0,0.0,0.0,0.0,0.0,0.0,0.0,0.0,0.0,0.0,0.0,0.0,0.0,0.0,0.0,0.0,0.0,0.0,0.0,0.0,0.0,0.0,0.0,0.0,0.0,0.0,0.0,0.0,0.0,0.0,0.0,0.0,0.0
36.1,0.0,0.0,0.0,0.0,0.0,0.0,0.0,0.0,0.0,0.0,0.0,0.0,0.0,0.0,0.0,0.0,0.0,4.0,30.63,49.08,50.77,29.55,19.07,19.65,20.96,15.95,0.0,7.17,5.73,129.0,104.0,23.0,4.0,206.0,3.0,31.11,38.7,83.34,37.4,22.44,19.11,18.09,10.73,11.1,0.0,3.45,101.0,0.0,0.0,0.0,101.0,2.0,21.84,34.49,44.19,49.13,34.8,22.26,16.7,13.36,13.0,0.0,5.8,105.0,78.0,2.0,23.0,158.0,5.0,19.6,14.12,21.18,28.04,45.23,77.51,35.86,25.89,17.22,0.0,11.71,86.0,60.0,3.0,0.0,143.0,6.0,17.05,0.0,29.3,29.23,44.28,78.12,38.79,35.08,17.04,17.24,3.34,110.0,0.0,0.0,0.0,110.0,0.0,0.0,0.0,0.0,0.0,0.0,0.0,0.0,0.0,0.0,0.0,0.0,0.0,0.0,0.0,0.0,0.0,1.0,2.42,0.0,13.91,14.01,24.09,24.26,30.24,50.91,56.58,39.32,3.24,110.0,0.0,0.0,0.0,110.0,0.0,0.0,0.0,0.0,0.0,0.0,0.0,0.0,0.0,0.0,0.0,0.0,0.0,0.0,0.0,0.0,0.0,0.0,0.0,0.0,0.0,0.0,0.0,0.0,0.0,0.0,0.0,0.0,0.0,0.0,0.0,0.0,0.0,0.0
36.2,0.0,0.0,0.0,0.0,0.0,0.0,0.0,0.0,0.0,0.0,0.0,0.0,0.0,0.0,0.0,0.0,0.0,4.0,30.45,52.6,51.76,28.54,23.33,19.62,20.99,13.03,0.0,5.49,4.21,101.0,74.0,7.0,9.0,159.0,3.0,32.22,36.75,80.61,37.28,22.42,18.99,19.09,14.58,10.05,0.0,3.7,92.0,0.0,0.0,0.0,92.0,2.0,24.43,39.27,48.71,49.71,38.91,21.83,22.12,11.4,0.0,7.6,5.82,120.0,74.0,1.0,9.0,184.0,5.0,18.06,18.11,19.18,22.72,43.3,83.52,33.95,25.03,0.0,17.34,12.64,60.0,39.0,6.0,0.0,93.0,6.0,16.63,18.94,30.99,26.83,45.73,82.58,36.68,33.69,0.0,18.59,3.37,109.0,0.0,0.0,0.0,109.0,0.0,0.0,0.0,0.0,0.0,0.0,0.0,0.0,0.0,0.0,0.0,0.0,0.0,0.0,0.0,0.0,0.0,0.0,0.0,0.0,0.0,0.0,0.0,0.0,0.0,0.0,0.0,0.0,0.0,0.0,0.0,0.0,0.0,0.0,1.0,6.84,0.0,13.8,16.2,24.02,25.66,29.85,46.18,50.85,39.62,3.39,102.0,0.0,3.0,0.0,99.0,0.0,0.0,0.0,0.0,0.0,0.0,0.0,0.0,0.0,0.0,0.0,0.0,0.0,0.0,0.0,0.0,0.0
36.3,0.0,0.0,0.0,0.0,0.0,0.0,0.0,0.0,0.0,0.0,0.0,0.0,0.0,0.0,0.0,0.0,0.0,4.0,32.94,54.62,49.17,28.11,21.13,16.77,20.54,17.57,0.0,7.43,5.95,120.0,64.0,23.0,10.0,151.0,3.0,32.54,41.63,80.19,37.64,22.45,19.61,19.7,12.52,11.26,0.0,3.47,107.0,0.0,0.0,0.0,107.0,2.0,25.33,38.7,49.53,52.5,36.17,23.51,15.05,12.06,13.2,0.0,6.51,112.0,62.0,13.0,11.0,150.0,5.0,17.41,21.11,18.7,27.3,41.43,86.41,38.72,28.83,0.0,16.51,11.3,88.0,58.0,3.0,4.0,139.0,6.0,21.23,21.82,33.71,26.99,44.45,85.15,39.3,28.35,0.0,20.12,3.36,105.0,0.0,0.0,0.0,105.0,0.0,0.0,0.0,0.0,0.0,0.0,0.0,0.0,0.0,0.0,0.0,0.0,0.0,0.0,0.0,0.0,0.0,0.0,0.0,0.0,0.0,0.0,0.0,0.0,0.0,0.0,0.0,0.0,0.0,0.0,0.0,0.0,0.0,0.0,1.0,5.81,0.0,10.83,13.99,22.07,28.31,32.05,41.78,54.98,42.08,3.53,99.0,0.0,0.0,0.0,99.0,0.0,0.0,0.0,0.0,0.0,0.0,0.0,0.0,0.0,0.0,0.0,0.0,0.0,0.0,0.0,0.0,0.0
36.4,0.0,0.0,0.0,0.0,0.0,0.0,0.0,0.0,0.0,0.0,0.0,0.0,0.0,0.0,0.0,0.0,0.0,4.0,28.15,55.86,50.1,29.42,19.54,13.78,16.48,16.86,0.0,3.27,5.07,120.0,72.0,23.0,8.0,161.0,3.0,32.65,44.71,78.4,34.79,22.94,20.78,17.88,12.1,11.24,0.0,3.67,93.0,0.0,0.0,0.0,93.0,2.0,26.11,34.88,50.98,54.65,33.39,25.13,14.34,17.02,13.37,0.0,7.09,115.0,90.0,14.0,1.0,190.0,5.0,0.0,19.55,17.28,27.8,42.9,88.49,38.29,27.62,15.81,16.82,6.02,107.0,92.0,0.0,2.0,197.0,6.0,16.95,19.1,33.73,26.78,41.1,88.97,38.86,35.21,18.72,0.0,3.61,100.0,0.0,0.0,0.0,100.0,0.0,0.0,0.0,0.0,0.0,0.0,0.0,0.0,0.0,0.0,0.0,0.0,0.0,0.0,0.0,0.0,0.0,0.0,0.0,0.0,0.0,0.0,0.0,0.0,0.0,0.0,0.0,0.0,0.0,0.0,0.0,0.0,0.0,0.0,1.0,0.0,5.27,10.54,15.42,24.83,23.48,34.31,40.49,56.93,40.75,3.23,108.0,0.0,0.0,0.0,108.0,0.0,0.0,0.0,0.0,0.0,0.0,0.0,0.0,0.0,0.0,0.0,0.0,0.0,0.0,0.0,0.0,0.0
36.5,0.0,0.0,0.0,0.0,0.0,0.0,0.0,0.0,0.0,0.0,0.0,0.0,0.0,0.0,0.0,0.0,0.0,4.0,25.67,55.55,51.88,29.59,22.93,14.01,17.29,17.81,0.0,6.63,6.6,129.0,70.0,33.0,6.0,160.0,3.0,32.23,46.29,75.68,35.31,15.66,19.4,15.91,12.0,13.14,0.0,3.37,104.0,0.0,0.0,0.0,104.0,2.0,24.65,33.36,50.05,47.25,32.74,27.28,14.22,16.27,13.86,0.0,5.89,102.0,54.0,12.0,3.0,141.0,5.0,14.36,19.39,19.42,25.39,41.57,88.05,38.14,33.72,17.2,0.0,12.63,85.0,78.0,3.0,1.0,159.0,6.0,0.0,22.28,32.96,26.99,42.19,87.08,39.86,31.58,16.57,18.19,3.33,108.0,0.0,0.0,0.0,108.0,0.0,0.0,0.0,0.0,0.0,0.0,0.0,0.0,0.0,0.0,0.0,0.0,0.0,0.0,0.0,0.0,0.0,0.0,0.0,0.0,0.0,0.0,0.0,0.0,0.0,0.0,0.0,0.0,0.0,0.0,0.0,0.0,0.0,0.0,1.0,4.83,5.35,0.0,17.08,23.9,30.63,32.94,38.44,60.38,38.19,3.39,105.0,0.0,0.0,0.0,105.0,0.0,0.0,0.0,0.0,0.0,0.0,0.0,0.0,0.0,0.0,0.0,0.0,0.0,0.0,0.0,0.0,0.0
36.6,0.0,0.0,0.0,0.0,0.0,0.0,0.0,0.0,0.0,0.0,0.0,0.0,0.0,0.0,0.0,0.0,0.0,4.0,28.41,59.1,49.14,34.36,23.39,15.45,14.48,16.97,0.0,9.37,6.63,121.0,64.0,12.0,17.0,156.0,3.0,27.1,42.77,72.83,34.55,25.23,19.27,19.87,11.03,16.58,0.0,3.37,109.0,0.0,0.0,0.0,109.0,2.0,25.34,34.76,55.99,51.68,29.27,29.84,17.0,19.02,12.95,0.0,9.11,83.0,62.0,3.0,4.0,138.0,5.0,0.0,20.99,18.46,27.57,39.12,91.55,39.79,30.99,18.66,17.51,5.14,97.0,92.0,0.0,1.0,188.0,6.0,0.0,17.97,31.98,25.17,45.68,85.92,36.88,30.82,17.36,19.43,3.33,111.0,0.0,0.0,0.0,111.0,0.0,0.0,0.0,0.0,0.0,0.0,0.0,0.0,0.0,0.0,0.0,0.0,0.0,0.0,0.0,0.0,0.0,0.0,0.0,0.0,0.0,0.0,0.0,0.0,0.0,0.0,0.0,0.0,0.0,0.0,0.0,0.0,0.0,0.0,1.0,0.0,8.41,8.97,15.57,19.24,30.94,33.71,41.06,62.23,36.98,3.19,112.0,0.0,0.0,0.0,112.0,0.0,0.0,0.0,0.0,0.0,0.0,0.0,0.0,0.0,0.0,0.0,0.0,0.0,0.0,0.0,0.0,0.0
36.7,0.0,0.0,0.0,0.0,0.0,0.0,0.0,0.0,0.0,0.0,0.0,0.0,0.0,0.0,0.0,0.0,0.0,4.0,35.87,58.35,53.09,35.04,22.23,15.06,13.57,14.55,0.0,9.22,6.61,116.0,86.0,7.0,16.0,179.0,3.0,29.58,45.73,69.85,34.53,26.56,20.28,16.48,11.81,18.72,0.0,3.42,104.0,0.0,0.0,0.0,104.0,2.0,26.37,38.74,55.53,50.86,28.8,26.67,17.09,13.3,10.29,0.0,10.7,73.0,29.0,6.0,0.0,96.0,5.0,0.0,17.74,19.23,28.78,38.5,91.04,40.21,32.6,22.06,17.02,12.14,66.0,33.0,6.0,3.0,90.0,6.0,0.0,18.84,30.26,25.99,49.14,81.46,39.03,34.67,17.58,18.18,3.37,112.0,0.0,0.0,0.0,112.0,0.0,0.0,0.0,0.0,0.0,0.0,0.0,0.0,0.0,0.0,0.0,0.0,0.0,0.0,0.0,0.0,0.0,0.0,0.0,0.0,0.0,0.0,0.0,0.0,0.0,0.0,0.0,0.0,0.0,0.0,0.0,0.0,0.0,0.0,1.0,0.0,7.82,10.81,13.32,21.29,30.0,33.78,44.05,64.5,38.29,3.46,104.0,0.0,0.0,0.0,104.0,0.0,0.0,0.0,0.0,0.0,0.0,0.0,0.0,0.0,0.0,0.0,0.0,0.0,0.0,0.0,0.0,0.0
36.8,0.0,0.0,0.0,0.0,0.0,0.0,0.0,0.0,0.0,0.0,0.0,0.0,0.0,0.0,0.0,0.0,0.0,4.0,34.09,62.54,48.21,35.04,19.65,15.18,13.09,15.01,0.0,11.51,6.95,115.0,77.0,19.0,19.0,154.0,3.0,27.55,42.09,64.82,35.04,27.95,20.12,13.19,15.35,15.39,0.0,5.38,109.0,48.0,0.0,0.0,157.0,2.0,27.84,38.99,59.3,52.96,27.77,23.43,18.66,16.5,8.82,0.0,8.64,71.0,46.0,3.0,1.0,113.0,5.0,0.0,19.63,17.46,29.0,40.46,91.42,40.27,33.8,20.72,15.19,11.24,87.0,66.0,6.0,12.0,135.0,6.0,0.0,20.19,27.87,25.37,47.41,77.67,37.57,33.34,20.76,20.95,3.42,104.0,0.0,0.0,0.0,104.0,0.0,0.0,0.0,0.0,0.0,0.0,0.0,0.0,0.0,0.0,0.0,0.0,0.0,0.0,0.0,0.0,0.0,0.0,0.0,0.0,0.0,0.0,0.0,0.0,0.0,0.0,0.0,0.0,0.0,0.0,0.0,0.0,0.0,0.0,1.0,0.0,7.12,14.2,11.5,18.95,23.88,31.19,44.49,65.65,36.66,3.28,107.0,0.0,0.0,0.0,107.0,0.0,0.0,0.0,0.0,0.0,0.0,0.0,0.0,0.0,0.0,0.0,0.0,0.0,0.0,0.0,0.0,0.0
36.9,0.0,0.0,0.0,0.0,0.0,0.0,0.0,0.0,0.0,0.0,0.0,0.0,0.0,0.0,0.0,0.0,0.0,4.0,36.27,63.16,46.91,33.49,18.82,17.81,9.97,16.57,0.0,10.8,4.62,113.0,65.0,0.0,16.0,162.0,3.0,29.73,46.58,66.85,31.95,29.45,19.94,15.04,16.19,19.19,0.0,3.58,116.0,54.0,0.0,0.0,170.0,2.0,29.36,40.12,58.91,51.72,33.0,21.14,17.48,16.51,11.41,0.0,9.66,82.0,50.0,7.0,4.0,121.0,5.0,0.0,15.83,19.37,27.59,35.06,88.39,36.21,33.36,25.77,16.13,8.0,92.0,82.0,0.0,24.0,150.0,6.0,0.0,21.52,25.68,26.89,47.67,71.85,36.48,36.8,21.6,20.04,3.17,107.0,0.0,0.0,0.0,107.0,0.0,0.0,0.0,0.0,0.0,0.0,0.0,0.0,0.0,0.0,0.0,0.0,0.0,0.0,0.0,0.0,0.0,0.0,0.0,0.0,0.0,0.0,0.0,0.0,0.0,0.0,0.0,0.0,0.0,0.0,0.0,0.0,0.0,0.0,1.0,0.0,5.36,9.86,14.38,17.28,23.99,31.8,47.99,67.81,34.36,3.44,99.0,0.0,0.0,0.0,99.0,0.0,0.0,0.0,0.0,0.0,0.0,0.0,0.0,0.0,0.0,0.0,0.0,0.0,0.0,0.0,0.0,0.0
37.0,0.0,0.0,0.0,0.0,0.0,0.0,0.0,0.0,0.0,0.0,0.0,0.0,0.0,0.0,0.0,0.0,0.0,4.0,35.77,65.7,48.57,31.05,15.05,16.77,11.1,18.05,0.0,13.28,4.36,113.0,64.0,0.0,0.0,177.0,3.0,32.72,50.67,63.52,32.2,28.91,21.01,16.93,17.72,14.2,0.0,4.82,109.0,64.0,0.0,0.0,173.0,2.0,29.93,39.07,62.48,51.71,28.62,23.56,19.26,14.31,7.74,0.0,9.04,46.0,31.0,8.0,0.0,69.0,5.0,0.0,16.65,18.93,30.33,37.16,83.08,38.84,31.62,24.53,21.47,11.08,78.0,72.0,0.0,15.0,135.0,6.0,0.0,21.28,27.99,28.77,47.39,67.06,37.55,31.65,23.49,20.9,3.67,99.0,12.0,0.0,0.0,111.0,0.0,0.0,0.0,0.0,0.0,0.0,0.0,0.0,0.0,0.0,0.0,0.0,0.0,0.0,0.0,0.0,0.0,0.0,0.0,0.0,0.0,0.0,0.0,0.0,0.0,0.0,0.0,0.0,0.0,0.0,0.0,0.0,0.0,0.0,1.0,0.0,3.17,7.71,12.85,23.12,27.41,31.89,49.01,70.24,33.21,3.68,97.0,0.0,0.0,0.0,97.0,0.0,0.0,0.0,0.0,0.0,0.0,0.0,0.0,0.0,0.0,0.0,0.0,0.0,0.0,0.0,0.0,0.0
37.1,0.0,0.0,0.0,0.0,0.0,0.0,0.0,0.0,0.0,0.0,0.0,0.0,0.0,0.0,0.0,0.0,0.0,4.0,35.9,72.45,43.35,35.44,18.8,16.21,8.49,16.9,0.0,10.46,3.51,109.0,32.0,0.0,0.0,141.0,3.0,32.15,52.8,62.63,32.6,30.04,21.84,17.63,16.88,15.54,0.0,4.71,102.0,62.0,0.0,5.0,159.0,2.0,29.54,39.2,60.51,50.9,37.4,25.75,20.57,18.58,11.89,0.0,13.98,93.0,60.0,6.0,1.0,146.0,5.0,0.0,15.87,15.9,33.19,32.18,78.65,39.11,30.28,24.55,22.67,18.94,80.0,61.0,20.0,4.0,117.0,6.0,0.0,22.59,28.0,25.19,46.25,65.45,39.58,29.13,20.88,20.06,3.8,91.0,18.0,0.0,0.0,109.0,0.0,0.0,0.0,0.0,0.0,0.0,0.0,0.0,0.0,0.0,0.0,0.0,0.0,0.0,0.0,0.0,0.0,0.0,0.0,0.0,0.0,0.0,0.0,0.0,0.0,0.0,0.0,0.0,0.0,0.0,0.0,0.0,0.0,0.0,1.0,7.04,8.35,0.0,13.94,23.76,29.51,29.99,46.52,72.35,33.82,3.24,112.0,0.0,0.0,0.0,112.0,0.0,0.0,0.0,0.0,0.0,0.0,0.0,0.0,0.0,0.0,0.0,0.0,0.0,0.0,0.0,0.0,0.0
37.2,0.0,0.0,0.0,0.0,0.0,0.0,0.0,0.0,0.0,0.0,0.0,0.0,0.0,0.0,0.0,0.0,0.0,4.0,34.41,69.53,47.38,36.35,25.81,18.38,0.0,16.78,9.87,12.78,3.43,103.0,0.0,0.0,0.0,103.0,3.0,32.77,56.07,62.07,33.47,28.82,21.56,18.53,16.11,14.43,0.0,6.77,114.0,72.0,21.0,5.0,160.0,2.0,29.58,39.44,62.4,46.72,34.59,25.98,20.07,23.32,11.66,0.0,9.75,91.0,50.0,6.0,14.0,121.0,5.0,0.0,14.24,15.38,33.04,35.81,72.32,37.4,29.05,22.37,21.42,21.43,60.0,36.0,23.0,1.0,72.0,6.0,0.0,19.52,29.31,24.89,43.88,65.9,44.06,28.35,23.45,19.26,3.14,113.0,28.0,0.0,0.0,141.0,0.0,0.0,0.0,0.0,0.0,0.0,0.0,0.0,0.0,0.0,0.0,0.0,0.0,0.0,0.0,0.0,0.0,0.0,0.0,0.0,0.0,0.0,0.0,0.0,0.0,0.0,0.0,0.0,0.0,0.0,0.0,0.0,0.0,0.0,1.0,6.42,9.16,0.0,14.37,22.39,27.93,30.94,43.22,72.35,35.15,3.41,101.0,0.0,0.0,0.0,101.0,0.0,0.0,0.0,0.0,0.0,0.0,0.0,0.0,0.0,0.0,0.0,0.0,0.0,0.0,0.0,0.0,0.0
37.3,0.0,0.0,0.0,0.0,0.0,0.0,0.0,0.0,0.0,0.0,0.0,0.0,0.0,0.0,0.0,0.0,0.0,4.0,38.41,74.27,46.25,36.9,21.46,14.88,0.0,17.76,12.01,13.56,3.73,93.0,6.0,0.0,0.0,99.0,3.0,31.07,51.9,60.42,31.66,28.71,21.79,19.45,20.16,15.34,0.0,4.84,98.0,62.0,7.0,11.0,142.0,2.0,30.65,37.27,63.05,45.74,33.29,25.46,22.82,22.5,0.0,10.15,8.45,67.0,50.0,6.0,4.0,107.0,5.0,0.0,15.28,15.11,33.5,35.23,70.24,37.47,31.89,16.46,18.46,16.85,62.0,36.0,30.0,0.0,68.0,6.0,0.0,20.19,31.56,23.96,43.7,64.73,48.82,28.73,21.75,19.46,3.32,112.0,18.0,0.0,0.0,130.0,0.0,0.0,0.0,0.0,0.0,0.0,0.0,0.0,0.0,0.0,0.0,0.0,0.0,0.0,0.0,0.0,0.0,0.0,0.0,0.0,0.0,0.0,0.0,0.0,0.0,0.0,0.0,0.0,0.0,0.0,0.0,0.0,0.0,0.0,1.0,7.83,9.1,0.0,15.78,23.05,24.79,31.22,42.93,77.76,35.02,3.56,100.0,0.0,0.0,0.0,100.0,0.0,0.0,0.0,0.0,0.0,0.0,0.0,0.0,0.0,0.0,0.0,0.0,0.0,0.0,0.0,0.0,0.0
37.4,0.0,0.0,0.0,0.0,0.0,0.0,0.0,0.0,0.0,0.0,0.0,0.0,0.0,0.0,0.0,0.0,0.0,4.0,39.53,76.78,48.45,33.6,24.72,12.42,0.0,16.3,12.3,11.6,3.45,104.0,0.0,0.0,0.0,104.0,3.0,30.72,55.67,55.87,30.53,29.8,20.63,18.03,17.23,16.57,0.0,4.84,111.0,54.0,14.0,9.0,142.0,2.0,30.43,38.33,61.62,42.93,30.67,25.42,21.6,20.07,11.39,0.0,12.96,79.0,49.0,6.0,49.0,73.0,5.0,19.83,0.0,16.48,31.57,36.16,69.24,35.72,33.14,19.68,22.19,18.78,97.0,33.0,46.0,24.0,60.0,6.0,0.0,21.16,28.05,25.69,44.83,61.1,45.07,25.81,25.43,19.54,3.22,114.0,22.0,0.0,0.0,136.0,0.0,0.0,0.0,0.0,0.0,0.0,0.0,0.0,0.0,0.0,0.0,0.0,0.0,0.0,0.0,0.0,0.0,0.0,0.0,0.0,0.0,0.0,0.0,0.0,0.0,0.0,0.0,0.0,0.0,0.0,0.0,0.0,0.0,0.0,1.0,0.0,9.49,13.51,15.24,19.39,27.79,31.0,43.56,80.7,36.88,3.49,99.0,0.0,0.0,0.0,99.0,0.0,0.0,0.0,0.0,0.0,0.0,0.0,0.0,0.0,0.0,0.0,0.0,0.0,0.0,0.0,0.0,0.0
37.5,0.0,0.0,0.0,0.0,0.0,0.0,0.0,0.0,0.0,0.0,0.0,0.0,0.0,0.0,0.0,0.0,0.0,4.0,41.25,78.75,48.16,32.12,26.64,12.33,14.51,15.57,14.01,0.0,3.19,115.0,0.0,0.0,0.0,115.0,3.0,30.14,54.77,56.49,32.28,26.39,22.22,14.83,18.07,16.18,0.0,6.48,146.0,70.0,37.0,7.0,172.0,2.0,30.12,38.5,64.75,45.7,32.66,25.69,21.03,17.5,12.05,0.0,11.39,56.0,38.0,6.0,3.0,85.0,5.0,18.69,0.0,15.97,33.69,37.19,71.49,38.46,37.94,18.37,23.88,16.42,54.0,20.0,9.0,0.0,65.0,6.0,0.0,20.2,29.0,27.54,39.53,58.76,46.65,25.68,24.07,17.0,3.6,107.0,16.0,0.0,0.0,123.0,0.0,0.0,0.0,0.0,0.0,0.0,0.0,0.0,0.0,0.0,0.0,0.0,0.0,0.0,0.0,0.0,0.0,0.0,0.0,0.0,0.0,0.0,0.0,0.0,0.0,0.0,0.0,0.0,0.0,0.0,0.0,0.0,0.0,0.0,1.0,0.0,8.38,8.08,15.57,19.67,23.41,28.99,42.91,80.89,38.44,3.18,106.0,0.0,0.0,0.0,106.0,0.0,0.0,0.0,0.0,0.0,0.0,0.0,0.0,0.0,0.0,0.0,0.0,0.0,0.0,0.0,0.0,0.0
37.6,0.0,0.0,0.0,0.0,0.0,0.0,0.0,0.0,0.0,0.0,0.0,0.0,0.0,0.0,0.0,0.0,0.0,4.0,39.2,81.72,43.93,30.92,28.7,11.74,14.76,15.01,8.91,0.0,3.74,90.0,0.0,0.0,0.0,90.0,3.0,29.8,52.26,53.04,31.95,27.07,19.7,11.45,20.72,15.0,0.0,5.2,102.0,64.0,24.0,0.0,142.0,2.0,26.45,40.24,64.3,43.74,29.19,26.38,17.89,17.11,10.39,0.0,11.37,55.0,32.0,6.0,1.0,80.0,5.0,0.0,18.35,17.55,31.31,36.0,69.81,41.47,34.81,18.08,24.15,14.8,68.0,41.0,20.0,0.0,89.0,6.0,0.0,20.49,28.78,27.75,38.85,58.25,45.81,26.86,26.35,21.64,3.96,96.0,28.0,0.0,0.0,124.0,0.0,0.0,0.0,0.0,0.0,0.0,0.0,0.0,0.0,0.0,0.0,0.0,0.0,0.0,0.0,0.0,0.0,0.0,0.0,0.0,0.0,0.0,0.0,0.0,0.0,0.0,0.0,0.0,0.0,0.0,0.0,0.0,0.0,0.0,1.0,0.0,12.88,8.05,14.88,14.66,24.03,32.8,41.51,81.66,37.68,3.34,110.0,0.0,0.0,0.0,110.0,0.0,0.0,0.0,0.0,0.0,0.0,0.0,0.0,0.0,0.0,0.0,0.0,0.0,0.0,0.0,0.0,0.0
37.7,0.0,0.0,0.0,0.0,0.0,0.0,0.0,0.0,0.0,0.0,0.0,0.0,0.0,0.0,0.0,0.0,0.0,4.0,37.24,86.82,48.38,30.56,28.53,12.05,11.64,18.58,10.86,0.0,3.43,100.0,0.0,0.0,0.0,100.0,3.0,29.83,56.11,48.28,39.44,30.92,16.45,12.27,19.55,14.88,0.0,7.73,116.0,64.0,16.0,7.0,157.0,2.0,30.18,39.6,63.68,45.21,30.02,25.81,18.82,16.64,8.71,0.0,10.47,72.0,52.0,6.0,3.0,115.0,0.0,0.0,0.0,0.0,0.0,0.0,0.0,0.0,0.0,0.0,0.0,0.0,0.0,0.0,0.0,0.0,0.0,6.0,0.0,17.87,23.78,28.81,40.13,56.51,46.66,25.63,24.22,23.62,3.7,98.0,36.0,0.0,11.0,123.0,5.0,15.95,0.0,16.12,31.14,36.06,66.61,44.38,32.17,19.8,24.88,15.99,70.0,30.0,9.0,9.0,82.0,0.0,0.0,0.0,0.0,0.0,0.0,0.0,0.0,0.0,0.0,0.0,0.0,0.0,0.0,0.0,0.0,0.0,1.0,6.35,14.58,0.0,13.9,15.68,21.8,28.86,39.71,82.25,40.49,3.5,102.0,0.0,0.0,0.0,102.0,0.0,0.0,0.0,0.0,0.0,0.0,0.0,0.0,0.0,0.0,0.0,0.0,0.0,0.0,0.0,0.0,0.0
37.8,0.0,0.0,0.0,0.0,0.0,0.0,0.0,0.0,0.0,0.0,0.0,0.0,0.0,0.0,0.0,0.0,0.0,4.0,40.71,86.97,44.3,32.83,30.32,18.09,9.71,20.7,14.12,0.0,3.43,102.0,0.0,0.0,0.0,102.0,3.0,32.43,54.66,48.7,37.89,29.01,14.99,13.75,19.16,13.51,0.0,6.19,136.0,71.0,31.0,20.0,156.0,2.0,27.93,40.52,64.67,46.22,32.32,26.88,15.03,18.39,0.0,7.75,11.61,50.0,27.0,9.0,0.0,68.0,0.0,0.0,0.0,0.0,0.0,0.0,0.0,0.0,0.0,0.0,0.0,0.0,0.0,0.0,0.0,0.0,0.0,6.0,0.0,17.77,29.01,27.12,42.87,55.47,48.28,26.57,22.88,23.97,3.82,98.0,22.0,2.0,15.0,103.0,5.0,0.0,16.82,15.99,31.6,33.46,67.93,43.84,33.27,18.35,21.68,30.41,50.0,12.0,9.0,0.0,53.0,0.0,0.0,0.0,0.0,0.0,0.0,0.0,0.0,0.0,0.0,0.0,0.0,0.0,0.0,0.0,0.0,0.0,1.0,6.01,15.65,0.0,14.6,13.11,17.32,30.91,38.62,79.86,39.94,2.96,116.0,0.0,0.0,0.0,116.0,0.0,0.0,0.0,0.0,0.0,0.0,0.0,0.0,0.0,0.0,0.0,0.0,0.0,0.0,0.0,0.0,0.0
37.9,0.0,0.0,0.0,0.0,0.0,0.0,0.0,0.0,0.0,0.0,0.0,0.0,0.0,0.0,0.0,0.0,0.0,4.0,39.58,87.11,45.49,23.25,30.12,13.25,11.08,19.48,14.16,0.0,3.34,110.0,0.0,0.0,0.0,110.0,3.0,31.45,54.49,47.11,32.88,30.47,13.61,11.36,19.77,10.99,0.0,8.33,87.0,54.0,9.0,18.0,114.0,2.0,27.76,41.63,69.08,44.29,33.74,27.9,17.43,16.85,0.0,11.54,8.35,86.0,68.0,3.0,7.0,144.0,0.0,0.0,0.0,0.0,0.0,0.0,0.0,0.0,0.0,0.0,0.0,0.0,0.0,0.0,0.0,0.0,0.0,6.0,0.0,17.03,23.93,28.86,42.23,54.72,48.55,24.02,21.11,24.33,5.17,110.0,37.0,10.0,6.0,131.0,5.0,0.0,17.83,15.64,30.07,34.03,64.72,42.72,31.74,16.96,19.83,21.31,48.0,15.0,9.0,0.0,54.0,0.0,0.0,0.0,0.0,0.0,0.0,0.0,0.0,0.0,0.0,0.0,0.0,0.0,0.0,0.0,0.0,0.0,1.0,6.04,13.39,0.0,14.99,10.04,22.91,30.17,36.37,78.87,35.76,3.11,117.0,0.0,0.0,0.0,117.0,0.0,0.0,0.0,0.0,0.0,0.0,0.0,0.0,0.0,0.0,0.0,0.0,0.0,0.0,0.0,0.0,0.0
38.0,0.0,0.0,0.0,0.0,0.0,0.0,0.0,0.0,0.0,0.0,0.0,0.0,0.0,0.0,0.0,0.0,0.0,4.0,33.89,82.3,44.17,34.83,29.95,14.58,11.21,16.67,13.3,0.0,3.18,106.0,0.0,0.0,0.0,106.0,3.0,31.91,53.89,47.79,35.09,28.76,17.1,13.04,17.91,0.0,8.45,8.88,79.0,25.0,15.0,10.0,79.0,2.0,26.86,41.04,69.45,48.64,33.67,26.68,16.63,17.63,0.0,12.24,10.81,56.0,20.0,9.0,0.0,67.0,0.0,0.0,0.0,0.0,0.0,0.0,0.0,0.0,0.0,0.0,0.0,0.0,0.0,0.0,0.0,0.0,0.0,6.0,0.0,16.98,23.63,30.74,41.56,56.37,48.68,22.76,24.17,20.04,6.62,107.0,41.0,25.0,2.0,121.0,5.0,0.0,17.99,17.08,33.24,37.02,62.32,46.92,29.73,20.5,19.09,20.24,51.0,28.0,6.0,0.0,73.0,0.0,0.0,0.0,0.0,0.0,0.0,0.0,0.0,0.0,0.0,0.0,0.0,0.0,0.0,0.0,0.0,0.0,1.0,5.05,13.02,0.0,13.91,10.15,17.78,27.02,37.17,76.94,33.0,3.32,105.0,0.0,0.0,0.0,105.0,0.0,0.0,0.0,0.0,0.0,0.0,0.0,0.0,0.0,0.0,0.0,0.0,0.0,0.0,0.0,0.0,0.0
38.1,0.0,0.0,0.0,0.0,0.0,0.0,0.0,0.0,0.0,0.0,0.0,0.0,0.0,0.0,0.0,0.0,0.0,4.0,38.43,81.49,43.2,37.28,32.51,13.29,13.2,17.17,12.3,0.0,3.31,108.0,0.0,0.0,0.0,108.0,3.0,32.32,58.88,47.02,37.88,29.83,15.93,13.78,13.9,12.95,0.0,10.59,96.0,56.0,13.0,13.0,126.0,2.0,25.76,43.31,74.59,45.16,33.33,25.24,17.66,19.68,0.0,12.72,12.07,60.0,31.0,9.0,6.0,76.0,0.0,0.0,0.0,0.0,0.0,0.0,0.0,0.0,0.0,0.0,0.0,0.0,0.0,0.0,0.0,0.0,0.0,6.0,0.0,17.62,22.92,33.33,39.97,55.9,51.3,24.55,23.69,19.03,4.67,118.0,28.0,19.0,2.0,125.0,5.0,0.0,22.58,18.72,34.03,36.02,60.14,46.28,29.15,23.06,22.11,21.2,50.0,17.0,9.0,0.0,58.0,0.0,0.0,0.0,0.0,0.0,0.0,0.0,0.0,0.0,0.0,0.0,0.0,0.0,0.0,0.0,0.0,0.0,1.0,0.0,12.65,7.71,13.85,11.67,20.86,29.15,35.82,75.16,34.98,3.19,106.0,0.0,0.0,0.0,106.0,0.0,0.0,0.0,0.0,0.0,0.0,0.0,0.0,0.0,0.0,0.0,0.0,0.0,0.0,0.0,0.0,0.0
38.2,0.0,0.0,0.0,0.0,0.0,0.0,0.0,0.0,0.0,0.0,0.0,0.0,0.0,0.0,0.0,0.0,0.0,4.0,35.96,81.94,40.79,39.75,33.67,11.53,16.15,15.43,10.66,0.0,3.49,101.0,0.0,0.0,0.0,101.0,3.0,37.74,58.45,50.15,37.41,30.56,11.43,15.55,14.57,13.53,0.0,7.5,83.0,47.0,8.0,4.0,118.0,2.0,25.17,46.83,74.4,40.68,33.77,22.69,22.18,19.43,0.0,14.09,13.97,45.0,22.0,9.0,4.0,54.0,0.0,0.0,0.0,0.0,0.0,0.0,0.0,0.0,0.0,0.0,0.0,0.0,0.0,0.0,0.0,0.0,0.0,6.0,0.0,15.82,23.8,29.91,40.18,56.23,47.39,24.01,23.16,19.51,6.0,115.0,32.0,29.0,0.0,118.0,5.0,0.0,24.51,18.16,35.47,33.7,57.85,47.72,32.22,23.9,20.33,18.0,65.0,19.0,9.0,0.0,75.0,0.0,0.0,0.0,0.0,0.0,0.0,0.0,0.0,0.0,0.0,0.0,0.0,0.0,0.0,0.0,0.0,0.0,1.0,0.0,8.71,7.06,11.07,9.62,18.66,30.09,39.07,70.35,37.39,3.28,110.0,0.0,0.0,0.0,110.0,0.0,0.0,0.0,0.0,0.0,0.0,0.0,0.0,0.0,0.0,0.0,0.0,0.0,0.0,0.0,0.0,0.0
38.3,0.0,0.0,0.0,0.0,0.0,0.0,0.0,0.0,0.0,0.0,0.0,0.0,0.0,0.0,0.0,0.0,0.0,4.0,34.75,81.63,39.61,39.44,26.04,11.3,13.51,15.15,0.0,10.78,3.38,110.0,0.0,0.0,0.0,110.0,3.0,35.74,58.26,45.4,36.92,31.55,13.19,13.22,10.25,10.13,0.0,7.56,97.0,62.0,3.0,25.0,131.0,2.0,27.31,45.22,75.88,43.03,32.02,20.78,23.35,19.26,0.0,14.47,15.0,64.0,40.0,8.0,3.0,93.0,0.0,0.0,0.0,0.0,0.0,0.0,0.0,0.0,0.0,0.0,0.0,0.0,0.0,0.0,0.0,0.0,0.0,6.0,0.0,16.73,27.54,25.27,40.18,53.21,47.42,22.99,24.18,19.83,7.34,131.0,31.0,38.0,0.0,124.0,5.0,0.0,25.52,19.62,33.79,32.52,57.05,45.62,31.8,25.04,20.29,20.97,55.0,41.0,9.0,26.0,61.0,0.0,0.0,0.0,0.0,0.0,0.0,0.0,0.0,0.0,0.0,0.0,0.0,0.0,0.0,0.0,0.0,0.0,1.0,0.0,11.23,6.28,15.03,7.87,19.98,31.25,40.16,65.45,38.06,3.47,103.0,0.0,0.0,0.0,103.0,0.0,0.0,0.0,0.0,0.0,0.0,0.0,0.0,0.0,0.0,0.0,0.0,0.0,0.0,0.0,0.0,0.0
38.4,0.0,0.0,0.0,0.0,0.0,0.0,0.0,0.0,0.0,0.0,0.0,0.0,0.0,0.0,0.0,0.0,0.0,4.0,38.34,76.4,42.25,33.76,25.56,12.72,12.46,16.1,9.03,0.0,3.46,102.0,0.0,0.0,0.0,102.0,3.0,35.29,56.24,42.87,37.22,32.58,10.76,12.48,12.96,5.16,0.0,13.06,50.0,18.0,9.0,1.0,58.0,2.0,28.53,43.91,83.62,39.43,30.81,24.06,21.36,17.51,14.03,0.0,12.33,68.0,36.0,13.0,0.0,91.0,0.0,0.0,0.0,0.0,0.0,0.0,0.0,0.0,0.0,0.0,0.0,0.0,0.0,0.0,0.0,0.0,0.0,6.0,0.0,13.16,20.07,25.73,41.07,51.22,47.38,25.05,23.52,20.36,4.94,129.0,19.0,25.0,0.0,123.0,5.0,0.0,24.43,19.0,32.22,36.94,56.25,48.0,32.18,24.07,19.84,31.8,42.0,14.0,9.0,0.0,47.0,0.0,0.0,0.0,0.0,0.0,0.0,0.0,0.0,0.0,0.0,0.0,0.0,0.0,0.0,0.0,0.0,0.0,1.0,0.0,12.67,7.5,13.66,7.19,14.59,31.68,40.75,66.25,37.58,3.36,102.0,0.0,0.0,0.0,102.0,0.0,0.0,0.0,0.0,0.0,0.0,0.0,0.0,0.0,0.0,0.0,0.0,0.0,0.0,0.0,0.0,0.0
38.5,0.0,0.0,0.0,0.0,0.0,0.0,0.0,0.0,0.0,0.0,0.0,0.0,0.0,0.0,0.0,0.0,0.0,4.0,40.11,75.3,40.39,32.76,24.43,15.7,8.24,15.6,9.21,0.0,3.71,93.0,0.0,0.0,0.0,93.0,3.0,33.29,59.51,45.54,34.9,28.64,13.63,11.31,16.61,0.0,8.13,14.65,72.0,26.0,6.0,1.0,91.0,2.0,30.03,49.01,83.67,40.02,29.9,23.32,18.39,17.26,10.87,0.0,12.81,42.0,16.0,9.0,0.0,49.0,0.0,0.0,0.0,0.0,0.0,0.0,0.0,0.0,0.0,0.0,0.0,0.0,0.0,0.0,0.0,0.0,0.0,6.0,0.0,13.08,25.26,26.93,39.42,50.24,48.95,26.67,22.11,23.45,5.77,116.0,35.0,29.0,1.0,121.0,5.0,0.0,26.05,20.05,27.86,32.63,56.88,50.83,31.29,24.18,18.89,18.58,67.0,20.0,9.0,0.0,78.0,0.0,0.0,0.0,0.0,0.0,0.0,0.0,0.0,0.0,0.0,0.0,0.0,0.0,0.0,0.0,0.0,0.0,1.0,0.0,12.18,8.6,14.57,11.38,20.23,33.24,40.7,62.89,42.6,3.33,111.0,0.0,0.0,0.0,111.0,0.0,0.0,0.0,0.0,0.0,0.0,0.0,0.0,0.0,0.0,0.0,0.0,0.0,0.0,0.0,0.0,0.0
38.6,0.0,0.0,0.0,0.0,0.0,0.0,0.0,0.0,0.0,0.0,0.0,0.0,0.0,0.0,0.0,0.0,0.0,4.0,40.29,73.56,41.64,32.95,25.25,18.2,8.37,20.31,11.38,0.0,3.28,109.0,0.0,0.0,0.0,109.0,3.0,34.72,62.31,42.92,35.61,30.73,16.49,11.58,18.08,0.0,8.25,9.6,81.0,37.0,30.0,8.0,80.0,2.0,25.18,47.56,86.74,43.69,32.63,23.86,20.86,14.3,11.29,0.0,19.82,44.0,21.0,9.0,0.0,56.0,0.0,0.0,0.0,0.0,0.0,0.0,0.0,0.0,0.0,0.0,0.0,0.0,0.0,0.0,0.0,0.0,0.0,6.0,9.95,0.0,28.72,25.4,34.83,49.01,52.97,28.03,25.16,20.18,6.34,92.0,24.0,6.0,0.0,110.0,5.0,0.0,24.36,19.94,29.2,31.1,56.85,54.64,33.26,21.23,19.5,13.58,44.0,8.0,6.0,0.0,46.0,0.0,0.0,0.0,0.0,0.0,0.0,0.0,0.0,0.0,0.0,0.0,0.0,0.0,0.0,0.0,0.0,0.0,1.0,0.0,12.8,13.15,12.02,11.51,22.94,32.99,39.54,60.2,40.28,3.36,103.0,0.0,0.0,0.0,103.0,0.0,0.0,0.0,0.0,0.0,0.0,0.0,0.0,0.0,0.0,0.0,0.0,0.0,0.0,0.0,0.0,0.0
38.7,0.0,0.0,0.0,0.0,0.0,0.0,0.0,0.0,0.0,0.0,0.0,0.0,0.0,0.0,0.0,0.0,0.0,4.0,41.53,75.72,42.29,33.46,21.93,17.65,10.66,18.38,11.14,0.0,3.46,96.0,0.0,0.0,0.0,96.0,3.0,36.18,60.37,45.65,31.07,27.59,16.2,13.55,16.5,0.0,11.79,10.38,76.0,50.0,3.0,6.0,117.0,2.0,21.69,51.93,86.7,42.51,29.28,24.12,23.97,15.21,13.29,0.0,12.07,53.0,28.0,6.0,0.0,75.0,0.0,0.0,0.0,0.0,0.0,0.0,0.0,0.0,0.0,0.0,0.0,0.0,0.0,0.0,0.0,0.0,0.0,6.0,0.0,11.96,27.0,26.42,31.86,48.82,51.3,26.48,24.09,20.72,10.37,67.0,22.0,6.0,0.0,83.0,5.0,0.0,24.82,17.83,25.94,31.86,60.11,52.24,33.23,22.95,16.81,16.69,84.0,14.0,6.0,0.0,92.0,0.0,0.0,0.0,0.0,0.0,0.0,0.0,0.0,0.0,0.0,0.0,0.0,0.0,0.0,0.0,0.0,0.0,1.0,0.0,12.81,10.25,8.96,5.59,16.17,32.77,36.28,60.44,42.74,3.43,101.0,0.0,0.0,0.0,101.0,0.0,0.0,0.0,0.0,0.0,0.0,0.0,0.0,0.0,0.0,0.0,0.0,0.0,0.0,0.0,0.0,0.0
38.8,0.0,0.0,0.0,0.0,0.0,0.0,0.0,0.0,0.0,0.0,0.0,0.0,0.0,0.0,0.0,0.0,0.0,4.0,43.31,75.03,42.84,35.82,21.36,18.64,14.04,19.94,0.0,8.78,3.8,87.0,0.0,0.0,0.0,87.0,3.0,33.94,63.33,45.16,32.7,28.03,15.89,11.21,13.17,0.0,10.09,9.75,77.0,33.0,6.0,15.0,89.0,2.0,21.04,49.11,84.75,43.1,26.29,24.57,24.22,16.63,10.37,0.0,13.09,51.0,26.0,9.0,2.0,66.0,0.0,0.0,0.0,0.0,0.0,0.0,0.0,0.0,0.0,0.0,0.0,0.0,0.0,0.0,0.0,0.0,0.0,6.0,13.6,0.0,21.69,23.04,33.35,47.93,47.6,27.84,23.55,21.28,8.71,68.0,23.0,6.0,0.0,85.0,5.0,17.05,23.83,0.0,26.43,29.11,61.77,52.7,34.39,22.96,18.17,8.84,71.0,7.0,3.0,3.0,72.0,0.0,0.0,0.0,0.0,0.0,0.0,0.0,0.0,0.0,0.0,0.0,0.0,0.0,0.0,0.0,0.0,0.0,1.0,0.0,6.98,11.27,10.8,13.73,17.99,27.82,38.03,58.99,45.0,3.23,110.0,2.0,0.0,0.0,112.0,0.0,0.0,0.0,0.0,0.0,0.0,0.0,0.0,0.0,0.0,0.0,0.0,0.0,0.0,0.0,0.0,0.0
38.9,0.0,0.0,0.0,0.0,0.0,0.0,0.0,0.0,0.0,0.0,0.0,0.0,0.0,0.0,0.0,0.0,0.0,4.0,43.49,69.63,40.77,35.38,18.68,20.36,14.0,16.39,0.0,6.08,3.72,92.0,0.0,0.0,0.0,92.0,3.0,34.51,69.96,43.24,35.71,26.94,12.98,12.43,14.16,0.0,11.65,10.14,73.0,30.0,6.0,2.0,95.0,2.0,22.9,49.56,86.67,44.71,24.69,25.2,22.99,14.55,10.75,0.0,14.54,47.0,17.0,9.0,0.0,55.0,0.0,0.0,0.0,0.0,0.0,0.0,0.0,0.0,0.0,0.0,0.0,0.0,0.0,0.0,0.0,0.0,0.0,6.0,15.16,0.0,25.06,23.04,36.41,48.43,50.3,27.35,25.33,18.0,7.59,86.0,27.0,12.0,0.0,101.0,5.0,0.0,23.61,16.17,26.95,29.32,61.09,54.18,35.73,22.3,18.99,12.68,70.0,18.0,6.0,1.0,81.0,0.0,0.0,0.0,0.0,0.0,0.0,0.0,0.0,0.0,0.0,0.0,0.0,0.0,0.0,0.0,0.0,0.0,1.0,0.0,7.61,12.59,13.25,16.48,19.42,32.01,38.07,58.04,48.89,3.69,95.0,8.0,0.0,0.0,103.0,0.0,0.0,0.0,0.0,0.0,0.0,0.0,0.0,0.0,0.0,0.0,0.0,0.0,0.0,0.0,0.0,0.0
39.0,0.0,0.0,0.0,0.0,0.0,0.0,0.0,0.0,0.0,0.0,0.0,0.0,0.0,0.0,0.0,0.0,0.0,4.0,46.35,65.55,42.03,32.21,18.37,20.94,13.73,17.08,0.0,4.77,3.14,113.0,0.0,0.0,0.0,113.0,3.0,37.73,70.15,37.43,33.67,27.21,10.53,13.82,16.37,0.0,11.83,8.02,92.0,56.0,22.0,6.0,120.0,2.0,23.77,50.34,81.64,41.5,21.45,23.6,17.11,11.84,11.2,0.0,13.5,68.0,49.0,9.0,0.0,108.0,0.0,0.0,0.0,0.0,0.0,0.0,0.0,0.0,0.0,0.0,0.0,0.0,0.0,0.0,0.0,0.0,0.0,6.0,16.83,0.0,22.53,23.76,38.58,48.45,52.76,31.72,25.58,15.64,5.59,118.0,48.0,24.0,0.0,142.0,5.0,0.0,24.23,14.22,27.11,25.85,58.56,58.92,35.15,19.53,20.75,16.04,56.0,24.0,9.0,0.0,71.0,0.0,0.0,0.0,0.0,0.0,0.0,0.0,0.0,0.0,0.0,0.0,0.0,0.0,0.0,0.0,0.0,0.0,1.0,0.0,7.57,14.98,12.31,15.83,21.47,29.47,41.17,60.28,49.97,3.18,109.0,0.0,0.0,0.0,109.0,0.0,0.0,0.0,0.0,0.0,0.0,0.0,0.0,0.0,0.0,0.0,0.0,0.0,0.0,0.0,0.0,0.0
39.1,0.0,0.0,0.0,0.0,0.0,0.0,0.0,0.0,0.0,0.0,0.0,0.0,0.0,0.0,0.0,0.0,0.0,4.0,46.86,65.07,39.1,34.66,15.59,25.52,10.77,11.08,4.98,0.0,3.09,121.0,4.0,0.0,0.0,125.0,3.0,36.62,77.91,38.64,35.15,26.28,11.86,14.27,11.71,0.0,11.26,10.04,70.0,61.0,7.0,3.0,121.0,2.0,22.52,48.42,80.17,38.4,21.91,22.28,17.21,13.31,12.35,0.0,11.41,63.0,45.0,7.0,0.0,101.0,0.0,0.0,0.0,0.0,0.0,0.0,0.0,0.0,0.0,0.0,0.0,0.0,0.0,0.0,0.0,0.0,0.0,6.0,15.19,0.0,24.62,22.06,38.45,49.95,50.73,29.77,27.32,17.99,8.97,150.0,77.0,62.0,0.0,165.0,5.0,0.0,21.22,13.63,23.39,22.77,57.89,60.46,37.58,19.27,21.04,15.97,113.0,62.0,44.0,2.0,129.0,0.0,0.0,0.0,0.0,0.0,0.0,0.0,0.0,0.0,0.0,0.0,0.0,0.0,0.0,0.0,0.0,0.0,1.0,0.0,8.22,10.73,9.51,11.81,25.65,28.93,39.15,56.2,49.86,3.39,104.0,0.0,0.0,0.0,104.0,0.0,0.0,0.0,0.0,0.0,0.0,0.0,0.0,0.0,0.0,0.0,0.0,0.0,0.0,0.0,0.0,0.0
39.2,0.0,0.0,0.0,0.0,0.0,0.0,0.0,0.0,0.0,0.0,0.0,0.0,0.0,0.0,0.0,0.0,0.0,4.0,49.91,66.69,38.41,30.68,16.82,26.38,17.57,16.12,6.36,0.0,3.3,103.0,0.0,0.0,0.0,103.0,3.0,34.47,76.14,37.5,34.06,24.83,13.09,18.02,14.37,0.0,9.85,11.11,65.0,27.0,9.0,0.0,83.0,2.0,25.24,44.84,76.85,37.98,18.25,20.9,16.85,11.01,14.31,0.0,7.52,54.0,20.0,6.0,0.0,68.0,0.0,0.0,0.0,0.0,0.0,0.0,0.0,0.0,0.0,0.0,0.0,0.0,0.0,0.0,0.0,0.0,0.0,6.0,14.45,0.0,21.66,23.25,36.41,47.72,52.88,30.19,22.75,18.19,10.9,74.0,55.0,23.0,0.0,106.0,5.0,0.0,21.76,12.63,22.21,23.22,57.79,60.32,35.58,20.26,20.64,10.14,137.0,40.0,63.0,0.0,114.0,0.0,0.0,0.0,0.0,0.0,0.0,0.0,0.0,0.0,0.0,0.0,0.0,0.0,0.0,0.0,0.0,0.0,1.0,0.0,10.16,11.32,15.3,12.76,23.14,33.8,38.11,55.27,53.6,3.49,99.0,2.0,0.0,0.0,101.0,0.0,0.0,0.0,0.0,0.0,0.0,0.0,0.0,0.0,0.0,0.0,0.0,0.0,0.0,0.0,0.0,0.0
39.3,0.0,0.0,0.0,0.0,0.0,0.0,0.0,0.0,0.0,0.0,0.0,0.0,0.0,0.0,0.0,0.0,0.0,4.0,48.41,65.37,38.06,31.11,12.57,25.21,17.86,14.41,5.72,0.0,3.33,104.0,0.0,0.0,0.0,104.0,3.0,35.45,80.08,36.93,29.66,18.55,0.0,16.67,15.97,12.44,11.7,9.66,53.0,34.0,6.0,0.0,81.0,2.0,25.47,45.46,76.17,40.06,18.36,20.76,14.71,13.71,13.14,0.0,11.88,70.0,24.0,9.0,0.0,85.0,0.0,0.0,0.0,0.0,0.0,0.0,0.0,0.0,0.0,0.0,0.0,0.0,0.0,0.0,0.0,0.0,0.0,6.0,15.95,0.0,21.21,21.98,39.85,51.03,50.22,32.6,23.74,21.03,14.12,41.0,15.0,9.0,0.0,47.0,5.0,0.0,17.95,15.12,23.68,22.86,52.19,61.83,31.27,22.46,17.61,5.79,114.0,17.0,14.0,1.0,116.0,0.0,0.0,0.0,0.0,0.0,0.0,0.0,0.0,0.0,0.0,0.0,0.0,0.0,0.0,0.0,0.0,0.0,1.0,0.0,8.85,9.56,15.86,11.41,25.56,30.14,38.73,55.42,52.41,3.5,98.0,22.0,0.0,0.0,120.0,0.0,0.0,0.0,0.0,0.0,0.0,0.0,0.0,0.0,0.0,0.0,0.0,0.0,0.0,0.0,0.0,0.0
39.4,0.0,0.0,0.0,0.0,0.0,0.0,0.0,0.0,0.0,0.0,0.0,0.0,0.0,0.0,0.0,0.0,0.0,4.0,53.69,63.16,34.26,28.26,10.77,20.14,16.59,12.07,6.48,0.0,3.27,107.0,0.0,0.0,0.0,107.0,3.0,33.87,79.18,38.1,29.96,22.35,11.55,13.87,14.96,0.0,10.8,11.69,58.0,30.0,6.0,2.0,80.0,2.0,26.96,46.47,72.94,37.43,21.46,19.32,15.53,12.75,13.48,0.0,10.66,59.0,26.0,6.0,0.0,79.0,0.0,0.0,0.0,0.0,0.0,0.0,0.0,0.0,0.0,0.0,0.0,0.0,0.0,0.0,0.0,0.0,0.0,6.0,0.0,14.71,20.57,20.91,38.82,47.1,54.53,34.49,24.53,22.87,12.64,58.0,15.0,7.0,0.0,66.0,5.0,15.83,15.91,0.0,21.27,22.14,49.82,61.67,37.55,22.18,15.82,0.89,110.0,20.0,0.0,9.0,121.0,0.0,0.0,0.0,0.0,0.0,0.0,0.0,0.0,0.0,0.0,0.0,0.0,0.0,0.0,0.0,0.0,0.0,1.0,0.0,8.47,8.18,14.44,13.98,24.72,31.9,39.03,53.24,52.13,4.12,109.0,58.0,0.0,0.0,167.0,0.0,0.0,0.0,0.0,0.0,0.0,0.0,0.0,0.0,0.0,0.0,0.0,0.0,0.0,0.0,0.0,0.0
39.5,0.0,0.0,0.0,0.0,0.0,0.0,0.0,0.0,0.0,0.0,0.0,0.0,0.0,0.0,0.0,0.0,0.0,4.0,49.48,60.14,34.34,29.52,14.05,23.45,18.87,11.74,4.32,0.0,2.95,118.0,0.0,0.0,0.0,118.0,3.0,36.81,76.77,39.24,24.83,21.29,14.92,10.92,15.64,7.32,0.0,10.27,61.0,21.0,9.0,0.0,73.0,2.0,27.12,43.97,75.96,40.43,22.86,21.61,16.25,8.43,12.09,0.0,12.87,46.0,18.0,6.0,0.0,58.0,0.0,0.0,0.0,0.0,0.0,0.0,0.0,0.0,0.0,0.0,0.0,0.0,0.0,0.0,0.0,0.0,0.0,6.0,0.0,14.55,21.56,17.84,37.66,52.36,54.62,35.66,29.56,23.23,9.78,54.0,30.0,6.0,1.0,77.0,5.0,15.37,19.8,0.0,24.79,23.73,51.83,63.07,37.69,17.76,16.24,1.88,101.0,25.0,0.0,5.0,121.0,0.0,0.0,0.0,0.0,0.0,0.0,0.0,0.0,0.0,0.0,0.0,0.0,0.0,0.0,0.0,0.0,0.0,1.0,0.0,4.94,10.88,13.9,11.61,25.1,32.37,36.98,54.18,54.27,4.86,101.0,52.0,0.0,0.0,153.0,0.0,0.0,0.0,0.0,0.0,0.0,0.0,0.0,0.0,0.0,0.0,0.0,0.0,0.0,0.0,0.0,0.0
39.6,0.0,0.0,0.0,0.0,0.0,0.0,0.0,0.0,0.0,0.0,0.0,0.0,0.0,0.0,0.0,0.0,0.0,4.0,47.38,56.85,35.93,26.34,15.32,21.56,21.05,9.85,4.76,0.0,3.65,106.0,12.0,0.0,0.0,118.0,3.0,34.1,84.02,39.82,27.46,21.89,16.04,11.53,13.21,10.78,0.0,11.52,65.0,41.0,12.0,4.0,90.0,2.0,28.39,49.63,74.71,35.69,21.76,22.89,15.94,10.61,12.48,0.0,12.95,68.0,33.0,14.0,4.0,83.0,0.0,0.0,0.0,0.0,0.0,0.0,0.0,0.0,0.0,0.0,0.0,0.0,0.0,0.0,0.0,0.0,0.0,6.0,10.84,0.0,21.81,25.2,35.57,51.3,56.78,32.26,30.02,24.42,13.22,63.0,19.0,9.0,0.0,73.0,5.0,0.0,21.7,17.47,26.04,22.26,51.04,61.67,39.93,18.37,21.54,1.41,108.0,28.0,0.0,19.0,117.0,0.0,0.0,0.0,0.0,0.0,0.0,0.0,0.0,0.0,0.0,0.0,0.0,0.0,0.0,0.0,0.0,0.0,1.0,0.0,10.66,9.16,10.88,14.1,23.7,28.87,37.88,54.09,49.33,4.02,101.0,0.0,0.0,0.0,101.0,0.0,0.0,0.0,0.0,0.0,0.0,0.0,0.0,0.0,0.0,0.0,0.0,0.0,0.0,0.0,0.0,0.0
39.7,0.0,0.0,0.0,0.0,0.0,0.0,0.0,0.0,0.0,0.0,0.0,0.0,0.0,0.0,0.0,0.0,0.0,4.0,52.15,54.71,33.58,21.75,16.63,21.06,19.35,9.65,5.17,0.0,3.22,114.0,8.0,0.0,0.0,122.0,3.0,38.05,81.81,39.81,25.44,21.57,13.73,10.37,12.45,11.56,0.0,10.9,66.0,36.0,6.0,1.0,95.0,2.0,31.97,50.39,72.4,40.17,21.11,19.36,13.6,11.74,12.05,0.0,14.05,46.0,18.0,9.0,0.0,55.0,0.0,0.0,0.0,0.0,0.0,0.0,0.0,0.0,0.0,0.0,0.0,0.0,0.0,0.0,0.0,0.0,0.0,6.0,12.1,0.0,18.77,22.87,33.39,43.59,57.68,35.96,28.61,22.87,12.58,60.0,15.0,10.0,0.0,65.0,5.0,0.0,18.58,19.36,27.29,24.49,52.53,65.11,40.71,18.22,19.41,0.88,100.0,14.0,0.0,9.0,105.0,0.0,0.0,0.0,0.0,0.0,0.0,0.0,0.0,0.0,0.0,0.0,0.0,0.0,0.0,0.0,0.0,0.0,1.0,0.0,7.14,10.99,15.91,11.39,22.22,28.72,36.01,53.03,54.48,3.41,104.0,2.0,0.0,0.0,106.0,0.0,0.0,0.0,0.0,0.0,0.0,0.0,0.0,0.0,0.0,0.0,0.0,0.0,0.0,0.0,0.0,0.0
39.8,0.0,0.0,0.0,0.0,0.0,0.0,0.0,0.0,0.0,0.0,0.0,0.0,0.0,0.0,0.0,0.0,0.0,4.0,48.81,53.25,34.55,21.59,15.91,16.6,23.45,9.99,5.75,0.0,3.43,104.0,20.0,0.0,0.0,124.0,3.0,35.8,86.66,34.16,26.49,23.42,12.37,11.8,12.13,7.45,0.0,13.04,47.0,14.0,9.0,0.0,52.0,2.0,30.61,50.55,67.82,41.54,20.54,20.46,12.1,10.36,0.0,10.35,12.76,51.0,24.0,6.0,0.0,69.0,0.0,0.0,0.0,0.0,0.0,0.0,0.0,0.0,0.0,0.0,0.0,0.0,0.0,0.0,0.0,0.0,0.0,6.0,0.0,13.13,17.96,24.37,30.53,43.53,55.77,34.47,32.85,19.61,12.24,55.0,28.0,6.0,0.0,77.0,5.0,0.0,20.59,23.2,24.4,26.44,51.28,66.51,41.56,20.57,23.23,1.51,105.0,32.0,0.0,0.0,137.0,0.0,0.0,0.0,0.0,0.0,0.0,0.0,0.0,0.0,0.0,0.0,0.0,0.0,0.0,0.0,0.0,0.0,1.0,0.0,7.35,8.42,13.54,12.21,24.44,28.35,35.8,48.68,55.82,4.13,88.0,26.0,0.0,0.0,114.0,0.0,0.0,0.0,0.0,0.0,0.0,0.0,0.0,0.0,0.0,0.0,0.0,0.0,0.0,0.0,0.0,0.0
39.9,0.0,0.0,0.0,0.0,0.0,0.0,0.0,0.0,0.0,0.0,0.0,0.0,0.0,0.0,0.0,0.0,0.0,4.0,51.85,51.01,35.51,23.7,11.9,20.95,17.54,13.54,0.0,5.65,3.43,106.0,20.0,0.0,0.0,126.0,3.0,33.65,84.74,31.45,29.88,22.03,12.87,13.77,14.15,10.14,0.0,13.38,47.0,18.0,9.0,0.0,56.0,2.0,29.74,49.86,64.27,40.63,24.32,16.72,13.71,16.97,11.66,0.0,14.62,47.0,8.0,9.0,0.0,46.0,0.0,0.0,0.0,0.0,0.0,0.0,0.0,0.0,0.0,0.0,0.0,0.0,0.0,0.0,0.0,0.0,0.0,6.0,0.0,14.31,18.39,22.82,34.46,41.14,57.53,34.89,32.96,20.42,10.85,66.0,27.0,6.0,0.0,87.0,5.0,0.0,17.32,23.79,27.28,27.57,51.6,63.64,40.84,20.59,24.44,0.89,103.0,18.0,0.0,2.0,119.0,0.0,0.0,0.0,0.0,0.0,0.0,0.0,0.0,0.0,0.0,0.0,0.0,0.0,0.0,0.0,0.0,0.0,0.0,0.0,0.0,0.0,0.0,0.0,0.0,0.0,0.0,0.0,0.0,0.0,0.0,0.0,0.0,0.0,0.0,1.0,0.0,8.74,4.55,12.56,14.85,22.1,26.44,35.94,49.9,60.98,3.13,107.0,2.0,3.0,0.0,106.0
40.0,0.0,0.0,0.0,0.0,0.0,0.0,0.0,0.0,0.0,0.0,0.0,0.0,0.0,0.0,0.0,0.0,0.0,4.0,50.75,47.26,35.71,22.48,9.33,18.58,16.33,11.52,0.0,8.25,3.38,115.0,24.0,0.0,0.0,139.0,3.0,36.54,82.4,28.71,27.02,25.47,16.33,12.8,11.39,8.88,0.0,18.72,57.0,32.0,9.0,0.0,80.0,2.0,30.19,54.93,65.83,40.49,23.23,20.82,11.04,19.01,11.45,0.0,9.12,69.0,40.0,6.0,0.0,103.0,0.0,0.0,0.0,0.0,0.0,0.0,0.0,0.0,0.0,0.0,0.0,0.0,0.0,0.0,0.0,0.0,0.0,6.0,0.0,15.35,21.64,18.49,33.61,41.5,54.45,29.83,33.15,22.26,8.16,68.0,40.0,6.0,0.0,102.0,5.0,0.0,16.3,23.82,23.76,29.24,54.5,64.89,42.29,22.6,24.79,1.57,96.0,22.0,0.0,15.0,103.0,0.0,0.0,0.0,0.0,0.0,0.0,0.0,0.0,0.0,0.0,0.0,0.0,0.0,0.0,0.0,0.0,0.0,0.0,0.0,0.0,0.0,0.0,0.0,0.0,0.0,0.0,0.0,0.0,0.0,0.0,0.0,0.0,0.0,0.0,1.0,0.41,0.0,12.8,8.35,10.99,24.09,27.93,39.35,46.38,62.07,3.5,96.0,2.0,0.0,0.0,98.0
40.1,3.0,42.22,81.32,32.79,27.0,22.49,16.07,16.93,11.4,8.76,0.0,8.09,80.0,38.0,6.0,14.0,98.0,4.0,51.41,48.67,36.91,24.05,12.77,20.84,18.48,11.92,0.0,10.06,9.87,71.0,11.0,7.0,0.0,75.0,0.0,0.0,0.0,0.0,0.0,0.0,0.0,0.0,0.0,0.0,0.0,0.0,0.0,0.0,0.0,0.0,0.0,2.0,33.41,51.05,63.43,37.46,23.55,22.72,10.74,18.95,9.73,0.0,10.24,106.0,39.0,52.0,11.0,82.0,0.0,0.0,0.0,0.0,0.0,0.0,0.0,0.0,0.0,0.0,0.0,0.0,0.0,0.0,0.0,0.0,0.0,6.0,0.0,18.34,22.54,19.02,34.59,42.78,56.81,39.33,35.41,20.48,13.49,51.0,18.0,9.0,0.0,60.0,5.0,0.0,19.04,26.6,25.1,32.09,51.41,62.92,41.91,24.63,24.15,1.36,111.0,30.0,0.0,13.0,128.0,0.0,0.0,0.0,0.0,0.0,0.0,0.0,0.0,0.0,0.0,0.0,0.0,0.0,0.0,0.0,0.0,0.0,0.0,0.0,0.0,0.0,0.0,0.0,0.0,0.0,0.0,0.0,0.0,0.0,0.0,0.0,0.0,0.0,0.0,1.0,0.0,1.71,11.68,7.85,14.11,22.49,25.45,34.51,48.21,63.05,3.44,107.0,0.0,0.0,0.0,107.0
40.2,3.0,39.55,79.18,30.48,29.1,23.06,18.81,18.53,8.61,7.02,0.0,11.2,73.0,28.0,8.0,3.0,90.0,4.0,56.32,48.92,37.17,25.07,11.4,20.81,17.81,12.47,0.0,11.54,7.64,60.0,22.0,3.0,8.0,71.0,2.0,32.01,49.99,59.28,35.8,20.49,23.44,8.34,15.42,13.01,0.0,4.21,100.0,20.0,3.0,15.0,102.0,0.0,0.0,0.0,0.0,0.0,0.0,0.0,0.0,0.0,0.0,0.0,0.0,0.0,0.0,0.0,0.0,0.0,0.0,0.0,0.0,0.0,0.0,0.0,0.0,0.0,0.0,0.0,0.0,0.0,0.0,0.0,0.0,0.0,0.0,6.0,0.0,15.99,23.79,25.07,33.08,43.95,59.2,40.23,32.67,21.18,12.66,53.0,22.0,9.0,0.0,66.0,5.0,0.0,19.65,24.9,19.66,32.6,50.97,67.1,44.59,27.42,23.51,0.92,101.0,24.0,0.0,5.0,120.0,0.0,0.0,0.0,0.0,0.0,0.0,0.0,0.0,0.0,0.0,0.0,0.0,0.0,0.0,0.0,0.0,0.0,0.0,0.0,0.0,0.0,0.0,0.0,0.0,0.0,0.0,0.0,0.0,0.0,0.0,0.0,0.0,0.0,0.0,1.0,0.0,4.18,13.11,13.33,11.77,22.38,31.68,33.44,46.42,66.7,3.27,106.0,0.0,0.0,0.0,106.0
40.3,3.0,43.03,81.18,30.79,26.37,19.19,15.29,17.76,11.12,8.2,0.0,10.79,75.0,38.0,8.0,5.0,100.0,4.0,55.73,49.46,37.34,29.79,12.39,20.09,18.98,9.04,0.0,7.41,10.19,82.0,24.0,6.0,6.0,94.0,2.0,33.15,53.31,60.36,33.51,23.39,22.31,0.0,16.58,10.73,4.98,3.46,109.0,26.0,0.0,19.0,116.0,0.0,0.0,0.0,0.0,0.0,0.0,0.0,0.0,0.0,0.0,0.0,0.0,0.0,0.0,0.0,0.0,0.0,0.0,0.0,0.0,0.0,0.0,0.0,0.0,0.0,0.0,0.0,0.0,0.0,0.0,0.0,0.0,0.0,0.0,6.0,0.0,15.67,24.18,23.86,34.67,41.44,63.29,40.56,32.14,21.29,15.06,62.0,30.0,6.0,0.0,86.0,5.0,0.0,19.21,22.38,19.85,32.32,53.7,68.83,46.58,28.1,23.4,1.71,101.0,36.0,0.0,0.0,137.0,0.0,0.0,0.0,0.0,0.0,0.0,0.0,0.0,0.0,0.0,0.0,0.0,0.0,0.0,0.0,0.0,0.0,0.0,0.0,0.0,0.0,0.0,0.0,0.0,0.0,0.0,0.0,0.0,0.0,0.0,0.0,0.0,0.0,0.0,1.0,0.0,6.37,6.71,10.7,12.89,26.78,30.57,36.74,45.36,61.86,3.51,104.0,0.0,0.0,0.0,104.0
40.4,3.0,41.77,78.58,31.61,25.92,20.97,12.01,19.59,8.6,5.75,0.0,9.0,68.0,26.0,8.0,3.0,83.0,4.0,53.89,48.21,40.58,27.53,16.19,23.4,15.23,0.0,9.21,9.27,9.86,83.0,35.0,17.0,17.0,84.0,2.0,36.32,53.59,55.85,35.81,22.53,20.85,11.66,14.45,9.54,0.0,4.21,117.0,45.0,16.0,11.0,135.0,0.0,0.0,0.0,0.0,0.0,0.0,0.0,0.0,0.0,0.0,0.0,0.0,0.0,0.0,0.0,0.0,0.0,0.0,0.0,0.0,0.0,0.0,0.0,0.0,0.0,0.0,0.0,0.0,0.0,0.0,0.0,0.0,0.0,0.0,6.0,0.0,13.73,23.02,22.08,30.83,39.92,65.4,37.69,30.48,19.2,9.92,86.0,58.0,6.0,0.0,138.0,5.0,0.0,22.19,23.9,18.63,29.02,54.01,68.66,46.17,29.54,21.39,0.95,93.0,28.0,0.0,0.0,121.0,0.0,0.0,0.0,0.0,0.0,0.0,0.0,0.0,0.0,0.0,0.0,0.0,0.0,0.0,0.0,0.0,0.0,0.0,0.0,0.0,0.0,0.0,0.0,0.0,0.0,0.0,0.0,0.0,0.0,0.0,0.0,0.0,0.0,0.0,1.0,0.0,8.05,11.46,9.76,14.7,24.07,26.92,37.17,44.8,66.47,3.45,103.0,0.0,0.0,0.0,103.0
40.5,3.0,43.5,78.58,33.1,21.27,22.47,13.3,14.32,6.26,10.16,0.0,10.96,93.0,61.0,3.0,23.0,128.0,4.0,57.74,48.07,41.21,28.48,15.91,21.85,13.82,7.97,0.0,5.81,8.74,46.0,11.0,8.0,6.0,43.0,2.0,37.45,51.1,57.87,38.78,21.97,18.5,9.45,14.69,9.59,0.0,5.39,115.0,54.0,18.0,0.0,151.0,0.0,0.0,0.0,0.0,0.0,0.0,0.0,0.0,0.0,0.0,0.0,0.0,0.0,0.0,0.0,0.0,0.0,0.0,0.0,0.0,0.0,0.0,0.0,0.0,0.0,0.0,0.0,0.0,0.0,0.0,0.0,0.0,0.0,0.0,6.0,0.0,17.0,24.5,22.84,37.56,39.87,68.34,40.68,34.87,25.86,12.6,61.0,32.0,6.0,0.0,87.0,5.0,0.0,24.12,22.03,21.88,33.27,51.43,68.6,46.35,28.11,20.41,1.15,103.0,32.0,0.0,0.0,135.0,0.0,0.0,0.0,0.0,0.0,0.0,0.0,0.0,0.0,0.0,0.0,0.0,0.0,0.0,0.0,0.0,0.0,0.0,0.0,0.0,0.0,0.0,0.0,0.0,0.0,0.0,0.0,0.0,0.0,0.0,0.0,0.0,0.0,0.0,1.0,0.0,9.39,6.65,10.54,13.5,21.28,27.68,35.29,43.47,66.81,3.4,104.0,0.0,0.0,0.0,104.0
40.6,3.0,48.54,74.63,32.43,23.64,20.54,11.83,18.34,12.8,2.78,0.0,10.09,62.0,30.0,6.0,6.0,80.0,4.0,59.65,46.67,38.77,27.07,18.27,19.49,12.66,8.1,0.0,6.57,14.25,96.0,38.0,7.0,21.0,106.0,2.0,37.44,51.91,55.38,40.02,21.92,20.55,12.74,15.76,11.64,0.0,7.41,129.0,56.0,48.0,2.0,135.0,0.0,0.0,0.0,0.0,0.0,0.0,0.0,0.0,0.0,0.0,0.0,0.0,0.0,0.0,0.0,0.0,0.0,0.0,0.0,0.0,0.0,0.0,0.0,0.0,0.0,0.0,0.0,0.0,0.0,0.0,0.0,0.0,0.0,0.0,6.0,0.0,19.33,21.32,23.43,37.52,40.5,74.3,40.5,37.18,26.61,8.91,42.0,35.0,6.0,0.0,71.0,5.0,0.0,20.31,24.56,25.63,31.55,48.44,66.02,45.56,29.86,21.54,2.82,101.0,28.0,0.0,0.0,129.0,0.0,0.0,0.0,0.0,0.0,0.0,0.0,0.0,0.0,0.0,0.0,0.0,0.0,0.0,0.0,0.0,0.0,0.0,0.0,0.0,0.0,0.0,0.0,0.0,0.0,0.0,0.0,0.0,0.0,0.0,0.0,0.0,0.0,0.0,1.0,0.0,11.89,5.41,13.41,10.44,22.99,28.87,33.18,36.48,63.23,3.57,99.0,0.0,0.0,0.0,99.0
40.7,3.0,48.83,72.44,34.47,22.99,15.35,11.66,16.82,12.54,5.48,0.0,7.9,45.0,22.0,13.0,0.0,54.0,4.0,63.3,46.41,39.24,26.49,19.33,17.35,13.93,5.76,0.0,5.54,5.39,30.0,24.0,12.0,12.0,30.0,2.0,34.88,52.05,55.29,37.08,24.66,14.46,11.44,12.99,8.95,0.0,5.74,125.0,38.0,25.0,0.0,138.0,0.0,0.0,0.0,0.0,0.0,0.0,0.0,0.0,0.0,0.0,0.0,0.0,0.0,0.0,0.0,0.0,0.0,0.0,0.0,0.0,0.0,0.0,0.0,0.0,0.0,0.0,0.0,0.0,0.0,0.0,0.0,0.0,0.0,0.0,6.0,0.0,19.55,20.41,21.03,36.32,37.26,76.29,37.85,36.48,26.45,15.5,46.0,24.0,9.0,1.0,60.0,5.0,0.0,22.56,23.52,26.49,28.53,46.5,68.52,40.66,27.38,18.82,1.51,99.0,20.0,0.0,0.0,119.0,0.0,0.0,0.0,0.0,0.0,0.0,0.0,0.0,0.0,0.0,0.0,0.0,0.0,0.0,0.0,0.0,0.0,0.0,0.0,0.0,0.0,0.0,0.0,0.0,0.0,0.0,0.0,0.0,0.0,0.0,0.0,0.0,0.0,0.0,1.0,0.0,15.37,7.21,10.49,11.83,13.88,26.26,33.09,39.14,65.84,3.64,99.0,0.0,0.0,0.0,99.0
40.8,3.0,49.44,70.88,31.12,24.3,22.06,10.88,11.81,12.93,3.55,0.0,49.47,53.0,20.0,28.0,0.0,45.0,4.0,64.08,45.53,37.65,28.54,15.83,18.4,11.11,6.14,4.54,0.0,44.42,59.0,21.0,26.0,0.0,54.0,2.0,35.8,53.06,52.86,34.38,25.05,18.01,13.34,14.47,10.54,0.0,7.45,83.0,13.0,3.0,0.0,93.0,0.0,0.0,0.0,0.0,0.0,0.0,0.0,0.0,0.0,0.0,0.0,0.0,0.0,0.0,0.0,0.0,0.0,0.0,0.0,0.0,0.0,0.0,0.0,0.0,0.0,0.0,0.0,0.0,0.0,0.0,0.0,0.0,0.0,0.0,6.0,0.0,18.78,16.44,21.11,35.11,36.43,78.71,39.29,39.48,27.94,14.79,84.0,36.0,6.0,9.0,105.0,5.0,0.0,19.58,20.32,27.77,28.6,46.02,70.29,41.67,31.74,21.06,0.82,103.0,6.0,0.0,0.0,109.0,0.0,0.0,0.0,0.0,0.0,0.0,0.0,0.0,0.0,0.0,0.0,0.0,0.0,0.0,0.0,0.0,0.0,0.0,0.0,0.0,0.0,0.0,0.0,0.0,0.0,0.0,0.0,0.0,0.0,0.0,0.0,0.0,0.0,0.0,1.0,0.0,10.53,7.12,6.61,8.69,17.6,29.28,30.45,43.19,68.5,3.18,110.0,0.0,0.0,0.0,110.0
40.9,3.0,51.97,69.04,33.82,27.29,19.74,13.35,15.02,12.49,5.97,0.0,8.24,73.0,22.0,6.0,0.0,89.0,4.0,65.97,42.67,36.1,25.79,19.74,16.3,12.48,7.97,0.0,3.66,9.92,80.0,16.0,6.0,8.0,82.0,2.0,35.08,54.98,52.45,33.55,26.26,21.88,12.8,13.74,10.36,0.0,7.72,69.0,30.0,3.0,0.0,96.0,0.0,0.0,0.0,0.0,0.0,0.0,0.0,0.0,0.0,0.0,0.0,0.0,0.0,0.0,0.0,0.0,0.0,0.0,0.0,0.0,0.0,0.0,0.0,0.0,0.0,0.0,0.0,0.0,0.0,0.0,0.0,0.0,0.0,0.0,0.0,0.0,0.0,0.0,0.0,0.0,0.0,0.0,0.0,0.0,0.0,0.0,0.0,0.0,0.0,0.0,0.0,5.0,0.0,18.36,20.18,28.61,30.06,42.6,72.94,34.84,31.43,20.99,0.81,96.0,0.0,0.0,0.0,96.0,0.0,0.0,0.0,0.0,0.0,0.0,0.0,0.0,0.0,0.0,0.0,0.0,0.0,0.0,0.0,0.0,0.0,6.0,0.0,19.31,15.16,23.43,34.47,37.3,82.51,38.28,33.86,25.79,6.08,81.0,54.0,3.0,4.0,128.0,1.0,4.22,10.1,6.27,0.0,9.65,19.01,27.89,31.64,45.6,70.94,3.18,115.0,8.0,0.0,0.0,123.0
41.0,3.0,51.18,68.31,35.05,22.68,22.25,13.47,10.56,9.67,4.14,0.0,9.98,69.0,23.0,3.0,1.0,88.0,4.0,71.68,40.47,33.16,29.38,19.91,15.22,12.61,8.55,0.0,5.66,10.87,72.0,4.0,6.0,0.0,70.0,2.0,33.15,54.07,49.12,36.41,26.23,21.28,15.83,14.62,0.0,10.01,9.64,60.0,14.0,6.0,0.0,68.0,0.0,0.0,0.0,0.0,0.0,0.0,0.0,0.0,0.0,0.0,0.0,0.0,0.0,0.0,0.0,0.0,0.0,0.0,0.0,0.0,0.0,0.0,0.0,0.0,0.0,0.0,0.0,0.0,0.0,0.0,0.0,0.0,0.0,0.0,0.0,0.0,0.0,0.0,0.0,0.0,0.0,0.0,0.0,0.0,0.0,0.0,0.0,0.0,0.0,0.0,0.0,5.0,0.0,20.76,21.94,26.37,28.53,42.31,75.64,39.07,32.5,20.53,0.82,104.0,0.0,0.0,0.0,104.0,0.0,0.0,0.0,0.0,0.0,0.0,0.0,0.0,0.0,0.0,0.0,0.0,0.0,0.0,0.0,0.0,0.0,6.0,0.0,18.95,14.99,22.27,34.61,33.41,89.47,39.19,39.74,24.17,7.93,88.0,40.0,6.0,4.0,118.0,1.0,0.0,7.15,5.05,2.35,6.06,20.46,30.71,30.06,43.39,72.16,3.57,103.0,6.0,0.0,0.0,109.0
41.1,3.0,55.01,66.09,34.3,25.24,22.1,13.92,9.2,12.92,5.13,0.0,10.0,82.0,32.0,6.0,1.0,107.0,4.0,75.2,45.48,32.74,31.65,19.91,13.76,12.3,7.87,0.0,7.06,9.13,69.0,10.0,6.0,1.0,72.0,2.0,29.21,55.87,45.71,36.39,25.5,17.86,12.64,15.17,10.1,0.0,8.4,79.0,28.0,6.0,0.0,101.0,0.0,0.0,0.0,0.0,0.0,0.0,0.0,0.0,0.0,0.0,0.0,0.0,0.0,0.0,0.0,0.0,0.0,0.0,0.0,0.0,0.0,0.0,0.0,0.0,0.0,0.0,0.0,0.0,0.0,0.0,0.0,0.0,0.0,0.0,0.0,0.0,0.0,0.0,0.0,0.0,0.0,0.0,0.0,0.0,0.0,0.0,0.0,0.0,0.0,0.0,0.0,5.0,0.0,17.44,20.37,27.97,27.22,41.68,79.52,39.94,28.57,22.77,0.82,111.0,0.0,0.0,0.0,111.0,0.0,0.0,0.0,0.0,0.0,0.0,0.0,0.0,0.0,0.0,0.0,0.0,0.0,0.0,0.0,0.0,0.0,6.0,0.0,19.08,15.75,20.98,34.53,33.92,92.05,38.69,34.67,22.91,7.81,86.0,54.0,0.0,0.0,140.0,1.0,0.0,7.08,8.5,5.28,8.23,19.83,26.44,30.27,42.15,71.97,3.6,93.0,0.0,0.0,0.0,93.0
41.2,3.0,55.46,62.53,31.07,27.15,22.97,14.27,12.12,11.19,6.25,0.0,8.32,52.0,21.0,9.0,0.0,64.0,4.0,75.95,41.29,35.82,33.03,18.41,15.72,13.09,10.47,0.0,5.29,8.17,94.0,17.0,5.0,13.0,93.0,2.0,28.56,56.69,45.94,35.15,21.99,19.35,14.91,14.71,0.0,5.54,9.48,63.0,26.0,6.0,0.0,83.0,0.0,0.0,0.0,0.0,0.0,0.0,0.0,0.0,0.0,0.0,0.0,0.0,0.0,0.0,0.0,0.0,0.0,0.0,0.0,0.0,0.0,0.0,0.0,0.0,0.0,0.0,0.0,0.0,0.0,0.0,0.0,0.0,0.0,0.0,0.0,0.0,0.0,0.0,0.0,0.0,0.0,0.0,0.0,0.0,0.0,0.0,0.0,0.0,0.0,0.0,0.0,5.0,0.0,16.83,17.22,26.67,26.67,42.68,82.23,39.03,31.04,25.47,0.81,96.0,0.0,0.0,0.0,96.0,0.0,0.0,0.0,0.0,0.0,0.0,0.0,0.0,0.0,0.0,0.0,0.0,0.0,0.0,0.0,0.0,0.0,6.0,0.0,18.17,15.41,21.26,34.76,33.5,92.44,40.46,39.84,27.98,10.07,96.0,56.0,6.0,1.0,145.0,1.0,0.0,7.7,8.34,7.2,8.77,21.78,26.18,29.69,41.13,73.42,3.38,108.0,0.0,0.0,0.0,108.0
41.3,3.0,55.52,63.01,31.97,28.98,24.47,12.22,11.71,12.87,0.0,5.59,13.31,82.0,13.0,3.0,0.0,92.0,4.0,76.99,46.11,30.97,33.38,17.22,11.24,12.41,11.08,5.7,0.0,9.98,67.0,4.0,6.0,0.0,65.0,2.0,25.38,57.5,42.28,33.24,21.97,19.47,13.2,11.13,6.22,0.0,8.91,69.0,26.0,6.0,3.0,86.0,0.0,0.0,0.0,0.0,0.0,0.0,0.0,0.0,0.0,0.0,0.0,0.0,0.0,0.0,0.0,0.0,0.0,0.0,0.0,0.0,0.0,0.0,0.0,0.0,0.0,0.0,0.0,0.0,0.0,0.0,0.0,0.0,0.0,0.0,0.0,0.0,0.0,0.0,0.0,0.0,0.0,0.0,0.0,0.0,0.0,0.0,0.0,0.0,0.0,0.0,0.0,5.0,0.0,17.5,15.76,27.56,25.7,43.09,81.52,39.76,31.22,23.16,0.82,103.0,0.0,0.0,0.0,103.0,0.0,0.0,0.0,0.0,0.0,0.0,0.0,0.0,0.0,0.0,0.0,0.0,0.0,0.0,0.0,0.0,0.0,6.0,0.0,15.82,19.46,19.5,32.42,37.4,92.61,41.02,41.18,29.77,6.84,59.0,18.0,3.0,0.0,74.0,1.0,0.0,9.55,11.11,4.0,9.94,20.94,25.3,31.07,35.82,76.49,3.53,103.0,0.0,0.0,0.0,103.0
41.4,3.0,54.9,62.43,35.46,30.19,22.04,13.63,15.18,10.46,6.78,0.0,17.89,31.0,19.0,23.0,0.0,27.0,4.0,81.11,46.47,29.17,30.71,17.59,12.51,9.2,12.34,5.11,0.0,14.49,58.0,22.0,18.0,0.0,62.0,2.0,24.43,54.82,46.32,29.24,19.53,18.31,12.82,11.85,0.0,7.97,7.12,78.0,10.0,6.0,0.0,82.0,0.0,0.0,0.0,0.0,0.0,0.0,0.0,0.0,0.0,0.0,0.0,0.0,0.0,0.0,0.0,0.0,0.0,0.0,0.0,0.0,0.0,0.0,0.0,0.0,0.0,0.0,0.0,0.0,0.0,0.0,0.0,0.0,0.0,0.0,0.0,0.0,0.0,0.0,0.0,0.0,0.0,0.0,0.0,0.0,0.0,0.0,0.0,0.0,0.0,0.0,0.0,5.0,0.0,14.78,19.08,26.83,28.21,43.25,82.92,39.58,27.86,17.79,0.82,108.0,0.0,0.0,0.0,108.0,0.0,0.0,0.0,0.0,0.0,0.0,0.0,0.0,0.0,0.0,0.0,0.0,0.0,0.0,0.0,0.0,0.0,6.0,0.0,16.71,18.77,23.71,32.39,39.02,90.38,41.03,38.16,29.41,12.68,78.0,32.0,9.0,1.0,100.0,1.0,0.0,8.26,7.78,10.19,10.79,24.0,27.53,32.39,32.71,78.15,3.09,112.0,0.0,0.0,0.0,112.0
41.5,3.0,54.45,63.56,34.25,29.28,22.74,16.03,14.8,9.49,12.39,0.0,13.26,72.0,20.0,3.0,0.0,89.0,4.0,80.69,46.42,28.65,29.08,18.51,13.65,9.23,7.94,5.86,0.0,12.3,66.0,6.0,6.0,0.0,66.0,2.0,27.81,55.91,48.96,24.55,22.65,18.91,19.02,10.69,0.0,8.16,10.38,63.0,21.0,3.0,0.0,81.0,0.0,0.0,0.0,0.0,0.0,0.0,0.0,0.0,0.0,0.0,0.0,0.0,0.0,0.0,0.0,0.0,0.0,0.0,0.0,0.0,0.0,0.0,0.0,0.0,0.0,0.0,0.0,0.0,0.0,0.0,0.0,0.0,0.0,0.0,0.0,0.0,0.0,0.0,0.0,0.0,0.0,0.0,0.0,0.0,0.0,0.0,0.0,0.0,0.0,0.0,0.0,5.0,0.0,13.52,16.67,29.49,31.72,41.95,82.12,42.86,24.65,18.25,0.81,96.0,0.0,0.0,0.0,96.0,0.0,0.0,0.0,0.0,0.0,0.0,0.0,0.0,0.0,0.0,0.0,0.0,0.0,0.0,0.0,0.0,0.0,6.0,0.0,17.62,20.66,23.28,33.22,37.99,85.23,37.76,39.1,30.2,11.02,69.0,37.0,6.0,0.0,100.0,1.0,0.0,9.31,6.68,7.99,13.4,18.32,30.03,32.22,38.81,81.31,3.61,103.0,0.0,0.0,0.0,103.0
41.6,3.0,53.07,56.82,33.61,29.5,21.87,19.04,12.01,8.98,10.72,0.0,10.15,83.0,26.0,6.0,2.0,101.0,4.0,82.65,48.58,28.19,27.94,17.37,14.1,9.11,9.5,2.62,0.0,9.12,61.0,10.0,6.0,0.0,65.0,2.0,32.92,54.76,46.59,24.81,20.91,18.41,16.91,9.82,0.0,7.08,9.45,78.0,30.0,7.0,5.0,96.0,0.0,0.0,0.0,0.0,0.0,0.0,0.0,0.0,0.0,0.0,0.0,0.0,0.0,0.0,0.0,0.0,0.0,0.0,0.0,0.0,0.0,0.0,0.0,0.0,0.0,0.0,0.0,0.0,0.0,0.0,0.0,0.0,0.0,0.0,0.0,0.0,0.0,0.0,0.0,0.0,0.0,0.0,0.0,0.0,0.0,0.0,0.0,0.0,0.0,0.0,0.0,5.0,15.44,0.0,18.68,27.75,31.47,42.33,81.76,44.66,24.57,20.46,0.81,105.0,0.0,0.0,0.0,105.0,0.0,0.0,0.0,0.0,0.0,0.0,0.0,0.0,0.0,0.0,0.0,0.0,0.0,0.0,0.0,0.0,0.0,6.0,0.0,16.43,18.1,23.52,34.17,37.99,83.9,40.28,35.42,28.74,9.88,66.0,26.0,6.0,0.0,86.0,1.0,0.0,11.43,6.02,6.44,12.4,16.03,29.03,30.54,37.99,81.98,3.42,104.0,0.0,0.0,0.0,104.0
41.7,3.0,53.48,56.94,36.85,28.91,18.11,18.39,11.42,8.67,10.33,0.0,8.64,82.0,24.0,10.0,0.0,96.0,4.0,84.34,48.99,27.94,28.15,16.06,11.43,6.24,7.53,6.78,0.0,10.99,73.0,10.0,9.0,0.0,74.0,2.0,28.36,59.12,48.05,30.47,22.35,15.77,17.1,12.56,0.0,6.84,10.72,58.0,21.0,9.0,5.0,65.0,0.0,0.0,0.0,0.0,0.0,0.0,0.0,0.0,0.0,0.0,0.0,0.0,0.0,0.0,0.0,0.0,0.0,0.0,0.0,0.0,0.0,0.0,0.0,0.0,0.0,0.0,0.0,0.0,0.0,0.0,0.0,0.0,0.0,0.0,0.0,0.0,0.0,0.0,0.0,0.0,0.0,0.0,0.0,0.0,0.0,0.0,0.0,0.0,0.0,0.0,0.0,5.0,11.33,0.0,15.55,23.43,31.56,40.73,79.66,43.02,20.96,19.42,0.81,115.0,0.0,0.0,0.0,115.0,6.0,0.0,13.41,17.86,24.19,31.43,38.35,81.5,36.96,34.1,28.59,8.33,78.0,42.0,6.0,0.0,114.0,0.0,0.0,0.0,0.0,0.0,0.0,0.0,0.0,0.0,0.0,0.0,0.0,0.0,0.0,0.0,0.0,0.0,1.0,5.96,11.48,0.0,7.05,11.65,20.61,32.66,33.29,39.99,83.97,3.96,88.0,0.0,0.0,0.0,88.0
41.8,3.0,51.0,55.68,35.44,27.34,16.93,17.33,12.27,4.01,8.06,0.0,8.53,83.0,31.0,6.0,0.0,108.0,4.0,85.26,45.87,28.66,26.61,21.96,9.23,7.95,9.41,9.49,0.0,10.13,63.0,10.0,6.0,0.0,67.0,2.0,28.89,64.3,44.79,30.05,21.02,19.21,14.29,14.71,8.4,0.0,10.13,85.0,24.0,6.0,1.0,102.0,0.0,0.0,0.0,0.0,0.0,0.0,0.0,0.0,0.0,0.0,0.0,0.0,0.0,0.0,0.0,0.0,0.0,0.0,0.0,0.0,0.0,0.0,0.0,0.0,0.0,0.0,0.0,0.0,0.0,0.0,0.0,0.0,0.0,0.0,0.0,0.0,0.0,0.0,0.0,0.0,0.0,0.0,0.0,0.0,0.0,0.0,0.0,0.0,0.0,0.0,0.0,5.0,12.56,0.0,12.87,24.43,32.46,42.45,76.56,46.06,23.24,20.33,0.81,107.0,0.0,0.0,0.0,107.0,6.0,0.0,19.5,18.32,24.66,30.44,38.37,82.03,37.81,34.29,27.16,12.38,45.0,12.0,9.0,0.0,48.0,0.0,0.0,0.0,0.0,0.0,0.0,0.0,0.0,0.0,0.0,0.0,0.0,0.0,0.0,0.0,0.0,0.0,1.0,5.35,11.33,0.0,10.28,12.75,24.63,33.06,35.79,42.29,82.18,3.3,113.0,0.0,0.0,0.0,113.0
41.9,3.0,50.89,52.71,40.32,26.36,20.76,15.8,8.76,6.67,10.22,0.0,9.12,99.0,38.0,15.0,20.0,102.0,4.0,88.78,43.42,26.28,25.7,22.64,13.52,7.64,14.19,9.93,0.0,7.81,60.0,12.0,6.0,0.0,66.0,2.0,29.39,66.6,46.3,29.27,18.92,21.33,15.6,18.13,0.0,8.57,9.24,85.0,41.0,6.0,7.0,113.0,0.0,0.0,0.0,0.0,0.0,0.0,0.0,0.0,0.0,0.0,0.0,0.0,0.0,0.0,0.0,0.0,0.0,0.0,0.0,0.0,0.0,0.0,0.0,0.0,0.0,0.0,0.0,0.0,0.0,0.0,0.0,0.0,0.0,0.0,0.0,0.0,0.0,0.0,0.0,0.0,0.0,0.0,0.0,0.0,0.0,0.0,0.0,0.0,0.0,0.0,0.0,5.0,0.0,8.49,13.07,24.1,31.0,42.12,76.69,47.75,22.0,21.4,0.81,116.0,0.0,0.0,0.0,116.0,6.0,0.0,16.04,17.58,25.38,28.48,36.96,81.69,37.53,31.87,23.23,5.91,75.0,66.0,0.0,0.0,141.0,0.0,0.0,0.0,0.0,0.0,0.0,0.0,0.0,0.0,0.0,0.0,0.0,0.0,0.0,0.0,0.0,0.0,1.0,11.75,11.78,0.0,8.49,13.21,22.83,33.7,35.89,44.35,82.08,3.49,101.0,0.0,0.0,0.0,101.0
42.0,3.0,50.92,49.58,40.51,25.99,17.01,14.19,5.51,6.18,12.04,0.0,6.6,101.0,40.0,22.0,14.0,105.0,4.0,85.18,43.51,23.89,20.72,22.07,11.63,9.99,12.4,4.67,0.0,10.85,55.0,12.0,6.0,0.0,61.0,2.0,32.33,65.48,45.29,26.12,25.11,20.28,16.39,15.37,10.51,0.0,11.12,58.0,24.0,6.0,0.0,76.0,0.0,0.0,0.0,0.0,0.0,0.0,0.0,0.0,0.0,0.0,0.0,0.0,0.0,0.0,0.0,0.0,0.0,0.0,0.0,0.0,0.0,0.0,0.0,0.0,0.0,0.0,0.0,0.0,0.0,0.0,0.0,0.0,0.0,0.0,0.0,0.0,0.0,0.0,0.0,0.0,0.0,0.0,0.0,0.0,0.0,0.0,0.0,0.0,0.0,0.0,0.0,5.0,0.0,10.25,15.05,26.21,31.45,42.06,77.1,44.48,22.5,23.1,0.8,99.0,0.0,0.0,0.0,99.0,6.0,14.33,0.0,13.48,26.93,29.01,34.28,79.82,37.3,31.8,22.97,10.32,69.0,30.0,9.0,0.0,90.0,0.0,0.0,0.0,0.0,0.0,0.0,0.0,0.0,0.0,0.0,0.0,0.0,0.0,0.0,0.0,0.0,0.0,1.0,0.0,8.03,6.75,6.99,12.86,18.63,30.97,34.3,40.29,79.33,3.62,98.0,0.0,0.0,0.0,98.0
42.1,3.0,51.93,48.67,39.3,24.48,18.53,9.69,6.8,4.91,4.27,0.0,6.37,117.0,46.0,27.0,8.0,128.0,4.0,85.27,40.54,25.55,26.74,21.3,12.0,10.18,12.95,8.73,0.0,13.58,47.0,19.0,9.0,0.0,57.0,2.0,33.99,67.96,45.87,30.16,25.38,23.15,14.27,16.81,4.61,0.0,13.42,46.0,12.0,9.0,3.0,46.0,0.0,0.0,0.0,0.0,0.0,0.0,0.0,0.0,0.0,0.0,0.0,0.0,0.0,0.0,0.0,0.0,0.0,0.0,0.0,0.0,0.0,0.0,0.0,0.0,0.0,0.0,0.0,0.0,0.0,0.0,0.0,0.0,0.0,0.0,0.0,0.0,0.0,0.0,0.0,0.0,0.0,0.0,0.0,0.0,0.0,0.0,0.0,0.0,0.0,0.0,0.0,5.0,0.0,9.38,16.17,26.44,32.86,44.05,73.09,38.59,25.13,24.41,0.81,114.0,0.0,0.0,0.0,114.0,6.0,0.0,13.01,15.74,29.37,27.64,32.41,76.11,37.74,27.79,22.81,9.99,73.0,40.0,6.0,0.0,107.0,0.0,0.0,0.0,0.0,0.0,0.0,0.0,0.0,0.0,0.0,0.0,0.0,0.0,0.0,0.0,0.0,0.0,1.0,6.1,5.96,0.0,8.99,12.31,18.74,30.03,34.56,42.36,72.18,3.58,103.0,0.0,0.0,0.0,103.0
42.2,3.0,55.78,53.25,38.14,25.35,16.76,16.54,8.83,3.26,8.24,0.0,6.11,126.0,46.0,25.0,1.0,146.0,4.0,78.41,44.59,26.65,23.76,22.37,14.05,9.31,9.53,6.4,0.0,11.99,52.0,23.0,9.0,0.0,66.0,2.0,37.61,73.33,45.58,24.47,21.57,19.29,12.96,15.26,7.14,0.0,11.69,76.0,15.0,14.0,3.0,74.0,0.0,0.0,0.0,0.0,0.0,0.0,0.0,0.0,0.0,0.0,0.0,0.0,0.0,0.0,0.0,0.0,0.0,0.0,0.0,0.0,0.0,0.0,0.0,0.0,0.0,0.0,0.0,0.0,0.0,0.0,0.0,0.0,0.0,0.0,0.0,0.0,0.0,0.0,0.0,0.0,0.0,0.0,0.0,0.0,0.0,0.0,0.0,0.0,0.0,0.0,0.0,5.0,9.95,0.0,14.63,25.38,33.49,43.64,69.08,43.81,26.69,25.19,0.82,106.0,0.0,0.0,0.0,106.0,6.0,0.0,11.32,15.5,28.15,27.46,35.19,74.71,39.61,24.62,19.73,9.19,77.0,40.0,3.0,0.0,114.0,0.0,0.0,0.0,0.0,0.0,0.0,0.0,0.0,0.0,0.0,0.0,0.0,0.0,0.0,0.0,0.0,0.0,1.0,7.79,4.5,0.0,13.01,11.29,17.96,29.4,32.13,42.9,68.96,3.23,109.0,0.0,0.0,0.0,109.0
42.3,3.0,57.21,50.26,41.66,21.2,16.42,14.26,8.23,0.0,6.56,5.26,5.19,125.0,60.0,16.0,5.0,164.0,4.0,77.13,42.84,24.42,21.06,21.41,13.5,10.02,12.14,7.17,0.0,11.4,51.0,24.0,9.0,0.0,66.0,2.0,35.19,76.15,46.12,28.17,19.05,13.53,9.11,11.65,0.0,7.36,11.47,65.0,31.0,6.0,15.0,75.0,0.0,0.0,0.0,0.0,0.0,0.0,0.0,0.0,0.0,0.0,0.0,0.0,0.0,0.0,0.0,0.0,0.0,0.0,0.0,0.0,0.0,0.0,0.0,0.0,0.0,0.0,0.0,0.0,0.0,0.0,0.0,0.0,0.0,0.0,0.0,0.0,0.0,0.0,0.0,0.0,0.0,0.0,0.0,0.0,0.0,0.0,0.0,0.0,0.0,0.0,0.0,5.0,0.0,11.47,18.55,24.13,33.63,37.47,64.07,44.15,25.92,21.36,0.85,106.0,12.0,0.0,0.0,118.0,6.0,11.8,0.0,12.72,28.9,24.37,35.51,72.36,36.3,25.36,22.92,9.8,59.0,26.0,6.0,0.0,79.0,0.0,0.0,0.0,0.0,0.0,0.0,0.0,0.0,0.0,0.0,0.0,0.0,0.0,0.0,0.0,0.0,0.0,1.0,9.62,0.0,3.99,15.19,8.8,16.67,24.6,29.71,42.1,65.71,3.82,91.0,0.0,0.0,0.0,91.0
42.4,3.0,50.07,54.83,40.64,21.58,18.07,20.88,8.28,0.0,4.2,1.91,7.21,120.0,41.0,14.0,7.0,140.0,4.0,77.36,37.33,24.43,21.24,22.34,12.94,10.65,11.4,7.01,0.0,13.03,43.0,18.0,6.0,0.0,55.0,2.0,38.68,75.22,43.73,28.07,21.44,15.36,12.25,12.36,0.0,8.4,9.0,47.0,20.0,6.0,6.0,55.0,0.0,0.0,0.0,0.0,0.0,0.0,0.0,0.0,0.0,0.0,0.0,0.0,0.0,0.0,0.0,0.0,0.0,0.0,0.0,0.0,0.0,0.0,0.0,0.0,0.0,0.0,0.0,0.0,0.0,0.0,0.0,0.0,0.0,0.0,0.0,0.0,0.0,0.0,0.0,0.0,0.0,0.0,0.0,0.0,0.0,0.0,0.0,0.0,0.0,0.0,0.0,5.0,0.0,9.62,15.93,23.41,32.91,40.38,61.3,47.72,24.96,24.59,0.92,95.0,26.0,0.0,4.0,117.0,6.0,0.0,10.68,13.79,28.84,24.93,36.75,67.41,42.21,26.92,26.0,13.92,61.0,22.0,9.0,0.0,74.0,0.0,0.0,0.0,0.0,0.0,0.0,0.0,0.0,0.0,0.0,0.0,0.0,0.0,0.0,0.0,0.0,0.0,1.0,7.69,0.0,4.71,16.48,14.31,17.26,25.47,27.92,40.46,62.63,3.35,105.0,0.0,0.0,0.0,105.0
42.5,3.0,53.34,56.09,38.03,26.6,13.64,19.27,3.45,3.84,5.39,0.0,8.77,65.0,26.0,10.0,7.0,74.0,4.0,72.61,37.39,22.06,23.72,18.82,12.69,10.39,8.86,6.26,0.0,8.13,69.0,14.0,6.0,2.0,75.0,2.0,34.65,78.06,44.01,32.07,17.17,18.31,10.8,11.0,0.0,6.19,10.97,83.0,31.0,20.0,9.0,85.0,0.0,0.0,0.0,0.0,0.0,0.0,0.0,0.0,0.0,0.0,0.0,0.0,0.0,0.0,0.0,0.0,0.0,0.0,0.0,0.0,0.0,0.0,0.0,0.0,0.0,0.0,0.0,0.0,0.0,0.0,0.0,0.0,0.0,0.0,0.0,0.0,0.0,0.0,0.0,0.0,0.0,0.0,0.0,0.0,0.0,0.0,0.0,0.0,0.0,0.0,0.0,5.0,0.0,11.24,23.41,21.59,34.59,36.55,57.49,48.41,26.56,22.48,1.56,105.0,24.0,0.0,8.0,121.0,6.0,11.05,0.0,14.73,26.87,25.19,38.01,63.57,46.63,29.71,28.78,13.25,49.0,17.0,9.0,0.0,57.0,0.0,0.0,0.0,0.0,0.0,0.0,0.0,0.0,0.0,0.0,0.0,0.0,0.0,0.0,0.0,0.0,0.0,1.0,9.77,0.0,6.53,16.34,14.17,16.7,25.14,25.98,34.62,59.45,3.6,98.0,0.0,0.0,0.0,98.0
42.6,3.0,54.59,51.66,33.83,24.7,14.2,19.88,7.85,5.28,2.7,0.0,6.93,110.0,46.0,17.0,0.0,139.0,4.0,70.53,39.09,23.65,23.93,18.9,11.9,12.19,7.5,4.09,0.0,9.63,41.0,12.0,6.0,0.0,47.0,2.0,36.67,79.39,42.62,32.07,20.05,19.2,13.5,8.78,0.0,9.87,11.37,83.0,39.0,8.0,25.0,89.0,0.0,0.0,0.0,0.0,0.0,0.0,0.0,0.0,0.0,0.0,0.0,0.0,0.0,0.0,0.0,0.0,0.0,0.0,0.0,0.0,0.0,0.0,0.0,0.0,0.0,0.0,0.0,0.0,0.0,0.0,0.0,0.0,0.0,0.0,0.0,0.0,0.0,0.0,0.0,0.0,0.0,0.0,0.0,0.0,0.0,0.0,0.0,0.0,0.0,0.0,0.0,5.0,0.0,14.55,20.93,22.9,31.65,39.99,56.52,45.77,27.82,20.95,0.88,107.0,26.0,0.0,8.0,125.0,6.0,11.64,0.0,18.14,26.9,24.68,35.56,61.03,47.57,32.54,27.03,12.63,47.0,14.0,9.0,0.0,52.0,0.0,0.0,0.0,0.0,0.0,0.0,0.0,0.0,0.0,0.0,0.0,0.0,0.0,0.0,0.0,0.0,0.0,1.0,10.3,0.0,6.4,17.2,16.07,17.74,23.04,29.46,37.71,61.93,3.44,102.0,0.0,0.0,0.0,102.0
42.7,3.0,52.15,52.3,34.68,20.35,12.29,19.06,12.5,0.0,6.53,2.74,9.01,105.0,31.0,32.0,0.0,104.0,4.0,67.12,37.11,25.81,24.65,14.34,9.53,8.63,8.02,1.11,0.0,11.57,67.0,31.0,6.0,1.0,91.0,2.0,38.12,80.72,46.41,33.35,17.18,14.85,13.85,10.97,0.0,6.85,11.07,63.0,21.0,10.0,3.0,71.0,0.0,0.0,0.0,0.0,0.0,0.0,0.0,0.0,0.0,0.0,0.0,0.0,0.0,0.0,0.0,0.0,0.0,0.0,0.0,0.0,0.0,0.0,0.0,0.0,0.0,0.0,0.0,0.0,0.0,0.0,0.0,0.0,0.0,0.0,0.0,0.0,0.0,0.0,0.0,0.0,0.0,0.0,0.0,0.0,0.0,0.0,0.0,0.0,0.0,0.0,0.0,5.0,0.0,11.2,21.07,23.61,29.06,38.22,56.7,47.31,26.33,25.19,0.95,112.0,28.0,0.0,22.0,118.0,6.0,11.04,0.0,18.68,22.3,24.3,32.46,58.72,46.64,34.71,28.75,11.27,72.0,28.0,6.0,0.0,94.0,0.0,0.0,0.0,0.0,0.0,0.0,0.0,0.0,0.0,0.0,0.0,0.0,0.0,0.0,0.0,0.0,0.0,1.0,11.5,7.1,0.0,16.46,14.0,14.37,18.85,30.57,37.95,60.92,3.56,100.0,2.0,0.0,0.0,102.0
42.8,3.0,51.41,46.29,35.41,18.94,15.53,18.63,13.32,2.19,8.15,0.0,8.01,115.0,33.0,30.0,0.0,118.0,4.0,67.67,36.89,28.14,22.77,16.88,12.61,9.89,4.75,2.0,0.0,11.1,79.0,23.0,9.0,3.0,90.0,2.0,34.91,84.37,43.01,35.89,17.56,14.53,14.12,11.28,7.55,0.0,11.0,63.0,25.0,7.0,18.0,63.0,0.0,0.0,0.0,0.0,0.0,0.0,0.0,0.0,0.0,0.0,0.0,0.0,0.0,0.0,0.0,0.0,0.0,0.0,0.0,0.0,0.0,0.0,0.0,0.0,0.0,0.0,0.0,0.0,0.0,0.0,0.0,0.0,0.0,0.0,0.0,0.0,0.0,0.0,0.0,0.0,0.0,0.0,0.0,0.0,0.0,0.0,0.0,0.0,0.0,0.0,0.0,5.0,0.0,11.85,21.64,24.68,28.49,36.11,57.66,48.39,31.59,25.11,0.89,98.0,18.0,0.0,13.0,103.0,6.0,9.74,0.0,19.22,22.05,24.48,34.81,60.67,48.92,34.55,33.24,11.77,47.0,18.0,6.0,0.0,59.0,0.0,0.0,0.0,0.0,0.0,0.0,0.0,0.0,0.0,0.0,0.0,0.0,0.0,0.0,0.0,0.0,0.0,1.0,12.63,3.78,0.0,19.24,12.3,17.36,23.98,34.09,37.08,58.84,3.32,110.0,0.0,0.0,0.0,110.0
42.9,3.0,54.94,51.58,39.31,20.93,14.64,20.7,13.78,2.03,4.81,0.0,5.35,125.0,44.0,26.0,0.0,143.0,4.0,70.4,36.44,29.02,19.48,14.21,17.28,8.74,6.02,0.0,3.84,13.47,38.0,18.0,7.0,0.0,49.0,2.0,36.95,83.11,41.12,37.92,16.17,17.08,14.46,11.91,5.58,0.0,10.45,54.0,20.0,17.0,1.0,56.0,0.0,0.0,0.0,0.0,0.0,0.0,0.0,0.0,0.0,0.0,0.0,0.0,0.0,0.0,0.0,0.0,0.0,0.0,0.0,0.0,0.0,0.0,0.0,0.0,0.0,0.0,0.0,0.0,0.0,0.0,0.0,0.0,0.0,0.0,0.0,0.0,0.0,0.0,0.0,0.0,0.0,0.0,0.0,0.0,0.0,0.0,0.0,0.0,0.0,0.0,0.0,5.0,0.0,11.96,23.24,23.61,30.43,34.06,58.84,52.5,28.16,17.19,3.0,121.0,21.0,16.0,2.0,124.0,6.0,0.0,11.63,20.69,23.48,23.61,37.35,58.2,52.23,38.14,28.92,9.49,45.0,22.0,9.0,0.0,58.0,0.0,0.0,0.0,0.0,0.0,0.0,0.0,0.0,0.0,0.0,0.0,0.0,0.0,0.0,0.0,0.0,0.0,1.0,14.61,6.78,0.0,19.83,14.34,15.32,20.01,33.75,36.82,53.76,3.6,114.0,8.0,0.0,0.0,122.0
43.0,3.0,55.58,47.95,41.11,22.02,14.48,19.32,12.73,0.0,4.33,1.68,3.68,120.0,26.0,16.0,6.0,124.0,4.0,69.19,33.8,28.4,20.41,19.25,18.08,8.15,7.7,0.0,4.26,15.13,50.0,25.0,13.0,5.0,57.0,2.0,40.42,87.71,42.18,36.28,18.93,16.85,16.56,12.45,0.0,5.33,18.01,52.0,16.0,16.0,0.0,52.0,0.0,0.0,0.0,0.0,0.0,0.0,0.0,0.0,0.0,0.0,0.0,0.0,0.0,0.0,0.0,0.0,0.0,0.0,0.0,0.0,0.0,0.0,0.0,0.0,0.0,0.0,0.0,0.0,0.0,0.0,0.0,0.0,0.0,0.0,0.0,0.0,0.0,0.0,0.0,0.0,0.0,0.0,0.0,0.0,0.0,0.0,0.0,0.0,0.0,0.0,0.0,5.0,0.0,11.74,23.25,27.02,29.68,38.21,56.54,53.48,28.97,20.45,5.36,110.0,22.0,24.0,0.0,108.0,6.0,0.0,10.52,19.93,20.72,21.32,35.91,57.06,49.88,39.17,29.02,16.06,61.0,21.0,9.0,0.0,73.0,0.0,0.0,0.0,0.0,0.0,0.0,0.0,0.0,0.0,0.0,0.0,0.0,0.0,0.0,0.0,0.0,0.0,1.0,11.19,0.0,7.16,17.31,13.4,15.15,22.06,32.86,36.5,53.66,3.17,119.0,20.0,0.0,0.0,139.0
43.1,3.0,58.85,48.19,40.8,17.9,13.72,18.47,14.34,0.0,1.76,1.12,4.07,95.0,30.0,6.0,9.0,110.0,4.0,63.44,31.73,25.54,20.68,14.04,13.31,8.01,7.57,0.0,7.03,12.6,52.0,18.0,9.0,0.0,61.0,2.0,42.07,88.12,43.39,32.13,16.78,14.66,14.37,13.44,4.77,0.0,12.67,45.0,11.0,9.0,0.0,47.0,0.0,0.0,0.0,0.0,0.0,0.0,0.0,0.0,0.0,0.0,0.0,0.0,0.0,0.0,0.0,0.0,0.0,0.0,0.0,0.0,0.0,0.0,0.0,0.0,0.0,0.0,0.0,0.0,0.0,0.0,0.0,0.0,0.0,0.0,0.0,0.0,0.0,0.0,0.0,0.0,0.0,0.0,0.0,0.0,0.0,0.0,0.0,0.0,0.0,0.0,0.0,5.0,0.0,13.29,24.52,27.23,31.79,34.58,60.04,54.23,30.12,21.73,6.03,112.0,32.0,33.0,2.0,109.0,6.0,0.0,12.66,19.44,19.42,21.63,38.04,55.84,50.1,38.17,30.84,8.68,63.0,41.0,5.0,0.0,99.0,0.0,0.0,0.0,0.0,0.0,0.0,0.0,0.0,0.0,0.0,0.0,0.0,0.0,0.0,0.0,0.0,0.0,1.0,10.21,0.0,9.04,17.4,12.85,12.61,23.18,35.53,35.23,51.79,3.32,107.0,30.0,0.0,0.0,137.0
43.2,3.0,62.44,43.14,41.72,23.95,14.99,19.62,12.86,4.86,2.44,0.0,4.27,98.0,36.0,0.0,0.0,134.0,4.0,61.94,32.03,26.07,19.4,14.14,15.26,7.42,7.29,0.0,5.52,11.71,48.0,26.0,13.0,0.0,61.0,2.0,41.15,88.33,40.07,31.55,18.41,16.84,12.66,3.57,0.0,2.95,13.24,51.0,19.0,16.0,0.0,54.0,0.0,0.0,0.0,0.0,0.0,0.0,0.0,0.0,0.0,0.0,0.0,0.0,0.0,0.0,0.0,0.0,0.0,0.0,0.0,0.0,0.0,0.0,0.0,0.0,0.0,0.0,0.0,0.0,0.0,0.0,0.0,0.0,0.0,0.0,0.0,0.0,0.0,0.0,0.0,0.0,0.0,0.0,0.0,0.0,0.0,0.0,0.0,0.0,0.0,0.0,0.0,5.0,0.0,15.96,26.77,26.75,27.88,37.3,54.77,55.02,31.87,20.25,6.53,105.0,24.0,20.0,0.0,109.0,6.0,0.0,10.94,18.1,19.62,19.03,36.13,54.57,54.62,37.79,29.9,16.19,64.0,21.0,9.0,0.0,76.0,0.0,0.0,0.0,0.0,0.0,0.0,0.0,0.0,0.0,0.0,0.0,0.0,0.0,0.0,0.0,0.0,0.0,1.0,8.49,0.0,6.48,12.48,17.27,13.87,23.69,34.13,35.12,52.78,3.99,102.0,24.0,0.0,0.0,126.0
43.3,3.0,66.03,37.14,39.79,23.87,16.94,20.26,13.45,3.05,3.83,0.0,3.52,99.0,24.0,0.0,3.0,120.0,4.0,58.53,29.61,23.39,22.19,18.02,14.78,8.61,6.6,0.0,7.56,16.04,62.0,19.0,13.0,0.0,68.0,2.0,42.98,86.05,38.62,31.02,16.26,16.9,11.96,13.96,3.83,0.0,19.3,57.0,16.0,13.0,0.0,60.0,0.0,0.0,0.0,0.0,0.0,0.0,0.0,0.0,0.0,0.0,0.0,0.0,0.0,0.0,0.0,0.0,0.0,0.0,0.0,0.0,0.0,0.0,0.0,0.0,0.0,0.0,0.0,0.0,0.0,0.0,0.0,0.0,0.0,0.0,0.0,0.0,0.0,0.0,0.0,0.0,0.0,0.0,0.0,0.0,0.0,0.0,0.0,0.0,0.0,0.0,0.0,5.0,0.0,12.64,21.75,26.1,27.22,37.42,51.6,55.17,35.41,21.13,14.38,64.0,22.0,16.0,0.0,70.0,6.0,7.25,0.0,15.87,19.37,21.64,35.23,51.67,53.5,35.94,27.72,10.25,88.0,20.0,36.0,0.0,72.0,0.0,0.0,0.0,0.0,0.0,0.0,0.0,0.0,0.0,0.0,0.0,0.0,0.0,0.0,0.0,0.0,0.0,1.0,11.6,0.0,3.96,14.51,17.65,10.25,24.4,33.68,37.34,47.97,3.71,100.0,36.0,0.0,0.0,136.0
43.4,3.0,69.23,43.45,38.06,22.83,15.64,16.67,17.17,0.22,7.25,0.0,3.38,106.0,10.0,0.0,0.0,116.0,4.0,55.15,32.85,24.62,24.81,17.3,11.12,10.65,9.22,0.0,4.95,14.05,70.0,35.0,18.0,3.0,84.0,2.0,43.27,85.09,38.44,32.66,19.84,15.27,9.21,14.53,0.0,3.51,14.2,47.0,14.0,9.0,0.0,52.0,0.0,0.0,0.0,0.0,0.0,0.0,0.0,0.0,0.0,0.0,0.0,0.0,0.0,0.0,0.0,0.0,0.0,0.0,0.0,0.0,0.0,0.0,0.0,0.0,0.0,0.0,0.0,0.0,0.0,0.0,0.0,0.0,0.0,0.0,0.0,0.0,0.0,0.0,0.0,0.0,0.0,0.0,0.0,0.0,0.0,0.0,0.0,0.0,0.0,0.0,0.0,5.0,0.0,13.11,25.14,23.22,25.3,36.7,51.88,51.96,32.89,16.92,23.01,40.0,19.0,9.0,0.0,50.0,6.0,0.0,10.99,16.54,18.83,21.01,31.99,50.44,55.54,37.67,24.28,5.34,131.0,23.0,27.0,0.0,127.0,0.0,0.0,0.0,0.0,0.0,0.0,0.0,0.0,0.0,0.0,0.0,0.0,0.0,0.0,0.0,0.0,0.0,1.0,10.9,0.0,6.47,14.62,15.25,10.93,22.24,29.33,35.67,48.93,3.98,108.0,52.0,0.0,0.0,160.0
43.5,3.0,71.88,40.1,36.96,21.91,16.7,22.31,18.46,1.54,6.58,0.0,3.44,99.0,0.0,0.0,0.0,99.0,4.0,60.29,31.97,26.07,23.35,18.16,11.6,7.36,7.17,6.67,0.0,11.63,60.0,22.0,6.0,0.0,76.0,2.0,43.64,79.82,32.47,31.12,19.68,14.04,8.46,12.21,8.63,0.0,10.56,59.0,22.0,6.0,0.0,75.0,0.0,0.0,0.0,0.0,0.0,0.0,0.0,0.0,0.0,0.0,0.0,0.0,0.0,0.0,0.0,0.0,0.0,0.0,0.0,0.0,0.0,0.0,0.0,0.0,0.0,0.0,0.0,0.0,0.0,0.0,0.0,0.0,0.0,0.0,0.0,0.0,0.0,0.0,0.0,0.0,0.0,0.0,0.0,0.0,0.0,0.0,0.0,0.0,0.0,0.0,0.0,5.0,0.0,13.72,26.17,26.67,21.53,32.33,51.83,55.36,36.64,17.3,16.36,86.0,35.0,26.0,0.0,95.0,6.0,0.0,13.87,20.5,19.62,19.02,32.61,50.45,58.65,38.4,29.04,5.74,126.0,33.0,33.0,9.0,117.0,0.0,0.0,0.0,0.0,0.0,0.0,0.0,0.0,0.0,0.0,0.0,0.0,0.0,0.0,0.0,0.0,0.0,1.0,10.38,0.0,4.97,15.85,12.74,11.76,17.58,26.3,35.68,50.52,4.67,89.0,22.0,0.0,0.0,111.0
43.6,3.0,71.15,39.68,37.26,25.97,17.76,18.98,17.68,1.95,4.4,0.0,3.0,114.0,0.0,0.0,0.0,114.0,4.0,58.48,30.59,27.19,23.81,21.26,9.38,10.29,0.0,9.27,4.37,10.37,55.0,26.0,6.0,0.0,75.0,2.0,48.49,76.13,33.63,32.16,16.31,13.74,5.9,14.42,8.5,0.0,12.48,64.0,22.0,9.0,0.0,77.0,0.0,0.0,0.0,0.0,0.0,0.0,0.0,0.0,0.0,0.0,0.0,0.0,0.0,0.0,0.0,0.0,0.0,0.0,0.0,0.0,0.0,0.0,0.0,0.0,0.0,0.0,0.0,0.0,0.0,0.0,0.0,0.0,0.0,0.0,0.0,0.0,0.0,0.0,0.0,0.0,0.0,0.0,0.0,0.0,0.0,0.0,0.0,0.0,0.0,0.0,0.0,5.0,0.0,12.87,20.3,25.33,23.42,36.5,51.4,54.76,33.82,19.44,14.0,82.0,24.0,9.0,0.0,97.0,6.0,0.0,12.05,20.35,20.53,16.5,30.0,50.42,57.41,39.6,30.75,3.55,95.0,26.0,2.0,16.0,103.0,0.0,0.0,0.0,0.0,0.0,0.0,0.0,0.0,0.0,0.0,0.0,0.0,0.0,0.0,0.0,0.0,0.0,1.0,11.18,0.0,6.55,18.04,12.62,10.41,22.11,26.37,36.82,48.44,3.87,36.0,0.0,0.0,0.0,36.0
43.7,3.0,72.71,42.11,38.85,22.91,16.08,17.5,15.28,0.0,9.9,-0.17,3.11,103.0,4.0,0.0,0.0,107.0,4.0,57.58,28.5,30.56,22.24,22.78,12.31,7.32,5.24,5.46,0.0,9.33,80.0,48.0,12.0,0.0,116.0,2.0,45.39,72.81,32.44,31.87,14.09,14.65,0.0,13.61,8.67,10.54,9.86,60.0,27.0,6.0,0.0,81.0,0.0,0.0,0.0,0.0,0.0,0.0,0.0,0.0,0.0,0.0,0.0,0.0,0.0,0.0,0.0,0.0,0.0,0.0,0.0,0.0,0.0,0.0,0.0,0.0,0.0,0.0,0.0,0.0,0.0,0.0,0.0,0.0,0.0,0.0,0.0,0.0,0.0,0.0,0.0,0.0,0.0,0.0,0.0,0.0,0.0,0.0,0.0,0.0,0.0,0.0,0.0,5.0,0.0,16.9,27.31,25.71,25.51,34.38,51.57,56.55,35.74,20.03,17.76,41.0,11.0,9.0,0.0,43.0,6.0,0.0,9.94,19.9,18.11,19.61,31.66,50.34,57.83,39.59,31.46,3.6,106.0,13.0,12.0,2.0,105.0,0.0,0.0,0.0,0.0,0.0,0.0,0.0,0.0,0.0,0.0,0.0,0.0,0.0,0.0,0.0,0.0,0.0,0.0,0.0,0.0,0.0,0.0,0.0,0.0,0.0,0.0,0.0,0.0,0.0,0.0,0.0,0.0,0.0,0.0
43.8,3.0,78.24,40.26,35.69,21.81,17.13,18.66,13.93,0.0,10.26,1.75,3.13,108.0,6.0,0.0,0.0,114.0,4.0,55.97,29.37,30.97,19.52,22.53,8.91,8.34,5.83,8.57,0.0,14.02,43.0,21.0,9.0,0.0,55.0,2.0,47.04,67.68,35.75,31.98,14.94,15.06,9.7,13.59,9.53,0.0,9.96,67.0,46.0,3.0,0.0,110.0,0.0,0.0,0.0,0.0,0.0,0.0,0.0,0.0,0.0,0.0,0.0,0.0,0.0,0.0,0.0,0.0,0.0,0.0,0.0,0.0,0.0,0.0,0.0,0.0,0.0,0.0,0.0,0.0,0.0,0.0,0.0,0.0,0.0,0.0,0.0,0.0,0.0,0.0,0.0,0.0,0.0,0.0,0.0,0.0,0.0,0.0,0.0,0.0,0.0,0.0,0.0,5.0,0.0,20.69,24.28,25.12,25.14,35.49,50.6,56.34,38.65,16.04,18.81,46.0,10.0,6.0,0.0,50.0,6.0,10.43,0.0,15.75,19.43,21.67,33.38,47.11,56.05,42.1,28.35,3.22,114.0,15.0,6.0,6.0,117.0,0.0,0.0,0.0,0.0,0.0,0.0,0.0,0.0,0.0,0.0,0.0,0.0,0.0,0.0,0.0,0.0,0.0,0.0,0.0,0.0,0.0,0.0,0.0,0.0,0.0,0.0,0.0,0.0,0.0,0.0,0.0,0.0,0.0,0.0
43.9,3.0,80.72,35.76,34.94,19.01,14.38,16.09,15.13,4.03,11.72,0.0,2.8,108.0,0.0,0.0,0.0,108.0,0.0,0.0,0.0,0.0,0.0,0.0,0.0,0.0,0.0,0.0,0.0,0.0,0.0,0.0,0.0,0.0,0.0,2.0,43.82,66.5,34.64,30.28,18.3,16.93,0.0,15.51,7.13,7.19,8.31,103.0,73.0,3.0,0.0,173.0,0.0,0.0,0.0,0.0,0.0,0.0,0.0,0.0,0.0,0.0,0.0,0.0,0.0,0.0,0.0,0.0,0.0,0.0,0.0,0.0,0.0,0.0,0.0,0.0,0.0,0.0,0.0,0.0,0.0,0.0,0.0,0.0,0.0,0.0,0.0,0.0,0.0,0.0,0.0,0.0,0.0,0.0,0.0,0.0,0.0,0.0,0.0,0.0,0.0,0.0,0.0,5.0,0.0,18.11,25.62,23.44,23.63,33.6,49.2,52.99,35.82,18.57,21.28,60.0,17.0,9.0,0.0,68.0,6.0,9.35,0.0,16.81,19.4,22.35,32.5,46.44,58.98,40.52,27.63,3.04,98.0,16.0,0.0,11.0,103.0,0.0,0.0,0.0,0.0,0.0,0.0,0.0,0.0,0.0,0.0,0.0,0.0,0.0,0.0,0.0,0.0,0.0,0.0,0.0,0.0,0.0,0.0,0.0,0.0,0.0,0.0,0.0,0.0,0.0,0.0,0.0,0.0,0.0,0.0
44.0,3.0,83.4,35.07,37.2,19.3,16.54,15.78,15.98,0.0,9.46,3.42,2.84,107.0,0.0,0.0,0.0,107.0,0.0,0.0,0.0,0.0,0.0,0.0,0.0,0.0,0.0,0.0,0.0,0.0,0.0,0.0,0.0,0.0,0.0,2.0,46.49,63.16,34.52,29.95,20.21,17.12,0.0,14.69,9.51,9.94,10.86,72.0,42.0,6.0,0.0,108.0,0.0,0.0,0.0,0.0,0.0,0.0,0.0,0.0,0.0,0.0,0.0,0.0,0.0,0.0,0.0,0.0,0.0,0.0,0.0,0.0,0.0,0.0,0.0,0.0,0.0,0.0,0.0,0.0,0.0,0.0,0.0,0.0,0.0,0.0,0.0,0.0,0.0,0.0,0.0,0.0,0.0,0.0,0.0,0.0,0.0,0.0,0.0,0.0,0.0,0.0,0.0,5.0,0.0,16.87,23.85,24.26,24.06,29.0,48.58,54.56,36.99,19.15,16.71,54.0,14.0,10.0,0.0,58.0,6.0,0.0,8.5,16.84,17.13,19.93,32.64,46.14,61.28,43.36,31.11,2.88,114.0,22.0,0.0,0.0,136.0,0.0,0.0,0.0,0.0,0.0,0.0,0.0,0.0,0.0,0.0,0.0,0.0,0.0,0.0,0.0,0.0,0.0,0.0,0.0,0.0,0.0,0.0,0.0,0.0,0.0,0.0,0.0,0.0,0.0,0.0,0.0,0.0,0.0,0.0
44.1,3.0,88.32,37.1,34.6,18.32,15.99,15.94,15.02,3.44,7.32,0.0,2.95,103.0,0.0,0.0,0.0,103.0,2.0,48.56,61.97,34.07,34.81,20.28,18.74,10.33,13.45,0.0,6.87,3.17,122.0,8.0,3.0,0.0,127.0,0.0,0.0,0.0,0.0,0.0,0.0,0.0,0.0,0.0,0.0,0.0,0.0,0.0,0.0,0.0,0.0,0.0,0.0,0.0,0.0,0.0,0.0,0.0,0.0,0.0,0.0,0.0,0.0,0.0,0.0,0.0,0.0,0.0,0.0,0.0,0.0,0.0,0.0,0.0,0.0,0.0,0.0,0.0,0.0,0.0,0.0,0.0,0.0,0.0,0.0,0.0,0.0,0.0,0.0,0.0,0.0,0.0,0.0,0.0,0.0,0.0,0.0,0.0,0.0,0.0,0.0,0.0,0.0,5.0,0.0,12.11,23.67,25.13,24.69,25.66,47.41,54.46,37.18,21.88,14.85,65.0,10.0,6.0,0.0,69.0,6.0,12.14,0.0,11.5,18.2,22.3,31.63,41.5,63.92,41.38,29.31,3.2,93.0,14.0,0.0,0.0,107.0,0.0,0.0,0.0,0.0,0.0,0.0,0.0,0.0,0.0,0.0,0.0,0.0,0.0,0.0,0.0,0.0,0.0,0.0,0.0,0.0,0.0,0.0,0.0,0.0,0.0,0.0,0.0,0.0,0.0,0.0,0.0,0.0,0.0,0.0
44.2,3.0,89.84,38.16,31.06,18.44,21.31,17.16,16.45,0.0,9.18,3.6,2.81,110.0,0.0,0.0,0.0,110.0,2.0,48.43,63.29,35.83,34.26,19.39,14.58,13.4,13.65,0.0,9.53,2.99,103.0,2.0,0.0,0.0,105.0,0.0,0.0,0.0,0.0,0.0,0.0,0.0,0.0,0.0,0.0,0.0,0.0,0.0,0.0,0.0,0.0,0.0,0.0,0.0,0.0,0.0,0.0,0.0,0.0,0.0,0.0,0.0,0.0,0.0,0.0,0.0,0.0,0.0,0.0,0.0,0.0,0.0,0.0,0.0,0.0,0.0,0.0,0.0,0.0,0.0,0.0,0.0,0.0,0.0,0.0,0.0,0.0,0.0,0.0,0.0,0.0,0.0,0.0,0.0,0.0,0.0,0.0,0.0,0.0,0.0,0.0,0.0,0.0,5.0,0.0,9.77,22.12,25.27,27.74,25.65,44.4,55.63,35.22,22.02,13.64,69.0,16.0,6.0,0.0,79.0,6.0,0.0,10.2,11.94,17.86,22.64,29.14,42.22,63.26,43.09,33.84,3.36,101.0,14.0,0.0,0.0,115.0,0.0,0.0,0.0,0.0,0.0,0.0,0.0,0.0,0.0,0.0,0.0,0.0,0.0,0.0,0.0,0.0,0.0,0.0,0.0,0.0,0.0,0.0,0.0,0.0,0.0,0.0,0.0,0.0,0.0,0.0,0.0,0.0,0.0,0.0
44.3,3.0,90.61,36.88,29.74,21.58,18.85,19.51,13.83,0.46,13.15,0.0,3.17,93.0,0.0,0.0,0.0,93.0,2.0,47.16,66.21,36.53,35.39,21.33,14.55,14.38,12.75,0.0,7.06,2.83,107.0,6.0,0.0,0.0,113.0,0.0,0.0,0.0,0.0,0.0,0.0,0.0,0.0,0.0,0.0,0.0,0.0,0.0,0.0,0.0,0.0,0.0,0.0,0.0,0.0,0.0,0.0,0.0,0.0,0.0,0.0,0.0,0.0,0.0,0.0,0.0,0.0,0.0,0.0,0.0,0.0,0.0,0.0,0.0,0.0,0.0,0.0,0.0,0.0,0.0,0.0,0.0,0.0,0.0,0.0,0.0,0.0,0.0,0.0,0.0,0.0,0.0,0.0,0.0,0.0,0.0,0.0,0.0,0.0,0.0,0.0,0.0,0.0,5.0,5.63,0.0,20.55,24.02,26.49,29.24,41.14,54.56,34.61,24.2,16.66,46.0,8.0,6.0,0.0,48.0,6.0,0.0,12.13,14.41,17.02,23.06,27.7,42.41,62.85,46.83,34.02,2.82,108.0,10.0,0.0,0.0,118.0,0.0,0.0,0.0,0.0,0.0,0.0,0.0,0.0,0.0,0.0,0.0,0.0,0.0,0.0,0.0,0.0,0.0,0.0,0.0,0.0,0.0,0.0,0.0,0.0,0.0,0.0,0.0,0.0,0.0,0.0,0.0,0.0,0.0,0.0
44.4,3.0,83.71,36.18,27.95,21.11,15.67,16.16,13.2,0.0,14.14,-0.34,2.89,105.0,0.0,0.0,0.0,105.0,2.0,50.55,66.42,36.22,32.26,16.91,16.91,16.58,11.49,0.0,10.8,3.05,97.0,8.0,0.0,0.0,105.0,0.0,0.0,0.0,0.0,0.0,0.0,0.0,0.0,0.0,0.0,0.0,0.0,0.0,0.0,0.0,0.0,0.0,0.0,0.0,0.0,0.0,0.0,0.0,0.0,0.0,0.0,0.0,0.0,0.0,0.0,0.0,0.0,0.0,0.0,0.0,0.0,0.0,0.0,0.0,0.0,0.0,0.0,0.0,0.0,0.0,0.0,0.0,0.0,0.0,0.0,0.0,0.0,0.0,0.0,0.0,0.0,0.0,0.0,0.0,0.0,0.0,0.0,0.0,0.0,0.0,0.0,0.0,0.0,5.0,9.0,0.0,20.76,21.09,28.76,30.0,45.05,54.94,36.95,21.27,17.15,72.0,18.0,9.0,0.0,81.0,6.0,11.01,0.0,13.74,20.29,22.04,25.8,45.64,64.77,46.63,32.65,3.2,89.0,14.0,0.0,0.0,103.0,0.0,0.0,0.0,0.0,0.0,0.0,0.0,0.0,0.0,0.0,0.0,0.0,0.0,0.0,0.0,0.0,0.0,0.0,0.0,0.0,0.0,0.0,0.0,0.0,0.0,0.0,0.0,0.0,0.0,0.0,0.0,0.0,0.0,0.0
44.5,3.0,80.22,37.75,28.17,23.32,15.86,18.65,13.74,0.0,17.73,0.39,3.1,100.0,0.0,0.0,0.0,100.0,2.0,50.03,61.82,35.38,32.23,22.19,19.2,14.54,14.81,0.0,11.27,2.88,104.0,16.0,0.0,0.0,120.0,0.0,0.0,0.0,0.0,0.0,0.0,0.0,0.0,0.0,0.0,0.0,0.0,0.0,0.0,0.0,0.0,0.0,0.0,0.0,0.0,0.0,0.0,0.0,0.0,0.0,0.0,0.0,0.0,0.0,0.0,0.0,0.0,0.0,0.0,0.0,0.0,0.0,0.0,0.0,0.0,0.0,0.0,0.0,0.0,0.0,0.0,0.0,0.0,0.0,0.0,0.0,0.0,0.0,0.0,0.0,0.0,0.0,0.0,0.0,0.0,0.0,0.0,0.0,0.0,0.0,0.0,0.0,0.0,5.0,0.0,8.25,21.3,20.36,25.3,28.94,45.01,57.31,37.93,23.37,15.65,47.0,16.0,6.0,0.0,57.0,6.0,11.99,0.0,11.48,20.39,21.56,24.74,40.62,65.36,44.44,30.52,3.08,116.0,20.0,0.0,0.0,136.0,0.0,0.0,0.0,0.0,0.0,0.0,0.0,0.0,0.0,0.0,0.0,0.0,0.0,0.0,0.0,0.0,0.0,0.0,0.0,0.0,0.0,0.0,0.0,0.0,0.0,0.0,0.0,0.0,0.0,0.0,0.0,0.0,0.0,0.0
44.6,3.0,74.98,35.02,30.07,22.81,16.86,13.99,10.49,4.0,16.21,0.0,3.09,96.0,0.0,0.0,0.0,96.0,2.0,50.67,62.76,33.81,28.87,17.94,15.09,10.71,13.52,0.0,10.52,3.07,108.0,28.0,0.0,0.0,136.0,0.0,0.0,0.0,0.0,0.0,0.0,0.0,0.0,0.0,0.0,0.0,0.0,0.0,0.0,0.0,0.0,0.0,0.0,0.0,0.0,0.0,0.0,0.0,0.0,0.0,0.0,0.0,0.0,0.0,0.0,0.0,0.0,0.0,0.0,0.0,0.0,0.0,0.0,0.0,0.0,0.0,0.0,0.0,0.0,0.0,0.0,0.0,0.0,0.0,0.0,0.0,0.0,0.0,0.0,0.0,0.0,0.0,0.0,0.0,0.0,0.0,0.0,0.0,0.0,0.0,0.0,0.0,0.0,5.0,8.38,0.0,20.69,18.86,24.13,26.96,42.7,59.86,31.52,23.68,15.88,62.0,10.0,9.0,0.0,63.0,6.0,11.26,0.0,12.52,18.62,25.41,24.46,43.53,67.16,46.32,32.59,3.01,97.0,8.0,0.0,0.0,105.0,0.0,0.0,0.0,0.0,0.0,0.0,0.0,0.0,0.0,0.0,0.0,0.0,0.0,0.0,0.0,0.0,0.0,0.0,0.0,0.0,0.0,0.0,0.0,0.0,0.0,0.0,0.0,0.0,0.0,0.0,0.0,0.0,0.0,0.0
44.7,3.0,69.8,34.58,25.43,20.43,15.55,15.39,13.37,3.05,18.07,0.0,2.86,104.0,0.0,0.0,0.0,104.0,2.0,50.96,55.73,32.88,31.71,17.69,15.71,7.84,11.02,0.0,10.42,3.32,104.0,32.0,4.0,0.0,132.0,0.0,0.0,0.0,0.0,0.0,0.0,0.0,0.0,0.0,0.0,0.0,0.0,0.0,0.0,0.0,0.0,0.0,0.0,0.0,0.0,0.0,0.0,0.0,0.0,0.0,0.0,0.0,0.0,0.0,0.0,0.0,0.0,0.0,0.0,0.0,0.0,0.0,0.0,0.0,0.0,0.0,0.0,0.0,0.0,0.0,0.0,0.0,0.0,0.0,0.0,0.0,0.0,0.0,0.0,0.0,0.0,0.0,0.0,0.0,0.0,0.0,0.0,0.0,0.0,0.0,0.0,0.0,0.0,5.0,10.95,0.0,20.76,17.09,21.11,31.32,41.24,58.78,34.23,26.14,8.99,93.0,26.0,3.0,0.0,116.0,6.0,9.15,0.0,14.28,21.76,21.39,27.71,44.3,69.79,47.4,28.71,3.05,96.0,8.0,0.0,0.0,104.0,0.0,0.0,0.0,0.0,0.0,0.0,0.0,0.0,0.0,0.0,0.0,0.0,0.0,0.0,0.0,0.0,0.0,0.0,0.0,0.0,0.0,0.0,0.0,0.0,0.0,0.0,0.0,0.0,0.0,0.0,0.0,0.0,0.0,0.0
44.8,3.0,67.42,33.73,26.17,20.86,17.57,14.56,12.61,7.94,20.35,0.0,2.89,105.0,0.0,0.0,0.0,105.0,2.0,55.44,56.02,36.29,33.36,17.13,14.77,12.01,9.43,0.0,12.35,4.78,110.0,40.0,24.0,0.0,126.0,0.0,0.0,0.0,0.0,0.0,0.0,0.0,0.0,0.0,0.0,0.0,0.0,0.0,0.0,0.0,0.0,0.0,0.0,0.0,0.0,0.0,0.0,0.0,0.0,0.0,0.0,0.0,0.0,0.0,0.0,0.0,0.0,0.0,0.0,0.0,0.0,0.0,0.0,0.0,0.0,0.0,0.0,0.0,0.0,0.0,0.0,0.0,0.0,0.0,0.0,0.0,0.0,0.0,0.0,0.0,0.0,0.0,0.0,0.0,0.0,0.0,0.0,0.0,0.0,0.0,0.0,0.0,0.0,5.0,10.78,0.0,19.05,15.96,25.34,32.61,42.84,57.93,38.25,25.84,8.71,73.0,30.0,3.0,0.0,100.0,6.0,0.0,10.23,14.0,18.39,21.97,30.21,44.57,64.7,45.28,26.99,2.74,114.0,8.0,0.0,0.0,122.0,0.0,0.0,0.0,0.0,0.0,0.0,0.0,0.0,0.0,0.0,0.0,0.0,0.0,0.0,0.0,0.0,0.0,0.0,0.0,0.0,0.0,0.0,0.0,0.0,0.0,0.0,0.0,0.0,0.0,0.0,0.0,0.0,0.0,0.0
44.9,3.0,61.68,34.57,27.61,20.42,8.71,17.05,15.47,12.32,19.36,0.0,2.75,113.0,0.0,0.0,0.0,113.0,2.0,53.24,55.99,35.85,30.43,19.91,15.66,14.26,8.43,0.0,10.04,5.36,132.0,36.0,34.0,0.0,134.0,0.0,0.0,0.0,0.0,0.0,0.0,0.0,0.0,0.0,0.0,0.0,0.0,0.0,0.0,0.0,0.0,0.0,0.0,0.0,0.0,0.0,0.0,0.0,0.0,0.0,0.0,0.0,0.0,0.0,0.0,0.0,0.0,0.0,0.0,0.0,0.0,0.0,0.0,0.0,0.0,0.0,0.0,0.0,0.0,0.0,0.0,0.0,0.0,0.0,0.0,0.0,0.0,0.0,0.0,0.0,0.0,0.0,0.0,0.0,0.0,0.0,0.0,0.0,0.0,0.0,0.0,0.0,0.0,5.0,12.56,0.0,18.44,15.56,21.9,31.31,39.57,62.33,40.84,28.37,10.75,64.0,18.0,6.0,0.0,76.0,6.0,0.0,10.34,14.51,22.74,22.82,31.77,40.92,63.78,45.35,29.14,3.3,98.0,8.0,0.0,0.0,106.0,0.0,0.0,0.0,0.0,0.0,0.0,0.0,0.0,0.0,0.0,0.0,0.0,0.0,0.0,0.0,0.0,0.0,0.0,0.0,0.0,0.0,0.0,0.0,0.0,0.0,0.0,0.0,0.0,0.0,0.0,0.0,0.0,0.0,0.0
45.0,3.0,63.73,37.64,27.63,20.8,11.65,16.09,16.56,11.68,21.08,0.0,3.06,94.0,0.0,0.0,0.0,94.0,2.0,54.29,55.74,37.68,34.57,17.44,15.94,12.8,7.76,0.0,7.48,4.94,116.0,42.0,27.0,0.0,131.0,0.0,0.0,0.0,0.0,0.0,0.0,0.0,0.0,0.0,0.0,0.0,0.0,0.0,0.0,0.0,0.0,0.0,0.0,0.0,0.0,0.0,0.0,0.0,0.0,0.0,0.0,0.0,0.0,0.0,0.0,0.0,0.0,0.0,0.0,0.0,0.0,0.0,0.0,0.0,0.0,0.0,0.0,0.0,0.0,0.0,0.0,0.0,0.0,0.0,0.0,0.0,0.0,0.0,0.0,0.0,0.0,0.0,0.0,0.0,0.0,0.0,0.0,0.0,0.0,0.0,0.0,0.0,0.0,5.0,7.83,0.0,18.66,17.44,22.31,30.21,38.52,60.83,40.7,30.03,1.99,78.0,32.0,3.0,0.0,107.0,6.0,0.0,12.78,15.48,23.17,19.53,29.74,42.8,65.81,44.81,28.52,2.82,109.0,2.0,0.0,0.0,111.0,0.0,0.0,0.0,0.0,0.0,0.0,0.0,0.0,0.0,0.0,0.0,0.0,0.0,0.0,0.0,0.0,0.0,0.0,0.0,0.0,0.0,0.0,0.0,0.0,0.0,0.0,0.0,0.0,0.0,0.0,0.0,0.0,0.0,0.0
45.1,3.0,59.46,37.72,29.31,19.17,13.92,15.66,18.69,9.77,17.7,0.0,3.15,94.0,2.0,0.0,0.0,96.0,2.0,51.95,56.6,36.18,36.37,18.38,15.59,11.62,8.14,0.0,8.32,4.19,104.0,34.0,25.0,0.0,113.0,0.0,0.0,0.0,0.0,0.0,0.0,0.0,0.0,0.0,0.0,0.0,0.0,0.0,0.0,0.0,0.0,0.0,0.0,0.0,0.0,0.0,0.0,0.0,0.0,0.0,0.0,0.0,0.0,0.0,0.0,0.0,0.0,0.0,0.0,0.0,0.0,0.0,0.0,0.0,0.0,0.0,0.0,0.0,0.0,0.0,0.0,0.0,0.0,0.0,0.0,0.0,0.0,0.0,0.0,0.0,0.0,0.0,0.0,0.0,0.0,0.0,0.0,0.0,0.0,0.0,0.0,0.0,0.0,5.0,6.82,0.0,15.03,15.56,22.54,33.32,40.2,64.14,40.01,31.22,7.57,99.0,30.0,0.0,0.0,129.0,6.0,0.0,11.67,15.97,24.27,14.5,31.23,41.31,66.24,42.92,26.7,2.79,111.0,2.0,0.0,0.0,113.0,0.0,0.0,0.0,0.0,0.0,0.0,0.0,0.0,0.0,0.0,0.0,0.0,0.0,0.0,0.0,0.0,0.0,0.0,0.0,0.0,0.0,0.0,0.0,0.0,0.0,0.0,0.0,0.0,0.0,0.0,0.0,0.0,0.0,0.0
45.2,3.0,58.46,32.44,34.07,20.46,7.71,13.57,18.76,0.0,17.45,8.06,3.2,91.0,0.0,0.0,0.0,91.0,2.0,50.87,56.77,35.64,30.94,17.97,13.72,15.05,8.47,0.0,8.85,4.63,120.0,32.0,23.0,2.0,127.0,0.0,0.0,0.0,0.0,0.0,0.0,0.0,0.0,0.0,0.0,0.0,0.0,0.0,0.0,0.0,0.0,0.0,0.0,0.0,0.0,0.0,0.0,0.0,0.0,0.0,0.0,0.0,0.0,0.0,0.0,0.0,0.0,0.0,0.0,0.0,0.0,0.0,0.0,0.0,0.0,0.0,0.0,0.0,0.0,0.0,0.0,0.0,0.0,0.0,0.0,0.0,0.0,0.0,0.0,0.0,0.0,0.0,0.0,0.0,0.0,0.0,0.0,0.0,0.0,0.0,0.0,0.0,0.0,5.0,9.45,0.0,15.86,15.44,20.63,34.1,37.41,70.03,38.88,32.75,4.61,110.0,60.0,0.0,0.0,170.0,6.0,0.0,13.2,14.22,22.62,18.94,28.2,37.08,65.41,45.48,26.55,2.87,107.0,0.0,0.0,0.0,107.0,0.0,0.0,0.0,0.0,0.0,0.0,0.0,0.0,0.0,0.0,0.0,0.0,0.0,0.0,0.0,0.0,0.0,0.0,0.0,0.0,0.0,0.0,0.0,0.0,0.0,0.0,0.0,0.0,0.0,0.0,0.0,0.0,0.0,0.0
45.3,3.0,56.14,29.46,29.3,20.2,10.62,13.5,15.28,0.0,18.61,9.96,2.83,106.0,0.0,0.0,0.0,106.0,2.0,53.06,58.89,40.28,27.14,16.42,14.15,12.06,6.79,6.25,0.0,3.9,99.0,34.0,7.0,7.0,119.0,0.0,0.0,0.0,0.0,0.0,0.0,0.0,0.0,0.0,0.0,0.0,0.0,0.0,0.0,0.0,0.0,0.0,0.0,0.0,0.0,0.0,0.0,0.0,0.0,0.0,0.0,0.0,0.0,0.0,0.0,0.0,0.0,0.0,0.0,0.0,0.0,0.0,0.0,0.0,0.0,0.0,0.0,0.0,0.0,0.0,0.0,0.0,0.0,0.0,0.0,0.0,0.0,0.0,0.0,0.0,0.0,0.0,0.0,0.0,0.0,0.0,0.0,0.0,0.0,0.0,0.0,0.0,0.0,5.0,12.11,0.0,14.48,15.11,22.45,35.62,42.0,74.09,37.02,27.54,4.7,103.0,52.0,0.0,0.0,155.0,6.0,0.0,14.81,14.2,28.02,17.28,29.9,39.76,70.78,45.95,27.01,2.76,110.0,2.0,0.0,0.0,112.0,0.0,0.0,0.0,0.0,0.0,0.0,0.0,0.0,0.0,0.0,0.0,0.0,0.0,0.0,0.0,0.0,0.0,0.0,0.0,0.0,0.0,0.0,0.0,0.0,0.0,0.0,0.0,0.0,0.0,0.0,0.0,0.0,0.0,0.0
45.4,3.0,56.92,34.15,28.13,19.48,9.14,10.33,11.97,0.0,16.6,8.06,3.11,95.0,0.0,0.0,0.0,95.0,2.0,49.87,57.79,39.76,27.76,17.2,11.19,8.17,5.31,0.0,4.33,3.37,112.0,32.0,13.0,2.0,129.0,0.0,0.0,0.0,0.0,0.0,0.0,0.0,0.0,0.0,0.0,0.0,0.0,0.0,0.0,0.0,0.0,0.0,0.0,0.0,0.0,0.0,0.0,0.0,0.0,0.0,0.0,0.0,0.0,0.0,0.0,0.0,0.0,0.0,0.0,0.0,0.0,0.0,0.0,0.0,0.0,0.0,0.0,0.0,0.0,0.0,0.0,0.0,0.0,0.0,0.0,0.0,0.0,0.0,0.0,0.0,0.0,0.0,0.0,0.0,0.0,0.0,0.0,0.0,0.0,0.0,0.0,0.0,0.0,5.0,9.96,0.0,14.87,16.95,25.08,27.07,41.17,78.97,41.41,27.9,2.86,101.0,52.0,0.0,0.0,153.0,6.0,0.0,14.85,14.94,26.41,17.74,27.29,41.28,73.67,46.71,25.13,2.78,111.0,0.0,0.0,0.0,111.0,0.0,0.0,0.0,0.0,0.0,0.0,0.0,0.0,0.0,0.0,0.0,0.0,0.0,0.0,0.0,0.0,0.0,0.0,0.0,0.0,0.0,0.0,0.0,0.0,0.0,0.0,0.0,0.0,0.0,0.0,0.0,0.0,0.0,0.0
45.5,3.0,58.6,33.31,27.35,25.01,9.66,14.25,11.88,0.0,15.81,4.83,2.97,101.0,0.0,0.0,0.0,101.0,2.0,53.56,55.71,36.99,32.05,18.16,14.39,9.1,5.58,5.52,0.0,4.31,126.0,34.0,13.0,6.0,141.0,0.0,0.0,0.0,0.0,0.0,0.0,0.0,0.0,0.0,0.0,0.0,0.0,0.0,0.0,0.0,0.0,0.0,0.0,0.0,0.0,0.0,0.0,0.0,0.0,0.0,0.0,0.0,0.0,0.0,0.0,0.0,0.0,0.0,0.0,0.0,0.0,0.0,0.0,0.0,0.0,0.0,0.0,0.0,0.0,0.0,0.0,0.0,0.0,0.0,0.0,0.0,0.0,0.0,0.0,0.0,0.0,0.0,0.0,0.0,0.0,0.0,0.0,0.0,0.0,0.0,0.0,0.0,0.0,5.0,14.16,0.0,16.97,15.22,25.06,29.85,39.32,82.2,43.93,30.09,2.16,110.0,42.0,0.0,0.0,152.0,6.0,0.0,12.66,16.46,23.51,21.5,24.79,41.92,74.74,48.58,27.8,3.2,89.0,0.0,0.0,0.0,89.0,0.0,0.0,0.0,0.0,0.0,0.0,0.0,0.0,0.0,0.0,0.0,0.0,0.0,0.0,0.0,0.0,0.0,0.0,0.0,0.0,0.0,0.0,0.0,0.0,0.0,0.0,0.0,0.0,0.0,0.0,0.0,0.0,0.0,0.0
45.6,3.0,56.68,32.31,27.37,27.02,10.49,11.59,13.61,0.0,18.73,9.03,2.66,113.0,0.0,0.0,0.0,113.0,2.0,58.49,54.46,36.42,32.41,20.53,10.93,8.67,9.51,3.69,0.0,8.52,85.0,22.0,15.0,0.0,92.0,0.0,0.0,0.0,0.0,0.0,0.0,0.0,0.0,0.0,0.0,0.0,0.0,0.0,0.0,0.0,0.0,0.0,0.0,0.0,0.0,0.0,0.0,0.0,0.0,0.0,0.0,0.0,0.0,0.0,0.0,0.0,0.0,0.0,0.0,0.0,0.0,0.0,0.0,0.0,0.0,0.0,0.0,0.0,0.0,0.0,0.0,0.0,0.0,0.0,0.0,0.0,0.0,0.0,0.0,0.0,0.0,0.0,0.0,0.0,0.0,0.0,0.0,0.0,0.0,0.0,0.0,0.0,0.0,0.0,0.0,0.0,0.0,0.0,0.0,0.0,0.0,0.0,0.0,0.0,0.0,0.0,0.0,0.0,0.0,0.0,6.0,0.0,12.41,16.12,22.58,21.3,23.29,39.03,79.35,47.78,28.55,3.16,95.0,10.0,0.0,0.0,105.0,5.0,14.49,0.0,14.97,14.33,27.15,33.3,37.88,87.2,45.0,30.84,8.09,87.0,34.0,6.0,0.0,115.0,0.0,0.0,0.0,0.0,0.0,0.0,0.0,0.0,0.0,0.0,0.0,0.0,0.0,0.0,0.0,0.0,0.0
45.7,3.0,56.03,32.11,23.37,22.48,10.11,10.19,11.81,0.0,13.93,7.69,2.73,112.0,4.0,0.0,0.0,116.0,2.0,54.66,50.89,39.51,24.84,17.62,13.26,8.39,4.97,0.0,4.42,8.23,96.0,22.0,4.0,0.0,114.0,0.0,0.0,0.0,0.0,0.0,0.0,0.0,0.0,0.0,0.0,0.0,0.0,0.0,0.0,0.0,0.0,0.0,0.0,0.0,0.0,0.0,0.0,0.0,0.0,0.0,0.0,0.0,0.0,0.0,0.0,0.0,0.0,0.0,0.0,0.0,0.0,0.0,0.0,0.0,0.0,0.0,0.0,0.0,0.0,0.0,0.0,0.0,0.0,0.0,0.0,0.0,0.0,0.0,0.0,0.0,0.0,0.0,0.0,0.0,0.0,0.0,0.0,0.0,0.0,0.0,0.0,0.0,0.0,0.0,0.0,0.0,0.0,0.0,0.0,0.0,0.0,0.0,0.0,0.0,0.0,0.0,0.0,0.0,0.0,0.0,6.0,0.0,16.37,14.6,23.34,19.86,27.95,42.29,83.63,49.63,28.64,2.74,109.0,0.0,0.0,0.0,109.0,5.0,14.99,12.75,13.94,0.0,28.91,30.97,39.63,87.97,43.88,31.47,2.99,102.0,46.0,0.0,0.0,148.0,0.0,0.0,0.0,0.0,0.0,0.0,0.0,0.0,0.0,0.0,0.0,0.0,0.0,0.0,0.0,0.0,0.0
45.8,3.0,59.8,34.49,22.99,21.96,11.6,8.65,8.58,2.92,13.28,0.0,2.79,108.0,6.0,0.0,0.0,114.0,2.0,54.01,50.52,36.8,30.44,18.34,10.94,13.33,7.21,0.0,6.72,6.39,86.0,38.0,3.0,0.0,121.0,0.0,0.0,0.0,0.0,0.0,0.0,0.0,0.0,0.0,0.0,0.0,0.0,0.0,0.0,0.0,0.0,0.0,0.0,0.0,0.0,0.0,0.0,0.0,0.0,0.0,0.0,0.0,0.0,0.0,0.0,0.0,0.0,0.0,0.0,0.0,0.0,0.0,0.0,0.0,0.0,0.0,0.0,0.0,0.0,0.0,0.0,0.0,0.0,0.0,0.0,0.0,0.0,0.0,0.0,0.0,0.0,0.0,0.0,0.0,0.0,0.0,0.0,0.0,0.0,0.0,0.0,0.0,0.0,0.0,0.0,0.0,0.0,0.0,0.0,0.0,0.0,0.0,0.0,0.0,0.0,0.0,0.0,0.0,0.0,0.0,6.0,0.0,17.18,18.05,22.43,19.23,22.96,41.01,85.57,46.89,29.69,3.19,90.0,0.0,0.0,0.0,90.0,5.0,13.22,15.14,13.42,0.0,28.97,28.86,36.76,88.34,46.75,35.66,3.97,110.0,56.0,0.0,0.0,166.0,0.0,0.0,0.0,0.0,0.0,0.0,0.0,0.0,0.0,0.0,0.0,0.0,0.0,0.0,0.0,0.0,0.0
45.9,3.0,58.78,33.01,22.23,20.76,15.15,13.93,5.72,0.0,9.53,6.07,2.94,99.0,10.0,0.0,0.0,109.0,2.0,58.74,52.16,38.05,28.67,18.8,8.63,9.47,6.87,0.0,8.21,5.94,77.0,32.0,3.0,0.0,106.0,0.0,0.0,0.0,0.0,0.0,0.0,0.0,0.0,0.0,0.0,0.0,0.0,0.0,0.0,0.0,0.0,0.0,0.0,0.0,0.0,0.0,0.0,0.0,0.0,0.0,0.0,0.0,0.0,0.0,0.0,0.0,0.0,0.0,0.0,0.0,0.0,0.0,0.0,0.0,0.0,0.0,0.0,0.0,0.0,0.0,0.0,0.0,0.0,0.0,0.0,0.0,0.0,0.0,0.0,0.0,0.0,0.0,0.0,0.0,0.0,0.0,0.0,0.0,0.0,0.0,0.0,0.0,0.0,0.0,0.0,0.0,0.0,0.0,0.0,0.0,0.0,0.0,0.0,0.0,0.0,0.0,0.0,0.0,0.0,0.0,6.0,0.0,18.84,16.97,21.8,17.91,23.87,42.12,85.26,40.74,32.05,3.05,99.0,0.0,0.0,0.0,99.0,5.0,18.32,15.29,15.07,0.0,24.17,32.79,36.06,90.37,42.06,36.65,3.06,104.0,40.0,0.0,0.0,144.0,0.0,0.0,0.0,0.0,0.0,0.0,0.0,0.0,0.0,0.0,0.0,0.0,0.0,0.0,0.0,0.0,0.0
46.0,3.0,55.91,28.27,16.79,21.69,14.61,14.14,10.87,0.0,8.87,5.55,2.73,108.0,2.0,0.0,0.0,110.0,2.0,57.98,47.7,36.73,31.79,22.7,11.37,11.08,8.88,6.85,0.0,9.24,69.0,20.0,6.0,0.0,83.0,0.0,0.0,0.0,0.0,0.0,0.0,0.0,0.0,0.0,0.0,0.0,0.0,0.0,0.0,0.0,0.0,0.0,0.0,0.0,0.0,0.0,0.0,0.0,0.0,0.0,0.0,0.0,0.0,0.0,0.0,0.0,0.0,0.0,0.0,0.0,0.0,0.0,0.0,0.0,0.0,0.0,0.0,0.0,0.0,0.0,0.0,0.0,0.0,0.0,0.0,0.0,0.0,0.0,0.0,0.0,0.0,0.0,0.0,0.0,0.0,0.0,0.0,0.0,0.0,0.0,0.0,0.0,0.0,0.0,0.0,0.0,0.0,0.0,0.0,0.0,0.0,0.0,0.0,0.0,0.0,0.0,0.0,0.0,0.0,0.0,6.0,0.0,17.16,19.85,19.81,17.34,24.96,43.73,88.57,42.92,33.78,2.99,104.0,0.0,0.0,0.0,104.0,5.0,15.57,15.2,14.87,0.0,23.95,32.66,34.88,91.75,42.37,35.17,1.01,100.0,38.0,0.0,0.0,138.0,0.0,0.0,0.0,0.0,0.0,0.0,0.0,0.0,0.0,0.0,0.0,0.0,0.0,0.0,0.0,0.0,0.0
46.1,3.0,56.27,31.21,17.83,18.99,14.79,14.07,12.97,3.37,5.52,0.0,2.88,103.0,6.0,0.0,0.0,109.0,2.0,58.89,46.41,34.57,32.85,22.36,13.02,10.62,7.39,0.0,6.2,10.11,72.0,22.0,6.0,0.0,88.0,0.0,0.0,0.0,0.0,0.0,0.0,0.0,0.0,0.0,0.0,0.0,0.0,0.0,0.0,0.0,0.0,0.0,0.0,0.0,0.0,0.0,0.0,0.0,0.0,0.0,0.0,0.0,0.0,0.0,0.0,0.0,0.0,0.0,0.0,0.0,0.0,0.0,0.0,0.0,0.0,0.0,0.0,0.0,0.0,0.0,0.0,0.0,0.0,0.0,0.0,0.0,0.0,0.0,0.0,0.0,0.0,0.0,0.0,0.0,0.0,0.0,0.0,0.0,0.0,0.0,0.0,0.0,0.0,0.0,0.0,0.0,0.0,0.0,0.0,0.0,0.0,0.0,0.0,0.0,0.0,0.0,0.0,0.0,0.0,0.0,6.0,0.0,15.51,21.88,19.3,18.23,27.48,40.29,85.92,42.65,32.01,2.96,101.0,0.0,0.0,0.0,101.0,5.0,16.2,0.0,14.94,15.72,22.56,30.49,35.67,90.27,40.63,37.81,4.37,93.0,44.0,0.0,0.0,137.0,0.0,0.0,0.0,0.0,0.0,0.0,0.0,0.0,0.0,0.0,0.0,0.0,0.0,0.0,0.0,0.0,0.0
46.2,3.0,53.18,28.79,20.24,21.66,13.12,11.36,9.9,2.4,7.21,0.0,2.41,81.0,0.0,0.0,0.0,81.0,2.0,64.75,43.58,32.43,29.87,20.25,13.39,11.88,11.91,8.95,0.0,3.16,109.0,30.0,0.0,0.0,139.0,0.0,0.0,0.0,0.0,0.0,0.0,0.0,0.0,0.0,0.0,0.0,0.0,0.0,0.0,0.0,0.0,0.0,0.0,0.0,0.0,0.0,0.0,0.0,0.0,0.0,0.0,0.0,0.0,0.0,0.0,0.0,0.0,0.0,0.0,0.0,0.0,0.0,0.0,0.0,0.0,0.0,0.0,0.0,0.0,0.0,0.0,0.0,0.0,0.0,0.0,0.0,0.0,0.0,0.0,0.0,0.0,0.0,0.0,0.0,0.0,0.0,0.0,0.0,0.0,0.0,0.0,0.0,0.0,0.0,0.0,0.0,0.0,0.0,0.0,0.0,0.0,0.0,0.0,0.0,0.0,0.0,0.0,0.0,0.0,0.0,6.0,0.0,14.24,21.33,19.68,19.66,25.93,39.35,85.29,46.67,32.08,2.75,107.0,2.0,0.0,0.0,109.0,5.0,15.43,0.0,16.64,15.84,25.94,34.23,32.77,85.17,38.96,36.42,13.38,65.0,34.0,6.0,0.0,93.0,0.0,0.0,0.0,0.0,0.0,0.0,0.0,0.0,0.0,0.0,0.0,0.0,0.0,0.0,0.0,0.0,0.0
46.3,0.0,0.0,0.0,0.0,0.0,0.0,0.0,0.0,0.0,0.0,0.0,0.0,0.0,0.0,0.0,0.0,0.0,2.0,68.07,42.12,28.74,26.94,19.08,19.16,10.67,8.32,7.79,0.0,2.88,92.0,0.0,0.0,0.0,92.0,0.0,0.0,0.0,0.0,0.0,0.0,0.0,0.0,0.0,0.0,0.0,0.0,0.0,0.0,0.0,0.0,0.0,0.0,0.0,0.0,0.0,0.0,0.0,0.0,0.0,0.0,0.0,0.0,0.0,0.0,0.0,0.0,0.0,0.0,0.0,0.0,0.0,0.0,0.0,0.0,0.0,0.0,0.0,0.0,0.0,0.0,0.0,0.0,0.0,0.0,0.0,0.0,0.0,0.0,0.0,0.0,0.0,0.0,0.0,0.0,0.0,0.0,0.0,0.0,0.0,0.0,0.0,0.0,0.0,0.0,0.0,0.0,0.0,0.0,0.0,0.0,0.0,0.0,0.0,0.0,0.0,0.0,0.0,0.0,0.0,6.0,0.0,11.99,19.21,22.32,23.21,27.58,41.41,85.92,45.01,32.94,2.57,108.0,0.0,0.0,0.0,108.0,5.0,16.14,14.2,19.09,0.0,26.91,34.04,33.88,83.55,39.92,35.27,8.79,79.0,24.0,3.0,0.0,100.0,0.0,0.0,0.0,0.0,0.0,0.0,0.0,0.0,0.0,0.0,0.0,0.0,0.0,0.0,0.0,0.0,0.0
46.4,0.0,0.0,0.0,0.0,0.0,0.0,0.0,0.0,0.0,0.0,0.0,0.0,0.0,0.0,0.0,0.0,0.0,2.0,67.66,41.9,31.34,28.95,24.63,16.2,15.73,7.0,14.45,0.0,2.68,106.0,0.0,0.0,0.0,106.0,0.0,0.0,0.0,0.0,0.0,0.0,0.0,0.0,0.0,0.0,0.0,0.0,0.0,0.0,0.0,0.0,0.0,0.0,0.0,0.0,0.0,0.0,0.0,0.0,0.0,0.0,0.0,0.0,0.0,0.0,0.0,0.0,0.0,0.0,0.0,0.0,0.0,0.0,0.0,0.0,0.0,0.0,0.0,0.0,0.0,0.0,0.0,0.0,0.0,0.0,0.0,0.0,0.0,0.0,0.0,0.0,0.0,0.0,0.0,0.0,0.0,0.0,0.0,0.0,0.0,0.0,0.0,0.0,0.0,0.0,0.0,0.0,0.0,0.0,0.0,0.0,0.0,0.0,0.0,0.0,0.0,0.0,0.0,0.0,0.0,6.0,0.0,12.1,15.33,21.8,20.88,27.7,40.82,82.93,45.37,30.56,2.67,99.0,0.0,0.0,0.0,99.0,5.0,14.72,14.91,17.0,0.0,26.71,32.2,30.52,80.77,41.48,34.02,8.23,99.0,30.0,3.0,0.0,126.0,0.0,0.0,0.0,0.0,0.0,0.0,0.0,0.0,0.0,0.0,0.0,0.0,0.0,0.0,0.0,0.0,0.0
46.5,2.0,64.8,46.01,31.58,30.12,17.15,13.57,15.54,0.0,14.76,8.07,2.8,95.0,0.0,3.0,0.0,92.0,0.0,0.0,0.0,0.0,0.0,0.0,0.0,0.0,0.0,0.0,0.0,0.0,0.0,0.0,0.0,0.0,0.0,0.0,0.0,0.0,0.0,0.0,0.0,0.0,0.0,0.0,0.0,0.0,0.0,0.0,0.0,0.0,0.0,0.0,0.0,0.0,0.0,0.0,0.0,0.0,0.0,0.0,0.0,0.0,0.0,0.0,0.0,0.0,0.0,0.0,0.0,0.0,0.0,0.0,0.0,0.0,0.0,0.0,0.0,0.0,0.0,0.0,0.0,0.0,0.0,0.0,0.0,0.0,0.0,0.0,0.0,0.0,0.0,0.0,0.0,0.0,0.0,0.0,0.0,0.0,0.0,0.0,0.0,0.0,0.0,0.0,0.0,0.0,0.0,0.0,0.0,0.0,0.0,0.0,0.0,0.0,0.0,0.0,0.0,0.0,0.0,0.0,6.0,6.53,0.0,16.96,20.13,23.02,24.1,43.97,80.08,44.78,31.19,2.49,113.0,0.0,0.0,0.0,113.0,5.0,13.82,0.0,18.44,15.52,20.84,30.39,29.3,77.85,41.13,33.1,12.93,73.0,32.0,6.0,0.0,99.0,0.0,0.0,0.0,0.0,0.0,0.0,0.0,0.0,0.0,0.0,0.0,0.0,0.0,0.0,0.0,0.0,0.0
46.6,2.0,67.35,45.25,31.8,29.42,20.7,11.92,12.53,0.0,16.17,9.34,2.7,101.0,0.0,0.0,0.0,101.0,0.0,0.0,0.0,0.0,0.0,0.0,0.0,0.0,0.0,0.0,0.0,0.0,0.0,0.0,0.0,0.0,0.0,0.0,0.0,0.0,0.0,0.0,0.0,0.0,0.0,0.0,0.0,0.0,0.0,0.0,0.0,0.0,0.0,0.0,0.0,0.0,0.0,0.0,0.0,0.0,0.0,0.0,0.0,0.0,0.0,0.0,0.0,0.0,0.0,0.0,0.0,0.0,0.0,0.0,0.0,0.0,0.0,0.0,0.0,0.0,0.0,0.0,0.0,0.0,0.0,0.0,0.0,0.0,0.0,0.0,0.0,0.0,0.0,0.0,0.0,0.0,0.0,0.0,0.0,0.0,0.0,0.0,0.0,0.0,0.0,0.0,0.0,0.0,0.0,0.0,0.0,0.0,0.0,0.0,0.0,0.0,0.0,0.0,0.0,0.0,0.0,0.0,6.0,0.0,10.15,16.1,25.79,23.5,24.8,39.7,75.31,47.23,33.36,2.61,103.0,2.0,0.0,0.0,105.0,5.0,15.94,0.0,18.19,16.41,24.81,29.3,32.08,72.88,40.21,32.96,8.23,92.0,32.0,3.0,0.0,121.0,0.0,0.0,0.0,0.0,0.0,0.0,0.0,0.0,0.0,0.0,0.0,0.0,0.0,0.0,0.0,0.0,0.0
46.7,2.0,73.43,48.78,32.48,29.13,21.25,17.01,14.05,7.91,15.77,0.0,2.78,97.0,0.0,0.0,0.0,97.0,0.0,0.0,0.0,0.0,0.0,0.0,0.0,0.0,0.0,0.0,0.0,0.0,0.0,0.0,0.0,0.0,0.0,0.0,0.0,0.0,0.0,0.0,0.0,0.0,0.0,0.0,0.0,0.0,0.0,0.0,0.0,0.0,0.0,0.0,0.0,0.0,0.0,0.0,0.0,0.0,0.0,0.0,0.0,0.0,0.0,0.0,0.0,0.0,0.0,0.0,0.0,0.0,0.0,0.0,0.0,0.0,0.0,0.0,0.0,0.0,0.0,0.0,0.0,0.0,0.0,0.0,0.0,0.0,0.0,0.0,0.0,0.0,0.0,0.0,0.0,0.0,0.0,0.0,0.0,0.0,0.0,0.0,0.0,0.0,0.0,0.0,0.0,0.0,0.0,0.0,0.0,0.0,0.0,0.0,0.0,0.0,0.0,0.0,0.0,0.0,0.0,0.0,6.0,4.9,0.0,18.24,19.9,17.63,26.67,39.57,71.73,46.53,34.69,2.72,101.0,0.0,0.0,0.0,101.0,5.0,12.27,11.91,17.09,0.0,23.88,35.05,30.65,72.49,45.2,33.42,0.95,103.0,24.0,0.0,0.0,127.0,0.0,0.0,0.0,0.0,0.0,0.0,0.0,0.0,0.0,0.0,0.0,0.0,0.0,0.0,0.0,0.0,0.0
46.8,2.0,72.36,48.41,31.55,28.97,20.68,14.52,12.52,0.0,19.35,5.81,2.6,106.0,0.0,0.0,0.0,106.0,0.0,0.0,0.0,0.0,0.0,0.0,0.0,0.0,0.0,0.0,0.0,0.0,0.0,0.0,0.0,0.0,0.0,0.0,0.0,0.0,0.0,0.0,0.0,0.0,0.0,0.0,0.0,0.0,0.0,0.0,0.0,0.0,0.0,0.0,0.0,0.0,0.0,0.0,0.0,0.0,0.0,0.0,0.0,0.0,0.0,0.0,0.0,0.0,0.0,0.0,0.0,0.0,0.0,0.0,0.0,0.0,0.0,0.0,0.0,0.0,0.0,0.0,0.0,0.0,0.0,0.0,0.0,0.0,0.0,0.0,0.0,0.0,0.0,0.0,0.0,0.0,0.0,0.0,0.0,0.0,0.0,0.0,0.0,0.0,0.0,0.0,0.0,0.0,0.0,0.0,0.0,0.0,0.0,0.0,0.0,0.0,0.0,0.0,0.0,0.0,0.0,0.0,6.0,0.0,6.83,14.46,20.01,18.69,22.58,40.4,71.44,49.08,31.64,2.75,102.0,14.0,0.0,0.0,116.0,5.0,13.09,0.0,15.89,11.24,26.9,34.14,32.38,75.37,44.53,37.27,9.23,76.0,20.0,3.0,0.0,93.0,0.0,0.0,0.0,0.0,0.0,0.0,0.0,0.0,0.0,0.0,0.0,0.0,0.0,0.0,0.0,0.0,0.0
46.9,2.0,76.81,48.32,33.63,24.18,23.83,14.66,17.13,6.96,16.66,0.0,2.69,102.0,0.0,0.0,0.0,102.0,0.0,0.0,0.0,0.0,0.0,0.0,0.0,0.0,0.0,0.0,0.0,0.0,0.0,0.0,0.0,0.0,0.0,0.0,0.0,0.0,0.0,0.0,0.0,0.0,0.0,0.0,0.0,0.0,0.0,0.0,0.0,0.0,0.0,0.0,0.0,0.0,0.0,0.0,0.0,0.0,0.0,0.0,0.0,0.0,0.0,0.0,0.0,0.0,0.0,0.0,0.0,0.0,0.0,0.0,0.0,0.0,0.0,0.0,0.0,0.0,0.0,0.0,0.0,0.0,0.0,0.0,0.0,0.0,0.0,0.0,0.0,0.0,0.0,0.0,0.0,0.0,0.0,0.0,0.0,0.0,0.0,0.0,0.0,0.0,0.0,0.0,0.0,0.0,0.0,0.0,0.0,0.0,0.0,0.0,0.0,0.0,0.0,0.0,0.0,0.0,0.0,0.0,6.0,0.0,10.07,14.24,18.92,13.21,23.56,40.78,68.23,48.21,31.12,2.82,95.0,6.0,0.0,0.0,101.0,5.0,12.72,0.0,16.54,11.91,20.67,31.21,32.73,71.78,47.32,34.96,13.87,61.0,16.0,6.0,0.0,71.0,0.0,0.0,0.0,0.0,0.0,0.0,0.0,0.0,0.0,0.0,0.0,0.0,0.0,0.0,0.0,0.0,0.0
47.0,2.0,78.77,42.24,32.62,24.29,24.58,15.69,17.65,9.47,13.04,0.0,2.31,122.0,0.0,0.0,0.0,122.0,0.0,0.0,0.0,0.0,0.0,0.0,0.0,0.0,0.0,0.0,0.0,0.0,0.0,0.0,0.0,0.0,0.0,0.0,0.0,0.0,0.0,0.0,0.0,0.0,0.0,0.0,0.0,0.0,0.0,0.0,0.0,0.0,0.0,0.0,0.0,0.0,0.0,0.0,0.0,0.0,0.0,0.0,0.0,0.0,0.0,0.0,0.0,0.0,0.0,0.0,0.0,0.0,0.0,0.0,0.0,0.0,0.0,0.0,0.0,0.0,0.0,0.0,0.0,0.0,0.0,0.0,0.0,0.0,0.0,0.0,0.0,0.0,0.0,0.0,0.0,0.0,0.0,0.0,0.0,0.0,0.0,0.0,0.0,0.0,0.0,0.0,0.0,0.0,0.0,0.0,0.0,0.0,0.0,0.0,0.0,0.0,0.0,0.0,0.0,0.0,0.0,0.0,6.0,0.0,12.11,11.8,20.89,14.54,24.56,41.4,64.81,49.04,29.08,2.57,110.0,24.0,0.0,0.0,134.0,5.0,12.25,0.0,13.64,11.95,21.27,30.87,31.34,69.62,46.27,35.81,18.84,61.0,10.0,9.0,0.0,62.0,0.0,0.0,0.0,0.0,0.0,0.0,0.0,0.0,0.0,0.0,0.0,0.0,0.0,0.0,0.0,0.0,0.0
47.1,2.0,79.46,45.57,30.57,20.92,25.98,15.42,19.55,9.53,10.19,0.0,2.6,108.0,0.0,0.0,0.0,108.0,0.0,0.0,0.0,0.0,0.0,0.0,0.0,0.0,0.0,0.0,0.0,0.0,0.0,0.0,0.0,0.0,0.0,0.0,0.0,0.0,0.0,0.0,0.0,0.0,0.0,0.0,0.0,0.0,0.0,0.0,0.0,0.0,0.0,0.0,0.0,0.0,0.0,0.0,0.0,0.0,0.0,0.0,0.0,0.0,0.0,0.0,0.0,0.0,0.0,0.0,0.0,0.0,0.0,0.0,0.0,0.0,0.0,0.0,0.0,0.0,0.0,0.0,0.0,0.0,0.0,0.0,0.0,0.0,0.0,0.0,0.0,0.0,0.0,0.0,0.0,0.0,0.0,0.0,0.0,0.0,0.0,0.0,0.0,0.0,0.0,0.0,0.0,0.0,0.0,0.0,0.0,0.0,0.0,0.0,0.0,0.0,0.0,0.0,0.0,0.0,0.0,0.0,6.0,0.0,10.95,13.11,18.71,12.15,27.4,37.58,67.03,46.93,33.51,2.72,103.0,12.0,0.0,0.0,115.0,5.0,7.6,0.0,14.91,12.54,16.47,27.09,35.99,64.02,51.54,37.0,10.79,49.0,10.0,6.0,0.0,53.0,0.0,0.0,0.0,0.0,0.0,0.0,0.0,0.0,0.0,0.0,0.0,0.0,0.0,0.0,0.0,0.0,0.0
47.2,2.0,85.38,45.76,29.99,21.11,27.54,16.05,16.07,7.52,7.73,0.0,2.5,111.0,0.0,0.0,0.0,111.0,0.0,0.0,0.0,0.0,0.0,0.0,0.0,0.0,0.0,0.0,0.0,0.0,0.0,0.0,0.0,0.0,0.0,0.0,0.0,0.0,0.0,0.0,0.0,0.0,0.0,0.0,0.0,0.0,0.0,0.0,0.0,0.0,0.0,0.0,0.0,0.0,0.0,0.0,0.0,0.0,0.0,0.0,0.0,0.0,0.0,0.0,0.0,0.0,0.0,0.0,0.0,0.0,0.0,0.0,0.0,0.0,0.0,0.0,0.0,0.0,0.0,0.0,0.0,0.0,0.0,0.0,0.0,0.0,0.0,0.0,0.0,0.0,0.0,0.0,0.0,0.0,0.0,0.0,0.0,0.0,0.0,0.0,0.0,0.0,0.0,0.0,0.0,0.0,0.0,0.0,0.0,0.0,0.0,0.0,0.0,0.0,0.0,0.0,0.0,0.0,0.0,0.0,6.0,0.0,9.74,13.33,19.3,11.59,26.25,32.13,63.76,46.26,30.88,2.83,97.0,18.0,0.0,0.0,115.0,5.0,12.5,0.0,13.55,11.51,18.48,27.72,37.81,64.27,51.78,36.19,14.97,57.0,12.0,9.0,0.0,60.0,0.0,0.0,0.0,0.0,0.0,0.0,0.0,0.0,0.0,0.0,0.0,0.0,0.0,0.0,0.0,0.0,0.0
47.3,2.0,89.05,46.38,28.78,18.82,29.06,15.87,14.45,6.46,8.47,0.0,2.39,116.0,0.0,0.0,0.0,116.0,0.0,0.0,0.0,0.0,0.0,0.0,0.0,0.0,0.0,0.0,0.0,0.0,0.0,0.0,0.0,0.0,0.0,0.0,0.0,0.0,0.0,0.0,0.0,0.0,0.0,0.0,0.0,0.0,0.0,0.0,0.0,0.0,0.0,0.0,0.0,0.0,0.0,0.0,0.0,0.0,0.0,0.0,0.0,0.0,0.0,0.0,0.0,0.0,0.0,0.0,0.0,0.0,0.0,0.0,0.0,0.0,0.0,0.0,0.0,0.0,0.0,0.0,0.0,0.0,0.0,0.0,0.0,0.0,0.0,0.0,0.0,0.0,0.0,0.0,0.0,0.0,0.0,0.0,0.0,0.0,0.0,0.0,0.0,0.0,0.0,0.0,0.0,0.0,0.0,0.0,0.0,0.0,0.0,0.0,0.0,0.0,0.0,0.0,0.0,0.0,0.0,0.0,6.0,0.0,7.61,14.46,19.9,13.79,26.94,42.83,62.84,49.41,32.86,2.63,107.0,20.0,0.0,0.0,127.0,5.0,8.47,0.0,12.77,12.08,18.59,29.11,36.82,62.49,50.89,35.12,18.12,68.0,14.0,9.0,0.0,73.0,0.0,0.0,0.0,0.0,0.0,0.0,0.0,0.0,0.0,0.0,0.0,0.0,0.0,0.0,0.0,0.0,0.0
47.4,2.0,93.0,44.91,23.26,19.33,30.57,15.29,15.8,10.72,11.75,0.0,2.73,97.0,0.0,0.0,0.0,97.0,0.0,0.0,0.0,0.0,0.0,0.0,0.0,0.0,0.0,0.0,0.0,0.0,0.0,0.0,0.0,0.0,0.0,0.0,0.0,0.0,0.0,0.0,0.0,0.0,0.0,0.0,0.0,0.0,0.0,0.0,0.0,0.0,0.0,0.0,0.0,0.0,0.0,0.0,0.0,0.0,0.0,0.0,0.0,0.0,0.0,0.0,0.0,0.0,0.0,0.0,0.0,0.0,0.0,0.0,0.0,0.0,0.0,0.0,0.0,0.0,0.0,0.0,0.0,0.0,0.0,0.0,0.0,0.0,0.0,0.0,0.0,0.0,0.0,0.0,0.0,0.0,0.0,0.0,0.0,0.0,0.0,0.0,0.0,0.0,0.0,0.0,0.0,0.0,0.0,0.0,0.0,0.0,0.0,0.0,0.0,0.0,0.0,0.0,0.0,0.0,0.0,0.0,6.0,0.0,7.76,14.96,21.81,16.42,26.22,37.41,61.95,48.78,34.24,3.0,105.0,18.0,0.0,8.0,115.0,5.0,9.37,0.0,10.56,9.28,18.22,26.2,39.93,63.46,50.81,36.59,19.56,52.0,16.0,11.0,0.0,57.0,0.0,0.0,0.0,0.0,0.0,0.0,0.0,0.0,0.0,0.0,0.0,0.0,0.0,0.0,0.0,0.0,0.0
47.5,2.0,91.88,43.47,16.56,19.09,33.67,17.57,14.13,6.67,11.01,0.0,2.59,107.0,0.0,0.0,0.0,107.0,0.0,0.0,0.0,0.0,0.0,0.0,0.0,0.0,0.0,0.0,0.0,0.0,0.0,0.0,0.0,0.0,0.0,0.0,0.0,0.0,0.0,0.0,0.0,0.0,0.0,0.0,0.0,0.0,0.0,0.0,0.0,0.0,0.0,0.0,0.0,0.0,0.0,0.0,0.0,0.0,0.0,0.0,0.0,0.0,0.0,0.0,0.0,0.0,0.0,0.0,0.0,0.0,0.0,0.0,0.0,0.0,0.0,0.0,0.0,0.0,0.0,0.0,0.0,0.0,0.0,0.0,0.0,0.0,0.0,0.0,0.0,0.0,0.0,0.0,0.0,0.0,0.0,0.0,0.0,0.0,0.0,0.0,0.0,0.0,0.0,0.0,0.0,0.0,0.0,0.0,0.0,0.0,0.0,0.0,0.0,0.0,0.0,0.0,0.0,0.0,0.0,0.0,6.0,0.0,8.6,12.89,19.6,15.39,25.71,30.84,58.69,50.48,31.13,2.86,110.0,14.0,0.0,10.0,114.0,5.0,10.71,0.0,12.74,13.13,20.8,24.98,39.32,61.87,49.1,35.32,18.61,38.0,15.0,9.0,0.0,44.0,0.0,0.0,0.0,0.0,0.0,0.0,0.0,0.0,0.0,0.0,0.0,0.0,0.0,0.0,0.0,0.0,0.0
47.6,2.0,84.19,39.53,24.28,20.97,33.75,14.64,14.51,8.5,10.44,0.0,2.55,114.0,0.0,0.0,0.0,114.0,0.0,0.0,0.0,0.0,0.0,0.0,0.0,0.0,0.0,0.0,0.0,0.0,0.0,0.0,0.0,0.0,0.0,0.0,0.0,0.0,0.0,0.0,0.0,0.0,0.0,0.0,0.0,0.0,0.0,0.0,0.0,0.0,0.0,0.0,0.0,0.0,0.0,0.0,0.0,0.0,0.0,0.0,0.0,0.0,0.0,0.0,0.0,0.0,0.0,0.0,0.0,0.0,0.0,0.0,0.0,0.0,0.0,0.0,0.0,0.0,0.0,0.0,0.0,0.0,0.0,0.0,0.0,0.0,0.0,0.0,0.0,0.0,0.0,0.0,0.0,0.0,0.0,0.0,0.0,0.0,0.0,0.0,0.0,0.0,0.0,0.0,0.0,0.0,0.0,0.0,0.0,0.0,0.0,0.0,0.0,0.0,0.0,0.0,0.0,0.0,0.0,0.0,6.0,0.0,9.2,7.96,22.3,14.23,28.35,29.78,61.5,51.14,31.47,3.14,98.0,22.0,0.0,16.0,104.0,5.0,10.08,0.0,12.0,13.48,19.64,22.9,40.51,62.13,47.6,34.88,17.36,59.0,14.0,7.0,0.0,66.0,0.0,0.0,0.0,0.0,0.0,0.0,0.0,0.0,0.0,0.0,0.0,0.0,0.0,0.0,0.0,0.0,0.0
47.7,2.0,85.45,34.48,25.77,20.29,29.2,10.64,9.27,7.44,11.84,0.0,2.63,106.0,0.0,0.0,0.0,106.0,0.0,0.0,0.0,0.0,0.0,0.0,0.0,0.0,0.0,0.0,0.0,0.0,0.0,0.0,0.0,0.0,0.0,0.0,0.0,0.0,0.0,0.0,0.0,0.0,0.0,0.0,0.0,0.0,0.0,0.0,0.0,0.0,0.0,0.0,0.0,0.0,0.0,0.0,0.0,0.0,0.0,0.0,0.0,0.0,0.0,0.0,0.0,0.0,0.0,0.0,0.0,0.0,0.0,0.0,0.0,0.0,0.0,0.0,0.0,0.0,0.0,0.0,0.0,0.0,0.0,0.0,0.0,0.0,0.0,0.0,0.0,0.0,0.0,0.0,0.0,0.0,0.0,0.0,0.0,0.0,0.0,0.0,0.0,0.0,0.0,0.0,0.0,0.0,0.0,0.0,0.0,0.0,0.0,0.0,0.0,0.0,0.0,0.0,0.0,0.0,0.0,0.0,6.0,0.0,8.24,10.35,20.39,14.91,25.15,31.92,54.76,51.51,33.7,3.01,88.0,18.0,0.0,9.0,97.0,5.0,9.55,0.0,13.24,9.22,14.89,21.57,39.9,60.66,46.21,34.4,18.22,49.0,12.0,9.0,0.0,52.0,0.0,0.0,0.0,0.0,0.0,0.0,0.0,0.0,0.0,0.0,0.0,0.0,0.0,0.0,0.0,0.0,0.0
47.8,2.0,82.39,38.76,25.12,20.55,27.25,10.73,15.44,9.04,12.18,0.0,2.65,106.0,0.0,0.0,0.0,106.0,0.0,0.0,0.0,0.0,0.0,0.0,0.0,0.0,0.0,0.0,0.0,0.0,0.0,0.0,0.0,0.0,0.0,0.0,0.0,0.0,0.0,0.0,0.0,0.0,0.0,0.0,0.0,0.0,0.0,0.0,0.0,0.0,0.0,0.0,0.0,0.0,0.0,0.0,0.0,0.0,0.0,0.0,0.0,0.0,0.0,0.0,0.0,0.0,0.0,0.0,0.0,0.0,0.0,0.0,0.0,0.0,0.0,0.0,0.0,0.0,0.0,0.0,0.0,0.0,0.0,0.0,0.0,0.0,0.0,0.0,0.0,0.0,0.0,0.0,0.0,0.0,0.0,0.0,0.0,0.0,0.0,0.0,0.0,0.0,0.0,0.0,0.0,0.0,0.0,0.0,0.0,0.0,0.0,0.0,0.0,0.0,0.0,0.0,0.0,0.0,0.0,0.0,6.0,0.0,6.49,9.85,18.62,11.37,30.83,32.03,58.32,51.95,32.23,4.8,105.0,20.0,22.0,5.0,98.0,5.0,0.0,8.04,13.32,10.25,17.79,25.41,44.06,61.24,49.27,34.71,20.97,41.0,13.0,9.0,0.0,45.0,0.0,0.0,0.0,0.0,0.0,0.0,0.0,0.0,0.0,0.0,0.0,0.0,0.0,0.0,0.0,0.0,0.0
47.9,2.0,78.15,39.03,25.31,20.06,26.99,11.44,16.98,4.73,8.5,0.0,2.7,101.0,0.0,0.0,0.0,101.0,0.0,0.0,0.0,0.0,0.0,0.0,0.0,0.0,0.0,0.0,0.0,0.0,0.0,0.0,0.0,0.0,0.0,0.0,0.0,0.0,0.0,0.0,0.0,0.0,0.0,0.0,0.0,0.0,0.0,0.0,0.0,0.0,0.0,0.0,0.0,0.0,0.0,0.0,0.0,0.0,0.0,0.0,0.0,0.0,0.0,0.0,0.0,0.0,0.0,0.0,0.0,0.0,0.0,0.0,0.0,0.0,0.0,0.0,0.0,0.0,0.0,0.0,0.0,0.0,0.0,0.0,0.0,0.0,0.0,0.0,0.0,0.0,0.0,0.0,0.0,0.0,0.0,0.0,0.0,0.0,0.0,0.0,0.0,0.0,0.0,0.0,0.0,0.0,0.0,0.0,0.0,0.0,0.0,0.0,0.0,0.0,0.0,0.0,0.0,0.0,0.0,0.0,6.0,5.25,0.0,6.91,19.86,10.48,29.55,31.3,60.22,53.53,29.47,5.47,129.0,32.0,35.0,1.0,125.0,5.0,5.49,0.0,16.75,12.01,15.78,25.08,40.8,61.47,48.45,33.95,17.74,80.0,31.0,10.0,0.0,101.0,0.0,0.0,0.0,0.0,0.0,0.0,0.0,0.0,0.0,0.0,0.0,0.0,0.0,0.0,0.0,0.0,0.0
48.0,2.0,78.0,37.48,26.61,19.78,26.99,10.03,14.0,11.79,3.08,0.0,2.78,98.0,0.0,0.0,0.0,98.0,0.0,0.0,0.0,0.0,0.0,0.0,0.0,0.0,0.0,0.0,0.0,0.0,0.0,0.0,0.0,0.0,0.0,0.0,0.0,0.0,0.0,0.0,0.0,0.0,0.0,0.0,0.0,0.0,0.0,0.0,0.0,0.0,0.0,0.0,0.0,0.0,0.0,0.0,0.0,0.0,0.0,0.0,0.0,0.0,0.0,0.0,0.0,0.0,0.0,0.0,0.0,0.0,0.0,0.0,0.0,0.0,0.0,0.0,0.0,0.0,0.0,0.0,0.0,0.0,0.0,0.0,0.0,0.0,0.0,0.0,0.0,0.0,0.0,0.0,0.0,0.0,0.0,0.0,0.0,0.0,0.0,0.0,0.0,0.0,0.0,0.0,0.0,0.0,0.0,0.0,0.0,0.0,0.0,0.0,0.0,0.0,0.0,0.0,0.0,0.0,0.0,0.0,6.0,0.0,8.43,6.41,17.5,10.8,33.84,31.12,57.77,56.15,34.63,5.38,118.0,30.0,21.0,0.0,127.0,5.0,0.0,3.0,11.61,15.51,15.87,24.66,40.96,58.59,47.77,31.31,16.13,64.0,21.0,6.0,0.0,79.0,0.0,0.0,0.0,0.0,0.0,0.0,0.0,0.0,0.0,0.0,0.0,0.0,0.0,0.0,0.0,0.0,0.0
48.1,2.0,73.67,40.12,27.22,19.03,25.76,12.03,15.56,8.3,7.71,0.0,2.94,90.0,0.0,0.0,0.0,90.0,0.0,0.0,0.0,0.0,0.0,0.0,0.0,0.0,0.0,0.0,0.0,0.0,0.0,0.0,0.0,0.0,0.0,0.0,0.0,0.0,0.0,0.0,0.0,0.0,0.0,0.0,0.0,0.0,0.0,0.0,0.0,0.0,0.0,0.0,0.0,0.0,0.0,0.0,0.0,0.0,0.0,0.0,0.0,0.0,0.0,0.0,0.0,0.0,0.0,0.0,0.0,0.0,0.0,0.0,0.0,0.0,0.0,0.0,0.0,0.0,0.0,0.0,0.0,0.0,0.0,0.0,0.0,0.0,0.0,0.0,0.0,0.0,0.0,0.0,0.0,0.0,0.0,0.0,0.0,0.0,0.0,0.0,0.0,0.0,0.0,0.0,0.0,0.0,0.0,0.0,0.0,0.0,0.0,0.0,0.0,0.0,0.0,0.0,0.0,0.0,0.0,0.0,6.0,4.63,10.8,0.0,21.15,10.14,30.26,28.36,57.47,51.27,29.96,3.93,119.0,19.0,14.0,6.0,118.0,5.0,0.0,6.72,9.96,16.06,16.78,24.85,39.75,65.88,55.57,36.45,15.54,56.0,22.0,6.0,0.0,72.0,0.0,0.0,0.0,0.0,0.0,0.0,0.0,0.0,0.0,0.0,0.0,0.0,0.0,0.0,0.0,0.0,0.0
48.2,2.0,71.08,42.84,26.0,19.19,25.66,12.76,13.93,6.15,7.2,0.0,2.56,113.0,0.0,0.0,0.0,113.0,0.0,0.0,0.0,0.0,0.0,0.0,0.0,0.0,0.0,0.0,0.0,0.0,0.0,0.0,0.0,0.0,0.0,0.0,0.0,0.0,0.0,0.0,0.0,0.0,0.0,0.0,0.0,0.0,0.0,0.0,0.0,0.0,0.0,0.0,0.0,0.0,0.0,0.0,0.0,0.0,0.0,0.0,0.0,0.0,0.0,0.0,0.0,0.0,0.0,0.0,0.0,0.0,0.0,0.0,0.0,0.0,0.0,0.0,0.0,0.0,0.0,0.0,0.0,0.0,0.0,0.0,0.0,0.0,0.0,0.0,0.0,0.0,0.0,0.0,0.0,0.0,0.0,0.0,0.0,0.0,0.0,0.0,0.0,0.0,0.0,0.0,0.0,0.0,0.0,0.0,0.0,0.0,0.0,0.0,0.0,0.0,0.0,0.0,0.0,0.0,0.0,0.0,6.0,6.13,8.41,0.0,19.1,11.28,30.14,30.31,59.98,54.67,33.11,3.41,106.0,12.0,4.0,6.0,108.0,5.0,0.0,6.92,4.62,11.74,19.74,24.86,36.96,64.98,57.47,34.14,21.35,44.0,14.0,9.0,0.0,49.0,0.0,0.0,0.0,0.0,0.0,0.0,0.0,0.0,0.0,0.0,0.0,0.0,0.0,0.0,0.0,0.0,0.0
48.3,2.0,69.48,41.3,27.7,18.63,23.85,8.6,11.61,3.91,6.63,0.0,2.38,117.0,0.0,0.0,0.0,117.0,0.0,0.0,0.0,0.0,0.0,0.0,0.0,0.0,0.0,0.0,0.0,0.0,0.0,0.0,0.0,0.0,0.0,0.0,0.0,0.0,0.0,0.0,0.0,0.0,0.0,0.0,0.0,0.0,0.0,0.0,0.0,0.0,0.0,0.0,0.0,0.0,0.0,0.0,0.0,0.0,0.0,0.0,0.0,0.0,0.0,0.0,0.0,0.0,0.0,0.0,0.0,0.0,0.0,0.0,0.0,0.0,0.0,0.0,0.0,0.0,0.0,0.0,0.0,0.0,0.0,0.0,0.0,0.0,0.0,0.0,0.0,0.0,0.0,0.0,0.0,0.0,0.0,0.0,0.0,0.0,0.0,0.0,0.0,0.0,0.0,0.0,0.0,0.0,0.0,0.0,0.0,0.0,0.0,0.0,0.0,0.0,0.0,0.0,0.0,0.0,0.0,0.0,6.0,5.91,9.82,0.0,17.82,16.04,26.27,31.64,57.41,54.6,34.38,4.64,113.0,20.0,27.0,1.0,105.0,5.0,0.0,7.46,9.6,11.72,20.02,23.96,39.45,62.34,56.59,31.02,17.72,45.0,16.0,9.0,0.0,52.0,0.0,0.0,0.0,0.0,0.0,0.0,0.0,0.0,0.0,0.0,0.0,0.0,0.0,0.0,0.0,0.0,0.0
48.4,2.0,64.55,41.32,25.49,20.48,22.84,7.53,8.06,9.69,3.16,0.0,2.75,98.0,0.0,0.0,0.0,98.0,0.0,0.0,0.0,0.0,0.0,0.0,0.0,0.0,0.0,0.0,0.0,0.0,0.0,0.0,0.0,0.0,0.0,0.0,0.0,0.0,0.0,0.0,0.0,0.0,0.0,0.0,0.0,0.0,0.0,0.0,0.0,0.0,0.0,0.0,0.0,0.0,0.0,0.0,0.0,0.0,0.0,0.0,0.0,0.0,0.0,0.0,0.0,0.0,0.0,0.0,0.0,0.0,0.0,0.0,0.0,0.0,0.0,0.0,0.0,0.0,0.0,0.0,0.0,0.0,0.0,0.0,0.0,0.0,0.0,0.0,0.0,0.0,0.0,0.0,0.0,0.0,0.0,0.0,0.0,0.0,0.0,0.0,0.0,0.0,0.0,0.0,0.0,0.0,0.0,0.0,0.0,0.0,0.0,0.0,0.0,0.0,0.0,0.0,0.0,0.0,0.0,0.0,6.0,4.96,7.22,0.0,16.86,16.3,28.19,32.13,60.65,57.65,34.36,3.9,116.0,26.0,12.0,7.0,123.0,5.0,0.0,6.97,9.51,9.86,19.32,24.1,39.63,60.51,58.23,31.96,14.77,60.0,20.0,9.0,0.0,71.0,0.0,0.0,0.0,0.0,0.0,0.0,0.0,0.0,0.0,0.0,0.0,0.0,0.0,0.0,0.0,0.0,0.0
48.5,2.0,57.43,43.57,28.15,23.11,27.04,10.14,9.3,5.34,2.82,0.0,2.57,110.0,0.0,0.0,0.0,110.0,0.0,0.0,0.0,0.0,0.0,0.0,0.0,0.0,0.0,0.0,0.0,0.0,0.0,0.0,0.0,0.0,0.0,0.0,0.0,0.0,0.0,0.0,0.0,0.0,0.0,0.0,0.0,0.0,0.0,0.0,0.0,0.0,0.0,0.0,0.0,0.0,0.0,0.0,0.0,0.0,0.0,0.0,0.0,0.0,0.0,0.0,0.0,0.0,0.0,0.0,0.0,0.0,0.0,0.0,0.0,0.0,0.0,0.0,0.0,0.0,0.0,0.0,0.0,0.0,0.0,0.0,0.0,0.0,0.0,0.0,0.0,0.0,0.0,0.0,0.0,0.0,0.0,0.0,0.0,0.0,0.0,0.0,0.0,0.0,0.0,0.0,0.0,0.0,0.0,0.0,0.0,0.0,0.0,0.0,0.0,0.0,0.0,0.0,0.0,0.0,0.0,0.0,6.0,5.64,6.94,0.0,16.67,11.23,27.53,35.05,56.45,56.8,35.62,6.7,133.0,48.0,47.0,0.0,134.0,5.0,0.0,9.45,11.26,9.23,17.03,23.69,39.98,54.28,60.1,32.85,15.48,98.0,40.0,30.0,0.0,108.0,0.0,0.0,0.0,0.0,0.0,0.0,0.0,0.0,0.0,0.0,0.0,0.0,0.0,0.0,0.0,0.0,0.0
48.6,2.0,57.54,42.93,26.09,23.5,23.75,10.21,8.99,10.36,1.3,0.0,2.56,106.0,0.0,0.0,0.0,106.0,0.0,0.0,0.0,0.0,0.0,0.0,0.0,0.0,0.0,0.0,0.0,0.0,0.0,0.0,0.0,0.0,0.0,0.0,0.0,0.0,0.0,0.0,0.0,0.0,0.0,0.0,0.0,0.0,0.0,0.0,0.0,0.0,0.0,0.0,0.0,0.0,0.0,0.0,0.0,0.0,0.0,0.0,0.0,0.0,0.0,0.0,0.0,0.0,0.0,0.0,0.0,0.0,0.0,0.0,0.0,0.0,0.0,0.0,0.0,0.0,0.0,0.0,0.0,0.0,0.0,0.0,0.0,0.0,0.0,0.0,0.0,0.0,0.0,0.0,0.0,0.0,0.0,0.0,0.0,0.0,0.0,0.0,0.0,0.0,0.0,0.0,0.0,0.0,0.0,0.0,0.0,0.0,0.0,0.0,0.0,0.0,0.0,0.0,0.0,0.0,0.0,0.0,6.0,7.24,0.0,7.8,17.51,12.64,24.29,36.63,53.06,57.5,38.2,12.94,60.0,20.0,10.0,0.0,70.0,5.0,0.0,8.55,13.89,10.47,17.09,24.63,37.51,55.25,59.64,32.86,3.6,107.0,17.0,28.0,0.0,96.0,0.0,0.0,0.0,0.0,0.0,0.0,0.0,0.0,0.0,0.0,0.0,0.0,0.0,0.0,0.0,0.0,0.0
48.7,2.0,58.98,43.01,32.39,21.79,23.22,10.74,10.13,4.82,2.8,0.0,2.67,101.0,0.0,0.0,0.0,101.0,0.0,0.0,0.0,0.0,0.0,0.0,0.0,0.0,0.0,0.0,0.0,0.0,0.0,0.0,0.0,0.0,0.0,0.0,0.0,0.0,0.0,0.0,0.0,0.0,0.0,0.0,0.0,0.0,0.0,0.0,0.0,0.0,0.0,0.0,0.0,0.0,0.0,0.0,0.0,0.0,0.0,0.0,0.0,0.0,0.0,0.0,0.0,0.0,0.0,0.0,0.0,0.0,0.0,0.0,0.0,0.0,0.0,0.0,0.0,0.0,0.0,0.0,0.0,0.0,0.0,0.0,0.0,0.0,0.0,0.0,0.0,0.0,0.0,0.0,0.0,0.0,0.0,0.0,0.0,0.0,0.0,0.0,0.0,0.0,0.0,0.0,0.0,0.0,0.0,0.0,0.0,0.0,0.0,0.0,0.0,0.0,0.0,0.0,0.0,0.0,0.0,0.0,6.0,9.0,0.0,8.41,15.95,10.6,27.52,32.53,56.6,61.19,38.44,13.17,52.0,15.0,9.0,0.0,58.0,5.0,0.0,11.63,8.88,9.27,17.76,20.07,36.09,51.93,55.67,34.58,6.63,120.0,25.0,26.0,0.0,119.0,0.0,0.0,0.0,0.0,0.0,0.0,0.0,0.0,0.0,0.0,0.0,0.0,0.0,0.0,0.0,0.0,0.0
48.8,2.0,58.82,41.18,31.29,21.75,25.5,9.63,8.45,6.02,1.13,0.0,2.62,106.0,0.0,0.0,0.0,106.0,0.0,0.0,0.0,0.0,0.0,0.0,0.0,0.0,0.0,0.0,0.0,0.0,0.0,0.0,0.0,0.0,0.0,0.0,0.0,0.0,0.0,0.0,0.0,0.0,0.0,0.0,0.0,0.0,0.0,0.0,0.0,0.0,0.0,0.0,0.0,0.0,0.0,0.0,0.0,0.0,0.0,0.0,0.0,0.0,0.0,0.0,0.0,0.0,0.0,0.0,0.0,0.0,0.0,0.0,0.0,0.0,0.0,0.0,0.0,0.0,0.0,0.0,0.0,0.0,0.0,0.0,0.0,0.0,0.0,0.0,0.0,0.0,0.0,0.0,0.0,0.0,0.0,0.0,0.0,0.0,0.0,0.0,0.0,0.0,0.0,0.0,0.0,0.0,0.0,0.0,0.0,0.0,0.0,0.0,0.0,0.0,0.0,0.0,0.0,0.0,0.0,0.0,6.0,6.84,0.0,8.6,18.62,11.68,28.52,32.88,56.02,61.02,39.54,11.74,128.0,34.0,93.0,0.0,69.0,5.0,0.0,15.08,8.82,11.88,19.17,19.83,34.47,53.6,59.71,33.44,8.72,148.0,40.0,100.0,0.0,88.0,0.0,0.0,0.0,0.0,0.0,0.0,0.0,0.0,0.0,0.0,0.0,0.0,0.0,0.0,0.0,0.0,0.0
48.9,2.0,52.1,40.52,32.56,23.52,25.09,10.58,8.11,3.12,0.0,0.15,2.55,113.0,0.0,0.0,0.0,113.0,0.0,0.0,0.0,0.0,0.0,0.0,0.0,0.0,0.0,0.0,0.0,0.0,0.0,0.0,0.0,0.0,0.0,0.0,0.0,0.0,0.0,0.0,0.0,0.0,0.0,0.0,0.0,0.0,0.0,0.0,0.0,0.0,0.0,0.0,0.0,0.0,0.0,0.0,0.0,0.0,0.0,0.0,0.0,0.0,0.0,0.0,0.0,0.0,0.0,0.0,0.0,0.0,0.0,0.0,0.0,0.0,0.0,0.0,0.0,0.0,0.0,0.0,0.0,0.0,0.0,0.0,0.0,0.0,0.0,0.0,0.0,0.0,0.0,0.0,0.0,0.0,0.0,0.0,0.0,0.0,0.0,0.0,0.0,0.0,0.0,0.0,0.0,0.0,0.0,0.0,0.0,0.0,0.0,0.0,0.0,0.0,0.0,0.0,0.0,0.0,0.0,0.0,6.0,7.15,7.03,0.0,17.12,11.76,26.83,30.08,52.98,58.54,37.8,12.3,54.0,27.0,9.0,0.0,72.0,5.0,0.0,12.06,6.89,15.51,18.17,20.34,30.9,49.3,61.84,33.6,1.43,109.0,30.0,0.0,18.0,121.0,0.0,0.0,0.0,0.0,0.0,0.0,0.0,0.0,0.0,0.0,0.0,0.0,0.0,0.0,0.0,0.0,0.0
49.0,2.0,52.82,36.59,31.6,22.75,22.72,7.44,12.41,2.51,0.63,0.0,2.29,121.0,0.0,0.0,0.0,121.0,0.0,0.0,0.0,0.0,0.0,0.0,0.0,0.0,0.0,0.0,0.0,0.0,0.0,0.0,0.0,0.0,0.0,0.0,0.0,0.0,0.0,0.0,0.0,0.0,0.0,0.0,0.0,0.0,0.0,0.0,0.0,0.0,0.0,0.0,0.0,0.0,0.0,0.0,0.0,0.0,0.0,0.0,0.0,0.0,0.0,0.0,0.0,0.0,0.0,0.0,0.0,0.0,0.0,0.0,0.0,0.0,0.0,0.0,0.0,0.0,0.0,0.0,0.0,0.0,0.0,0.0,0.0,0.0,0.0,0.0,0.0,0.0,0.0,0.0,0.0,0.0,0.0,0.0,0.0,0.0,0.0,0.0,0.0,0.0,0.0,0.0,0.0,0.0,0.0,0.0,0.0,0.0,0.0,0.0,0.0,0.0,0.0,0.0,0.0,0.0,0.0,0.0,6.0,9.94,7.65,0.0,17.76,14.54,29.27,30.51,56.62,59.31,33.25,12.97,42.0,11.0,9.0,0.0,44.0,5.0,0.0,12.24,7.78,13.25,17.04,22.9,29.91,51.96,61.34,34.46,1.5,114.0,20.0,0.0,7.0,127.0,0.0,0.0,0.0,0.0,0.0,0.0,0.0,0.0,0.0,0.0,0.0,0.0,0.0,0.0,0.0,0.0,0.0
49.1,2.0,54.72,33.19,27.21,24.12,20.32,8.82,13.43,5.93,0.0,1.72,2.44,116.0,0.0,0.0,0.0,116.0,0.0,0.0,0.0,0.0,0.0,0.0,0.0,0.0,0.0,0.0,0.0,0.0,0.0,0.0,0.0,0.0,0.0,0.0,0.0,0.0,0.0,0.0,0.0,0.0,0.0,0.0,0.0,0.0,0.0,0.0,0.0,0.0,0.0,0.0,0.0,0.0,0.0,0.0,0.0,0.0,0.0,0.0,0.0,0.0,0.0,0.0,0.0,0.0,0.0,0.0,0.0,0.0,0.0,0.0,0.0,0.0,0.0,0.0,0.0,0.0,0.0,0.0,0.0,0.0,0.0,0.0,0.0,0.0,0.0,0.0,0.0,0.0,0.0,0.0,0.0,0.0,0.0,0.0,0.0,0.0,0.0,0.0,0.0,0.0,0.0,0.0,0.0,0.0,0.0,0.0,0.0,0.0,0.0,0.0,0.0,0.0,0.0,0.0,0.0,0.0,0.0,0.0,6.0,7.91,8.38,0.0,15.84,15.94,29.2,27.34,48.7,59.29,36.38,11.19,56.0,6.0,9.0,0.0,53.0,5.0,0.0,11.06,13.25,11.97,15.04,23.56,32.11,53.93,65.64,37.66,0.91,94.0,22.0,0.0,14.0,102.0,0.0,0.0,0.0,0.0,0.0,0.0,0.0,0.0,0.0,0.0,0.0,0.0,0.0,0.0,0.0,0.0,0.0
49.2,2.0,52.06,28.06,28.21,23.65,16.75,10.55,8.29,4.99,3.09,0.0,2.51,114.0,0.0,0.0,0.0,114.0,0.0,0.0,0.0,0.0,0.0,0.0,0.0,0.0,0.0,0.0,0.0,0.0,0.0,0.0,0.0,0.0,0.0,0.0,0.0,0.0,0.0,0.0,0.0,0.0,0.0,0.0,0.0,0.0,0.0,0.0,0.0,0.0,0.0,0.0,0.0,0.0,0.0,0.0,0.0,0.0,0.0,0.0,0.0,0.0,0.0,0.0,0.0,0.0,0.0,0.0,0.0,0.0,0.0,0.0,0.0,0.0,0.0,0.0,0.0,0.0,0.0,0.0,0.0,0.0,0.0,0.0,0.0,0.0,0.0,0.0,0.0,0.0,0.0,0.0,0.0,0.0,0.0,0.0,0.0,0.0,0.0,0.0,0.0,0.0,0.0,0.0,0.0,0.0,0.0,0.0,0.0,0.0,0.0,0.0,0.0,0.0,0.0,0.0,0.0,0.0,0.0,0.0,6.0,9.98,6.3,0.0,12.75,12.56,29.54,31.45,47.82,59.36,34.75,11.45,44.0,6.0,8.0,0.0,42.0,5.0,0.0,13.28,12.77,12.34,16.81,23.87,30.13,54.52,63.72,36.76,0.9,102.0,16.0,2.0,10.0,106.0,0.0,0.0,0.0,0.0,0.0,0.0,0.0,0.0,0.0,0.0,0.0,0.0,0.0,0.0,0.0,0.0,0.0
49.3,2.0,53.63,29.56,26.73,23.77,13.67,8.67,7.34,7.11,3.17,0.0,2.73,100.0,0.0,0.0,0.0,100.0,0.0,0.0,0.0,0.0,0.0,0.0,0.0,0.0,0.0,0.0,0.0,0.0,0.0,0.0,0.0,0.0,0.0,0.0,0.0,0.0,0.0,0.0,0.0,0.0,0.0,0.0,0.0,0.0,0.0,0.0,0.0,0.0,0.0,0.0,0.0,0.0,0.0,0.0,0.0,0.0,0.0,0.0,0.0,0.0,0.0,0.0,0.0,0.0,0.0,0.0,0.0,0.0,0.0,0.0,0.0,0.0,0.0,0.0,0.0,0.0,0.0,0.0,0.0,0.0,0.0,0.0,0.0,0.0,0.0,0.0,0.0,0.0,0.0,0.0,0.0,0.0,0.0,0.0,0.0,0.0,0.0,0.0,0.0,0.0,0.0,0.0,0.0,0.0,0.0,0.0,0.0,0.0,0.0,0.0,0.0,0.0,0.0,0.0,0.0,0.0,0.0,0.0,6.0,8.33,6.51,0.0,13.67,15.38,27.33,27.87,48.43,57.39,37.91,8.2,54.0,6.0,4.0,0.0,56.0,5.0,0.0,12.47,13.09,13.29,14.93,25.62,30.61,54.5,65.34,38.14,0.86,101.0,10.0,0.0,9.0,102.0,0.0,0.0,0.0,0.0,0.0,0.0,0.0,0.0,0.0,0.0,0.0,0.0,0.0,0.0,0.0,0.0,0.0
49.4,2.0,58.58,30.52,26.71,21.77,14.56,11.93,4.24,4.19,1.87,0.0,2.53,112.0,0.0,0.0,0.0,112.0,0.0,0.0,0.0,0.0,0.0,0.0,0.0,0.0,0.0,0.0,0.0,0.0,0.0,0.0,0.0,0.0,0.0,0.0,0.0,0.0,0.0,0.0,0.0,0.0,0.0,0.0,0.0,0.0,0.0,0.0,0.0,0.0,0.0,0.0,0.0,0.0,0.0,0.0,0.0,0.0,0.0,0.0,0.0,0.0,0.0,0.0,0.0,0.0,0.0,0.0,0.0,0.0,0.0,0.0,0.0,0.0,0.0,0.0,0.0,0.0,0.0,0.0,0.0,0.0,0.0,0.0,0.0,0.0,0.0,0.0,0.0,0.0,0.0,0.0,0.0,0.0,0.0,0.0,0.0,0.0,0.0,0.0,0.0,0.0,0.0,0.0,0.0,0.0,0.0,0.0,0.0,0.0,0.0,0.0,0.0,0.0,0.0,0.0,0.0,0.0,0.0,0.0,6.0,5.4,6.69,0.0,14.73,15.03,28.71,28.57,43.66,55.59,37.53,11.16,69.0,20.0,9.0,0.0,80.0,5.0,0.0,14.29,9.98,13.18,11.07,24.33,32.08,52.34,63.79,34.48,0.9,101.0,26.0,0.0,0.0,127.0,0.0,0.0,0.0,0.0,0.0,0.0,0.0,0.0,0.0,0.0,0.0,0.0,0.0,0.0,0.0,0.0,0.0
49.5,2.0,57.1,30.09,26.63,21.94,12.86,11.91,5.58,6.32,2.46,0.0,2.71,96.0,0.0,0.0,0.0,96.0,0.0,0.0,0.0,0.0,0.0,0.0,0.0,0.0,0.0,0.0,0.0,0.0,0.0,0.0,0.0,0.0,0.0,0.0,0.0,0.0,0.0,0.0,0.0,0.0,0.0,0.0,0.0,0.0,0.0,0.0,0.0,0.0,0.0,0.0,0.0,0.0,0.0,0.0,0.0,0.0,0.0,0.0,0.0,0.0,0.0,0.0,0.0,0.0,0.0,0.0,0.0,0.0,0.0,0.0,0.0,0.0,0.0,0.0,0.0,0.0,0.0,0.0,0.0,0.0,0.0,0.0,0.0,0.0,0.0,0.0,0.0,0.0,0.0,0.0,0.0,0.0,0.0,0.0,0.0,0.0,0.0,0.0,0.0,0.0,0.0,0.0,0.0,0.0,0.0,0.0,0.0,0.0,0.0,0.0,0.0,0.0,0.0,0.0,0.0,0.0,0.0,0.0,6.0,0.0,7.85,6.16,16.54,17.23,27.34,30.64,43.17,55.21,38.57,10.9,60.0,18.0,9.0,0.0,69.0,5.0,0.0,13.09,11.11,12.29,13.25,18.61,28.55,51.27,69.37,36.6,1.76,104.0,26.0,0.0,0.0,130.0,0.0,0.0,0.0,0.0,0.0,0.0,0.0,0.0,0.0,0.0,0.0,0.0,0.0,0.0,0.0,0.0,0.0
49.6,0.0,0.0,0.0,0.0,0.0,0.0,0.0,0.0,0.0,0.0,0.0,0.0,0.0,0.0,0.0,0.0,0.0,0.0,0.0,0.0,0.0,0.0,0.0,0.0,0.0,0.0,0.0,0.0,0.0,0.0,0.0,0.0,0.0,0.0,0.0,0.0,0.0,0.0,0.0,0.0,0.0,0.0,0.0,0.0,0.0,0.0,0.0,0.0,0.0,0.0,0.0,0.0,0.0,0.0,0.0,0.0,0.0,0.0,0.0,0.0,0.0,0.0,0.0,0.0,0.0,0.0,0.0,0.0,0.0,0.0,0.0,0.0,0.0,0.0,0.0,0.0,0.0,0.0,0.0,0.0,0.0,0.0,0.0,0.0,0.0,0.0,0.0,0.0,0.0,0.0,0.0,0.0,0.0,0.0,0.0,0.0,0.0,0.0,0.0,0.0,0.0,0.0,0.0,0.0,0.0,0.0,0.0,0.0,0.0,0.0,0.0,0.0,0.0,0.0,0.0,0.0,0.0,0.0,0.0,6.0,6.83,0.0,7.57,17.25,16.89,27.93,29.05,43.12,57.52,38.76,10.83,67.0,22.0,6.0,0.0,83.0,5.0,0.0,11.78,13.0,16.5,14.07,16.57,29.68,50.44,67.97,37.44,0.89,102.0,26.0,0.0,1.0,127.0,0.0,0.0,0.0,0.0,0.0,0.0,0.0,0.0,0.0,0.0,0.0,0.0,0.0,0.0,0.0,0.0,0.0
49.7,0.0,0.0,0.0,0.0,0.0,0.0,0.0,0.0,0.0,0.0,0.0,0.0,0.0,0.0,0.0,0.0,0.0,0.0,0.0,0.0,0.0,0.0,0.0,0.0,0.0,0.0,0.0,0.0,0.0,0.0,0.0,0.0,0.0,0.0,0.0,0.0,0.0,0.0,0.0,0.0,0.0,0.0,0.0,0.0,0.0,0.0,0.0,0.0,0.0,0.0,0.0,0.0,0.0,0.0,0.0,0.0,0.0,0.0,0.0,0.0,0.0,0.0,0.0,0.0,0.0,0.0,0.0,0.0,0.0,0.0,0.0,0.0,0.0,0.0,0.0,0.0,0.0,0.0,0.0,0.0,0.0,0.0,0.0,0.0,0.0,0.0,0.0,0.0,0.0,0.0,0.0,0.0,0.0,0.0,0.0,0.0,0.0,0.0,0.0,0.0,0.0,0.0,0.0,0.0,0.0,0.0,0.0,0.0,0.0,0.0,0.0,0.0,0.0,0.0,0.0,0.0,0.0,0.0,0.0,6.0,6.94,0.0,11.14,17.04,18.09,26.47,31.09,40.82,62.42,40.81,11.08,60.0,16.0,6.0,0.0,70.0,5.0,0.0,7.73,11.63,16.5,17.1,16.74,29.51,49.71,72.54,39.35,0.85,113.0,10.0,0.0,0.0,123.0,0.0,0.0,0.0,0.0,0.0,0.0,0.0,0.0,0.0,0.0,0.0,0.0,0.0,0.0,0.0,0.0,0.0
49.8,0.0,0.0,0.0,0.0,0.0,0.0,0.0,0.0,0.0,0.0,0.0,0.0,0.0,0.0,0.0,0.0,0.0,0.0,0.0,0.0,0.0,0.0,0.0,0.0,0.0,0.0,0.0,0.0,0.0,0.0,0.0,0.0,0.0,0.0,0.0,0.0,0.0,0.0,0.0,0.0,0.0,0.0,0.0,0.0,0.0,0.0,0.0,0.0,0.0,0.0,0.0,0.0,0.0,0.0,0.0,0.0,0.0,0.0,0.0,0.0,0.0,0.0,0.0,0.0,0.0,0.0,0.0,0.0,0.0,0.0,0.0,0.0,0.0,0.0,0.0,0.0,0.0,0.0,0.0,0.0,0.0,0.0,0.0,0.0,0.0,0.0,0.0,0.0,0.0,0.0,0.0,0.0,0.0,0.0,0.0,0.0,0.0,0.0,0.0,0.0,0.0,0.0,0.0,0.0,0.0,0.0,0.0,0.0,0.0,0.0,0.0,0.0,0.0,0.0,0.0,0.0,0.0,0.0,0.0,6.0,3.82,0.0,8.16,23.26,18.4,24.77,30.83,42.72,59.84,41.6,9.17,65.0,20.0,6.0,0.0,79.0,5.0,0.0,3.38,14.73,17.22,18.33,18.92,35.19,48.98,76.36,39.32,0.81,106.0,0.0,0.0,0.0,106.0,0.0,0.0,0.0,0.0,0.0,0.0,0.0,0.0,0.0,0.0,0.0,0.0,0.0,0.0,0.0,0.0,0.0
49.9,0.0,0.0,0.0,0.0,0.0,0.0,0.0,0.0,0.0,0.0,0.0,0.0,0.0,0.0,0.0,0.0,0.0,0.0,0.0,0.0,0.0,0.0,0.0,0.0,0.0,0.0,0.0,0.0,0.0,0.0,0.0,0.0,0.0,0.0,0.0,0.0,0.0,0.0,0.0,0.0,0.0,0.0,0.0,0.0,0.0,0.0,0.0,0.0,0.0,0.0,0.0,0.0,0.0,0.0,0.0,0.0,0.0,0.0,0.0,0.0,0.0,0.0,0.0,0.0,0.0,0.0,0.0,0.0,0.0,0.0,0.0,0.0,0.0,0.0,0.0,0.0,0.0,0.0,0.0,0.0,0.0,0.0,0.0,0.0,0.0,0.0,0.0,0.0,0.0,0.0,0.0,0.0,0.0,0.0,0.0,0.0,0.0,0.0,0.0,0.0,0.0,0.0,0.0,0.0,0.0,0.0,0.0,0.0,0.0,0.0,0.0,0.0,0.0,0.0,0.0,0.0,0.0,0.0,0.0,6.0,4.69,0.0,9.53,25.49,16.82,24.85,31.46,44.84,64.29,41.16,7.98,78.0,22.0,6.0,0.0,94.0,5.0,0.0,4.9,16.09,18.05,17.62,24.22,34.35,48.55,80.84,42.62,0.83,120.0,0.0,0.0,0.0,120.0,0.0,0.0,0.0,0.0,0.0,0.0,0.0,0.0,0.0,0.0,0.0,0.0,0.0,0.0,0.0,0.0,0.0
50.0,0.0,0.0,0.0,0.0,0.0,0.0,0.0,0.0,0.0,0.0,0.0,0.0,0.0,0.0,0.0,0.0,0.0,0.0,0.0,0.0,0.0,0.0,0.0,0.0,0.0,0.0,0.0,0.0,0.0,0.0,0.0,0.0,0.0,0.0,0.0,0.0,0.0,0.0,0.0,0.0,0.0,0.0,0.0,0.0,0.0,0.0,0.0,0.0,0.0,0.0,0.0,0.0,0.0,0.0,0.0,0.0,0.0,0.0,0.0,0.0,0.0,0.0,0.0,0.0,0.0,0.0,0.0,0.0,0.0,0.0,0.0,0.0,0.0,0.0,0.0,0.0,0.0,0.0,0.0,0.0,0.0,0.0,0.0,0.0,0.0,0.0,0.0,0.0,0.0,0.0,0.0,0.0,0.0,0.0,0.0,0.0,0.0,0.0,0.0,0.0,0.0,0.0,0.0,0.0,0.0,0.0,0.0,0.0,0.0,0.0,0.0,0.0,0.0,0.0,0.0,0.0,0.0,0.0,0.0,6.0,6.56,0.0,11.79,25.01,15.03,24.98,29.36,44.12,65.99,40.42,5.72,82.0,24.0,3.0,0.0,103.0,5.0,0.0,4.69,10.84,17.43,22.05,26.02,28.96,50.23,77.32,43.69,0.82,95.0,0.0,0.0,0.0,95.0,0.0,0.0,0.0,0.0,0.0,0.0,0.0,0.0,0.0,0.0,0.0,0.0,0.0,0.0,0.0,0.0,0.0
50.1,0.0,0.0,0.0,0.0,0.0,0.0,0.0,0.0,0.0,0.0,0.0,0.0,0.0,0.0,0.0,0.0,0.0,0.0,0.0,0.0,0.0,0.0,0.0,0.0,0.0,0.0,0.0,0.0,0.0,0.0,0.0,0.0,0.0,0.0,0.0,0.0,0.0,0.0,0.0,0.0,0.0,0.0,0.0,0.0,0.0,0.0,0.0,0.0,0.0,0.0,0.0,0.0,0.0,0.0,0.0,0.0,0.0,0.0,0.0,0.0,0.0,0.0,0.0,0.0,0.0,0.0,0.0,0.0,0.0,0.0,0.0,0.0,0.0,0.0,0.0,0.0,0.0,0.0,0.0,0.0,0.0,0.0,0.0,0.0,0.0,0.0,0.0,0.0,0.0,0.0,0.0,0.0,0.0,0.0,0.0,0.0,0.0,0.0,0.0,0.0,0.0,0.0,0.0,0.0,0.0,0.0,0.0,0.0,0.0,0.0,0.0,0.0,0.0,0.0,0.0,0.0,0.0,0.0,0.0,6.0,9.04,0.0,10.85,19.28,21.71,26.13,29.15,41.82,67.36,41.06,6.11,81.0,30.0,3.0,0.0,108.0,5.0,0.0,4.6,13.06,15.03,19.59,27.81,27.22,46.41,83.56,42.32,0.81,102.0,0.0,0.0,0.0,102.0,0.0,0.0,0.0,0.0,0.0,0.0,0.0,0.0,0.0,0.0,0.0,0.0,0.0,0.0,0.0,0.0,0.0
50.2,0.0,0.0,0.0,0.0,0.0,0.0,0.0,0.0,0.0,0.0,0.0,0.0,0.0,0.0,0.0,0.0,0.0,0.0,0.0,0.0,0.0,0.0,0.0,0.0,0.0,0.0,0.0,0.0,0.0,0.0,0.0,0.0,0.0,0.0,0.0,0.0,0.0,0.0,0.0,0.0,0.0,0.0,0.0,0.0,0.0,0.0,0.0,0.0,0.0,0.0,0.0,0.0,0.0,0.0,0.0,0.0,0.0,0.0,0.0,0.0,0.0,0.0,0.0,0.0,0.0,0.0,0.0,0.0,0.0,0.0,0.0,0.0,0.0,0.0,0.0,0.0,0.0,0.0,0.0,0.0,0.0,0.0,0.0,0.0,0.0,0.0,0.0,0.0,0.0,0.0,0.0,0.0,0.0,0.0,0.0,0.0,0.0,0.0,0.0,0.0,0.0,0.0,0.0,0.0,0.0,0.0,0.0,0.0,0.0,0.0,0.0,0.0,0.0,0.0,0.0,0.0,0.0,0.0,0.0,6.0,7.93,0.0,10.82,18.01,23.09,28.38,30.94,44.08,72.47,39.17,5.92,58.0,12.0,6.0,0.0,64.0,5.0,0.0,2.6,11.39,15.44,18.66,25.75,30.44,46.97,80.99,43.1,0.82,103.0,0.0,0.0,0.0,103.0,0.0,0.0,0.0,0.0,0.0,0.0,0.0,0.0,0.0,0.0,0.0,0.0,0.0,0.0,0.0,0.0,0.0
50.3,0.0,0.0,0.0,0.0,0.0,0.0,0.0,0.0,0.0,0.0,0.0,0.0,0.0,0.0,0.0,0.0,0.0,0.0,0.0,0.0,0.0,0.0,0.0,0.0,0.0,0.0,0.0,0.0,0.0,0.0,0.0,0.0,0.0,0.0,0.0,0.0,0.0,0.0,0.0,0.0,0.0,0.0,0.0,0.0,0.0,0.0,0.0,0.0,0.0,0.0,0.0,0.0,0.0,0.0,0.0,0.0,0.0,0.0,0.0,0.0,0.0,0.0,0.0,0.0,0.0,0.0,0.0,0.0,0.0,0.0,0.0,0.0,0.0,0.0,0.0,0.0,0.0,0.0,0.0,0.0,0.0,0.0,0.0,0.0,0.0,0.0,0.0,0.0,0.0,0.0,0.0,0.0,0.0,0.0,0.0,0.0,0.0,0.0,0.0,0.0,0.0,0.0,0.0,0.0,0.0,0.0,0.0,0.0,0.0,0.0,0.0,0.0,0.0,0.0,0.0,0.0,0.0,0.0,0.0,6.0,9.58,0.0,9.83,10.54,19.38,27.29,30.35,41.72,71.77,39.5,5.53,91.0,36.0,0.0,0.0,127.0,5.0,0.0,7.7,15.29,14.15,19.72,24.17,31.36,47.4,80.79,43.7,0.82,119.0,0.0,0.0,0.0,119.0,0.0,0.0,0.0,0.0,0.0,0.0,0.0,0.0,0.0,0.0,0.0,0.0,0.0,0.0,0.0,0.0,0.0
50.4,0.0,0.0,0.0,0.0,0.0,0.0,0.0,0.0,0.0,0.0,0.0,0.0,0.0,0.0,0.0,0.0,0.0,0.0,0.0,0.0,0.0,0.0,0.0,0.0,0.0,0.0,0.0,0.0,0.0,0.0,0.0,0.0,0.0,0.0,0.0,0.0,0.0,0.0,0.0,0.0,0.0,0.0,0.0,0.0,0.0,0.0,0.0,0.0,0.0,0.0,0.0,0.0,0.0,0.0,0.0,0.0,0.0,0.0,0.0,0.0,0.0,0.0,0.0,0.0,0.0,0.0,0.0,0.0,0.0,0.0,0.0,0.0,0.0,0.0,0.0,0.0,0.0,0.0,0.0,0.0,0.0,0.0,0.0,0.0,0.0,0.0,0.0,0.0,0.0,0.0,0.0,0.0,0.0,0.0,0.0,0.0,0.0,0.0,0.0,0.0,0.0,0.0,0.0,0.0,0.0,0.0,0.0,0.0,0.0,0.0,0.0,0.0,0.0,0.0,0.0,0.0,0.0,0.0,0.0,6.0,8.73,0.0,9.48,14.79,19.58,27.88,34.57,40.6,74.66,40.68,6.54,86.0,30.0,3.0,0.0,113.0,5.0,0.0,8.89,14.49,18.61,20.64,19.1,28.84,46.1,84.44,45.71,0.8,110.0,0.0,0.0,0.0,110.0,0.0,0.0,0.0,0.0,0.0,0.0,0.0,0.0,0.0,0.0,0.0,0.0,0.0,0.0,0.0,0.0,0.0
50.5,0.0,0.0,0.0,0.0,0.0,0.0,0.0,0.0,0.0,0.0,0.0,0.0,0.0,0.0,0.0,0.0,0.0,0.0,0.0,0.0,0.0,0.0,0.0,0.0,0.0,0.0,0.0,0.0,0.0,0.0,0.0,0.0,0.0,0.0,0.0,0.0,0.0,0.0,0.0,0.0,0.0,0.0,0.0,0.0,0.0,0.0,0.0,0.0,0.0,0.0,0.0,0.0,0.0,0.0,0.0,0.0,0.0,0.0,0.0,0.0,0.0,0.0,0.0,0.0,0.0,0.0,0.0,0.0,0.0,0.0,0.0,0.0,0.0,0.0,0.0,0.0,0.0,0.0,0.0,0.0,0.0,0.0,0.0,0.0,0.0,0.0,0.0,0.0,0.0,0.0,0.0,0.0,0.0,0.0,0.0,0.0,0.0,0.0,0.0,0.0,0.0,0.0,0.0,0.0,0.0,0.0,0.0,0.0,0.0,0.0,0.0,0.0,0.0,0.0,0.0,0.0,0.0,0.0,0.0,6.0,9.79,0.0,11.58,13.48,19.47,27.45,36.52,41.43,79.22,42.24,9.15,91.0,25.0,6.0,0.0,110.0,5.0,0.0,8.19,11.2,17.97,20.12,20.8,30.49,47.26,83.49,46.44,0.81,110.0,0.0,0.0,0.0,110.0,0.0,0.0,0.0,0.0,0.0,0.0,0.0,0.0,0.0,0.0,0.0,0.0,0.0,0.0,0.0,0.0,0.0
50.6,0.0,0.0,0.0,0.0,0.0,0.0,0.0,0.0,0.0,0.0,0.0,0.0,0.0,0.0,0.0,0.0,0.0,0.0,0.0,0.0,0.0,0.0,0.0,0.0,0.0,0.0,0.0,0.0,0.0,0.0,0.0,0.0,0.0,0.0,0.0,0.0,0.0,0.0,0.0,0.0,0.0,0.0,0.0,0.0,0.0,0.0,0.0,0.0,0.0,0.0,0.0,0.0,0.0,0.0,0.0,0.0,0.0,0.0,0.0,0.0,0.0,0.0,0.0,0.0,0.0,0.0,0.0,0.0,0.0,0.0,0.0,0.0,0.0,0.0,0.0,0.0,0.0,0.0,0.0,0.0,0.0,0.0,0.0,0.0,0.0,0.0,0.0,0.0,0.0,0.0,0.0,0.0,0.0,0.0,0.0,0.0,0.0,0.0,0.0,0.0,0.0,0.0,0.0,0.0,0.0,0.0,0.0,0.0,0.0,0.0,0.0,0.0,0.0,0.0,0.0,0.0,0.0,0.0,0.0,6.0,8.87,0.0,11.45,15.17,22.3,28.88,34.73,43.64,78.47,42.44,2.91,96.0,32.0,0.0,0.0,128.0,5.0,0.0,8.67,11.26,15.18,19.92,19.44,29.81,44.23,85.06,46.9,0.81,102.0,0.0,0.0,0.0,102.0,0.0,0.0,0.0,0.0,0.0,0.0,0.0,0.0,0.0,0.0,0.0,0.0,0.0,0.0,0.0,0.0,0.0
50.7,0.0,0.0,0.0,0.0,0.0,0.0,0.0,0.0,0.0,0.0,0.0,0.0,0.0,0.0,0.0,0.0,0.0,0.0,0.0,0.0,0.0,0.0,0.0,0.0,0.0,0.0,0.0,0.0,0.0,0.0,0.0,0.0,0.0,0.0,0.0,0.0,0.0,0.0,0.0,0.0,0.0,0.0,0.0,0.0,0.0,0.0,0.0,0.0,0.0,0.0,0.0,0.0,0.0,0.0,0.0,0.0,0.0,0.0,0.0,0.0,0.0,0.0,0.0,0.0,0.0,0.0,0.0,0.0,0.0,0.0,0.0,0.0,0.0,0.0,0.0,0.0,0.0,0.0,0.0,0.0,0.0,0.0,0.0,0.0,0.0,0.0,0.0,0.0,0.0,0.0,0.0,0.0,0.0,0.0,0.0,0.0,0.0,0.0,0.0,0.0,0.0,0.0,0.0,0.0,0.0,0.0,0.0,0.0,0.0,0.0,0.0,0.0,0.0,0.0,0.0,0.0,0.0,0.0,0.0,6.0,8.73,0.0,10.36,14.91,21.32,25.46,33.76,41.38,81.49,38.53,6.58,88.0,34.0,3.0,0.0,119.0,5.0,0.0,10.24,10.09,15.09,20.07,17.72,28.27,42.64,85.21,50.92,0.8,106.0,0.0,0.0,0.0,106.0,0.0,0.0,0.0,0.0,0.0,0.0,0.0,0.0,0.0,0.0,0.0,0.0,0.0,0.0,0.0,0.0,0.0
50.8,0.0,0.0,0.0,0.0,0.0,0.0,0.0,0.0,0.0,0.0,0.0,0.0,0.0,0.0,0.0,0.0,0.0,0.0,0.0,0.0,0.0,0.0,0.0,0.0,0.0,0.0,0.0,0.0,0.0,0.0,0.0,0.0,0.0,0.0,0.0,0.0,0.0,0.0,0.0,0.0,0.0,0.0,0.0,0.0,0.0,0.0,0.0,0.0,0.0,0.0,0.0,0.0,0.0,0.0,0.0,0.0,0.0,0.0,0.0,0.0,0.0,0.0,0.0,0.0,0.0,0.0,0.0,0.0,0.0,0.0,0.0,0.0,0.0,0.0,0.0,0.0,0.0,0.0,0.0,0.0,0.0,0.0,0.0,0.0,0.0,0.0,0.0,0.0,0.0,0.0,0.0,0.0,0.0,0.0,0.0,0.0,0.0,0.0,0.0,0.0,0.0,0.0,0.0,0.0,0.0,0.0,0.0,0.0,0.0,0.0,0.0,0.0,0.0,0.0,0.0,0.0,0.0,0.0,0.0,6.0,0.0,9.4,12.85,13.39,18.24,25.89,37.34,37.58,79.92,38.39,5.68,83.0,16.0,3.0,0.0,96.0,5.0,0.0,7.61,11.52,16.41,23.48,19.14,27.39,41.85,83.75,49.13,0.82,98.0,0.0,0.0,0.0,98.0,0.0,0.0,0.0,0.0,0.0,0.0,0.0,0.0,0.0,0.0,0.0,0.0,0.0,0.0,0.0,0.0,0.0
50.9,0.0,0.0,0.0,0.0,0.0,0.0,0.0,0.0,0.0,0.0,0.0,0.0,0.0,0.0,0.0,0.0,0.0,0.0,0.0,0.0,0.0,0.0,0.0,0.0,0.0,0.0,0.0,0.0,0.0,0.0,0.0,0.0,0.0,0.0,0.0,0.0,0.0,0.0,0.0,0.0,0.0,0.0,0.0,0.0,0.0,0.0,0.0,0.0,0.0,0.0,0.0,0.0,0.0,0.0,0.0,0.0,0.0,0.0,0.0,0.0,0.0,0.0,0.0,0.0,0.0,0.0,0.0,0.0,0.0,0.0,0.0,0.0,0.0,0.0,0.0,0.0,0.0,0.0,0.0,0.0,0.0,0.0,0.0,0.0,0.0,0.0,0.0,0.0,0.0,0.0,0.0,0.0,0.0,0.0,0.0,0.0,0.0,0.0,0.0,0.0,0.0,0.0,0.0,0.0,0.0,0.0,0.0,0.0,0.0,0.0,0.0,0.0,0.0,0.0,0.0,0.0,0.0,0.0,0.0,6.0,9.69,12.6,0.0,19.67,17.33,25.67,33.17,38.32,75.61,40.16,2.86,101.0,34.0,0.0,0.0,135.0,5.0,0.0,7.97,11.82,20.04,19.29,17.32,28.97,40.74,83.41,52.59,0.82,94.0,0.0,0.0,0.0,94.0,0.0,0.0,0.0,0.0,0.0,0.0,0.0,0.0,0.0,0.0,0.0,0.0,0.0,0.0,0.0,0.0,0.0
51.0,0.0,0.0,0.0,0.0,0.0,0.0,0.0,0.0,0.0,0.0,0.0,0.0,0.0,0.0,0.0,0.0,0.0,0.0,0.0,0.0,0.0,0.0,0.0,0.0,0.0,0.0,0.0,0.0,0.0,0.0,0.0,0.0,0.0,0.0,0.0,0.0,0.0,0.0,0.0,0.0,0.0,0.0,0.0,0.0,0.0,0.0,0.0,0.0,0.0,0.0,0.0,0.0,0.0,0.0,0.0,0.0,0.0,0.0,0.0,0.0,0.0,0.0,0.0,0.0,0.0,0.0,0.0,0.0,0.0,0.0,0.0,0.0,0.0,0.0,0.0,0.0,0.0,0.0,0.0,0.0,0.0,0.0,0.0,0.0,0.0,0.0,0.0,0.0,0.0,0.0,0.0,0.0,0.0,0.0,0.0,0.0,0.0,0.0,0.0,0.0,0.0,0.0,0.0,0.0,0.0,0.0,0.0,0.0,0.0,0.0,0.0,0.0,0.0,0.0,0.0,0.0,0.0,0.0,0.0,6.0,0.0,11.63,12.94,20.0,14.5,19.91,32.47,40.35,74.66,41.05,6.01,86.0,18.0,3.0,0.0,101.0,5.0,0.0,10.26,10.75,22.44,20.72,20.21,28.24,40.53,80.1,49.42,0.82,110.0,0.0,0.0,0.0,110.0,0.0,0.0,0.0,0.0,0.0,0.0,0.0,0.0,0.0,0.0,0.0,0.0,0.0,0.0,0.0,0.0,0.0
51.1,0.0,0.0,0.0,0.0,0.0,0.0,0.0,0.0,0.0,0.0,0.0,0.0,0.0,0.0,0.0,0.0,0.0,0.0,0.0,0.0,0.0,0.0,0.0,0.0,0.0,0.0,0.0,0.0,0.0,0.0,0.0,0.0,0.0,0.0,0.0,0.0,0.0,0.0,0.0,0.0,0.0,0.0,0.0,0.0,0.0,0.0,0.0,0.0,0.0,0.0,0.0,0.0,0.0,0.0,0.0,0.0,0.0,0.0,0.0,0.0,0.0,0.0,0.0,0.0,0.0,0.0,0.0,0.0,0.0,0.0,0.0,0.0,0.0,0.0,0.0,0.0,0.0,0.0,0.0,0.0,0.0,0.0,0.0,0.0,0.0,0.0,0.0,0.0,0.0,0.0,0.0,0.0,0.0,0.0,0.0,0.0,0.0,0.0,0.0,0.0,0.0,0.0,0.0,0.0,0.0,0.0,0.0,0.0,0.0,0.0,0.0,0.0,0.0,0.0,0.0,0.0,0.0,0.0,0.0,6.0,12.02,0.0,13.21,21.47,14.94,19.11,37.47,39.26,79.18,40.4,5.23,94.0,30.0,3.0,0.0,121.0,5.0,0.0,8.94,12.31,19.2,19.21,18.73,25.48,39.77,82.83,49.52,0.82,111.0,0.0,0.0,0.0,111.0,0.0,0.0,0.0,0.0,0.0,0.0,0.0,0.0,0.0,0.0,0.0,0.0,0.0,0.0,0.0,0.0,0.0
51.2,0.0,0.0,0.0,0.0,0.0,0.0,0.0,0.0,0.0,0.0,0.0,0.0,0.0,0.0,0.0,0.0,0.0,0.0,0.0,0.0,0.0,0.0,0.0,0.0,0.0,0.0,0.0,0.0,0.0,0.0,0.0,0.0,0.0,0.0,0.0,0.0,0.0,0.0,0.0,0.0,0.0,0.0,0.0,0.0,0.0,0.0,0.0,0.0,0.0,0.0,0.0,0.0,0.0,0.0,0.0,0.0,0.0,0.0,0.0,0.0,0.0,0.0,0.0,0.0,0.0,0.0,0.0,0.0,0.0,0.0,0.0,0.0,0.0,0.0,0.0,0.0,0.0,0.0,0.0,0.0,0.0,0.0,0.0,0.0,0.0,0.0,0.0,0.0,0.0,0.0,0.0,0.0,0.0,0.0,0.0,0.0,0.0,0.0,0.0,0.0,0.0,0.0,0.0,0.0,0.0,0.0,0.0,0.0,0.0,0.0,0.0,0.0,0.0,0.0,0.0,0.0,0.0,0.0,0.0,6.0,0.0,9.49,14.58,24.21,15.63,20.5,34.14,40.37,75.76,45.22,2.56,88.0,22.0,0.0,0.0,110.0,5.0,0.0,9.99,14.55,19.85,18.77,21.35,26.0,36.71,77.49,49.93,0.82,101.0,0.0,0.0,0.0,101.0,0.0,0.0,0.0,0.0,0.0,0.0,0.0,0.0,0.0,0.0,0.0,0.0,0.0,0.0,0.0,0.0,0.0
51.3,0.0,0.0,0.0,0.0,0.0,0.0,0.0,0.0,0.0,0.0,0.0,0.0,0.0,0.0,0.0,0.0,0.0,0.0,0.0,0.0,0.0,0.0,0.0,0.0,0.0,0.0,0.0,0.0,0.0,0.0,0.0,0.0,0.0,0.0,0.0,0.0,0.0,0.0,0.0,0.0,0.0,0.0,0.0,0.0,0.0,0.0,0.0,0.0,0.0,0.0,0.0,0.0,0.0,0.0,0.0,0.0,0.0,0.0,0.0,0.0,0.0,0.0,0.0,0.0,0.0,0.0,0.0,0.0,0.0,0.0,0.0,0.0,0.0,0.0,0.0,0.0,0.0,0.0,0.0,0.0,0.0,0.0,0.0,0.0,0.0,0.0,0.0,0.0,0.0,0.0,0.0,0.0,0.0,0.0,0.0,0.0,0.0,0.0,0.0,0.0,0.0,0.0,0.0,0.0,0.0,0.0,0.0,0.0,0.0,0.0,0.0,0.0,0.0,0.0,0.0,0.0,0.0,0.0,0.0,0.0,0.0,0.0,0.0,0.0,0.0,0.0,0.0,0.0,0.0,0.0,0.0,0.0,0.0,0.0,0.0,0.0,5.0,0.0,6.47,16.6,19.6,16.77,21.22,23.09,36.49,76.02,45.57,0.83,105.0,4.0,0.0,0.0,109.0,6.0,8.37,0.0,12.75,23.23,14.13,25.06,34.62,41.96,72.76,45.29,5.26,87.0,22.0,4.0,0.0,105.0
51.4,0.0,0.0,0.0,0.0,0.0,0.0,0.0,0.0,0.0,0.0,0.0,0.0,0.0,0.0,0.0,0.0,0.0,0.0,0.0,0.0,0.0,0.0,0.0,0.0,0.0,0.0,0.0,0.0,0.0,0.0,0.0,0.0,0.0,0.0,0.0,0.0,0.0,0.0,0.0,0.0,0.0,0.0,0.0,0.0,0.0,0.0,0.0,0.0,0.0,0.0,0.0,0.0,0.0,0.0,0.0,0.0,0.0,0.0,0.0,0.0,0.0,0.0,0.0,0.0,0.0,0.0,0.0,0.0,0.0,0.0,0.0,0.0,0.0,0.0,0.0,0.0,0.0,0.0,0.0,0.0,0.0,0.0,0.0,0.0,0.0,0.0,0.0,0.0,0.0,0.0,0.0,0.0,0.0,0.0,0.0,0.0,0.0,0.0,0.0,0.0,0.0,0.0,0.0,0.0,0.0,0.0,0.0,0.0,0.0,0.0,0.0,0.0,0.0,0.0,0.0,0.0,0.0,0.0,0.0,0.0,0.0,0.0,0.0,0.0,0.0,0.0,0.0,0.0,0.0,0.0,0.0,0.0,0.0,0.0,0.0,0.0,5.0,0.0,6.67,14.04,20.59,16.03,22.09,26.73,34.69,72.79,42.83,0.82,101.0,0.0,0.0,0.0,101.0,6.0,0.0,4.19,10.6,20.43,12.38,22.38,36.24,42.92,70.17,46.23,8.37,80.0,16.0,6.0,0.0,90.0
51.5,0.0,0.0,0.0,0.0,0.0,0.0,0.0,0.0,0.0,0.0,0.0,0.0,0.0,0.0,0.0,0.0,0.0,0.0,0.0,0.0,0.0,0.0,0.0,0.0,0.0,0.0,0.0,0.0,0.0,0.0,0.0,0.0,0.0,0.0,0.0,0.0,0.0,0.0,0.0,0.0,0.0,0.0,0.0,0.0,0.0,0.0,0.0,0.0,0.0,0.0,0.0,0.0,0.0,0.0,0.0,0.0,0.0,0.0,0.0,0.0,0.0,0.0,0.0,0.0,0.0,0.0,0.0,0.0,0.0,0.0,0.0,0.0,0.0,0.0,0.0,0.0,0.0,0.0,0.0,0.0,0.0,0.0,0.0,0.0,0.0,0.0,0.0,0.0,0.0,0.0,0.0,0.0,0.0,0.0,0.0,0.0,0.0,0.0,0.0,0.0,0.0,0.0,0.0,0.0,0.0,0.0,0.0,0.0,0.0,0.0,0.0,0.0,0.0,0.0,0.0,0.0,0.0,0.0,0.0,0.0,0.0,0.0,0.0,0.0,0.0,0.0,0.0,0.0,0.0,0.0,0.0,0.0,0.0,0.0,0.0,0.0,5.0,0.0,5.35,11.91,20.35,16.61,21.8,25.6,28.51,68.65,43.98,0.8,85.0,0.0,0.0,0.0,85.0,6.0,0.0,4.97,13.98,21.96,6.4,20.71,35.29,40.6,65.27,45.3,2.92,85.0,28.0,3.0,0.0,110.0
51.6,0.0,0.0,0.0,0.0,0.0,0.0,0.0,0.0,0.0,0.0,0.0,0.0,0.0,0.0,0.0,0.0,0.0,0.0,0.0,0.0,0.0,0.0,0.0,0.0,0.0,0.0,0.0,0.0,0.0,0.0,0.0,0.0,0.0,0.0,0.0,0.0,0.0,0.0,0.0,0.0,0.0,0.0,0.0,0.0,0.0,0.0,0.0,0.0,0.0,0.0,0.0,0.0,0.0,0.0,0.0,0.0,0.0,0.0,0.0,0.0,0.0,0.0,0.0,0.0,0.0,0.0,0.0,0.0,0.0,0.0,0.0,0.0,0.0,0.0,0.0,0.0,0.0,0.0,0.0,0.0,0.0,0.0,0.0,0.0,0.0,0.0,0.0,0.0,0.0,0.0,0.0,0.0,0.0,0.0,0.0,0.0,0.0,0.0,0.0,0.0,0.0,0.0,0.0,0.0,0.0,0.0,0.0,0.0,0.0,0.0,0.0,0.0,0.0,0.0,0.0,0.0,0.0,0.0,0.0,0.0,0.0,0.0,0.0,0.0,0.0,0.0,0.0,0.0,0.0,0.0,0.0,0.0,0.0,0.0,0.0,0.0,5.0,0.0,4.27,12.12,22.81,16.3,21.03,28.2,32.68,61.92,44.06,0.86,99.0,8.0,0.0,0.0,107.0,6.0,0.0,5.87,18.8,22.52,9.07,21.09,34.44,41.09,67.01,44.78,7.35,91.0,28.0,0.0,0.0,119.0
51.7,0.0,0.0,0.0,0.0,0.0,0.0,0.0,0.0,0.0,0.0,0.0,0.0,0.0,0.0,0.0,0.0,0.0,0.0,0.0,0.0,0.0,0.0,0.0,0.0,0.0,0.0,0.0,0.0,0.0,0.0,0.0,0.0,0.0,0.0,0.0,0.0,0.0,0.0,0.0,0.0,0.0,0.0,0.0,0.0,0.0,0.0,0.0,0.0,0.0,0.0,0.0,0.0,0.0,0.0,0.0,0.0,0.0,0.0,0.0,0.0,0.0,0.0,0.0,0.0,0.0,0.0,0.0,0.0,0.0,0.0,0.0,0.0,0.0,0.0,0.0,0.0,0.0,0.0,0.0,0.0,0.0,0.0,0.0,0.0,0.0,0.0,0.0,0.0,0.0,0.0,0.0,0.0,0.0,0.0,0.0,0.0,0.0,0.0,0.0,0.0,0.0,0.0,0.0,0.0,0.0,0.0,0.0,0.0,0.0,0.0,0.0,0.0,0.0,0.0,0.0,0.0,0.0,0.0,0.0,0.0,0.0,0.0,0.0,0.0,0.0,0.0,0.0,0.0,0.0,0.0,0.0,0.0,0.0,0.0,0.0,0.0,5.0,0.0,3.53,10.73,20.39,14.57,18.05,22.93,30.6,63.31,41.61,1.25,114.0,26.0,0.0,0.0,140.0,6.0,0.0,3.3,12.34,14.7,11.01,16.04,36.43,40.61,63.5,48.4,10.96,69.0,24.0,9.0,0.0,84.0
51.8,0.0,0.0,0.0,0.0,0.0,0.0,0.0,0.0,0.0,0.0,0.0,0.0,0.0,0.0,0.0,0.0,0.0,0.0,0.0,0.0,0.0,0.0,0.0,0.0,0.0,0.0,0.0,0.0,0.0,0.0,0.0,0.0,0.0,0.0,0.0,0.0,0.0,0.0,0.0,0.0,0.0,0.0,0.0,0.0,0.0,0.0,0.0,0.0,0.0,0.0,0.0,0.0,0.0,0.0,0.0,0.0,0.0,0.0,0.0,0.0,0.0,0.0,0.0,0.0,0.0,0.0,0.0,0.0,0.0,0.0,0.0,0.0,0.0,0.0,0.0,0.0,0.0,0.0,0.0,0.0,0.0,0.0,0.0,0.0,0.0,0.0,0.0,0.0,0.0,0.0,0.0,0.0,0.0,0.0,0.0,0.0,0.0,0.0,0.0,0.0,0.0,0.0,0.0,0.0,0.0,0.0,0.0,0.0,0.0,0.0,0.0,0.0,0.0,0.0,0.0,0.0,0.0,0.0,0.0,0.0,0.0,0.0,0.0,0.0,0.0,0.0,0.0,0.0,0.0,0.0,0.0,0.0,0.0,0.0,0.0,0.0,5.0,0.0,5.68,12.94,16.22,18.18,17.51,19.63,30.33,64.75,44.06,0.87,101.0,12.0,0.0,0.0,113.0,6.0,0.0,2.29,14.83,17.99,10.83,16.62,30.32,39.5,64.29,49.4,12.81,40.0,9.0,9.0,0.0,40.0
51.9,0.0,0.0,0.0,0.0,0.0,0.0,0.0,0.0,0.0,0.0,0.0,0.0,0.0,0.0,0.0,0.0,0.0,0.0,0.0,0.0,0.0,0.0,0.0,0.0,0.0,0.0,0.0,0.0,0.0,0.0,0.0,0.0,0.0,0.0,0.0,0.0,0.0,0.0,0.0,0.0,0.0,0.0,0.0,0.0,0.0,0.0,0.0,0.0,0.0,0.0,0.0,0.0,0.0,0.0,0.0,0.0,0.0,0.0,0.0,0.0,0.0,0.0,0.0,0.0,0.0,0.0,0.0,0.0,0.0,0.0,0.0,0.0,0.0,0.0,0.0,0.0,0.0,0.0,0.0,0.0,0.0,0.0,0.0,0.0,0.0,0.0,0.0,0.0,0.0,0.0,0.0,0.0,0.0,0.0,0.0,0.0,0.0,0.0,0.0,0.0,0.0,0.0,0.0,0.0,0.0,0.0,0.0,0.0,0.0,0.0,0.0,0.0,0.0,0.0,0.0,0.0,0.0,0.0,0.0,0.0,0.0,0.0,0.0,0.0,0.0,0.0,0.0,0.0,0.0,0.0,0.0,0.0,0.0,0.0,0.0,0.0,5.0,6.65,0.0,8.36,17.29,16.13,16.33,19.18,30.82,63.4,43.04,0.86,103.0,14.0,0.0,0.0,117.0,6.0,2.62,0.0,14.47,19.23,10.87,17.92,28.44,37.57,59.13,48.61,9.82,77.0,11.0,6.0,0.0,82.0
52.0,0.0,0.0,0.0,0.0,0.0,0.0,0.0,0.0,0.0,0.0,0.0,0.0,0.0,0.0,0.0,0.0,0.0,0.0,0.0,0.0,0.0,0.0,0.0,0.0,0.0,0.0,0.0,0.0,0.0,0.0,0.0,0.0,0.0,0.0,0.0,0.0,0.0,0.0,0.0,0.0,0.0,0.0,0.0,0.0,0.0,0.0,0.0,0.0,0.0,0.0,0.0,0.0,0.0,0.0,0.0,0.0,0.0,0.0,0.0,0.0,0.0,0.0,0.0,0.0,0.0,0.0,0.0,0.0,0.0,0.0,0.0,0.0,0.0,0.0,0.0,0.0,0.0,0.0,0.0,0.0,0.0,0.0,0.0,0.0,0.0,0.0,0.0,0.0,0.0,0.0,0.0,0.0,0.0,0.0,0.0,0.0,0.0,0.0,0.0,0.0,0.0,0.0,0.0,0.0,0.0,0.0,0.0,0.0,0.0,0.0,0.0,0.0,0.0,0.0,0.0,0.0,0.0,0.0,0.0,0.0,0.0,0.0,0.0,0.0,0.0,0.0,0.0,0.0,0.0,0.0,0.0,0.0,0.0,0.0,0.0,0.0,5.0,6.47,0.0,9.13,16.13,16.96,12.04,20.04,31.89,62.35,41.81,1.59,102.0,20.0,0.0,0.0,122.0,6.0,2.75,0.0,10.52,18.38,10.0,16.76,28.7,39.66,60.76,51.04,13.42,42.0,12.0,9.0,0.0,45.0
52.1,0.0,0.0,0.0,0.0,0.0,0.0,0.0,0.0,0.0,0.0,0.0,0.0,0.0,0.0,0.0,0.0,0.0,0.0,0.0,0.0,0.0,0.0,0.0,0.0,0.0,0.0,0.0,0.0,0.0,0.0,0.0,0.0,0.0,0.0,0.0,0.0,0.0,0.0,0.0,0.0,0.0,0.0,0.0,0.0,0.0,0.0,0.0,0.0,0.0,0.0,0.0,0.0,0.0,0.0,0.0,0.0,0.0,0.0,0.0,0.0,0.0,0.0,0.0,0.0,0.0,0.0,0.0,0.0,0.0,0.0,0.0,0.0,0.0,0.0,0.0,0.0,0.0,0.0,0.0,0.0,0.0,0.0,0.0,0.0,0.0,0.0,0.0,0.0,0.0,0.0,0.0,0.0,0.0,0.0,0.0,0.0,0.0,0.0,0.0,0.0,0.0,0.0,0.0,0.0,0.0,0.0,0.0,0.0,0.0,0.0,0.0,0.0,0.0,0.0,0.0,0.0,0.0,0.0,0.0,0.0,0.0,0.0,0.0,0.0,0.0,0.0,0.0,0.0,0.0,0.0,0.0,0.0,0.0,0.0,0.0,0.0,5.0,6.5,0.0,7.73,16.25,13.53,15.31,16.24,34.31,62.7,39.9,1.55,103.0,20.0,0.0,0.0,123.0,6.0,0.0,1.05,12.77,15.31,11.99,18.05,26.9,41.24,64.57,52.05,11.76,47.0,12.0,11.0,0.0,48.0
52.2,0.0,0.0,0.0,0.0,0.0,0.0,0.0,0.0,0.0,0.0,0.0,0.0,0.0,0.0,0.0,0.0,0.0,0.0,0.0,0.0,0.0,0.0,0.0,0.0,0.0,0.0,0.0,0.0,0.0,0.0,0.0,0.0,0.0,0.0,0.0,0.0,0.0,0.0,0.0,0.0,0.0,0.0,0.0,0.0,0.0,0.0,0.0,0.0,0.0,0.0,0.0,0.0,0.0,0.0,0.0,0.0,0.0,0.0,0.0,0.0,0.0,0.0,0.0,0.0,0.0,0.0,0.0,0.0,0.0,0.0,0.0,0.0,0.0,0.0,0.0,0.0,0.0,0.0,0.0,0.0,0.0,0.0,0.0,0.0,0.0,0.0,0.0,0.0,0.0,0.0,0.0,0.0,0.0,0.0,0.0,0.0,0.0,0.0,0.0,0.0,0.0,0.0,0.0,0.0,0.0,0.0,0.0,0.0,0.0,0.0,0.0,0.0,0.0,0.0,0.0,0.0,0.0,0.0,0.0,0.0,0.0,0.0,0.0,0.0,0.0,0.0,0.0,0.0,0.0,0.0,0.0,0.0,0.0,0.0,0.0,0.0,5.0,8.1,0.0,9.37,14.97,12.35,18.56,17.12,31.3,60.24,40.19,0.88,114.0,16.0,0.0,0.0,130.0,6.0,3.22,0.0,14.41,17.75,9.86,18.48,29.94,42.99,65.86,51.31,11.13,69.0,12.0,3.0,0.0,78.0
52.3,0.0,0.0,0.0,0.0,0.0,0.0,0.0,0.0,0.0,0.0,0.0,0.0,0.0,0.0,0.0,0.0,0.0,0.0,0.0,0.0,0.0,0.0,0.0,0.0,0.0,0.0,0.0,0.0,0.0,0.0,0.0,0.0,0.0,0.0,0.0,0.0,0.0,0.0,0.0,0.0,0.0,0.0,0.0,0.0,0.0,0.0,0.0,0.0,0.0,0.0,0.0,0.0,0.0,0.0,0.0,0.0,0.0,0.0,0.0,0.0,0.0,0.0,0.0,0.0,0.0,0.0,0.0,0.0,0.0,0.0,0.0,0.0,0.0,0.0,0.0,0.0,0.0,0.0,0.0,0.0,0.0,0.0,0.0,0.0,0.0,0.0,0.0,0.0,0.0,0.0,0.0,0.0,0.0,0.0,0.0,0.0,0.0,0.0,0.0,0.0,0.0,0.0,0.0,0.0,0.0,0.0,0.0,0.0,0.0,0.0,0.0,0.0,0.0,0.0,0.0,0.0,0.0,0.0,0.0,0.0,0.0,0.0,0.0,0.0,0.0,0.0,0.0,0.0,0.0,0.0,0.0,0.0,0.0,0.0,0.0,0.0,5.0,8.27,0.0,12.57,14.6,16.95,17.73,17.4,34.48,56.92,37.63,0.89,105.0,20.0,0.0,0.0,125.0,6.0,0.0,4.96,13.57,20.2,14.48,17.86,28.24,41.78,63.18,48.76,8.88,56.0,10.0,9.0,0.0,57.0
52.4,0.0,0.0,0.0,0.0,0.0,0.0,0.0,0.0,0.0,0.0,0.0,0.0,0.0,0.0,0.0,0.0,0.0,0.0,0.0,0.0,0.0,0.0,0.0,0.0,0.0,0.0,0.0,0.0,0.0,0.0,0.0,0.0,0.0,0.0,0.0,0.0,0.0,0.0,0.0,0.0,0.0,0.0,0.0,0.0,0.0,0.0,0.0,0.0,0.0,0.0,0.0,0.0,0.0,0.0,0.0,0.0,0.0,0.0,0.0,0.0,0.0,0.0,0.0,0.0,0.0,0.0,0.0,0.0,0.0,0.0,0.0,0.0,0.0,0.0,0.0,0.0,0.0,0.0,0.0,0.0,0.0,0.0,0.0,0.0,0.0,0.0,0.0,0.0,0.0,0.0,0.0,0.0,0.0,0.0,0.0,0.0,0.0,0.0,0.0,0.0,0.0,0.0,0.0,0.0,0.0,0.0,0.0,0.0,0.0,0.0,0.0,0.0,0.0,0.0,0.0,0.0,0.0,0.0,0.0,0.0,0.0,0.0,0.0,0.0,0.0,0.0,0.0,0.0,0.0,0.0,0.0,0.0,0.0,0.0,0.0,0.0,5.0,9.84,0.0,11.9,10.16,14.73,17.47,19.64,32.8,55.99,38.53,0.89,98.0,24.0,0.0,0.0,122.0,6.0,0.0,7.33,14.3,17.64,11.94,19.6,24.22,37.33,59.22,51.27,8.74,59.0,15.0,9.0,0.0,65.0
52.5,0.0,0.0,0.0,0.0,0.0,0.0,0.0,0.0,0.0,0.0,0.0,0.0,0.0,0.0,0.0,0.0,0.0,0.0,0.0,0.0,0.0,0.0,0.0,0.0,0.0,0.0,0.0,0.0,0.0,0.0,0.0,0.0,0.0,0.0,0.0,0.0,0.0,0.0,0.0,0.0,0.0,0.0,0.0,0.0,0.0,0.0,0.0,0.0,0.0,0.0,0.0,0.0,0.0,0.0,0.0,0.0,0.0,0.0,0.0,0.0,0.0,0.0,0.0,0.0,0.0,0.0,0.0,0.0,0.0,0.0,0.0,0.0,0.0,0.0,0.0,0.0,0.0,0.0,0.0,0.0,0.0,0.0,0.0,0.0,0.0,0.0,0.0,0.0,0.0,0.0,0.0,0.0,0.0,0.0,0.0,0.0,0.0,0.0,0.0,0.0,0.0,0.0,0.0,0.0,0.0,0.0,0.0,0.0,0.0,0.0,0.0,0.0,0.0,0.0,0.0,0.0,0.0,0.0,0.0,0.0,0.0,0.0,0.0,0.0,0.0,0.0,0.0,0.0,0.0,0.0,0.0,0.0,0.0,0.0,0.0,0.0,5.0,8.75,0.0,9.54,15.63,15.81,15.06,17.82,32.42,58.13,37.89,1.49,109.0,22.0,0.0,0.0,131.0,6.0,0.0,11.07,15.08,18.88,13.35,21.05,28.18,39.67,56.19,54.95,11.22,49.0,15.0,9.0,1.0,54.0
52.6,0.0,0.0,0.0,0.0,0.0,0.0,0.0,0.0,0.0,0.0,0.0,0.0,0.0,0.0,0.0,0.0,0.0,0.0,0.0,0.0,0.0,0.0,0.0,0.0,0.0,0.0,0.0,0.0,0.0,0.0,0.0,0.0,0.0,0.0,0.0,0.0,0.0,0.0,0.0,0.0,0.0,0.0,0.0,0.0,0.0,0.0,0.0,0.0,0.0,0.0,0.0,0.0,0.0,0.0,0.0,0.0,0.0,0.0,0.0,0.0,0.0,0.0,0.0,0.0,0.0,0.0,0.0,0.0,0.0,0.0,0.0,0.0,0.0,0.0,0.0,0.0,0.0,0.0,0.0,0.0,0.0,0.0,0.0,0.0,0.0,0.0,0.0,0.0,0.0,0.0,0.0,0.0,0.0,0.0,0.0,0.0,0.0,0.0,0.0,0.0,0.0,0.0,0.0,0.0,0.0,0.0,0.0,0.0,0.0,0.0,0.0,0.0,0.0,0.0,0.0,0.0,0.0,0.0,0.0,0.0,0.0,0.0,0.0,0.0,0.0,0.0,0.0,0.0,0.0,0.0,0.0,0.0,0.0,0.0,0.0,0.0,5.0,11.17,0.0,10.93,15.5,16.5,16.52,18.74,33.74,56.43,39.04,1.59,104.0,18.0,0.0,0.0,122.0,6.0,0.0,10.51,15.37,21.34,16.26,21.94,32.32,36.76,56.25,55.47,11.26,52.0,10.0,9.0,0.0,53.0
52.7,0.0,0.0,0.0,0.0,0.0,0.0,0.0,0.0,0.0,0.0,0.0,0.0,0.0,0.0,0.0,0.0,0.0,0.0,0.0,0.0,0.0,0.0,0.0,0.0,0.0,0.0,0.0,0.0,0.0,0.0,0.0,0.0,0.0,0.0,0.0,0.0,0.0,0.0,0.0,0.0,0.0,0.0,0.0,0.0,0.0,0.0,0.0,0.0,0.0,0.0,0.0,0.0,0.0,0.0,0.0,0.0,0.0,0.0,0.0,0.0,0.0,0.0,0.0,0.0,0.0,0.0,0.0,0.0,0.0,0.0,0.0,0.0,0.0,0.0,0.0,0.0,0.0,0.0,0.0,0.0,0.0,0.0,0.0,0.0,0.0,0.0,0.0,0.0,0.0,0.0,0.0,0.0,0.0,0.0,0.0,0.0,0.0,0.0,0.0,0.0,0.0,0.0,0.0,0.0,0.0,0.0,0.0,0.0,0.0,0.0,0.0,0.0,0.0,0.0,0.0,0.0,0.0,0.0,0.0,0.0,0.0,0.0,0.0,0.0,0.0,0.0,0.0,0.0,0.0,0.0,0.0,0.0,0.0,0.0,0.0,0.0,5.0,12.07,0.0,8.9,16.85,18.0,15.26,21.56,30.78,54.62,45.29,2.51,100.0,44.0,0.0,17.0,127.0,6.0,0.0,11.81,12.45,23.38,13.83,21.86,35.19,36.27,56.89,56.58,11.12,104.0,38.0,25.0,0.0,117.0
52.8,0.0,0.0,0.0,0.0,0.0,0.0,0.0,0.0,0.0,0.0,0.0,0.0,0.0,0.0,0.0,0.0,0.0,0.0,0.0,0.0,0.0,0.0,0.0,0.0,0.0,0.0,0.0,0.0,0.0,0.0,0.0,0.0,0.0,0.0,0.0,0.0,0.0,0.0,0.0,0.0,0.0,0.0,0.0,0.0,0.0,0.0,0.0,0.0,0.0,0.0,0.0,0.0,0.0,0.0,0.0,0.0,0.0,0.0,0.0,0.0,0.0,0.0,0.0,0.0,0.0,0.0,0.0,0.0,0.0,0.0,0.0,0.0,0.0,0.0,0.0,0.0,0.0,0.0,0.0,0.0,0.0,0.0,0.0,0.0,0.0,0.0,0.0,0.0,0.0,0.0,0.0,0.0,0.0,0.0,0.0,0.0,0.0,0.0,0.0,0.0,0.0,0.0,0.0,0.0,0.0,0.0,0.0,0.0,0.0,0.0,0.0,0.0,0.0,0.0,0.0,0.0,0.0,0.0,0.0,0.0,0.0,0.0,0.0,0.0,0.0,0.0,0.0,0.0,0.0,0.0,0.0,0.0,0.0,0.0,0.0,0.0,5.0,10.81,5.91,0.0,15.74,17.17,14.11,18.94,32.69,54.34,47.53,1.97,106.0,33.0,16.0,12.0,111.0,6.0,0.0,9.39,12.65,19.6,13.01,17.2,31.61,38.64,57.32,53.32,11.21,70.0,30.0,18.0,0.0,82.0
52.9,0.0,0.0,0.0,0.0,0.0,0.0,0.0,0.0,0.0,0.0,0.0,0.0,0.0,0.0,0.0,0.0,0.0,0.0,0.0,0.0,0.0,0.0,0.0,0.0,0.0,0.0,0.0,0.0,0.0,0.0,0.0,0.0,0.0,0.0,0.0,0.0,0.0,0.0,0.0,0.0,0.0,0.0,0.0,0.0,0.0,0.0,0.0,0.0,0.0,0.0,0.0,0.0,0.0,0.0,0.0,0.0,0.0,0.0,0.0,0.0,0.0,0.0,0.0,0.0,0.0,0.0,0.0,0.0,0.0,0.0,0.0,0.0,0.0,0.0,0.0,0.0,0.0,0.0,0.0,0.0,0.0,0.0,0.0,0.0,0.0,0.0,0.0,0.0,0.0,0.0,0.0,0.0,0.0,0.0,0.0,0.0,0.0,0.0,0.0,0.0,0.0,0.0,0.0,0.0,0.0,0.0,0.0,0.0,0.0,0.0,0.0,0.0,0.0,0.0,0.0,0.0,0.0,0.0,0.0,0.0,0.0,0.0,0.0,0.0,0.0,0.0,0.0,0.0,0.0,0.0,0.0,0.0,0.0,0.0,0.0,0.0,5.0,12.12,6.68,0.0,17.2,20.22,14.89,21.09,32.46,55.01,50.18,1.49,108.0,15.0,2.0,13.0,108.0,6.0,0.0,8.45,10.83,22.59,15.54,18.2,31.75,35.77,53.66,53.24,9.75,49.0,11.0,6.0,0.0,54.0
53.0,0.0,0.0,0.0,0.0,0.0,0.0,0.0,0.0,0.0,0.0,0.0,0.0,0.0,0.0,0.0,0.0,0.0,0.0,0.0,0.0,0.0,0.0,0.0,0.0,0.0,0.0,0.0,0.0,0.0,0.0,0.0,0.0,0.0,0.0,0.0,0.0,0.0,0.0,0.0,0.0,0.0,0.0,0.0,0.0,0.0,0.0,0.0,0.0,0.0,0.0,0.0,0.0,0.0,0.0,0.0,0.0,0.0,0.0,0.0,0.0,0.0,0.0,0.0,0.0,0.0,0.0,0.0,0.0,0.0,0.0,0.0,0.0,0.0,0.0,0.0,0.0,0.0,0.0,0.0,0.0,0.0,0.0,0.0,0.0,0.0,0.0,0.0,0.0,0.0,0.0,0.0,0.0,0.0,0.0,0.0,0.0,0.0,0.0,0.0,0.0,0.0,0.0,0.0,0.0,0.0,0.0,0.0,0.0,0.0,0.0,0.0,0.0,0.0,0.0,0.0,0.0,0.0,0.0,0.0,0.0,0.0,0.0,0.0,0.0,0.0,0.0,0.0,0.0,0.0,0.0,0.0,0.0,0.0,0.0,0.0,0.0,5.0,11.12,7.09,0.0,15.13,21.67,18.06,22.91,35.52,55.83,48.5,3.38,110.0,21.0,16.0,6.0,109.0,6.0,0.0,10.7,13.55,19.91,13.19,15.8,29.6,34.15,53.63,48.12,10.26,48.0,17.0,9.0,0.0,56.0
53.1,0.0,0.0,0.0,0.0,0.0,0.0,0.0,0.0,0.0,0.0,0.0,0.0,0.0,0.0,0.0,0.0,0.0,0.0,0.0,0.0,0.0,0.0,0.0,0.0,0.0,0.0,0.0,0.0,0.0,0.0,0.0,0.0,0.0,0.0,0.0,0.0,0.0,0.0,0.0,0.0,0.0,0.0,0.0,0.0,0.0,0.0,0.0,0.0,0.0,0.0,0.0,0.0,0.0,0.0,0.0,0.0,0.0,0.0,0.0,0.0,0.0,0.0,0.0,0.0,0.0,0.0,0.0,0.0,0.0,0.0,0.0,0.0,0.0,0.0,0.0,0.0,0.0,0.0,0.0,0.0,0.0,0.0,0.0,0.0,0.0,0.0,0.0,0.0,0.0,0.0,0.0,0.0,0.0,0.0,0.0,0.0,0.0,0.0,0.0,0.0,0.0,0.0,0.0,0.0,0.0,0.0,0.0,0.0,0.0,0.0,0.0,0.0,0.0,0.0,0.0,0.0,0.0,0.0,0.0,0.0,0.0,0.0,0.0,0.0,0.0,0.0,0.0,0.0,0.0,0.0,0.0,0.0,0.0,0.0,0.0,0.0,5.0,12.14,8.91,0.0,14.16,21.11,20.29,24.42,33.26,53.01,53.05,6.12,103.0,20.0,19.0,2.0,102.0,6.0,0.0,8.62,10.48,21.7,13.26,12.21,31.2,28.78,50.11,49.08,10.98,55.0,17.0,9.0,0.0,63.0
53.2,0.0,0.0,0.0,0.0,0.0,0.0,0.0,0.0,0.0,0.0,0.0,0.0,0.0,0.0,0.0,0.0,0.0,0.0,0.0,0.0,0.0,0.0,0.0,0.0,0.0,0.0,0.0,0.0,0.0,0.0,0.0,0.0,0.0,0.0,0.0,0.0,0.0,0.0,0.0,0.0,0.0,0.0,0.0,0.0,0.0,0.0,0.0,0.0,0.0,0.0,0.0,0.0,0.0,0.0,0.0,0.0,0.0,0.0,0.0,0.0,0.0,0.0,0.0,0.0,0.0,0.0,0.0,0.0,0.0,0.0,0.0,0.0,0.0,0.0,0.0,0.0,0.0,0.0,0.0,0.0,0.0,0.0,0.0,0.0,0.0,0.0,0.0,0.0,0.0,0.0,0.0,0.0,0.0,0.0,0.0,0.0,0.0,0.0,0.0,0.0,0.0,0.0,0.0,0.0,0.0,0.0,0.0,0.0,0.0,0.0,0.0,0.0,0.0,0.0,0.0,0.0,0.0,0.0,0.0,0.0,0.0,0.0,0.0,0.0,0.0,0.0,0.0,0.0,0.0,0.0,0.0,0.0,0.0,0.0,0.0,0.0,5.0,11.12,10.65,0.0,12.96,16.27,21.63,21.33,31.58,49.85,51.45,12.45,79.0,8.0,6.0,0.0,81.0,6.0,0.0,11.72,7.08,17.95,14.78,17.19,32.2,33.55,50.78,49.23,6.0,69.0,6.0,9.0,0.0,66.0
53.3,0.0,0.0,0.0,0.0,0.0,0.0,0.0,0.0,0.0,0.0,0.0,0.0,0.0,0.0,0.0,0.0,0.0,0.0,0.0,0.0,0.0,0.0,0.0,0.0,0.0,0.0,0.0,0.0,0.0,0.0,0.0,0.0,0.0,0.0,0.0,0.0,0.0,0.0,0.0,0.0,0.0,0.0,0.0,0.0,0.0,0.0,0.0,0.0,0.0,0.0,0.0,0.0,0.0,0.0,0.0,0.0,0.0,0.0,0.0,0.0,0.0,0.0,0.0,0.0,0.0,0.0,0.0,0.0,0.0,0.0,0.0,0.0,0.0,0.0,0.0,0.0,0.0,0.0,0.0,0.0,0.0,0.0,0.0,0.0,0.0,0.0,0.0,0.0,0.0,0.0,0.0,0.0,0.0,0.0,0.0,0.0,0.0,0.0,0.0,0.0,0.0,0.0,0.0,0.0,0.0,0.0,0.0,0.0,0.0,0.0,0.0,0.0,0.0,0.0,0.0,0.0,0.0,0.0,0.0,0.0,0.0,0.0,0.0,0.0,0.0,0.0,0.0,0.0,0.0,0.0,0.0,0.0,0.0,0.0,0.0,0.0,5.0,11.9,5.09,0.0,13.8,18.56,18.61,22.47,34.01,49.1,47.47,19.57,64.0,37.0,29.0,0.0,72.0,6.0,0.0,9.15,12.34,16.82,14.73,14.97,29.83,34.53,54.49,50.31,7.02,127.0,21.0,32.0,0.0,116.0
53.4,0.0,0.0,0.0,0.0,0.0,0.0,0.0,0.0,0.0,0.0,0.0,0.0,0.0,0.0,0.0,0.0,0.0,0.0,0.0,0.0,0.0,0.0,0.0,0.0,0.0,0.0,0.0,0.0,0.0,0.0,0.0,0.0,0.0,0.0,0.0,0.0,0.0,0.0,0.0,0.0,0.0,0.0,0.0,0.0,0.0,0.0,0.0,0.0,0.0,0.0,0.0,0.0,0.0,0.0,0.0,0.0,0.0,0.0,0.0,0.0,0.0,0.0,0.0,0.0,0.0,0.0,0.0,0.0,0.0,0.0,0.0,0.0,0.0,0.0,0.0,0.0,0.0,0.0,0.0,0.0,0.0,0.0,0.0,0.0,0.0,0.0,0.0,0.0,0.0,0.0,0.0,0.0,0.0,0.0,0.0,0.0,0.0,0.0,0.0,0.0,0.0,0.0,0.0,0.0,0.0,0.0,0.0,0.0,0.0,0.0,0.0,0.0,0.0,0.0,0.0,0.0,0.0,0.0,0.0,0.0,0.0,0.0,0.0,0.0,0.0,0.0,0.0,0.0,0.0,0.0,0.0,0.0,0.0,0.0,0.0,0.0,5.0,7.82,7.37,0.0,17.86,14.34,18.83,24.74,29.32,44.98,51.09,12.18,77.0,11.0,12.0,0.0,76.0,6.0,0.0,6.68,14.5,14.95,13.27,15.67,26.99,32.58,52.99,50.75,11.49,36.0,10.0,11.0,0.0,35.0
53.5,0.0,0.0,0.0,0.0,0.0,0.0,0.0,0.0,0.0,0.0,0.0,0.0,0.0,0.0,0.0,0.0,0.0,0.0,0.0,0.0,0.0,0.0,0.0,0.0,0.0,0.0,0.0,0.0,0.0,0.0,0.0,0.0,0.0,0.0,0.0,0.0,0.0,0.0,0.0,0.0,0.0,0.0,0.0,0.0,0.0,0.0,0.0,0.0,0.0,0.0,0.0,0.0,0.0,0.0,0.0,0.0,0.0,0.0,0.0,0.0,0.0,0.0,0.0,0.0,0.0,0.0,0.0,0.0,0.0,0.0,0.0,0.0,0.0,0.0,0.0,0.0,0.0,0.0,0.0,0.0,0.0,0.0,0.0,0.0,0.0,0.0,0.0,0.0,0.0,0.0,0.0,0.0,0.0,0.0,0.0,0.0,0.0,0.0,0.0,0.0,0.0,0.0,0.0,0.0,0.0,0.0,0.0,0.0,0.0,0.0,0.0,0.0,0.0,0.0,0.0,0.0,0.0,0.0,0.0,0.0,0.0,0.0,0.0,0.0,0.0,0.0,0.0,0.0,0.0,0.0,0.0,0.0,0.0,0.0,0.0,0.0,5.0,8.09,4.25,0.0,17.34,16.48,19.57,15.19,32.2,46.52,54.93,24.13,45.0,8.0,6.0,0.0,47.0,6.0,0.0,4.74,13.31,15.65,12.43,13.03,33.8,33.85,53.7,53.03,8.43,100.0,8.0,7.0,0.0,101.0
53.6,0.0,0.0,0.0,0.0,0.0,0.0,0.0,0.0,0.0,0.0,0.0,0.0,0.0,0.0,0.0,0.0,0.0,0.0,0.0,0.0,0.0,0.0,0.0,0.0,0.0,0.0,0.0,0.0,0.0,0.0,0.0,0.0,0.0,0.0,0.0,0.0,0.0,0.0,0.0,0.0,0.0,0.0,0.0,0.0,0.0,0.0,0.0,0.0,0.0,0.0,0.0,0.0,0.0,0.0,0.0,0.0,0.0,0.0,0.0,0.0,0.0,0.0,0.0,0.0,0.0,0.0,0.0,0.0,0.0,0.0,0.0,0.0,0.0,0.0,0.0,0.0,0.0,0.0,0.0,0.0,0.0,0.0,0.0,0.0,0.0,0.0,0.0,0.0,0.0,0.0,0.0,0.0,0.0,0.0,0.0,0.0,0.0,0.0,0.0,0.0,0.0,0.0,0.0,0.0,0.0,0.0,0.0,0.0,0.0,0.0,0.0,0.0,0.0,0.0,0.0,0.0,0.0,0.0,0.0,0.0,0.0,0.0,0.0,0.0,0.0,0.0,0.0,0.0,0.0,0.0,0.0,0.0,0.0,0.0,0.0,0.0,5.0,7.76,0.0,3.86,18.32,13.39,18.45,22.57,34.47,47.84,56.6,18.02,45.0,21.0,10.0,0.0,56.0,6.0,0.0,5.24,17.4,12.13,13.16,18.22,29.1,34.43,53.19,55.31,4.74,135.0,32.0,32.0,0.0,135.0
53.7,0.0,0.0,0.0,0.0,0.0,0.0,0.0,0.0,0.0,0.0,0.0,0.0,0.0,0.0,0.0,0.0,0.0,0.0,0.0,0.0,0.0,0.0,0.0,0.0,0.0,0.0,0.0,0.0,0.0,0.0,0.0,0.0,0.0,0.0,0.0,0.0,0.0,0.0,0.0,0.0,0.0,0.0,0.0,0.0,0.0,0.0,0.0,0.0,0.0,0.0,0.0,0.0,0.0,0.0,0.0,0.0,0.0,0.0,0.0,0.0,0.0,0.0,0.0,0.0,0.0,0.0,0.0,0.0,0.0,0.0,0.0,0.0,0.0,0.0,0.0,0.0,0.0,0.0,0.0,0.0,0.0,0.0,0.0,0.0,0.0,0.0,0.0,0.0,0.0,0.0,0.0,0.0,0.0,0.0,0.0,0.0,0.0,0.0,0.0,0.0,0.0,0.0,0.0,0.0,0.0,0.0,0.0,0.0,0.0,0.0,0.0,0.0,0.0,0.0,0.0,0.0,0.0,0.0,0.0,0.0,0.0,0.0,0.0,0.0,0.0,0.0,0.0,0.0,0.0,0.0,0.0,0.0,0.0,0.0,0.0,0.0,5.0,7.8,5.9,0.0,18.77,13.45,18.39,25.19,34.42,47.6,58.38,13.91,52.0,14.0,6.0,0.0,60.0,6.0,4.78,0.0,16.06,11.01,12.42,16.51,27.03,31.62,51.5,58.49,6.3,93.0,16.0,19.0,0.0,90.0
53.8,0.0,0.0,0.0,0.0,0.0,0.0,0.0,0.0,0.0,0.0,0.0,0.0,0.0,0.0,0.0,0.0,0.0,0.0,0.0,0.0,0.0,0.0,0.0,0.0,0.0,0.0,0.0,0.0,0.0,0.0,0.0,0.0,0.0,0.0,0.0,0.0,0.0,0.0,0.0,0.0,0.0,0.0,0.0,0.0,0.0,0.0,0.0,0.0,0.0,0.0,0.0,0.0,0.0,0.0,0.0,0.0,0.0,0.0,0.0,0.0,0.0,0.0,0.0,0.0,0.0,0.0,0.0,0.0,0.0,0.0,0.0,0.0,0.0,0.0,0.0,0.0,0.0,0.0,0.0,0.0,0.0,0.0,0.0,0.0,0.0,0.0,0.0,0.0,0.0,0.0,0.0,0.0,0.0,0.0,0.0,0.0,0.0,0.0,0.0,0.0,0.0,0.0,0.0,0.0,0.0,0.0,0.0,0.0,0.0,0.0,0.0,0.0,0.0,0.0,0.0,0.0,0.0,0.0,0.0,0.0,0.0,0.0,0.0,0.0,0.0,0.0,0.0,0.0,0.0,0.0,0.0,0.0,0.0,0.0,0.0,0.0,5.0,0.0,5.6,6.95,16.91,12.84,19.19,25.61,34.79,44.88,60.04,20.51,46.0,27.0,9.0,0.0,64.0,6.0,0.0,4.01,11.84,12.35,12.28,16.49,26.17,28.66,52.51,60.47,4.49,114.0,31.0,36.0,0.0,109.0
53.9,0.0,0.0,0.0,0.0,0.0,0.0,0.0,0.0,0.0,0.0,0.0,0.0,0.0,0.0,0.0,0.0,0.0,0.0,0.0,0.0,0.0,0.0,0.0,0.0,0.0,0.0,0.0,0.0,0.0,0.0,0.0,0.0,0.0,0.0,0.0,0.0,0.0,0.0,0.0,0.0,0.0,0.0,0.0,0.0,0.0,0.0,0.0,0.0,0.0,0.0,0.0,0.0,0.0,0.0,0.0,0.0,0.0,0.0,0.0,0.0,0.0,0.0,0.0,0.0,0.0,0.0,0.0,0.0,0.0,0.0,0.0,0.0,0.0,0.0,0.0,0.0,0.0,0.0,0.0,0.0,0.0,0.0,0.0,0.0,0.0,0.0,0.0,0.0,0.0,0.0,0.0,0.0,0.0,0.0,0.0,0.0,0.0,0.0,0.0,0.0,0.0,0.0,0.0,0.0,0.0,0.0,0.0,0.0,0.0,0.0,0.0,0.0,0.0,0.0,0.0,0.0,0.0,0.0,0.0,0.0,0.0,0.0,0.0,0.0,0.0,0.0,0.0,0.0,0.0,0.0,0.0,0.0,0.0,0.0,0.0,0.0,5.0,6.0,4.88,0.0,18.63,13.39,8.68,26.34,37.6,41.13,59.07,20.23,68.0,15.0,9.0,0.0,74.0,6.0,0.0,6.43,7.8,5.9,11.84,16.24,25.93,29.88,49.12,60.03,2.69,112.0,20.0,5.0,14.0,113.0
54.0,0.0,0.0,0.0,0.0,0.0,0.0,0.0,0.0,0.0,0.0,0.0,0.0,0.0,0.0,0.0,0.0,0.0,0.0,0.0,0.0,0.0,0.0,0.0,0.0,0.0,0.0,0.0,0.0,0.0,0.0,0.0,0.0,0.0,0.0,0.0,0.0,0.0,0.0,0.0,0.0,0.0,0.0,0.0,0.0,0.0,0.0,0.0,0.0,0.0,0.0,0.0,0.0,0.0,0.0,0.0,0.0,0.0,0.0,0.0,0.0,0.0,0.0,0.0,0.0,0.0,0.0,0.0,0.0,0.0,0.0,0.0,0.0,0.0,0.0,0.0,0.0,0.0,0.0,0.0,0.0,0.0,0.0,0.0,0.0,0.0,0.0,0.0,0.0,0.0,0.0,0.0,0.0,0.0,0.0,0.0,0.0,0.0,0.0,0.0,0.0,0.0,0.0,0.0,0.0,0.0,0.0,0.0,0.0,0.0,0.0,0.0,0.0,0.0,0.0,0.0,0.0,0.0,0.0,0.0,0.0,0.0,0.0,0.0,0.0,0.0,0.0,0.0,0.0,0.0,0.0,0.0,0.0,0.0,0.0,0.0,0.0,5.0,3.32,0.0,2.41,18.17,14.45,13.92,25.85,38.64,42.29,61.79,21.19,53.0,19.0,9.0,0.0,63.0,6.0,0.0,4.52,8.74,6.17,10.36,16.36,25.21,29.86,51.02,55.68,2.24,121.0,21.0,8.0,9.0,125.0
54.1,0.0,0.0,0.0,0.0,0.0,0.0,0.0,0.0,0.0,0.0,0.0,0.0,0.0,0.0,0.0,0.0,0.0,0.0,0.0,0.0,0.0,0.0,0.0,0.0,0.0,0.0,0.0,0.0,0.0,0.0,0.0,0.0,0.0,0.0,0.0,0.0,0.0,0.0,0.0,0.0,0.0,0.0,0.0,0.0,0.0,0.0,0.0,0.0,0.0,0.0,0.0,0.0,0.0,0.0,0.0,0.0,0.0,0.0,0.0,0.0,0.0,0.0,0.0,0.0,0.0,0.0,0.0,0.0,0.0,0.0,0.0,0.0,0.0,0.0,0.0,0.0,0.0,0.0,0.0,0.0,0.0,0.0,0.0,0.0,0.0,0.0,0.0,0.0,0.0,0.0,0.0,0.0,0.0,0.0,0.0,0.0,0.0,0.0,0.0,0.0,0.0,0.0,0.0,0.0,0.0,0.0,0.0,0.0,0.0,0.0,0.0,0.0,0.0,0.0,0.0,0.0,0.0,0.0,0.0,0.0,0.0,0.0,0.0,0.0,0.0,0.0,0.0,0.0,0.0,0.0,0.0,0.0,0.0,0.0,0.0,0.0,5.0,0.0,4.03,5.25,20.91,14.32,15.14,25.26,36.75,43.01,60.81,17.74,39.0,10.0,6.0,0.0,43.0,6.0,7.05,2.83,13.22,0.0,6.34,19.77,25.0,30.31,48.03,54.76,3.67,122.0,14.0,12.0,3.0,121.0
54.2,0.0,0.0,0.0,0.0,0.0,0.0,0.0,0.0,0.0,0.0,0.0,0.0,0.0,0.0,0.0,0.0,0.0,0.0,0.0,0.0,0.0,0.0,0.0,0.0,0.0,0.0,0.0,0.0,0.0,0.0,0.0,0.0,0.0,0.0,0.0,0.0,0.0,0.0,0.0,0.0,0.0,0.0,0.0,0.0,0.0,0.0,0.0,0.0,0.0,0.0,0.0,0.0,0.0,0.0,0.0,0.0,0.0,0.0,0.0,0.0,0.0,0.0,0.0,0.0,0.0,0.0,0.0,0.0,0.0,0.0,0.0,0.0,0.0,0.0,0.0,0.0,0.0,0.0,0.0,0.0,0.0,0.0,0.0,0.0,0.0,0.0,0.0,0.0,0.0,0.0,0.0,0.0,0.0,0.0,0.0,0.0,0.0,0.0,0.0,0.0,0.0,0.0,0.0,0.0,0.0,0.0,0.0,0.0,0.0,0.0,0.0,0.0,0.0,0.0,0.0,0.0,0.0,0.0,0.0,0.0,0.0,0.0,0.0,0.0,0.0,0.0,0.0,0.0,0.0,0.0,0.0,0.0,0.0,0.0,0.0,0.0,5.0,0.0,3.86,6.64,19.93,16.96,13.83,23.86,38.42,42.54,66.31,19.12,60.0,18.0,9.0,0.0,69.0,6.0,7.14,2.52,12.86,0.0,9.22,18.68,25.55,21.36,51.21,56.57,3.47,123.0,27.0,29.0,5.0,116.0
54.3,0.0,0.0,0.0,0.0,0.0,0.0,0.0,0.0,0.0,0.0,0.0,0.0,0.0,0.0,0.0,0.0,0.0,0.0,0.0,0.0,0.0,0.0,0.0,0.0,0.0,0.0,0.0,0.0,0.0,0.0,0.0,0.0,0.0,0.0,0.0,0.0,0.0,0.0,0.0,0.0,0.0,0.0,0.0,0.0,0.0,0.0,0.0,0.0,0.0,0.0,0.0,0.0,0.0,0.0,0.0,0.0,0.0,0.0,0.0,0.0,0.0,0.0,0.0,0.0,0.0,0.0,0.0,0.0,0.0,0.0,0.0,0.0,0.0,0.0,0.0,0.0,0.0,0.0,0.0,0.0,0.0,0.0,0.0,0.0,0.0,0.0,0.0,0.0,0.0,0.0,0.0,0.0,0.0,0.0,0.0,0.0,0.0,0.0,0.0,0.0,0.0,0.0,0.0,0.0,0.0,0.0,0.0,0.0,0.0,0.0,0.0,0.0,0.0,0.0,0.0,0.0,0.0,0.0,0.0,0.0,0.0,0.0,0.0,0.0,0.0,0.0,0.0,0.0,0.0,0.0,0.0,0.0,0.0,0.0,0.0,0.0,5.0,0.0,4.3,8.76,17.89,11.87,13.18,26.42,37.02,41.27,68.36,20.24,56.0,17.0,9.0,0.0,64.0,6.0,5.23,4.65,10.21,0.0,14.08,17.27,23.97,27.25,50.83,58.88,4.28,117.0,20.0,0.0,15.0,122.0
54.4,0.0,0.0,0.0,0.0,0.0,0.0,0.0,0.0,0.0,0.0,0.0,0.0,0.0,0.0,0.0,0.0,0.0,0.0,0.0,0.0,0.0,0.0,0.0,0.0,0.0,0.0,0.0,0.0,0.0,0.0,0.0,0.0,0.0,0.0,0.0,0.0,0.0,0.0,0.0,0.0,0.0,0.0,0.0,0.0,0.0,0.0,0.0,0.0,0.0,0.0,0.0,0.0,0.0,0.0,0.0,0.0,0.0,0.0,0.0,0.0,0.0,0.0,0.0,0.0,0.0,0.0,0.0,0.0,0.0,0.0,0.0,0.0,0.0,0.0,0.0,0.0,0.0,0.0,0.0,0.0,0.0,0.0,0.0,0.0,0.0,0.0,0.0,0.0,0.0,0.0,0.0,0.0,0.0,0.0,0.0,0.0,0.0,0.0,0.0,0.0,0.0,0.0,0.0,0.0,0.0,0.0,0.0,0.0,0.0,0.0,0.0,0.0,0.0,0.0,0.0,0.0,0.0,0.0,0.0,0.0,0.0,0.0,0.0,0.0,0.0,0.0,0.0,0.0,0.0,0.0,0.0,0.0,0.0,0.0,0.0,0.0,5.0,0.0,3.71,11.12,18.25,14.3,12.74,26.52,34.98,38.96,69.21,18.21,48.0,8.0,6.0,0.0,50.0,6.0,2.67,0.0,14.58,3.09,10.03,21.0,22.99,24.95,49.99,60.63,2.41,104.0,12.0,0.0,9.0,107.0
54.5,0.0,0.0,0.0,0.0,0.0,0.0,0.0,0.0,0.0,0.0,0.0,0.0,0.0,0.0,0.0,0.0,0.0,0.0,0.0,0.0,0.0,0.0,0.0,0.0,0.0,0.0,0.0,0.0,0.0,0.0,0.0,0.0,0.0,0.0,0.0,0.0,0.0,0.0,0.0,0.0,0.0,0.0,0.0,0.0,0.0,0.0,0.0,0.0,0.0,0.0,0.0,0.0,0.0,0.0,0.0,0.0,0.0,0.0,0.0,0.0,0.0,0.0,0.0,0.0,0.0,0.0,0.0,0.0,0.0,0.0,0.0,0.0,0.0,0.0,0.0,0.0,0.0,0.0,0.0,0.0,0.0,0.0,0.0,0.0,0.0,0.0,0.0,0.0,0.0,0.0,0.0,0.0,0.0,0.0,0.0,0.0,0.0,0.0,0.0,0.0,0.0,0.0,0.0,0.0,0.0,0.0,0.0,0.0,0.0,0.0,0.0,0.0,0.0,0.0,0.0,0.0,0.0,0.0,0.0,0.0,0.0,0.0,0.0,0.0,0.0,0.0,0.0,0.0,0.0,0.0,0.0,0.0,0.0,0.0,0.0,0.0,5.0,0.0,4.63,11.21,16.72,14.52,13.57,27.0,37.22,40.92,70.86,16.57,50.0,14.0,9.0,0.0,55.0,6.0,5.36,0.0,9.09,5.82,9.34,15.1,24.71,27.06,47.51,63.27,2.39,110.0,22.0,0.0,9.0,123.0
54.6,0.0,0.0,0.0,0.0,0.0,0.0,0.0,0.0,0.0,0.0,0.0,0.0,0.0,0.0,0.0,0.0,0.0,0.0,0.0,0.0,0.0,0.0,0.0,0.0,0.0,0.0,0.0,0.0,0.0,0.0,0.0,0.0,0.0,0.0,0.0,0.0,0.0,0.0,0.0,0.0,0.0,0.0,0.0,0.0,0.0,0.0,0.0,0.0,0.0,0.0,0.0,0.0,0.0,0.0,0.0,0.0,0.0,0.0,0.0,0.0,0.0,0.0,0.0,0.0,0.0,0.0,0.0,0.0,0.0,0.0,0.0,0.0,0.0,0.0,0.0,0.0,0.0,0.0,0.0,0.0,0.0,0.0,0.0,0.0,0.0,0.0,0.0,0.0,0.0,0.0,0.0,0.0,0.0,0.0,0.0,0.0,0.0,0.0,0.0,0.0,0.0,0.0,0.0,0.0,0.0,0.0,0.0,0.0,0.0,0.0,0.0,0.0,0.0,0.0,0.0,0.0,0.0,0.0,0.0,0.0,0.0,0.0,0.0,0.0,0.0,0.0,0.0,0.0,0.0,0.0,0.0,0.0,0.0,0.0,0.0,0.0,5.0,0.0,5.26,14.63,12.22,18.47,13.79,28.31,40.52,38.75,73.65,19.04,58.0,16.0,9.0,0.0,65.0,6.0,5.81,0.0,10.51,3.61,13.19,22.53,24.63,27.38,50.52,62.05,2.34,110.0,24.0,0.0,0.0,134.0
54.7,0.0,0.0,0.0,0.0,0.0,0.0,0.0,0.0,0.0,0.0,0.0,0.0,0.0,0.0,0.0,0.0,0.0,0.0,0.0,0.0,0.0,0.0,0.0,0.0,0.0,0.0,0.0,0.0,0.0,0.0,0.0,0.0,0.0,0.0,0.0,0.0,0.0,0.0,0.0,0.0,0.0,0.0,0.0,0.0,0.0,0.0,0.0,0.0,0.0,0.0,0.0,0.0,0.0,0.0,0.0,0.0,0.0,0.0,0.0,0.0,0.0,0.0,0.0,0.0,0.0,0.0,0.0,0.0,0.0,0.0,0.0,0.0,0.0,0.0,0.0,0.0,0.0,0.0,0.0,0.0,0.0,0.0,0.0,0.0,0.0,0.0,0.0,0.0,0.0,0.0,0.0,0.0,0.0,0.0,0.0,0.0,0.0,0.0,0.0,0.0,0.0,0.0,0.0,0.0,0.0,0.0,0.0,0.0,0.0,0.0,0.0,0.0,0.0,0.0,0.0,0.0,0.0,0.0,0.0,0.0,0.0,0.0,0.0,0.0,0.0,0.0,0.0,0.0,0.0,0.0,0.0,0.0,0.0,0.0,0.0,0.0,5.0,0.0,4.45,10.96,10.32,13.21,13.66,30.75,37.46,41.88,75.34,12.14,50.0,4.0,6.0,0.0,48.0,6.0,0.0,4.81,7.36,4.7,14.52,26.33,22.0,29.91,45.64,62.86,2.35,106.0,12.0,0.0,0.0,118.0
54.8,0.0,0.0,0.0,0.0,0.0,0.0,0.0,0.0,0.0,0.0,0.0,0.0,0.0,0.0,0.0,0.0,0.0,0.0,0.0,0.0,0.0,0.0,0.0,0.0,0.0,0.0,0.0,0.0,0.0,0.0,0.0,0.0,0.0,0.0,0.0,0.0,0.0,0.0,0.0,0.0,0.0,0.0,0.0,0.0,0.0,0.0,0.0,0.0,0.0,0.0,0.0,0.0,0.0,0.0,0.0,0.0,0.0,0.0,0.0,0.0,0.0,0.0,0.0,0.0,0.0,0.0,0.0,0.0,0.0,0.0,0.0,0.0,0.0,0.0,0.0,0.0,0.0,0.0,0.0,0.0,0.0,0.0,0.0,0.0,0.0,0.0,0.0,0.0,0.0,0.0,0.0,0.0,0.0,0.0,0.0,0.0,0.0,0.0,0.0,0.0,0.0,0.0,0.0,0.0,0.0,0.0,0.0,0.0,0.0,0.0,0.0,0.0,0.0,0.0,0.0,0.0,0.0,0.0,0.0,0.0,0.0,0.0,0.0,0.0,0.0,0.0,0.0,0.0,0.0,0.0,0.0,0.0,0.0,0.0,0.0,0.0,5.0,0.0,4.55,10.14,10.67,12.89,16.2,26.35,37.31,42.2,77.62,17.98,56.0,10.0,12.0,0.0,54.0,6.0,0.0,5.21,7.96,2.64,12.18,25.48,14.31,27.51,42.37,64.76,2.99,107.0,14.0,0.0,1.0,120.0
54.9,0.0,0.0,0.0,0.0,0.0,0.0,0.0,0.0,0.0,0.0,0.0,0.0,0.0,0.0,0.0,0.0,0.0,0.0,0.0,0.0,0.0,0.0,0.0,0.0,0.0,0.0,0.0,0.0,0.0,0.0,0.0,0.0,0.0,0.0,0.0,0.0,0.0,0.0,0.0,0.0,0.0,0.0,0.0,0.0,0.0,0.0,0.0,0.0,0.0,0.0,0.0,0.0,0.0,0.0,0.0,0.0,0.0,0.0,0.0,0.0,0.0,0.0,0.0,0.0,0.0,0.0,0.0,0.0,0.0,0.0,0.0,0.0,0.0,0.0,0.0,0.0,0.0,0.0,0.0,0.0,0.0,0.0,0.0,0.0,0.0,0.0,0.0,0.0,0.0,0.0,0.0,0.0,0.0,0.0,0.0,0.0,0.0,0.0,0.0,0.0,0.0,0.0,0.0,0.0,0.0,0.0,0.0,0.0,0.0,0.0,0.0,0.0,0.0,0.0,0.0,0.0,0.0,0.0,0.0,0.0,0.0,0.0,0.0,0.0,0.0,0.0,0.0,0.0,0.0,0.0,0.0,0.0,0.0,0.0,0.0,0.0,5.0,0.0,5.63,11.59,8.4,14.19,15.8,25.01,34.35,37.49,79.7,22.7,55.0,14.0,6.0,0.0,63.0,6.0,0.0,8.82,6.17,3.27,10.13,23.62,20.5,29.68,43.29,66.14,2.55,98.0,18.0,0.0,0.0,116.0
55.0,0.0,0.0,0.0,0.0,0.0,0.0,0.0,0.0,0.0,0.0,0.0,0.0,0.0,0.0,0.0,0.0,0.0,0.0,0.0,0.0,0.0,0.0,0.0,0.0,0.0,0.0,0.0,0.0,0.0,0.0,0.0,0.0,0.0,0.0,0.0,0.0,0.0,0.0,0.0,0.0,0.0,0.0,0.0,0.0,0.0,0.0,0.0,0.0,0.0,0.0,0.0,0.0,0.0,0.0,0.0,0.0,0.0,0.0,0.0,0.0,0.0,0.0,0.0,0.0,0.0,0.0,0.0,0.0,0.0,0.0,0.0,0.0,0.0,0.0,0.0,0.0,0.0,0.0,0.0,0.0,0.0,0.0,0.0,0.0,0.0,0.0,0.0,0.0,0.0,0.0,0.0,0.0,0.0,0.0,0.0,0.0,0.0,0.0,0.0,0.0,0.0,0.0,0.0,0.0,0.0,0.0,0.0,0.0,0.0,0.0,0.0,0.0,0.0,0.0,0.0,0.0,0.0,0.0,0.0,0.0,0.0,0.0,0.0,0.0,0.0,0.0,0.0,0.0,0.0,0.0,0.0,0.0,0.0,0.0,0.0,0.0,5.0,0.0,2.55,10.39,6.51,11.15,19.85,24.62,34.47,36.88,76.91,13.13,71.0,10.0,6.0,0.0,75.0,6.0,0.67,7.63,6.2,0.0,12.98,25.36,21.47,33.71,40.55,70.02,2.45,101.0,4.0,0.0,0.0,105.0
55.1,0.0,0.0,0.0,0.0,0.0,0.0,0.0,0.0,0.0,0.0,0.0,0.0,0.0,0.0,0.0,0.0,0.0,0.0,0.0,0.0,0.0,0.0,0.0,0.0,0.0,0.0,0.0,0.0,0.0,0.0,0.0,0.0,0.0,0.0,0.0,0.0,0.0,0.0,0.0,0.0,0.0,0.0,0.0,0.0,0.0,0.0,0.0,0.0,0.0,0.0,0.0,0.0,0.0,0.0,0.0,0.0,0.0,0.0,0.0,0.0,0.0,0.0,0.0,0.0,0.0,0.0,0.0,0.0,0.0,0.0,0.0,0.0,0.0,0.0,0.0,0.0,0.0,0.0,0.0,0.0,0.0,0.0,0.0,0.0,0.0,0.0,0.0,0.0,0.0,0.0,0.0,0.0,0.0,0.0,0.0,0.0,0.0,0.0,0.0,0.0,0.0,0.0,0.0,0.0,0.0,0.0,0.0,0.0,0.0,0.0,0.0,0.0,0.0,0.0,0.0,0.0,0.0,0.0,0.0,0.0,0.0,0.0,0.0,0.0,0.0,0.0,0.0,0.0,0.0,0.0,0.0,0.0,0.0,0.0,0.0,0.0,5.0,0.0,2.51,8.75,5.46,16.82,13.76,26.59,34.93,39.92,81.42,0.98,70.0,24.0,2.0,0.0,92.0,6.0,0.0,5.46,5.89,8.04,14.33,28.6,21.41,35.28,38.5,67.46,2.34,104.0,2.0,0.0,0.0,106.0
55.2,0.0,0.0,0.0,0.0,0.0,0.0,0.0,0.0,0.0,0.0,0.0,0.0,0.0,0.0,0.0,0.0,0.0,0.0,0.0,0.0,0.0,0.0,0.0,0.0,0.0,0.0,0.0,0.0,0.0,0.0,0.0,0.0,0.0,0.0,0.0,0.0,0.0,0.0,0.0,0.0,0.0,0.0,0.0,0.0,0.0,0.0,0.0,0.0,0.0,0.0,0.0,0.0,0.0,0.0,0.0,0.0,0.0,0.0,0.0,0.0,0.0,0.0,0.0,0.0,0.0,0.0,0.0,0.0,0.0,0.0,0.0,0.0,0.0,0.0,0.0,0.0,0.0,0.0,0.0,0.0,0.0,0.0,0.0,0.0,0.0,0.0,0.0,0.0,0.0,0.0,0.0,0.0,0.0,0.0,0.0,0.0,0.0,0.0,0.0,0.0,0.0,0.0,0.0,0.0,0.0,0.0,0.0,0.0,0.0,0.0,0.0,0.0,0.0,0.0,0.0,0.0,0.0,0.0,0.0,0.0,0.0,0.0,0.0,0.0,0.0,0.0,0.0,0.0,0.0,0.0,0.0,0.0,0.0,0.0,0.0,0.0,5.0,0.0,3.36,8.73,7.74,16.88,18.55,23.83,32.33,37.86,88.85,11.73,74.0,24.0,4.0,0.0,94.0,6.0,0.0,2.87,8.27,9.37,13.28,27.63,22.43,31.69,39.96,72.61,2.62,93.0,8.0,0.0,0.0,101.0
55.3,0.0,0.0,0.0,0.0,0.0,0.0,0.0,0.0,0.0,0.0,0.0,0.0,0.0,0.0,0.0,0.0,0.0,0.0,0.0,0.0,0.0,0.0,0.0,0.0,0.0,0.0,0.0,0.0,0.0,0.0,0.0,0.0,0.0,0.0,0.0,0.0,0.0,0.0,0.0,0.0,0.0,0.0,0.0,0.0,0.0,0.0,0.0,0.0,0.0,0.0,0.0,0.0,0.0,0.0,0.0,0.0,0.0,0.0,0.0,0.0,0.0,0.0,0.0,0.0,0.0,0.0,0.0,0.0,0.0,0.0,0.0,0.0,0.0,0.0,0.0,0.0,0.0,0.0,0.0,0.0,0.0,0.0,0.0,0.0,0.0,0.0,0.0,0.0,0.0,0.0,0.0,0.0,0.0,0.0,0.0,0.0,0.0,0.0,0.0,0.0,0.0,0.0,0.0,0.0,0.0,0.0,0.0,0.0,0.0,0.0,0.0,0.0,0.0,0.0,0.0,0.0,0.0,0.0,0.0,0.0,0.0,0.0,0.0,0.0,0.0,0.0,0.0,0.0,0.0,0.0,0.0,0.0,0.0,0.0,0.0,0.0,5.0,1.06,0.0,6.55,5.39,16.98,22.65,20.02,30.61,38.75,93.93,5.9,106.0,34.0,3.0,0.0,137.0,6.0,0.0,1.93,3.51,9.21,7.71,27.6,23.24,36.78,40.31,76.15,2.42,106.0,0.0,0.0,0.0,106.0
55.4,0.0,0.0,0.0,0.0,0.0,0.0,0.0,0.0,0.0,0.0,0.0,0.0,0.0,0.0,0.0,0.0,0.0,0.0,0.0,0.0,0.0,0.0,0.0,0.0,0.0,0.0,0.0,0.0,0.0,0.0,0.0,0.0,0.0,0.0,0.0,0.0,0.0,0.0,0.0,0.0,0.0,0.0,0.0,0.0,0.0,0.0,0.0,0.0,0.0,0.0,0.0,0.0,0.0,0.0,0.0,0.0,0.0,0.0,0.0,0.0,0.0,0.0,0.0,0.0,0.0,0.0,0.0,0.0,0.0,0.0,0.0,0.0,0.0,0.0,0.0,0.0,0.0,0.0,0.0,0.0,0.0,0.0,0.0,0.0,0.0,0.0,0.0,0.0,0.0,0.0,0.0,0.0,0.0,0.0,0.0,0.0,0.0,0.0,0.0,0.0,0.0,0.0,0.0,0.0,0.0,0.0,0.0,0.0,0.0,0.0,0.0,0.0,0.0,0.0,0.0,0.0,0.0,0.0,0.0,0.0,0.0,0.0,0.0,0.0,0.0,0.0,0.0,0.0,0.0,0.0,0.0,0.0,0.0,0.0,0.0,0.0,5.0,4.31,0.0,7.93,7.21,20.17,23.57,21.54,33.48,41.15,89.34,3.25,88.0,38.0,0.0,0.0,126.0,6.0,1.02,0.0,4.65,13.24,12.39,25.01,22.64,37.13,39.67,76.86,2.48,97.0,0.0,0.0,0.0,97.0
55.5,0.0,0.0,0.0,0.0,0.0,0.0,0.0,0.0,0.0,0.0,0.0,0.0,0.0,0.0,0.0,0.0,0.0,0.0,0.0,0.0,0.0,0.0,0.0,0.0,0.0,0.0,0.0,0.0,0.0,0.0,0.0,0.0,0.0,0.0,0.0,0.0,0.0,0.0,0.0,0.0,0.0,0.0,0.0,0.0,0.0,0.0,0.0,0.0,0.0,0.0,0.0,0.0,0.0,0.0,0.0,0.0,0.0,0.0,0.0,0.0,0.0,0.0,0.0,0.0,0.0,0.0,0.0,0.0,0.0,0.0,0.0,0.0,0.0,0.0,0.0,0.0,0.0,0.0,0.0,0.0,0.0,0.0,0.0,0.0,0.0,0.0,0.0,0.0,0.0,0.0,0.0,0.0,0.0,0.0,0.0,0.0,0.0,0.0,0.0,0.0,0.0,0.0,0.0,0.0,0.0,0.0,0.0,0.0,0.0,0.0,0.0,0.0,0.0,0.0,0.0,0.0,0.0,0.0,0.0,0.0,0.0,0.0,0.0,0.0,0.0,0.0,0.0,0.0,0.0,0.0,0.0,0.0,0.0,0.0,0.0,0.0,5.0,3.88,0.0,7.81,4.92,19.73,24.59,19.57,34.48,40.88,89.95,7.87,70.0,22.0,3.0,0.0,89.0,6.0,3.92,1.7,0.0,11.54,9.77,20.81,22.88,32.44,39.44,79.45,2.34,107.0,0.0,0.0,0.0,107.0
55.6,0.0,0.0,0.0,0.0,0.0,0.0,0.0,0.0,0.0,0.0,0.0,0.0,0.0,0.0,0.0,0.0,0.0,0.0,0.0,0.0,0.0,0.0,0.0,0.0,0.0,0.0,0.0,0.0,0.0,0.0,0.0,0.0,0.0,0.0,0.0,0.0,0.0,0.0,0.0,0.0,0.0,0.0,0.0,0.0,0.0,0.0,0.0,0.0,0.0,0.0,0.0,0.0,0.0,0.0,0.0,0.0,0.0,0.0,0.0,0.0,0.0,0.0,0.0,0.0,0.0,0.0,0.0,0.0,0.0,0.0,0.0,0.0,0.0,0.0,0.0,0.0,0.0,0.0,0.0,0.0,0.0,0.0,0.0,0.0,0.0,0.0,0.0,0.0,0.0,0.0,0.0,0.0,0.0,0.0,0.0,0.0,0.0,0.0,0.0,0.0,0.0,0.0,0.0,0.0,0.0,0.0,0.0,0.0,0.0,0.0,0.0,0.0,0.0,0.0,0.0,0.0,0.0,0.0,0.0,0.0,0.0,0.0,0.0,0.0,0.0,0.0,0.0,0.0,0.0,0.0,0.0,0.0,0.0,0.0,0.0,0.0,5.0,0.0,6.0,10.21,7.25,21.22,21.23,20.18,33.37,39.47,83.72,8.98,79.0,26.0,6.0,0.0,99.0,6.0,0.0,0.81,3.31,8.99,12.31,27.95,22.17,32.0,38.44,81.84,2.28,112.0,0.0,0.0,0.0,112.0
55.7,0.0,0.0,0.0,0.0,0.0,0.0,0.0,0.0,0.0,0.0,0.0,0.0,0.0,0.0,0.0,0.0,0.0,0.0,0.0,0.0,0.0,0.0,0.0,0.0,0.0,0.0,0.0,0.0,0.0,0.0,0.0,0.0,0.0,0.0,0.0,0.0,0.0,0.0,0.0,0.0,0.0,0.0,0.0,0.0,0.0,0.0,0.0,0.0,0.0,0.0,0.0,0.0,0.0,0.0,0.0,0.0,0.0,0.0,0.0,0.0,0.0,0.0,0.0,0.0,0.0,0.0,0.0,0.0,0.0,0.0,0.0,0.0,0.0,0.0,0.0,0.0,0.0,0.0,0.0,0.0,0.0,0.0,0.0,0.0,0.0,0.0,0.0,0.0,0.0,0.0,0.0,0.0,0.0,0.0,0.0,0.0,0.0,0.0,0.0,0.0,0.0,0.0,0.0,0.0,0.0,0.0,0.0,0.0,0.0,0.0,0.0,0.0,0.0,0.0,0.0,0.0,0.0,0.0,0.0,0.0,0.0,0.0,0.0,0.0,0.0,0.0,0.0,0.0,0.0,0.0,0.0,0.0,0.0,0.0,0.0,0.0,5.0,2.24,1.64,6.13,0.0,20.57,20.72,21.73,33.23,37.32,84.21,11.3,77.0,24.0,3.0,0.0,98.0,6.0,0.0,1.62,-0.4,8.27,12.18,23.36,23.8,34.44,38.06,81.31,2.53,95.0,0.0,0.0,0.0,95.0
55.8,0.0,0.0,0.0,0.0,0.0,0.0,0.0,0.0,0.0,0.0,0.0,0.0,0.0,0.0,0.0,0.0,0.0,0.0,0.0,0.0,0.0,0.0,0.0,0.0,0.0,0.0,0.0,0.0,0.0,0.0,0.0,0.0,0.0,0.0,0.0,0.0,0.0,0.0,0.0,0.0,0.0,0.0,0.0,0.0,0.0,0.0,0.0,0.0,0.0,0.0,0.0,0.0,0.0,0.0,0.0,0.0,0.0,0.0,0.0,0.0,0.0,0.0,0.0,0.0,0.0,0.0,0.0,0.0,0.0,0.0,0.0,0.0,0.0,0.0,0.0,0.0,0.0,0.0,0.0,0.0,0.0,0.0,0.0,0.0,0.0,0.0,0.0,0.0,0.0,0.0,0.0,0.0,0.0,0.0,0.0,0.0,0.0,0.0,0.0,0.0,0.0,0.0,0.0,0.0,0.0,0.0,0.0,0.0,0.0,0.0,0.0,0.0,0.0,0.0,0.0,0.0,0.0,0.0,0.0,0.0,0.0,0.0,0.0,0.0,0.0,0.0,0.0,0.0,0.0,0.0,0.0,0.0,0.0,0.0,0.0,0.0,5.0,3.9,2.9,0.0,3.6,20.14,17.37,20.82,31.35,35.87,81.94,6.88,83.0,20.0,3.0,0.0,100.0,6.0,0.0,1.18,-1.0,8.12,14.1,25.13,19.97,29.72,41.19,81.64,2.37,104.0,0.0,0.0,0.0,104.0
55.9,0.0,0.0,0.0,0.0,0.0,0.0,0.0,0.0,0.0,0.0,0.0,0.0,0.0,0.0,0.0,0.0,0.0,0.0,0.0,0.0,0.0,0.0,0.0,0.0,0.0,0.0,0.0,0.0,0.0,0.0,0.0,0.0,0.0,0.0,0.0,0.0,0.0,0.0,0.0,0.0,0.0,0.0,0.0,0.0,0.0,0.0,0.0,0.0,0.0,0.0,0.0,0.0,0.0,0.0,0.0,0.0,0.0,0.0,0.0,0.0,0.0,0.0,0.0,0.0,0.0,0.0,0.0,0.0,0.0,0.0,0.0,0.0,0.0,0.0,0.0,0.0,0.0,0.0,0.0,0.0,0.0,0.0,0.0,0.0,0.0,0.0,0.0,0.0,0.0,0.0,0.0,0.0,0.0,0.0,0.0,0.0,0.0,0.0,0.0,0.0,0.0,0.0,0.0,0.0,0.0,0.0,0.0,0.0,0.0,0.0,0.0,0.0,0.0,0.0,0.0,0.0,0.0,0.0,0.0,0.0,0.0,0.0,0.0,0.0,0.0,0.0,0.0,0.0,0.0,0.0,0.0,0.0,0.0,0.0,0.0,0.0,5.0,2.54,0.0,5.99,0.15,21.27,13.76,25.04,34.6,37.78,77.74,2.76,116.0,32.0,0.0,0.0,148.0,6.0,0.0,2.77,1.63,8.43,15.68,24.47,17.36,27.88,38.13,82.54,2.49,98.0,0.0,0.0,0.0,98.0
56.0,0.0,0.0,0.0,0.0,0.0,0.0,0.0,0.0,0.0,0.0,0.0,0.0,0.0,0.0,0.0,0.0,0.0,0.0,0.0,0.0,0.0,0.0,0.0,0.0,0.0,0.0,0.0,0.0,0.0,0.0,0.0,0.0,0.0,0.0,0.0,0.0,0.0,0.0,0.0,0.0,0.0,0.0,0.0,0.0,0.0,0.0,0.0,0.0,0.0,0.0,0.0,0.0,0.0,0.0,0.0,0.0,0.0,0.0,0.0,0.0,0.0,0.0,0.0,0.0,0.0,0.0,0.0,0.0,0.0,0.0,0.0,0.0,0.0,0.0,0.0,0.0,0.0,0.0,0.0,0.0,0.0,0.0,0.0,0.0,0.0,0.0,0.0,0.0,0.0,0.0,0.0,0.0,0.0,0.0,0.0,0.0,0.0,0.0,0.0,0.0,0.0,0.0,0.0,0.0,0.0,0.0,0.0,0.0,0.0,0.0,0.0,0.0,0.0,0.0,0.0,0.0,0.0,0.0,0.0,0.0,0.0,0.0,0.0,0.0,0.0,0.0,0.0,0.0,0.0,0.0,0.0,0.0,0.0,0.0,0.0,0.0,5.0,5.0,0.0,4.08,-1.0,18.52,11.73,24.65,35.74,40.49,78.72,7.78,89.0,28.0,3.0,0.0,114.0,6.0,1.66,3.22,0.0,8.11,16.87,21.09,11.33,32.01,37.4,80.01,2.41,102.0,0.0,0.0,0.0,102.0
56.1,0.0,0.0,0.0,0.0,0.0,0.0,0.0,0.0,0.0,0.0,0.0,0.0,0.0,0.0,0.0,0.0,0.0,0.0,0.0,0.0,0.0,0.0,0.0,0.0,0.0,0.0,0.0,0.0,0.0,0.0,0.0,0.0,0.0,0.0,0.0,0.0,0.0,0.0,0.0,0.0,0.0,0.0,0.0,0.0,0.0,0.0,0.0,0.0,0.0,0.0,0.0,0.0,0.0,0.0,0.0,0.0,0.0,0.0,0.0,0.0,0.0,0.0,0.0,0.0,0.0,0.0,0.0,0.0,0.0,0.0,0.0,0.0,0.0,0.0,0.0,0.0,0.0,0.0,0.0,0.0,0.0,0.0,0.0,0.0,0.0,0.0,0.0,0.0,0.0,0.0,0.0,0.0,0.0,0.0,0.0,0.0,0.0,0.0,0.0,0.0,0.0,0.0,0.0,0.0,0.0,0.0,0.0,0.0,0.0,0.0,0.0,0.0,0.0,0.0,0.0,0.0,0.0,0.0,0.0,0.0,0.0,0.0,0.0,0.0,0.0,0.0,0.0,0.0,0.0,0.0,0.0,0.0,0.0,0.0,0.0,0.0,5.0,4.61,0.0,7.72,5.09,19.19,15.38,25.7,33.42,38.25,77.27,2.04,103.0,38.0,0.0,0.0,141.0,6.0,1.34,2.25,0.0,7.19,19.38,21.47,16.7,32.68,38.56,74.79,2.64,93.0,0.0,0.0,0.0,93.0
56.2,0.0,0.0,0.0,0.0,0.0,0.0,0.0,0.0,0.0,0.0,0.0,0.0,0.0,0.0,0.0,0.0,0.0,0.0,0.0,0.0,0.0,0.0,0.0,0.0,0.0,0.0,0.0,0.0,0.0,0.0,0.0,0.0,0.0,0.0,0.0,0.0,0.0,0.0,0.0,0.0,0.0,0.0,0.0,0.0,0.0,0.0,0.0,0.0,0.0,0.0,0.0,0.0,0.0,0.0,0.0,0.0,0.0,0.0,0.0,0.0,0.0,0.0,0.0,0.0,0.0,0.0,0.0,0.0,0.0,0.0,0.0,0.0,0.0,0.0,0.0,0.0,0.0,0.0,0.0,0.0,0.0,0.0,0.0,0.0,0.0,0.0,0.0,0.0,0.0,0.0,0.0,0.0,0.0,0.0,0.0,0.0,0.0,0.0,0.0,0.0,0.0,0.0,0.0,0.0,0.0,0.0,0.0,0.0,0.0,0.0,0.0,0.0,0.0,0.0,0.0,0.0,0.0,0.0,0.0,0.0,0.0,0.0,0.0,0.0,0.0,0.0,0.0,0.0,0.0,0.0,0.0,0.0,0.0,0.0,0.0,0.0,5.0,4.51,0.0,5.45,3.48,21.05,15.2,25.29,36.38,35.21,77.92,7.26,86.0,20.0,3.0,0.0,103.0,6.0,0.23,6.13,0.0,7.55,16.27,23.32,13.8,36.95,33.81,76.1,2.47,101.0,0.0,0.0,0.0,101.0
56.3,0.0,0.0,0.0,0.0,0.0,0.0,0.0,0.0,0.0,0.0,0.0,0.0,0.0,0.0,0.0,0.0,0.0,0.0,0.0,0.0,0.0,0.0,0.0,0.0,0.0,0.0,0.0,0.0,0.0,0.0,0.0,0.0,0.0,0.0,0.0,0.0,0.0,0.0,0.0,0.0,0.0,0.0,0.0,0.0,0.0,0.0,0.0,0.0,0.0,0.0,0.0,0.0,0.0,0.0,0.0,0.0,0.0,0.0,0.0,0.0,0.0,0.0,0.0,0.0,0.0,0.0,0.0,0.0,0.0,0.0,0.0,0.0,0.0,0.0,0.0,0.0,0.0,0.0,0.0,0.0,0.0,0.0,0.0,0.0,0.0,0.0,0.0,0.0,0.0,0.0,0.0,0.0,0.0,0.0,0.0,0.0,0.0,0.0,0.0,0.0,0.0,0.0,0.0,0.0,0.0,0.0,0.0,0.0,0.0,0.0,0.0,0.0,0.0,0.0,0.0,0.0,0.0,0.0,0.0,0.0,0.0,0.0,0.0,0.0,0.0,0.0,0.0,0.0,0.0,0.0,0.0,0.0,0.0,0.0,0.0,0.0,5.0,3.86,0.0,8.16,4.78,20.88,16.48,19.34,33.43,36.47,76.6,12.63,73.0,22.0,6.0,0.0,89.0,6.0,0.0,7.03,2.62,3.08,15.05,21.93,13.97,34.1,33.25,70.29,2.33,109.0,0.0,0.0,0.0,109.0
56.4,0.0,0.0,0.0,0.0,0.0,0.0,0.0,0.0,0.0,0.0,0.0,0.0,0.0,0.0,0.0,0.0,0.0,0.0,0.0,0.0,0.0,0.0,0.0,0.0,0.0,0.0,0.0,0.0,0.0,0.0,0.0,0.0,0.0,0.0,0.0,0.0,0.0,0.0,0.0,0.0,0.0,0.0,0.0,0.0,0.0,0.0,0.0,0.0,0.0,0.0,0.0,0.0,0.0,0.0,0.0,0.0,0.0,0.0,0.0,0.0,0.0,0.0,0.0,0.0,0.0,0.0,0.0,0.0,0.0,0.0,0.0,0.0,0.0,0.0,0.0,0.0,0.0,0.0,0.0,0.0,0.0,0.0,0.0,0.0,0.0,0.0,0.0,0.0,0.0,0.0,0.0,0.0,0.0,0.0,0.0,0.0,0.0,0.0,0.0,0.0,0.0,0.0,0.0,0.0,0.0,0.0,0.0,0.0,0.0,0.0,0.0,0.0,0.0,0.0,0.0,0.0,0.0,0.0,0.0,0.0,0.0,0.0,0.0,0.0,0.0,0.0,0.0,0.0,0.0,0.0,0.0,0.0,0.0,0.0,0.0,0.0,5.0,5.07,0.0,9.48,4.76,19.28,15.21,17.19,36.81,35.34,75.07,7.16,89.0,24.0,3.0,0.0,110.0,6.0,0.0,7.86,4.64,9.23,16.59,23.89,17.15,29.23,31.04,70.84,2.35,103.0,0.0,0.0,0.0,103.0
56.5,0.0,0.0,0.0,0.0,0.0,0.0,0.0,0.0,0.0,0.0,0.0,0.0,0.0,0.0,0.0,0.0,0.0,0.0,0.0,0.0,0.0,0.0,0.0,0.0,0.0,0.0,0.0,0.0,0.0,0.0,0.0,0.0,0.0,0.0,0.0,0.0,0.0,0.0,0.0,0.0,0.0,0.0,0.0,0.0,0.0,0.0,0.0,0.0,0.0,0.0,0.0,0.0,0.0,0.0,0.0,0.0,0.0,0.0,0.0,0.0,0.0,0.0,0.0,0.0,0.0,0.0,0.0,0.0,0.0,0.0,0.0,0.0,0.0,0.0,0.0,0.0,0.0,0.0,0.0,0.0,0.0,0.0,0.0,0.0,0.0,0.0,0.0,0.0,0.0,0.0,0.0,0.0,0.0,0.0,0.0,0.0,0.0,0.0,0.0,0.0,0.0,0.0,0.0,0.0,0.0,0.0,0.0,0.0,0.0,0.0,0.0,0.0,0.0,0.0,0.0,0.0,0.0,0.0,0.0,0.0,0.0,0.0,0.0,0.0,0.0,0.0,0.0,0.0,0.0,0.0,0.0,0.0,0.0,0.0,0.0,0.0,5.0,3.71,0.0,10.16,3.44,22.35,16.33,22.26,32.73,33.99,73.96,2.16,76.0,20.0,3.0,0.0,93.0,6.0,0.0,2.33,-0.37,10.4,19.32,21.99,14.02,31.47,33.78,73.12,2.31,114.0,0.0,0.0,0.0,114.0
56.6,0.0,0.0,0.0,0.0,0.0,0.0,0.0,0.0,0.0,0.0,0.0,0.0,0.0,0.0,0.0,0.0,0.0,0.0,0.0,0.0,0.0,0.0,0.0,0.0,0.0,0.0,0.0,0.0,0.0,0.0,0.0,0.0,0.0,0.0,0.0,0.0,0.0,0.0,0.0,0.0,0.0,0.0,0.0,0.0,0.0,0.0,0.0,0.0,0.0,0.0,0.0,0.0,0.0,0.0,0.0,0.0,0.0,0.0,0.0,0.0,0.0,0.0,0.0,0.0,0.0,0.0,0.0,0.0,0.0,0.0,0.0,0.0,0.0,0.0,0.0,0.0,0.0,0.0,0.0,0.0,0.0,0.0,0.0,0.0,0.0,0.0,0.0,0.0,0.0,0.0,0.0,0.0,0.0,0.0,0.0,0.0,0.0,0.0,0.0,0.0,0.0,0.0,0.0,0.0,0.0,0.0,0.0,0.0,0.0,0.0,0.0,0.0,0.0,0.0,0.0,0.0,0.0,0.0,0.0,0.0,0.0,0.0,0.0,0.0,0.0,0.0,0.0,0.0,0.0,0.0,0.0,0.0,0.0,0.0,0.0,0.0,5.0,5.31,4.44,0.0,9.11,21.76,18.03,21.18,30.31,35.49,73.8,4.62,106.0,30.0,0.0,0.0,136.0,6.0,0.0,0.96,-2.28,8.75,18.92,23.54,14.2,30.4,31.25,71.55,2.4,103.0,0.0,0.0,0.0,103.0
56.7,0.0,0.0,0.0,0.0,0.0,0.0,0.0,0.0,0.0,0.0,0.0,0.0,0.0,0.0,0.0,0.0,0.0,0.0,0.0,0.0,0.0,0.0,0.0,0.0,0.0,0.0,0.0,0.0,0.0,0.0,0.0,0.0,0.0,0.0,0.0,0.0,0.0,0.0,0.0,0.0,0.0,0.0,0.0,0.0,0.0,0.0,0.0,0.0,0.0,0.0,0.0,0.0,0.0,0.0,0.0,0.0,0.0,0.0,0.0,0.0,0.0,0.0,0.0,0.0,0.0,0.0,0.0,0.0,0.0,0.0,0.0,0.0,0.0,0.0,0.0,0.0,0.0,0.0,0.0,0.0,0.0,0.0,0.0,0.0,0.0,0.0,0.0,0.0,0.0,0.0,0.0,0.0,0.0,0.0,0.0,0.0,0.0,0.0,0.0,0.0,0.0,0.0,0.0,0.0,0.0,0.0,0.0,0.0,0.0,0.0,0.0,0.0,0.0,0.0,0.0,0.0,0.0,0.0,0.0,0.0,0.0,0.0,0.0,0.0,0.0,0.0,0.0,0.0,0.0,0.0,0.0,0.0,0.0,0.0,0.0,0.0,5.0,1.83,6.69,0.0,6.32,19.27,20.65,18.3,26.0,35.17,73.02,7.82,82.0,34.0,3.0,0.0,113.0,6.0,0.0,4.5,0.43,9.93,16.59,20.7,10.71,30.47,32.96,66.99,2.38,108.0,0.0,0.0,0.0,108.0
56.8,0.0,0.0,0.0,0.0,0.0,0.0,0.0,0.0,0.0,0.0,0.0,0.0,0.0,0.0,0.0,0.0,0.0,0.0,0.0,0.0,0.0,0.0,0.0,0.0,0.0,0.0,0.0,0.0,0.0,0.0,0.0,0.0,0.0,0.0,0.0,0.0,0.0,0.0,0.0,0.0,0.0,0.0,0.0,0.0,0.0,0.0,0.0,0.0,0.0,0.0,0.0,0.0,0.0,0.0,0.0,0.0,0.0,0.0,0.0,0.0,0.0,0.0,0.0,0.0,0.0,0.0,0.0,0.0,0.0,0.0,0.0,0.0,0.0,0.0,0.0,0.0,0.0,0.0,0.0,0.0,0.0,0.0,0.0,0.0,0.0,0.0,0.0,0.0,0.0,0.0,0.0,0.0,0.0,0.0,0.0,0.0,0.0,0.0,0.0,0.0,0.0,0.0,0.0,0.0,0.0,0.0,0.0,0.0,0.0,0.0,0.0,0.0,0.0,0.0,0.0,0.0,0.0,0.0,0.0,0.0,0.0,0.0,0.0,0.0,0.0,0.0,0.0,0.0,0.0,0.0,0.0,0.0,0.0,0.0,0.0,0.0,5.0,0.0,6.36,5.71,7.5,17.06,19.83,20.0,26.43,37.31,73.22,2.08,105.0,48.0,0.0,0.0,153.0,6.0,0.0,4.84,1.15,11.09,15.75,20.85,11.34,30.2,33.01,65.44,2.34,107.0,0.0,0.0,0.0,107.0
56.9,0.0,0.0,0.0,0.0,0.0,0.0,0.0,0.0,0.0,0.0,0.0,0.0,0.0,0.0,0.0,0.0,0.0,0.0,0.0,0.0,0.0,0.0,0.0,0.0,0.0,0.0,0.0,0.0,0.0,0.0,0.0,0.0,0.0,0.0,0.0,0.0,0.0,0.0,0.0,0.0,0.0,0.0,0.0,0.0,0.0,0.0,0.0,0.0,0.0,0.0,0.0,0.0,0.0,0.0,0.0,0.0,0.0,0.0,0.0,0.0,0.0,0.0,0.0,0.0,0.0,0.0,0.0,0.0,0.0,0.0,0.0,0.0,0.0,0.0,0.0,0.0,0.0,0.0,0.0,0.0,0.0,0.0,0.0,0.0,0.0,0.0,0.0,0.0,0.0,0.0,0.0,0.0,0.0,0.0,0.0,0.0,0.0,0.0,0.0,0.0,0.0,0.0,0.0,0.0,0.0,0.0,0.0,0.0,0.0,0.0,0.0,0.0,0.0,0.0,0.0,0.0,0.0,0.0,0.0,0.0,0.0,0.0,0.0,0.0,0.0,0.0,0.0,0.0,0.0,0.0,0.0,0.0,0.0,0.0,0.0,0.0,5.0,0.0,5.27,3.44,7.39,19.83,16.72,17.27,26.85,36.43,71.09,6.64,104.0,24.0,3.0,0.0,125.0,6.0,7.33,4.87,0.0,13.0,13.1,21.22,15.32,33.29,31.79,64.26,2.37,106.0,0.0,0.0,0.0,106.0
57.0,0.0,0.0,0.0,0.0,0.0,0.0,0.0,0.0,0.0,0.0,0.0,0.0,0.0,0.0,0.0,0.0,0.0,0.0,0.0,0.0,0.0,0.0,0.0,0.0,0.0,0.0,0.0,0.0,0.0,0.0,0.0,0.0,0.0,0.0,0.0,0.0,0.0,0.0,0.0,0.0,0.0,0.0,0.0,0.0,0.0,0.0,0.0,0.0,0.0,0.0,0.0,0.0,0.0,0.0,0.0,0.0,0.0,0.0,0.0,0.0,0.0,0.0,0.0,0.0,0.0,0.0,0.0,0.0,0.0,0.0,0.0,0.0,0.0,0.0,0.0,0.0,0.0,0.0,0.0,0.0,0.0,0.0,0.0,0.0,0.0,0.0,0.0,0.0,0.0,0.0,0.0,0.0,0.0,0.0,0.0,0.0,0.0,0.0,0.0,0.0,0.0,0.0,0.0,0.0,0.0,0.0,0.0,0.0,0.0,0.0,0.0,0.0,0.0,0.0,0.0,0.0,0.0,0.0,0.0,0.0,0.0,0.0,0.0,0.0,0.0,0.0,0.0,0.0,0.0,0.0,0.0,0.0,0.0,0.0,0.0,0.0,5.0,6.11,0.0,5.66,6.96,19.51,19.68,20.6,27.52,33.61,67.0,1.05,97.0,42.0,0.0,0.0,139.0,6.0,7.46,4.43,0.0,14.78,14.01,21.62,14.15,33.51,27.74,62.94,2.43,106.0,0.0,0.0,0.0,106.0
57.1,0.0,0.0,0.0,0.0,0.0,0.0,0.0,0.0,0.0,0.0,0.0,0.0,0.0,0.0,0.0,0.0,0.0,0.0,0.0,0.0,0.0,0.0,0.0,0.0,0.0,0.0,0.0,0.0,0.0,0.0,0.0,0.0,0.0,0.0,0.0,0.0,0.0,0.0,0.0,0.0,0.0,0.0,0.0,0.0,0.0,0.0,0.0,0.0,0.0,0.0,0.0,0.0,0.0,0.0,0.0,0.0,0.0,0.0,0.0,0.0,0.0,0.0,0.0,0.0,0.0,0.0,0.0,0.0,0.0,0.0,0.0,0.0,0.0,0.0,0.0,0.0,0.0,0.0,0.0,0.0,0.0,0.0,0.0,0.0,0.0,0.0,0.0,0.0,0.0,0.0,0.0,0.0,0.0,0.0,0.0,0.0,0.0,0.0,0.0,0.0,0.0,0.0,0.0,0.0,0.0,0.0,0.0,0.0,0.0,0.0,0.0,0.0,0.0,0.0,0.0,0.0,0.0,0.0,0.0,0.0,0.0,0.0,0.0,0.0,0.0,0.0,0.0,0.0,0.0,0.0,0.0,0.0,0.0,0.0,0.0,0.0,5.0,4.88,0.0,6.49,7.97,20.1,18.22,19.38,24.87,37.46,67.36,10.32,88.0,30.0,3.0,0.0,115.0,6.0,6.05,7.57,0.0,14.25,13.14,17.09,15.83,30.47,31.15,59.88,2.49,101.0,0.0,0.0,0.0,101.0
57.2,0.0,0.0,0.0,0.0,0.0,0.0,0.0,0.0,0.0,0.0,0.0,0.0,0.0,0.0,0.0,0.0,0.0,0.0,0.0,0.0,0.0,0.0,0.0,0.0,0.0,0.0,0.0,0.0,0.0,0.0,0.0,0.0,0.0,0.0,0.0,0.0,0.0,0.0,0.0,0.0,0.0,0.0,0.0,0.0,0.0,0.0,0.0,0.0,0.0,0.0,0.0,0.0,0.0,0.0,0.0,0.0,0.0,0.0,0.0,0.0,0.0,0.0,0.0,0.0,0.0,0.0,0.0,0.0,0.0,0.0,0.0,0.0,0.0,0.0,0.0,0.0,0.0,0.0,0.0,0.0,0.0,0.0,0.0,0.0,0.0,0.0,0.0,0.0,0.0,0.0,0.0,0.0,0.0,0.0,0.0,0.0,0.0,0.0,0.0,0.0,0.0,0.0,0.0,0.0,0.0,0.0,0.0,0.0,0.0,0.0,0.0,0.0,0.0,0.0,0.0,0.0,0.0,0.0,0.0,0.0,0.0,0.0,0.0,0.0,0.0,0.0,0.0,0.0,0.0,0.0,0.0,0.0,0.0,0.0,0.0,0.0,5.0,7.08,0.0,10.75,10.24,21.32,14.56,19.94,25.6,33.88,65.19,1.47,104.0,40.0,0.0,0.0,144.0,6.0,7.64,7.79,0.0,11.08,12.25,19.7,16.02,30.11,30.17,60.92,2.6,92.0,0.0,0.0,0.0,92.0
57.3,0.0,0.0,0.0,0.0,0.0,0.0,0.0,0.0,0.0,0.0,0.0,0.0,0.0,0.0,0.0,0.0,0.0,0.0,0.0,0.0,0.0,0.0,0.0,0.0,0.0,0.0,0.0,0.0,0.0,0.0,0.0,0.0,0.0,0.0,0.0,0.0,0.0,0.0,0.0,0.0,0.0,0.0,0.0,0.0,0.0,0.0,0.0,0.0,0.0,0.0,0.0,0.0,0.0,0.0,0.0,0.0,0.0,0.0,0.0,0.0,0.0,0.0,0.0,0.0,0.0,0.0,0.0,0.0,0.0,0.0,0.0,0.0,0.0,0.0,0.0,0.0,0.0,0.0,0.0,0.0,0.0,0.0,0.0,0.0,0.0,0.0,0.0,0.0,0.0,0.0,0.0,0.0,0.0,0.0,0.0,0.0,0.0,0.0,0.0,0.0,0.0,0.0,0.0,0.0,0.0,0.0,0.0,0.0,0.0,0.0,0.0,0.0,0.0,0.0,0.0,0.0,0.0,0.0,0.0,0.0,0.0,0.0,0.0,0.0,0.0,0.0,0.0,0.0,0.0,0.0,0.0,0.0,0.0,0.0,0.0,0.0,5.0,8.41,0.0,6.38,6.79,17.64,18.18,19.96,24.39,33.66,64.67,12.53,62.0,24.0,6.0,0.0,80.0,6.0,3.61,6.07,0.0,14.52,12.31,19.9,17.39,33.48,33.44,61.95,2.34,107.0,0.0,0.0,0.0,107.0
57.4,0.0,0.0,0.0,0.0,0.0,0.0,0.0,0.0,0.0,0.0,0.0,0.0,0.0,0.0,0.0,0.0,0.0,0.0,0.0,0.0,0.0,0.0,0.0,0.0,0.0,0.0,0.0,0.0,0.0,0.0,0.0,0.0,0.0,0.0,0.0,0.0,0.0,0.0,0.0,0.0,0.0,0.0,0.0,0.0,0.0,0.0,0.0,0.0,0.0,0.0,0.0,0.0,0.0,0.0,0.0,0.0,0.0,0.0,0.0,0.0,0.0,0.0,0.0,0.0,0.0,0.0,0.0,0.0,0.0,0.0,0.0,0.0,0.0,0.0,0.0,0.0,0.0,0.0,0.0,0.0,0.0,0.0,0.0,0.0,0.0,0.0,0.0,0.0,0.0,0.0,0.0,0.0,0.0,0.0,0.0,0.0,0.0,0.0,0.0,0.0,0.0,0.0,0.0,0.0,0.0,0.0,0.0,0.0,0.0,0.0,0.0,0.0,0.0,0.0,0.0,0.0,0.0,0.0,0.0,0.0,0.0,0.0,0.0,0.0,0.0,0.0,0.0,0.0,0.0,0.0,0.0,0.0,0.0,0.0,0.0,0.0,5.0,9.87,0.0,5.14,8.42,17.46,17.96,24.26,27.51,33.89,65.58,5.75,100.0,28.0,0.0,0.0,128.0,6.0,5.24,4.89,0.0,11.52,14.9,19.69,18.89,36.25,36.52,57.27,2.46,100.0,0.0,0.0,0.0,100.0
57.5,0.0,0.0,0.0,0.0,0.0,0.0,0.0,0.0,0.0,0.0,0.0,0.0,0.0,0.0,0.0,0.0,0.0,0.0,0.0,0.0,0.0,0.0,0.0,0.0,0.0,0.0,0.0,0.0,0.0,0.0,0.0,0.0,0.0,0.0,0.0,0.0,0.0,0.0,0.0,0.0,0.0,0.0,0.0,0.0,0.0,0.0,0.0,0.0,0.0,0.0,0.0,0.0,0.0,0.0,0.0,0.0,0.0,0.0,0.0,0.0,0.0,0.0,0.0,0.0,0.0,0.0,0.0,0.0,0.0,0.0,0.0,0.0,0.0,0.0,0.0,0.0,0.0,0.0,0.0,0.0,0.0,0.0,0.0,0.0,0.0,0.0,0.0,0.0,0.0,0.0,0.0,0.0,0.0,0.0,0.0,0.0,0.0,0.0,0.0,0.0,0.0,0.0,0.0,0.0,0.0,0.0,0.0,0.0,0.0,0.0,0.0,0.0,0.0,0.0,0.0,0.0,0.0,0.0,0.0,0.0,0.0,0.0,0.0,0.0,0.0,0.0,0.0,0.0,0.0,0.0,0.0,0.0,0.0,0.0,0.0,0.0,5.0,9.97,0.0,3.43,5.59,12.84,18.3,22.23,25.47,31.8,63.46,16.11,60.0,18.0,6.0,0.0,72.0,6.0,5.88,2.98,0.0,12.71,15.98,20.51,14.45,37.24,35.42,59.37,2.3,113.0,14.0,0.0,0.0,127.0
57.6,0.0,0.0,0.0,0.0,0.0,0.0,0.0,0.0,0.0,0.0,0.0,0.0,0.0,0.0,0.0,0.0,0.0,0.0,0.0,0.0,0.0,0.0,0.0,0.0,0.0,0.0,0.0,0.0,0.0,0.0,0.0,0.0,0.0,0.0,0.0,0.0,0.0,0.0,0.0,0.0,0.0,0.0,0.0,0.0,0.0,0.0,0.0,0.0,0.0,0.0,0.0,0.0,0.0,0.0,0.0,0.0,0.0,0.0,0.0,0.0,0.0,0.0,0.0,0.0,0.0,0.0,0.0,0.0,0.0,0.0,0.0,0.0,0.0,0.0,0.0,0.0,0.0,0.0,0.0,0.0,0.0,0.0,0.0,0.0,0.0,0.0,0.0,0.0,0.0,0.0,0.0,0.0,0.0,0.0,0.0,0.0,0.0,0.0,0.0,0.0,0.0,0.0,0.0,0.0,0.0,0.0,0.0,0.0,0.0,0.0,0.0,0.0,0.0,0.0,0.0,0.0,0.0,0.0,0.0,0.0,0.0,0.0,0.0,0.0,0.0,0.0,0.0,0.0,0.0,0.0,0.0,0.0,0.0,0.0,0.0,0.0,5.0,9.11,0.0,3.66,7.38,14.99,17.48,15.91,24.71,34.69,61.43,16.43,60.0,14.0,6.0,0.0,68.0,6.0,4.81,4.33,0.0,14.1,12.65,24.84,15.56,37.2,35.65,57.6,2.44,101.0,6.0,0.0,0.0,107.0
57.7,0.0,0.0,0.0,0.0,0.0,0.0,0.0,0.0,0.0,0.0,0.0,0.0,0.0,0.0,0.0,0.0,0.0,0.0,0.0,0.0,0.0,0.0,0.0,0.0,0.0,0.0,0.0,0.0,0.0,0.0,0.0,0.0,0.0,0.0,0.0,0.0,0.0,0.0,0.0,0.0,0.0,0.0,0.0,0.0,0.0,0.0,0.0,0.0,0.0,0.0,0.0,0.0,0.0,0.0,0.0,0.0,0.0,0.0,0.0,0.0,0.0,0.0,0.0,0.0,0.0,0.0,0.0,0.0,0.0,0.0,0.0,0.0,0.0,0.0,0.0,0.0,0.0,0.0,0.0,0.0,0.0,0.0,0.0,0.0,0.0,0.0,0.0,0.0,0.0,0.0,0.0,0.0,0.0,0.0,0.0,0.0,0.0,0.0,0.0,0.0,0.0,0.0,0.0,0.0,0.0,0.0,0.0,0.0,0.0,0.0,0.0,0.0,0.0,0.0,0.0,0.0,0.0,0.0,0.0,0.0,0.0,0.0,0.0,0.0,0.0,0.0,0.0,0.0,0.0,0.0,0.0,0.0,0.0,0.0,0.0,0.0,0.0,0.0,0.0,0.0,0.0,0.0,0.0,0.0,0.0,0.0,0.0,0.0,0.0,0.0,0.0,0.0,0.0,6.0,2.76,6.28,0.0,13.79,10.95,21.71,16.53,33.02,36.19,57.37,2.16,108.0,0.0,0.0,0.0,108.0
57.8,0.0,0.0,0.0,0.0,0.0,0.0,0.0,0.0,0.0,0.0,0.0,0.0,0.0,0.0,0.0,0.0,0.0,0.0,0.0,0.0,0.0,0.0,0.0,0.0,0.0,0.0,0.0,0.0,0.0,0.0,0.0,0.0,0.0,0.0,0.0,0.0,0.0,0.0,0.0,0.0,0.0,0.0,0.0,0.0,0.0,0.0,0.0,0.0,0.0,0.0,0.0,0.0,0.0,0.0,0.0,0.0,0.0,0.0,0.0,0.0,0.0,0.0,0.0,0.0,0.0,0.0,0.0,0.0,0.0,0.0,0.0,0.0,0.0,0.0,0.0,0.0,0.0,0.0,0.0,0.0,0.0,0.0,0.0,0.0,0.0,0.0,0.0,0.0,0.0,0.0,0.0,0.0,0.0,0.0,0.0,0.0,0.0,0.0,0.0,0.0,0.0,0.0,0.0,0.0,0.0,0.0,0.0,0.0,0.0,0.0,0.0,0.0,0.0,0.0,0.0,0.0,0.0,0.0,0.0,0.0,0.0,0.0,0.0,0.0,0.0,0.0,0.0,0.0,0.0,0.0,0.0,0.0,0.0,0.0,0.0,0.0,0.0,0.0,0.0,0.0,0.0,0.0,0.0,0.0,0.0,0.0,0.0,0.0,0.0,0.0,0.0,0.0,0.0,6.0,5.69,2.84,0.0,12.12,15.06,21.9,17.18,35.01,37.05,55.18,2.22,99.0,0.0,0.0,0.0,99.0
57.9,0.0,0.0,0.0,0.0,0.0,0.0,0.0,0.0,0.0,0.0,0.0,0.0,0.0,0.0,0.0,0.0,0.0,0.0,0.0,0.0,0.0,0.0,0.0,0.0,0.0,0.0,0.0,0.0,0.0,0.0,0.0,0.0,0.0,0.0,0.0,0.0,0.0,0.0,0.0,0.0,0.0,0.0,0.0,0.0,0.0,0.0,0.0,0.0,0.0,0.0,0.0,0.0,0.0,0.0,0.0,0.0,0.0,0.0,0.0,0.0,0.0,0.0,0.0,0.0,0.0,0.0,0.0,0.0,0.0,0.0,0.0,0.0,0.0,0.0,0.0,0.0,0.0,0.0,0.0,0.0,0.0,0.0,0.0,0.0,0.0,0.0,0.0,0.0,0.0,0.0,0.0,0.0,0.0,0.0,0.0,0.0,0.0,0.0,0.0,0.0,0.0,0.0,0.0,0.0,0.0,0.0,0.0,0.0,0.0,0.0,0.0,0.0,0.0,0.0,0.0,0.0,0.0,0.0,0.0,0.0,0.0,0.0,0.0,0.0,0.0,0.0,0.0,0.0,0.0,0.0,0.0,0.0,0.0,0.0,0.0,0.0,0.0,0.0,0.0,0.0,0.0,0.0,0.0,0.0,0.0,0.0,0.0,0.0,0.0,0.0,0.0,0.0,0.0,6.0,1.6,0.0,0.89,11.22,9.94,22.3,19.92,31.98,36.0,54.99,2.13,106.0,0.0,0.0,0.0,106.0
